# Blender 4.0.2
# www.blender.org
mtllib goal.mtl
o Sketchfab_Model
v -0.222785 0.434362 -0.070516
v -0.222785 0.434362 -0.023092
v -0.222785 0.426809 -0.022348
v -0.237033 0.426809 -0.022348
v -0.237033 0.434362 -0.023092
v -0.237033 0.434362 -0.070516
v -0.222785 0.397270 0.026084
v -0.237033 0.362723 0.026084
v -0.222785 0.362723 0.026084
v -0.222785 0.518482 0.013603
v -0.237033 0.506001 0.026084
v -0.222785 0.506001 0.026084
v -0.176028 0.434362 -0.070516
v -0.176028 0.434362 -0.023092
v -0.176028 0.426809 -0.022348
v -0.190276 0.426809 -0.022348
v -0.190276 0.434362 -0.023092
v -0.190276 0.434362 -0.070516
v -0.176028 0.397270 0.026084
v -0.190276 0.362723 0.026084
v -0.176028 0.362723 0.026084
v -0.176028 0.518482 0.013603
v -0.190276 0.506001 0.026084
v -0.176028 0.506001 0.026084
v -0.176028 0.471454 0.026084
v -0.190276 0.506001 0.026084
v -0.190276 0.471454 0.026084
v -0.222785 0.471454 0.026084
v -0.237033 0.506001 0.026084
v -0.237033 0.471454 0.026084
v -0.176028 0.350242 0.013603
v -0.190276 0.362723 0.026084
v -0.190276 0.350242 0.013603
v -0.237033 0.350242 0.013603
v -0.222785 0.362723 0.026084
v -0.237033 0.362723 0.026084
v -0.190276 0.518482 0.013603
v -0.176028 0.518482 0.013603
v -0.250999 0.551133 0.046254
v 0.237033 0.350242 0.013603
v 0.222785 0.362723 0.026084
v 0.222785 0.350242 0.013603
v 0.237033 0.434362 -0.070516
v 0.237033 0.434362 -0.023092
v 0.237033 0.426809 -0.022348
v 0.237033 0.506001 0.026084
v 0.222785 0.518482 0.013603
v 0.222785 0.506001 0.026084
v 0.190276 0.434362 -0.070516
v 0.190276 0.434362 -0.023092
v 0.190276 0.426809 -0.022348
v 0.222785 0.426809 -0.022348
v 0.222785 0.434362 -0.023092
v 0.222785 0.434362 -0.070516
v 0.190276 0.506001 0.026084
v 0.176028 0.518482 0.013603
v 0.176028 0.506001 0.026084
v 0.237033 0.362723 0.026084
v 0.222785 0.397270 0.026084
v 0.222785 0.362723 0.026084
v 0.176028 0.426809 -0.022348
v 0.176028 0.434362 -0.023092
v 0.176028 0.434362 -0.070516
v 0.190276 0.362723 0.026084
v 0.176028 0.397270 0.026084
v 0.176028 0.362723 0.026084
v 0.250999 0.551133 0.046254
v 0.190276 0.518482 0.013603
v 0.222785 0.518482 0.013603
v 0.190276 0.362723 0.026084
v 0.176028 0.350242 0.013603
v 0.190276 0.350242 0.013603
v 0.190276 0.506001 0.026084
v 0.176028 0.471454 0.026084
v 0.190276 0.471454 0.026084
v 0.237033 0.506001 0.026084
v 0.222785 0.471454 0.026084
v 0.237033 0.471454 0.026084
v -0.237435 0.339094 0.024751
v -0.237435 0.276020 0.087826
v -0.237435 0.339094 0.087826
v 0.237435 0.339094 0.024751
v 0.237435 0.339094 0.087826
v 0.237435 0.276020 0.087826
v 1.929068 0.236422 0.045677
v 1.490963 0.231208 0.045677
v 1.934282 0.231208 0.045677
v 1.934282 0.450776 0.045676
v 1.929068 0.445561 0.045676
v 1.490963 0.450776 0.045676
v -1.929067 0.236422 0.045677
v -1.490962 0.231208 0.045677
v -1.490962 0.236422 0.045677
v -1.934281 0.450776 0.045676
v -1.929067 0.445561 0.045676
v -1.490962 0.450776 0.045676
v -1.490962 0.445561 0.045676
v 1.471444 1.999271 -0.061677
v 1.453058 2.487103 -0.061677
v 1.453058 1.980885 -0.061677
v 1.902078 1.692882 -0.061677
v 1.484414 1.973082 0.086585
v 1.484415 1.973081 -0.061677
v 1.484414 0.663771 0.086585
v 1.902077 0.943970 -0.061676
v 1.484414 0.663771 -0.061676
v 1.453057 0.149750 -0.061676
v 1.471444 0.637582 -0.061676
v 1.453057 0.655968 -0.061676
v 1.896662 1.318426 0.086585
v 1.896662 0.988546 -0.061676
v 1.896662 1.318426 -0.061676
v 1.471444 2.487103 -0.061677
v 1.453058 2.487103 0.086585
v 1.453058 2.487103 -0.061677
v 1.453058 1.980885 -0.061677
v 1.453058 2.487103 0.086585
v 1.453058 1.980877 0.086585
v 1.453057 0.149750 0.086585
v 1.471443 0.149750 -0.061676
v 1.453057 0.149750 -0.061676
v 1.883691 1.674496 -0.061677
v 1.466028 1.954696 0.086584
v 1.883692 1.674496 0.086584
v 1.454796 1.970975 -0.061677
v 1.475243 1.984357 -0.061677
v 1.473182 1.989361 -0.061677
v 1.883691 0.962356 -0.061676
v 1.466028 0.682157 0.086585
v 1.466028 0.682157 -0.061676
v 1.471886 1.994448 -0.061677
v 1.453057 0.655968 -0.061676
v 1.453057 0.149750 0.086585
v 1.453057 0.149750 -0.061676
v 1.471443 0.149750 0.086585
v 1.471444 0.637582 -0.061676
v 1.471443 0.149750 -0.061676
v 1.453500 1.976062 -0.061677
v 1.896662 1.648307 -0.061676
v 1.456857 1.965970 -0.061677
v 1.477929 1.979775 -0.061677
v 1.459543 1.961389 -0.061677
v 1.481058 1.975929 -0.061677
v 1.466029 1.954695 -0.061677
v 1.484415 1.973081 -0.061677
v 1.471885 0.642404 -0.061676
v 1.473181 0.647492 -0.061676
v 1.453499 0.660791 -0.061676
v 1.475243 0.652496 -0.061676
v 1.454795 0.665878 -0.061676
v 1.477929 0.657078 -0.061676
v 1.456856 0.670882 -0.061676
v 1.481057 0.660923 -0.061676
v 1.459543 0.675464 -0.061676
v 1.466028 0.682157 -0.061676
v 1.462671 0.679309 -0.061676
v 1.902077 0.943970 -0.061676
v 1.887048 0.965204 -0.061676
v 1.883691 0.962356 -0.061676
v 1.908563 0.950664 -0.061676
v 1.905434 0.946818 -0.061676
v 1.911249 0.955245 -0.061676
v 1.890177 0.969050 -0.061676
v 1.913310 0.960250 -0.061676
v 1.892863 0.973632 -0.061676
v 1.914606 0.965337 -0.061676
v 1.894924 0.978636 -0.061676
v 1.915048 0.970160 -0.061676
v 1.896220 0.983723 -0.061676
v 1.914606 0.965331 0.086585
v 1.926234 0.958966 0.087826
v 1.915048 0.970152 0.086585
v 1.913311 0.960246 0.086585
v 1.925792 0.954145 0.087826
v 1.914606 0.965331 0.086585
v 1.911249 0.955243 0.086585
v 1.924497 0.949060 0.087826
v 1.913311 0.960246 0.086585
v 1.908563 0.950663 0.086585
v 1.922436 0.944057 0.087826
v 1.911249 0.955243 0.086585
v 1.905435 0.946818 0.086585
v 1.919749 0.939477 0.087826
v 1.908563 0.950663 0.086585
v 1.905435 0.946818 0.086585
v 1.913264 0.932784 0.087826
v 1.916621 0.935632 0.087826
v 1.453499 0.660797 0.086585
v 1.441871 0.667163 0.087826
v 1.453057 0.655976 0.086585
v 1.454795 0.665882 0.086585
v 1.442313 0.671983 0.087826
v 1.453499 0.660797 0.086585
v 1.456856 0.670884 0.086585
v 1.443609 0.677068 0.087826
v 1.454795 0.665882 0.086585
v 1.459543 0.675465 0.086585
v 1.445670 0.682071 0.087826
v 1.456856 0.670884 0.086585
v 1.462671 0.679309 0.086585
v 1.448356 0.686651 0.087826
v 1.459543 0.675465 0.086585
v 1.462671 0.679309 0.086585
v 1.454841 0.693344 0.087826
v 1.451484 0.690496 0.087826
v 1.902078 0.943971 0.086585
v 1.905434 0.946818 -0.061676
v 1.902077 0.943970 -0.061676
v 1.908563 0.950663 0.086585
v 1.905434 0.946818 -0.061676
v 1.905435 0.946818 0.086585
v 1.911249 0.955243 0.086585
v 1.908563 0.950664 -0.061676
v 1.908563 0.950663 0.086585
v 1.913311 0.960246 0.086585
v 1.911249 0.955245 -0.061676
v 1.911249 0.955243 0.086585
v 1.914606 0.965331 0.086585
v 1.913310 0.960250 -0.061676
v 1.913311 0.960246 0.086585
v 1.915048 0.970152 0.086585
v 1.914606 0.965337 -0.061676
v 1.914606 0.965331 0.086585
v 1.466028 0.682157 0.086585
v 1.462671 0.679309 -0.061676
v 1.466028 0.682157 -0.061676
v 1.462671 0.679309 0.086585
v 1.459543 0.675464 -0.061676
v 1.462671 0.679309 -0.061676
v 1.456856 0.670884 0.086585
v 1.459543 0.675464 -0.061676
v 1.459543 0.675465 0.086585
v 1.454795 0.665882 0.086585
v 1.456856 0.670882 -0.061676
v 1.456856 0.670884 0.086585
v 1.453499 0.660797 0.086585
v 1.454795 0.665878 -0.061676
v 1.454795 0.665882 0.086585
v 1.453057 0.655976 0.086585
v 1.453499 0.660791 -0.061676
v 1.453499 0.660797 0.086585
v 1.896662 0.988538 0.086585
v 1.896220 0.983723 -0.061676
v 1.896662 0.988546 -0.061676
v 1.896220 0.983717 0.086585
v 1.894924 0.978636 -0.061676
v 1.896220 0.983723 -0.061676
v 1.894924 0.978632 0.086585
v 1.892863 0.973632 -0.061676
v 1.894924 0.978636 -0.061676
v 1.892863 0.973629 0.086585
v 1.890177 0.969050 -0.061676
v 1.892863 0.973632 -0.061676
v 1.887049 0.965204 0.086585
v 1.890177 0.969050 -0.061676
v 1.890177 0.969049 0.086585
v 1.883692 0.962357 0.086585
v 1.887048 0.965204 -0.061676
v 1.887049 0.965204 0.086585
v 1.481057 0.660923 -0.061676
v 1.484414 0.663771 0.086585
v 1.484414 0.663771 -0.061676
v 1.481057 0.660923 -0.061676
v 1.477929 0.657078 0.086585
v 1.481057 0.660923 0.086585
v 1.477929 0.657078 -0.061676
v 1.475242 0.652498 0.086585
v 1.477929 0.657078 0.086585
v 1.475243 0.652496 -0.061676
v 1.473181 0.647495 0.086585
v 1.475242 0.652498 0.086585
v 1.473181 0.647492 -0.061676
v 1.471885 0.642410 0.086585
v 1.473181 0.647495 0.086585
v 1.471885 0.642404 -0.061676
v 1.471444 0.637590 0.086585
v 1.471885 0.642410 0.086585
v 1.484414 0.663771 -0.061676
v 1.471444 1.999271 -0.061677
v 1.471444 2.487103 0.086585
v 1.471444 2.487103 -0.061677
v 1.915048 0.970160 -0.061676
v 1.915048 1.318426 0.086585
v 1.915048 1.318426 -0.061676
v 1.915048 1.318426 -0.061676
v 1.896662 0.988546 -0.061676
v 1.902078 1.692882 -0.061677
v 1.887048 1.671648 -0.061677
v 1.905435 1.690034 -0.061677
v 1.908563 1.686188 -0.061677
v 1.890177 1.667802 -0.061677
v 1.911249 1.681607 -0.061677
v 1.892863 1.663221 -0.061677
v 1.913311 1.676602 -0.061677
v 1.894925 1.658216 -0.061677
v 1.914606 1.671515 -0.061677
v 1.896220 1.653129 -0.061676
v 1.915048 1.666693 -0.061677
v 1.926234 1.677886 0.087825
v 1.914606 1.671521 0.086584
v 1.915048 1.666700 0.086584
v 1.925792 1.682706 0.087825
v 1.913311 1.676606 0.086584
v 1.914606 1.671521 0.086584
v 1.924496 1.687791 0.087825
v 1.911250 1.681609 0.086584
v 1.913311 1.676606 0.086584
v 1.922435 1.692794 0.087825
v 1.908563 1.686189 0.086584
v 1.911250 1.681609 0.086584
v 1.919748 1.697374 0.087825
v 1.905435 1.690034 0.086584
v 1.908563 1.686189 0.086584
v 1.905435 1.690034 0.086584
v 1.913263 1.704067 0.087825
v 1.902078 1.692882 0.086584
v 1.441873 1.969692 0.087825
v 1.453500 1.976056 0.086585
v 1.453058 1.980877 0.086585
v 1.442315 1.964871 0.087825
v 1.454796 1.970971 0.086585
v 1.453500 1.976056 0.086585
v 1.443611 1.959786 0.087825
v 1.456857 1.965968 0.086585
v 1.454796 1.970971 0.086585
v 1.445672 1.954783 0.087825
v 1.459543 1.961388 0.086585
v 1.456857 1.965968 0.086585
v 1.448358 1.950203 0.087825
v 1.462671 1.957543 0.086584
v 1.459543 1.961388 0.086585
v 1.462671 1.957543 0.086584
v 1.454843 1.943511 0.087825
v 1.466028 1.954696 0.086584
v 1.902078 1.692882 0.086584
v 1.905435 1.690034 -0.061677
v 1.905435 1.690034 0.086584
v 1.905435 1.690034 -0.061677
v 1.908563 1.686189 0.086584
v 1.905435 1.690034 0.086584
v 1.908563 1.686188 -0.061677
v 1.911250 1.681609 0.086584
v 1.908563 1.686189 0.086584
v 1.911249 1.681607 -0.061677
v 1.913311 1.676606 0.086584
v 1.911250 1.681609 0.086584
v 1.913311 1.676602 -0.061677
v 1.914606 1.671521 0.086584
v 1.913311 1.676606 0.086584
v 1.914606 1.671515 -0.061677
v 1.915048 1.666700 0.086584
v 1.914606 1.671521 0.086584
v 1.466029 1.954695 -0.061677
v 1.462671 1.957543 0.086584
v 1.466028 1.954696 0.086584
v 1.462672 1.957543 -0.061677
v 1.459543 1.961388 0.086585
v 1.462671 1.957543 0.086584
v 1.459543 1.961389 -0.061677
v 1.456857 1.965968 0.086585
v 1.459543 1.961388 0.086585
v 1.456857 1.965970 -0.061677
v 1.454796 1.970971 0.086585
v 1.456857 1.965968 0.086585
v 1.454796 1.970975 -0.061677
v 1.453500 1.976056 0.086585
v 1.454796 1.970971 0.086585
v 1.453500 1.976062 -0.061677
v 1.453058 1.980877 0.086585
v 1.453500 1.976056 0.086585
v 1.896662 1.648314 0.086585
v 1.896220 1.653129 -0.061676
v 1.896220 1.653135 0.086585
v 1.896220 1.653135 0.086585
v 1.894925 1.658216 -0.061677
v 1.894925 1.658220 0.086585
v 1.894925 1.658220 0.086585
v 1.892863 1.663221 -0.061677
v 1.892863 1.663223 0.086584
v 1.892863 1.663223 0.086584
v 1.890177 1.667802 -0.061677
v 1.890177 1.667803 0.086584
v 1.890177 1.667802 -0.061677
v 1.887049 1.671648 0.086584
v 1.890177 1.667803 0.086584
v 1.887048 1.671648 -0.061677
v 1.883692 1.674496 0.086584
v 1.887049 1.671648 0.086584
v 1.484414 1.973082 0.086585
v 1.481058 1.975929 -0.061677
v 1.484415 1.973081 -0.061677
v 1.481057 1.975929 0.086585
v 1.477929 1.979775 -0.061677
v 1.481058 1.975929 -0.061677
v 1.477929 1.979775 -0.061677
v 1.475243 1.984354 0.086585
v 1.475243 1.984357 -0.061677
v 1.475243 1.984357 -0.061677
v 1.473182 1.989357 0.086585
v 1.473182 1.989361 -0.061677
v 1.473182 1.989361 -0.061677
v 1.471886 1.994442 0.086585
v 1.471886 1.994448 -0.061677
v 1.471886 1.994448 -0.061677
v 1.471444 1.999263 0.086585
v 1.471444 1.999271 -0.061677
v 1.883691 1.674496 -0.061677
v 1.915048 1.666693 -0.061677
v 1.915048 1.666700 0.086584
v 1.896662 1.648307 -0.061676
v -1.453058 2.487103 -0.061677
v -1.471444 1.999271 -0.061677
v -1.453058 1.980885 -0.061677
v -1.484415 1.973081 -0.061677
v -1.902078 1.692882 0.086584
v -1.902077 1.692882 -0.061677
v -1.902077 0.943970 -0.061676
v -1.484413 0.663771 0.086585
v -1.484414 0.663772 -0.061676
v -1.471443 0.637582 -0.061676
v -1.453057 0.149750 -0.061676
v -1.453057 0.655968 -0.061676
v -1.896662 0.988546 -0.061676
v -1.896662 1.318426 0.086585
v -1.896662 1.318426 -0.061676
v -1.453058 2.487103 0.086585
v -1.471444 2.487103 -0.061677
v -1.453058 2.487103 -0.061677
v -1.453058 1.980885 -0.061677
v -1.453058 2.487103 0.086585
v -1.453058 2.487103 -0.061677
v -1.471443 0.149750 -0.061676
v -1.453057 0.149750 0.086585
v -1.453057 0.149750 -0.061676
v -1.883692 1.674496 0.086584
v -1.466028 1.954695 -0.061677
v -1.883691 1.674496 -0.061677
v -1.475243 1.984357 -0.061677
v -1.454795 1.970975 -0.061677
v -1.473181 1.989361 -0.061677
v -1.466028 0.682158 -0.061676
v -1.883692 0.962357 0.086585
v -1.883691 0.962356 -0.061676
v -1.471886 1.994448 -0.061677
v -1.453057 0.655968 -0.061676
v -1.453057 0.149750 0.086585
v -1.453057 0.655976 0.086585
v -1.471443 0.637582 -0.061676
v -1.471443 0.149750 0.086585
v -1.471443 0.149750 -0.061676
v -1.453499 1.976062 -0.061677
v -1.896662 1.648306 -0.061676
v -1.477929 1.979775 -0.061677
v -1.456857 1.965970 -0.061677
v -1.481057 1.975929 -0.061677
v -1.459543 1.961389 -0.061677
v -1.466028 1.954695 -0.061677
v -1.462671 1.957543 -0.061677
v -1.471885 0.642405 -0.061676
v -1.453499 0.660791 -0.061676
v -1.473181 0.647492 -0.061676
v -1.454795 0.665878 -0.061676
v -1.475242 0.652496 -0.061676
v -1.456856 0.670882 -0.061676
v -1.477929 0.657078 -0.061676
v -1.459543 0.675464 -0.061676
v -1.481057 0.660923 -0.061676
v -1.466028 0.682158 -0.061676
v -1.484414 0.663772 -0.061676
v -1.902077 0.943970 -0.061676
v -1.887048 0.965204 -0.061676
v -1.905434 0.946818 -0.061676
v -1.908562 0.950664 -0.061676
v -1.890176 0.969050 -0.061676
v -1.911249 0.955245 -0.061676
v -1.892863 0.973632 -0.061676
v -1.913310 0.960250 -0.061676
v -1.894924 0.978636 -0.061676
v -1.914606 0.965337 -0.061676
v -1.896220 0.983723 -0.061676
v -1.915048 0.970160 -0.061676
v -1.926234 0.958966 0.087826
v -1.914606 0.965331 0.086585
v -1.915048 0.970152 0.086585
v -1.925792 0.954145 0.087826
v -1.913310 0.960246 0.086585
v -1.914606 0.965331 0.086585
v -1.924496 0.949060 0.087826
v -1.911249 0.955243 0.086585
v -1.913310 0.960246 0.086585
v -1.922435 0.944057 0.087826
v -1.908563 0.950663 0.086585
v -1.911249 0.955243 0.086585
v -1.919749 0.939477 0.087826
v -1.905434 0.946818 0.086585
v -1.908563 0.950663 0.086585
v -1.905434 0.946818 0.086585
v -1.913264 0.932784 0.087826
v -1.902077 0.943971 0.086585
v -1.441870 0.667163 0.087826
v -1.453499 0.660797 0.086585
v -1.453057 0.655976 0.086585
v -1.442312 0.671983 0.087826
v -1.454795 0.665882 0.086585
v -1.453499 0.660797 0.086585
v -1.443608 0.677068 0.087826
v -1.456856 0.670884 0.086585
v -1.454795 0.665882 0.086585
v -1.445669 0.682071 0.087826
v -1.459542 0.675465 0.086585
v -1.456856 0.670884 0.086585
v -1.448356 0.686651 0.087826
v -1.462670 0.679309 0.086585
v -1.459542 0.675465 0.086585
v -1.462670 0.679309 0.086585
v -1.454841 0.693344 0.087826
v -1.466027 0.682157 0.086585
v -1.902077 0.943971 0.086585
v -1.905434 0.946818 -0.061676
v -1.905434 0.946818 0.086585
v -1.905434 0.946818 -0.061676
v -1.908563 0.950663 0.086585
v -1.905434 0.946818 0.086585
v -1.908562 0.950664 -0.061676
v -1.911249 0.955243 0.086585
v -1.908563 0.950663 0.086585
v -1.911249 0.955245 -0.061676
v -1.913310 0.960246 0.086585
v -1.911249 0.955243 0.086585
v -1.913310 0.960250 -0.061676
v -1.914606 0.965331 0.086585
v -1.913310 0.960246 0.086585
v -1.914606 0.965337 -0.061676
v -1.915048 0.970152 0.086585
v -1.914606 0.965331 0.086585
v -1.466027 0.682157 0.086585
v -1.462671 0.679309 -0.061676
v -1.462670 0.679309 0.086585
v -1.462671 0.679309 -0.061676
v -1.459542 0.675465 0.086585
v -1.462670 0.679309 0.086585
v -1.459543 0.675464 -0.061676
v -1.456856 0.670884 0.086585
v -1.459542 0.675465 0.086585
v -1.456856 0.670882 -0.061676
v -1.454795 0.665882 0.086585
v -1.456856 0.670884 0.086585
v -1.454795 0.665878 -0.061676
v -1.453499 0.660797 0.086585
v -1.454795 0.665882 0.086585
v -1.453499 0.660791 -0.061676
v -1.453057 0.655976 0.086585
v -1.453499 0.660797 0.086585
v -1.896662 0.988538 0.086585
v -1.896220 0.983723 -0.061676
v -1.896220 0.983717 0.086585
v -1.896220 0.983717 0.086585
v -1.894924 0.978636 -0.061676
v -1.894924 0.978632 0.086585
v -1.894924 0.978632 0.086585
v -1.892863 0.973632 -0.061676
v -1.892863 0.973629 0.086585
v -1.892863 0.973629 0.086585
v -1.890176 0.969050 -0.061676
v -1.890177 0.969049 0.086585
v -1.890176 0.969050 -0.061676
v -1.887048 0.965204 0.086585
v -1.890177 0.969049 0.086585
v -1.887048 0.965204 -0.061676
v -1.883692 0.962357 0.086585
v -1.887048 0.965204 0.086585
v -1.484413 0.663771 0.086585
v -1.481057 0.660923 -0.061676
v -1.484414 0.663772 -0.061676
v -1.481057 0.660923 0.086585
v -1.477929 0.657078 -0.061676
v -1.481057 0.660923 -0.061676
v -1.477929 0.657078 -0.061676
v -1.475242 0.652498 0.086585
v -1.475242 0.652496 -0.061676
v -1.475242 0.652496 -0.061676
v -1.473181 0.647496 0.086585
v -1.473181 0.647492 -0.061676
v -1.473181 0.647492 -0.061676
v -1.471885 0.642411 0.086585
v -1.471885 0.642405 -0.061676
v -1.471885 0.642405 -0.061676
v -1.471443 0.637590 0.086585
v -1.471443 0.637582 -0.061676
v -1.883691 0.962356 -0.061676
v -1.471444 2.487103 0.086585
v -1.471444 1.999271 -0.061677
v -1.471444 2.487103 -0.061677
v -1.915048 0.970160 -0.061676
v -1.915048 1.318426 0.086585
v -1.915048 0.970152 0.086585
v -1.896662 0.988546 -0.061676
v -1.915048 1.318426 -0.061676
v -1.902077 1.692882 -0.061677
v -1.887048 1.671648 -0.061677
v -1.883691 1.674496 -0.061677
v -1.908563 1.686188 -0.061677
v -1.905434 1.690034 -0.061677
v -1.911249 1.681607 -0.061677
v -1.890177 1.667802 -0.061677
v -1.913310 1.676602 -0.061677
v -1.892863 1.663221 -0.061677
v -1.914606 1.671515 -0.061677
v -1.894924 1.658216 -0.061677
v -1.915048 1.666693 -0.061677
v -1.896220 1.653129 -0.061676
v -1.914606 1.671521 0.086584
v -1.926233 1.677886 0.087825
v -1.915048 1.666700 0.086584
v -1.913310 1.676606 0.086584
v -1.925791 1.682706 0.087825
v -1.914606 1.671521 0.086584
v -1.911249 1.681609 0.086584
v -1.924496 1.687791 0.087825
v -1.913310 1.676606 0.086584
v -1.908563 1.686189 0.086584
v -1.922434 1.692794 0.087825
v -1.911249 1.681609 0.086584
v -1.905435 1.690034 0.086584
v -1.919748 1.697374 0.087825
v -1.908563 1.686189 0.086584
v -1.905435 1.690034 0.086584
v -1.913263 1.704067 0.087825
v -1.916620 1.701219 0.087825
v -1.453499 1.976056 0.086585
v -1.441873 1.969692 0.087825
v -1.453058 1.980877 0.086585
v -1.454795 1.970971 0.086585
v -1.442315 1.964871 0.087825
v -1.453499 1.976056 0.086585
v -1.456856 1.965968 0.086585
v -1.443610 1.959786 0.087825
v -1.454795 1.970971 0.086585
v -1.459543 1.961388 0.086585
v -1.445672 1.954783 0.087825
v -1.456856 1.965968 0.086585
v -1.462671 1.957543 0.086585
v -1.448358 1.950203 0.087825
v -1.459543 1.961388 0.086585
v -1.462671 1.957543 0.086585
v -1.454843 1.943511 0.087825
v -1.451486 1.946358 0.087825
v -1.902078 1.692882 0.086584
v -1.905434 1.690034 -0.061677
v -1.902077 1.692882 -0.061677
v -1.908563 1.686189 0.086584
v -1.905434 1.690034 -0.061677
v -1.905435 1.690034 0.086584
v -1.911249 1.681609 0.086584
v -1.908563 1.686188 -0.061677
v -1.908563 1.686189 0.086584
v -1.913310 1.676606 0.086584
v -1.911249 1.681607 -0.061677
v -1.911249 1.681609 0.086584
v -1.914606 1.671521 0.086584
v -1.913310 1.676602 -0.061677
v -1.913310 1.676606 0.086584
v -1.915048 1.666700 0.086584
v -1.914606 1.671515 -0.061677
v -1.914606 1.671521 0.086584
v -1.466028 1.954696 0.086585
v -1.462671 1.957543 -0.061677
v -1.466028 1.954695 -0.061677
v -1.462671 1.957543 0.086585
v -1.459543 1.961389 -0.061677
v -1.462671 1.957543 -0.061677
v -1.456856 1.965968 0.086585
v -1.459543 1.961389 -0.061677
v -1.459543 1.961388 0.086585
v -1.454795 1.970971 0.086585
v -1.456857 1.965970 -0.061677
v -1.456856 1.965968 0.086585
v -1.453499 1.976056 0.086585
v -1.454795 1.970975 -0.061677
v -1.454795 1.970971 0.086585
v -1.453058 1.980877 0.086585
v -1.453499 1.976062 -0.061677
v -1.453499 1.976056 0.086585
v -1.896662 1.648314 0.086585
v -1.896220 1.653129 -0.061676
v -1.896662 1.648306 -0.061676
v -1.896220 1.653135 0.086585
v -1.894924 1.658216 -0.061677
v -1.896220 1.653129 -0.061676
v -1.894924 1.658220 0.086585
v -1.892863 1.663221 -0.061677
v -1.894924 1.658216 -0.061677
v -1.892863 1.663223 0.086584
v -1.890177 1.667802 -0.061677
v -1.892863 1.663221 -0.061677
v -1.887048 1.671648 0.086584
v -1.890177 1.667802 -0.061677
v -1.890177 1.667803 0.086584
v -1.883692 1.674496 0.086584
v -1.887048 1.671648 -0.061677
v -1.887048 1.671648 0.086584
v -1.481057 1.975929 -0.061677
v -1.484414 1.973082 0.086585
v -1.484415 1.973081 -0.061677
v -1.477929 1.979775 -0.061677
v -1.481057 1.975929 0.086585
v -1.481057 1.975929 -0.061677
v -1.477929 1.979775 -0.061677
v -1.475243 1.984354 0.086585
v -1.477929 1.979774 0.086585
v -1.475243 1.984357 -0.061677
v -1.473181 1.989357 0.086585
v -1.475243 1.984354 0.086585
v -1.473181 1.989361 -0.061677
v -1.471886 1.994442 0.086585
v -1.473181 1.989357 0.086585
v -1.471886 1.994448 -0.061677
v -1.471444 1.999263 0.086585
v -1.471886 1.994442 0.086585
v -1.484415 1.973081 -0.061677
v -1.915048 1.666693 -0.061677
v -1.915048 1.318426 -0.061676
v -1.896662 1.648306 -0.061676
v -2.000000 2.600000 -0.087827
v 2.000000 2.600000 0.087825
v 2.000000 2.600000 -0.087827
v 0.175759 0.276020 0.087826
v 0.000000 0.276020 0.087826
v 0.351307 0.231724 0.087826
v -2.000000 2.600000 0.087825
v -2.000000 -0.000000 -0.087826
v -2.000000 0.000000 0.087826
v 2.000000 -0.000000 -0.087826
v -2.000000 0.000000 0.087826
v -2.000000 -0.000000 -0.087826
v 2.000000 2.600000 -0.087827
v 2.000000 0.000000 0.087826
v 2.000000 -0.000000 -0.087826
v -2.000000 2.600000 -0.087827
v 2.000000 -0.000000 -0.087826
v -2.000000 -0.000000 -0.087826
v -2.000000 0.000000 0.087826
v -1.926234 0.958966 0.087826
v -1.926234 1.318426 0.087826
v 1.484414 0.663771 0.086585
v 1.492244 0.649737 0.087826
v 1.495601 0.652584 0.087826
v 1.892863 1.663223 0.086584
v 1.878992 1.656618 0.087825
v 1.881678 1.652038 0.087825
v 1.492244 0.649737 0.087826
v 1.477929 0.657078 0.086585
v 1.489115 0.645892 0.087826
v -1.896662 0.988538 0.086585
v -1.885034 0.994904 0.087826
v -1.885476 0.999724 0.087826
v -1.482628 2.010448 0.087825
v -1.471444 2.487103 0.086585
v -1.482628 2.498287 0.087825
v -1.492242 1.987114 0.087825
v -1.477929 1.979774 0.086585
v -1.489113 1.990959 0.087825
v -1.471444 2.487103 0.086585
v -1.441874 2.498287 0.087825
v -1.482628 2.498287 0.087825
v -1.484366 2.000542 0.087825
v -1.471886 1.994442 0.086585
v -1.483070 2.005627 0.087825
v -1.915048 0.970152 0.086585
v -1.926234 1.318426 0.087826
v -1.926234 0.958966 0.087826
v -1.896662 1.318426 0.086585
v -1.885476 0.999724 0.087826
v -1.885476 1.318426 0.087826
v 1.471444 1.999263 0.086585
v 1.483071 2.005627 0.087825
v 1.482629 2.010448 0.087825
v 1.875864 1.660463 0.087825
v 1.883692 1.674496 0.086584
v 1.872507 1.663310 0.087825
v 1.466028 1.954696 0.086584
v 1.454843 1.943511 0.087825
v 1.720481 1.765301 0.087825
v -1.471885 0.642411 0.086585
v -1.484367 0.636309 0.087826
v -1.483072 0.631224 0.087826
v -1.477928 0.657079 0.086585
v -1.492243 0.649737 0.087826
v -1.489115 0.645892 0.087826
v -1.492243 0.649737 0.087826
v -1.484413 0.663771 0.086585
v -1.495600 0.652584 0.087826
v -1.473181 0.647496 0.086585
v -1.486429 0.641312 0.087826
v -1.484367 0.636309 0.087826
v -1.486427 1.995539 0.087825
v -1.473181 1.989357 0.086585
v -1.484366 2.000542 0.087825
v -1.896220 0.983717 0.086585
v -1.883738 0.989819 0.087826
v -1.885034 0.994904 0.087826
v 1.885034 0.994904 0.087826
v 1.896662 0.988538 0.086585
v 1.885476 0.999724 0.087826
v 1.896662 1.648314 0.086585
v 1.885035 1.641950 0.087825
v 1.885477 1.637129 0.087825
v 1.473182 1.989357 0.086585
v 1.486428 1.995539 0.087825
v 1.484367 2.000542 0.087825
v -1.471443 0.637590 0.086585
v -1.483072 0.631224 0.087826
v -1.482630 0.626403 0.087826
v -1.875864 1.660463 0.087825
v -1.890177 1.667803 0.086584
v -1.878992 1.656618 0.087825
v 1.896662 1.318426 0.086585
v 1.885477 1.637129 0.087825
v 1.885476 1.318426 0.087826
v -1.466027 0.682157 0.086585
v -1.454841 0.693344 0.087826
v -1.717991 0.869884 0.087826
v -1.885035 1.641950 0.087825
v -1.896662 1.648314 0.086585
v -1.885477 1.637129 0.087825
v 1.926234 1.318426 0.087826
v 1.915048 0.970152 0.086585
v 1.926234 0.958966 0.087826
v 1.875862 0.976391 0.087826
v 1.890177 0.969049 0.086585
v 1.878991 0.980236 0.087826
v 1.883692 0.962357 0.086585
v 1.875862 0.976391 0.087826
v 1.872506 0.973543 0.087826
v 1.902078 1.692882 0.086584
v 1.913263 1.704067 0.087825
v 1.739102 1.820907 0.087825
v 1.885476 0.999724 0.087826
v -1.875862 0.976391 0.087826
v -1.883692 0.962357 0.086585
v -1.872505 0.973543 0.087826
v 1.894925 1.658220 0.086585
v 1.881678 1.652038 0.087825
v 1.883739 1.647035 0.087825
v 1.453058 2.487103 0.086585
v 1.482628 2.498287 0.087825
v 1.441874 2.498287 0.087825
v -1.466028 1.954696 0.086585
v -1.872506 1.663310 0.087825
v -1.454843 1.943511 0.087825
v 1.484368 0.636309 0.087826
v 1.471885 0.642410 0.086585
v 1.483072 0.631224 0.087826
v 1.471886 1.994442 0.086585
v 1.484367 2.000542 0.087825
v 1.483071 2.005627 0.087825
v 1.890177 1.667803 0.086584
v 1.875864 1.660463 0.087825
v 1.878992 1.656618 0.087825
v -1.453057 0.149750 0.086585
v -1.482630 0.138562 0.087826
v -1.441869 0.138562 0.087826
v 1.482630 0.626403 0.087826
v 1.471443 0.149750 0.086585
v 1.482631 0.138562 0.087826
v -1.892863 0.973629 0.086585
v -1.878990 0.980236 0.087826
v -1.881676 0.984816 0.087826
v 1.483072 0.631224 0.087826
v 1.471444 0.637590 0.086585
v 1.482630 0.626403 0.087826
v -1.453057 0.655976 0.086585
v -1.441869 0.138562 0.087826
v -1.441870 0.667163 0.087826
v -1.890177 0.969049 0.086585
v -1.875862 0.976391 0.087826
v -1.878990 0.980236 0.087826
v 1.878991 0.980236 0.087826
v 1.892863 0.973629 0.086585
v 1.881677 0.984816 0.087826
v 1.441870 0.138562 0.087826
v 1.453057 0.655976 0.086585
v 1.441871 0.667163 0.087826
v -1.915048 1.666700 0.086584
v -1.926233 1.677886 0.087825
v 1.486429 0.641312 0.087826
v 1.473181 0.647495 0.086585
v 1.484368 0.636309 0.087826
v -1.902078 1.692882 0.086584
v -1.495599 1.984267 0.087825
v -1.913263 1.704067 0.087825
v -1.475242 0.652498 0.086585
v -1.489115 0.645892 0.087826
v -1.486429 0.641312 0.087826
v -1.881678 1.652038 0.087825
v -1.894924 1.658220 0.086585
v -1.883739 1.647035 0.087825
v 1.883738 0.989819 0.087826
v 1.896220 0.983717 0.086585
v 1.885034 0.994904 0.087826
v -1.878992 1.656618 0.087825
v -1.892863 1.663223 0.086584
v -1.881678 1.652038 0.087825
v -1.471443 0.149750 0.086585
v -1.482630 0.626403 0.087826
v -1.482630 0.138562 0.087826
v -1.441874 2.498287 0.087825
v -1.453058 1.980877 0.086585
v -1.441873 1.969692 0.087825
v 1.881677 0.984816 0.087826
v 1.894924 0.978632 0.086585
v 1.883738 0.989819 0.087826
v -1.883692 1.674496 0.086584
v -1.875864 1.660463 0.087825
v -1.872506 1.663310 0.087825
v 1.915048 1.666700 0.086584
v 1.926234 1.677886 0.087825
v -1.489113 1.990959 0.087825
v -1.475243 1.984354 0.086585
v -1.486427 1.995539 0.087825
v 1.902078 0.943971 0.086585
v 1.495601 0.652584 0.087826
v 1.913264 0.932784 0.087826
v 1.475243 1.984354 0.086585
v 1.489114 1.990959 0.087825
v 1.486428 1.995539 0.087825
v 1.489115 0.645892 0.087826
v 1.475242 0.652498 0.086585
v 1.486429 0.641312 0.087826
v 1.466028 0.682157 0.086585
v 1.872506 0.973543 0.087826
v 1.454841 0.693344 0.087826
v 1.471443 0.149750 0.086585
v 1.441870 0.138562 0.087826
v 1.482631 0.138562 0.087826
v -1.883739 1.647035 0.087825
v -1.896220 1.653135 0.086585
v -1.885035 1.641950 0.087825
v 1.471444 2.487103 0.086585
v 1.482629 2.010448 0.087825
v 1.482628 2.498287 0.087825
v -1.885477 1.637129 0.087825
v -1.483070 2.005627 0.087825
v -1.471444 1.999263 0.086585
v -1.482628 2.010448 0.087825
v 1.453058 1.980877 0.086585
v 1.441874 2.498287 0.087825
v 1.441873 1.969692 0.087825
v 1.896220 1.653135 0.086585
v 1.883739 1.647035 0.087825
v 1.885035 1.641950 0.087825
v 1.477929 1.979774 0.086585
v 1.492242 1.987114 0.087825
v 1.489114 1.990959 0.087825
v -1.902077 0.943971 0.086585
v -1.913264 0.932784 0.087826
v -1.736126 0.813947 0.087826
v -1.484414 1.973082 0.086585
v -1.492242 1.987114 0.087825
v -1.495599 1.984267 0.087825
v 1.492242 1.987114 0.087825
v 1.484414 1.973082 0.086585
v 1.495599 1.984267 0.087825
v -1.894924 0.978632 0.086585
v -1.881676 0.984816 0.087826
v -1.883738 0.989819 0.087826
v 1.299877 1.609156 0.087826
v 1.302795 1.620056 0.087826
v 1.207300 1.457349 0.087826
v 1.292069 2.369370 0.087825
v 1.281681 2.418634 0.087825
v 1.281681 2.369370 0.087825
v 1.365856 2.418634 0.087825
v 1.376244 2.369370 0.087825
v 1.376244 2.418634 0.087825
v -1.451486 1.946358 0.087825
v -1.454843 1.943511 0.087825
v -1.341450 1.642302 0.087825
v -1.365856 2.399618 0.087825
v -1.365856 2.418634 0.087825
v -1.376244 2.418634 0.087825
v -1.292070 2.399618 0.087825
v -1.292069 2.369370 0.087825
v -1.281681 2.369370 0.087825
v -1.490962 0.445561 0.087826
v -1.564397 0.429460 0.087826
v -1.564397 0.414738 0.087826
v 1.740796 0.429460 0.087826
v 1.751667 0.414738 0.087826
v 1.837747 0.414738 0.087826
v 1.925792 1.682706 0.087825
v 1.926234 1.677886 0.087825
v 2.000000 2.600000 0.087825
v 1.929068 0.236422 0.045677
v 1.929067 0.236423 0.087826
v 1.561755 0.236423 0.087826
v 1.929068 0.368816 0.087826
v 1.929068 0.355269 0.087826
v 1.929068 0.445561 0.045676
v -1.519050 0.236423 0.087826
v -1.923354 0.236423 0.087826
v -1.929067 0.236422 0.045677
v -1.490962 0.450776 0.045676
v -1.490962 0.450776 0.087826
v -1.853863 0.450776 0.087826
v 1.490963 0.231208 0.045677
v 1.490963 0.231208 0.087826
v 1.557539 0.231208 0.087826
v 1.934282 0.341704 0.087826
v 1.934282 0.329153 0.087826
v 2.000000 0.000000 0.087826
v 1.934282 0.450776 0.045676
v 1.934282 0.450776 0.087826
v 1.555954 0.450776 0.087826
v -1.490962 0.450776 0.045676
v -1.490962 0.445561 0.087826
v -1.490962 0.450776 0.087826
v -1.929067 0.445561 0.045676
v -1.929067 0.445561 0.087826
v -1.855553 0.445561 0.087826
v 1.934282 0.341704 0.087826
v 1.934282 0.231208 0.045677
v 1.934282 0.329153 0.087826
v 1.490963 0.445561 0.045676
v 1.490963 0.445562 0.087826
v 1.558131 0.445562 0.087826
v -1.517110 0.231208 0.087826
v -1.934281 0.231208 0.045677
v -1.925044 0.231208 0.087826
v 1.917194 0.440954 0.087826
v 1.917194 0.430552 0.087826
v 1.929068 0.445562 0.087826
v -1.768276 0.239691 0.087826
v -1.808123 0.259634 0.087826
v -1.885976 0.239691 0.087826
v 1.929067 0.236423 0.087826
v 1.768277 0.239691 0.087826
v 1.756616 0.239691 0.087826
v -1.929067 0.445561 0.045676
v -1.929067 0.236423 0.087826
v -1.929067 0.445561 0.087826
v -1.490962 0.236422 0.045677
v -1.490962 0.231208 0.087826
v -1.490962 0.236423 0.087826
v 1.490963 0.445562 0.087826
v 1.490963 0.450776 0.045676
v 1.490963 0.450776 0.087826
v 1.490963 0.231208 0.087826
v 1.490963 0.236422 0.045677
v 1.490963 0.236423 0.087826
v -1.934281 0.231208 0.087826
v -1.934281 0.450776 0.045676
v -1.934281 0.450776 0.087826
v -1.917193 0.429460 0.087826
v -1.917193 0.440954 0.087826
v -1.929067 0.445561 0.087826
v -1.779288 2.286644 0.062511
v -1.779288 2.273243 0.087825
v -1.779288 2.267428 0.087825
v -1.689223 2.195040 0.062511
v -1.689223 2.208441 0.087825
v -1.689223 2.214256 0.087825
v -1.834110 2.273243 0.087825
v -1.834110 2.286644 0.062511
v -1.834110 2.267428 0.087825
v 1.805030 2.195040 0.062511
v 1.779288 2.195040 0.062511
v 1.779288 2.214256 0.087825
v -1.805030 2.195040 0.062511
v -1.834110 2.195040 0.062511
v -1.834110 2.214256 0.087825
v -1.805030 2.290333 0.065311
v -1.834110 2.290333 0.065311
v -1.834110 2.273243 0.087825
v 1.634401 2.273243 0.087825
v 1.634401 2.286644 0.062511
v 1.634401 2.267428 0.087825
v 1.805030 2.286644 0.062511
v 1.834110 2.286644 0.062511
v 1.834110 2.267428 0.087825
v 1.689223 2.286644 0.062511
v 1.689223 2.273243 0.087825
v 1.689223 2.267428 0.087825
v 1.663481 2.195040 0.062511
v 1.634401 2.195040 0.062511
v 1.634401 2.214256 0.087825
v 1.689223 2.208441 0.087825
v 1.689223 2.195040 0.062511
v 1.689223 2.214256 0.087825
v -1.834110 2.195040 0.062511
v -1.834110 2.208441 0.087825
v -1.834110 2.214256 0.087825
v 1.663481 2.191350 0.065311
v 1.689223 2.191350 0.065311
v 1.689223 2.208441 0.087825
v 1.834110 2.208441 0.087825
v 1.834110 2.195040 0.062511
v 1.834110 2.214256 0.087825
v -1.663481 2.290333 0.065311
v -1.689223 2.290333 0.065311
v -1.689223 2.273243 0.087825
v 1.663481 2.286644 0.062511
v 1.689223 2.286644 0.062511
v 1.689223 2.267428 0.087825
v -1.805030 2.286644 0.062511
v -1.779288 2.286644 0.062511
v -1.779288 2.267428 0.087825
v 1.834110 2.286644 0.062511
v 1.834110 2.273243 0.087825
v 1.834110 2.267428 0.087825
v -1.663481 2.286644 0.062511
v -1.634401 2.286644 0.062511
v -1.634401 2.267428 0.087825
v 1.663481 2.290333 0.065311
v 1.634401 2.290333 0.065311
v 1.634401 2.273243 0.087825
v -1.805030 2.191351 0.065311
v -1.779288 2.191351 0.065311
v -1.779288 2.208441 0.087825
v 1.779288 2.273243 0.087825
v 1.779288 2.286644 0.062511
v 1.779288 2.267428 0.087825
v 1.805030 2.191350 0.065311
v 1.834110 2.191350 0.065311
v 1.834110 2.208441 0.087825
v 1.779288 2.195040 0.062511
v 1.779288 2.208441 0.087825
v 1.779288 2.214256 0.087825
v 1.853023 2.161099 0.087825
v 1.858750 2.158162 0.087825
v 1.855429 2.160237 0.087825
v 1.805030 2.290333 0.065311
v 1.779288 2.290333 0.065311
v 1.779288 2.273243 0.087825
v -1.663481 2.228389 0.087825
v -1.554098 2.228389 0.087825
v -1.554098 2.253295 0.087825
v 0.351307 2.435916 0.087825
v -0.351307 2.435916 0.087825
v 0.140715 1.981101 0.087825
v 1.779288 2.273243 0.087825
v 1.834110 2.267428 0.087825
v 1.834110 2.273243 0.087825
v 1.689223 2.267428 0.087825
v 1.634401 2.273243 0.087825
v 1.634401 2.267428 0.087825
v 1.899974 2.362063 0.087825
v 1.901570 2.367557 0.087825
v 1.897699 2.359035 0.087825
v 1.805030 2.080967 0.087825
v 1.826189 2.080967 0.087825
v 1.805030 2.161692 0.087825
v 1.689223 2.208441 0.087825
v 1.634401 2.214256 0.087825
v 1.634401 2.208441 0.087825
v 1.779288 2.214256 0.087825
v 1.834110 2.208441 0.087825
v 1.834110 2.214256 0.087825
v -1.849403 2.319992 0.087825
v -1.805030 2.400717 0.087825
v -1.865559 2.329731 0.087825
v -1.689223 2.273243 0.087825
v -1.634401 2.267428 0.087825
v -1.634401 2.273243 0.087825
v -1.834110 2.267428 0.087825
v -1.779288 2.273243 0.087825
v -1.834110 2.273243 0.087825
v -1.634401 2.214256 0.087825
v -1.689223 2.208441 0.087825
v -1.634401 2.208441 0.087825
v -1.899974 2.119621 0.087825
v -1.901570 2.114127 0.087825
v -1.897699 2.122649 0.087825
v -1.834110 2.208441 0.087825
v -1.779288 2.214256 0.087825
v -1.834110 2.214256 0.087825
v -1.663481 2.191351 0.065311
v -1.634401 2.191351 0.065311
v -1.634401 2.208441 0.087825
v -1.634401 2.286644 0.062511
v -1.634401 2.273243 0.087825
v -1.634401 2.267428 0.087825
v -1.663481 2.195040 0.062511
v -1.689223 2.195040 0.062511
v -1.689223 2.214256 0.087825
v -1.689223 2.273243 0.087825
v -1.689223 2.286644 0.062511
v -1.689223 2.267428 0.087825
v 1.634401 2.195040 0.062511
v 1.634401 2.208441 0.087825
v 1.634401 2.214256 0.087825
v -1.634401 2.208441 0.087825
v -1.634401 2.195040 0.062511
v -1.634401 2.214256 0.087825
v -1.779288 2.208441 0.087825
v -1.779288 2.195040 0.062511
v -1.779288 2.214256 0.087825
v -0.237033 0.350242 0.013603
v -0.250999 0.276020 0.087826
v -0.237435 0.339094 0.024751
v -0.250999 0.551133 0.046254
v 0.000000 0.551133 0.087826
v -0.250999 0.551133 0.087826
v 0.222785 0.350242 0.013603
v 0.222785 0.434362 -0.070516
v 0.190276 0.350242 0.013603
v 0.102132 0.831653 0.087826
v 0.102132 0.904794 0.087826
v -0.102132 0.904794 0.087826
v -0.175759 0.339094 0.024751
v -0.237435 0.339094 0.087826
v -0.175759 0.339094 0.087826
v 0.175759 0.339094 0.087826
v 0.175759 0.339094 0.024751
v 0.175759 0.276020 0.087826
v 0.250999 0.395645 0.015625
v 0.250999 0.396389 0.008072
v 0.250999 0.276020 0.087826
v -0.250999 0.472335 0.023178
v -0.250999 0.473079 0.015625
v -0.250999 0.551133 0.046254
v 0.237435 0.339094 0.024751
v 0.175759 0.339094 0.087826
v 0.237435 0.339094 0.087826
v 0.250999 0.551133 0.046254
v 0.250999 0.473079 0.015625
v 0.250999 0.472335 0.023178
v -0.250999 0.276020 0.087826
v -0.250999 0.395645 0.015625
v -0.250999 0.396389 0.023178
v -0.175759 0.276020 0.087826
v -0.175759 0.339094 0.024751
v -0.175759 0.339094 0.087826
v 0.000000 0.551133 0.046254
v 0.250999 0.551133 0.087826
v -0.222785 0.397270 0.026084
v -0.222785 0.362723 0.026084
v -0.222785 0.396389 0.023178
v -0.222784 0.350242 0.013603
v -0.222785 0.396389 0.008072
v -0.222784 0.395645 0.015625
v -0.222785 0.518482 0.013603
v -0.222785 0.461739 -0.011752
v -0.222785 0.506001 0.026084
v -0.222785 0.472335 0.008072
v -0.222785 0.470132 0.000809
v -0.222785 0.471454 0.026084
v -0.222785 0.472335 0.023178
v -0.222785 0.473079 0.015625
v -0.222785 0.398592 0.000809
v -0.222785 0.466554 -0.005885
v -0.222785 0.402170 -0.005885
v -0.222785 0.406985 -0.011752
v -0.222784 0.455872 -0.016567
v -0.222785 0.412852 -0.016567
v -0.222784 0.449178 -0.020145
v -0.222785 0.441915 -0.022348
v -0.222785 0.419545 -0.020145
v -0.237033 0.350242 0.013603
v -0.237033 0.362723 0.026084
v -0.237033 0.396389 0.008072
v -0.237033 0.397270 0.026084
v -0.237033 0.396389 0.023178
v -0.237033 0.395645 0.015625
v -0.237033 0.506001 0.026084
v -0.237033 0.518482 0.013603
v -0.237033 0.472335 0.008072
v -0.237033 0.461739 -0.011752
v -0.237033 0.470132 0.000809
v -0.237033 0.466554 -0.005885
v -0.237033 0.472335 0.023178
v -0.237033 0.471454 0.026084
v -0.237033 0.473079 0.015625
v -0.237033 0.398592 0.000809
v -0.237033 0.402170 -0.005885
v -0.237033 0.406985 -0.011752
v -0.237033 0.455872 -0.016567
v -0.237033 0.412852 -0.016567
v -0.237033 0.419545 -0.020145
v -0.237033 0.449178 -0.020145
v -0.237033 0.441915 -0.022348
v -0.237033 0.397270 0.026084
v -0.237033 0.518482 0.013603
v -0.176028 0.397270 0.026084
v -0.176028 0.362723 0.026084
v -0.176028 0.396389 0.023178
v -0.176028 0.350242 0.013603
v -0.176028 0.396389 0.008072
v -0.176028 0.395645 0.015625
v -0.176028 0.518482 0.013603
v -0.176028 0.461739 -0.011752
v -0.176028 0.506001 0.026084
v -0.176028 0.472335 0.008072
v -0.176028 0.470132 0.000809
v -0.176028 0.471454 0.026084
v -0.176028 0.472335 0.023178
v -0.176028 0.473079 0.015625
v -0.176028 0.398592 0.000809
v -0.176028 0.466554 -0.005885
v -0.176028 0.402170 -0.005885
v -0.176028 0.406985 -0.011752
v -0.176028 0.455872 -0.016567
v -0.176028 0.412852 -0.016567
v -0.176028 0.449178 -0.020145
v -0.176028 0.441915 -0.022348
v -0.176028 0.419545 -0.020145
v -0.190276 0.350242 0.013603
v -0.190276 0.362723 0.026084
v -0.190276 0.396389 0.008072
v -0.190276 0.397270 0.026084
v -0.190276 0.396389 0.023178
v -0.190276 0.395645 0.015625
v -0.190276 0.506001 0.026084
v -0.190276 0.518482 0.013603
v -0.190276 0.472335 0.008072
v -0.190276 0.461739 -0.011752
v -0.190276 0.470132 0.000809
v -0.190276 0.466554 -0.005885
v -0.190276 0.472335 0.023178
v -0.190276 0.471454 0.026084
v -0.190276 0.473079 0.015625
v -0.190276 0.398592 0.000809
v -0.190276 0.402170 -0.005885
v -0.190276 0.406985 -0.011752
v -0.190276 0.455872 -0.016567
v -0.190276 0.412852 -0.016567
v -0.190276 0.419545 -0.020145
v -0.190276 0.449178 -0.020145
v -0.190276 0.441915 -0.022348
v -0.190276 0.397270 0.026084
v -0.190276 0.518482 0.013603
v -0.176028 0.506001 0.026084
v -0.222785 0.506001 0.026084
v -0.176028 0.362723 0.026084
v -0.222784 0.350242 0.013603
v -0.250999 0.434362 -0.070516
v -0.237033 0.518482 0.013603
v -0.237033 0.434362 -0.070516
v -0.176028 0.434362 -0.070516
v 0.000000 0.434362 -0.070516
v 0.000000 0.551133 0.046254
v -0.222785 0.518482 0.013603
v -0.222785 0.434362 -0.070516
v -0.190276 0.434362 -0.070516
v 0.237033 0.362723 0.026084
v 0.237033 0.397270 0.026084
v 0.237033 0.362723 0.026084
v 0.237033 0.396389 0.023178
v 0.237033 0.350242 0.013603
v 0.237033 0.396389 0.008072
v 0.237033 0.395645 0.015625
v 0.237033 0.518482 0.013603
v 0.237033 0.461739 -0.011752
v 0.237033 0.506001 0.026084
v 0.237033 0.472335 0.008072
v 0.237033 0.470132 0.000809
v 0.237033 0.471454 0.026084
v 0.237033 0.472335 0.023178
v 0.237033 0.473079 0.015625
v 0.237033 0.398592 0.000809
v 0.237033 0.466554 -0.005885
v 0.237033 0.402170 -0.005885
v 0.237033 0.406985 -0.011752
v 0.237033 0.455872 -0.016567
v 0.237033 0.412852 -0.016567
v 0.237033 0.449178 -0.020145
v 0.237033 0.441915 -0.022348
v 0.237033 0.419545 -0.020145
v 0.237033 0.518482 0.013603
v 0.190276 0.397270 0.026084
v 0.190276 0.362723 0.026084
v 0.190276 0.396389 0.023178
v 0.190276 0.350242 0.013603
v 0.190276 0.396389 0.008072
v 0.190276 0.395645 0.015625
v 0.190276 0.518482 0.013603
v 0.190276 0.461739 -0.011752
v 0.190276 0.506001 0.026084
v 0.190276 0.472335 0.008072
v 0.190276 0.470132 0.000809
v 0.190276 0.471454 0.026084
v 0.190276 0.472335 0.023178
v 0.190276 0.473079 0.015625
v 0.190276 0.398592 0.000809
v 0.190276 0.466554 -0.005885
v 0.190276 0.402170 -0.005885
v 0.190276 0.406985 -0.011752
v 0.190276 0.455872 -0.016567
v 0.190276 0.412852 -0.016567
v 0.190276 0.449178 -0.020145
v 0.190276 0.441915 -0.022348
v 0.190276 0.419545 -0.020145
v 0.222785 0.350242 0.013603
v 0.222785 0.362723 0.026084
v 0.222785 0.396389 0.008072
v 0.222785 0.397270 0.026084
v 0.222785 0.396389 0.023178
v 0.222785 0.395645 0.015625
v 0.222785 0.506001 0.026084
v 0.222785 0.518482 0.013603
v 0.222785 0.472335 0.008072
v 0.222785 0.461739 -0.011752
v 0.222785 0.470132 0.000809
v 0.222785 0.466554 -0.005885
v 0.222785 0.472335 0.023178
v 0.222785 0.471454 0.026084
v 0.222785 0.473079 0.015625
v 0.222785 0.398592 0.000809
v 0.222785 0.402170 -0.005885
v 0.222785 0.406985 -0.011752
v 0.222785 0.455872 -0.016567
v 0.222785 0.412852 -0.016567
v 0.222785 0.419545 -0.020145
v 0.222785 0.449178 -0.020145
v 0.222785 0.441915 -0.022348
v 0.190276 0.518482 0.013603
v 0.237033 0.397270 0.026084
v 0.176028 0.350242 0.013603
v 0.176028 0.362723 0.026084
v 0.176028 0.396389 0.008072
v 0.176028 0.397270 0.026084
v 0.176028 0.396389 0.023178
v 0.176028 0.395645 0.015625
v 0.176028 0.506001 0.026084
v 0.176028 0.518482 0.013603
v 0.176028 0.472335 0.008072
v 0.176028 0.461739 -0.011752
v 0.176028 0.470132 0.000809
v 0.176028 0.466554 -0.005885
v 0.176028 0.472335 0.023178
v 0.176028 0.471454 0.026084
v 0.176028 0.473079 0.015625
v 0.176028 0.398592 0.000809
v 0.176028 0.402170 -0.005885
v 0.176028 0.406985 -0.011752
v 0.176028 0.455872 -0.016567
v 0.176028 0.412852 -0.016567
v 0.176028 0.419545 -0.020145
v 0.176028 0.449178 -0.020145
v 0.176028 0.441915 -0.022348
v 0.190276 0.397270 0.026084
v 0.176028 0.518482 0.013603
v 0.176028 0.434362 -0.070516
v 0.237033 0.434362 -0.070516
v 0.250999 0.434362 -0.070516
v 0.237033 0.518482 0.013603
v 0.190276 0.434362 -0.070516
v 0.222785 0.434362 -0.070516
v 0.176028 0.362723 0.026084
v 0.176028 0.506001 0.026084
v 0.222785 0.506001 0.026084
v 1.490963 0.236422 0.045677
v 1.490963 0.445561 0.045676
v -1.934281 0.231208 0.045677
v 1.471444 2.487103 -0.061677
v 1.902078 1.692882 0.086584
v 1.902078 0.943971 0.086585
v 1.471443 0.149750 -0.061676
v 1.896662 0.988538 0.086585
v 1.471444 2.487103 0.086585
v 1.453058 2.487103 -0.061677
v 1.471443 0.149750 0.086585
v 1.466029 1.954695 -0.061677
v 1.883692 0.962357 0.086585
v 1.453057 0.655976 0.086585
v 1.471444 0.637590 0.086585
v 1.896662 1.648314 0.086585
v 1.462672 1.957543 -0.061677
v 1.925792 0.954145 0.087826
v 1.924497 0.949060 0.087826
v 1.922436 0.944057 0.087826
v 1.919749 0.939477 0.087826
v 1.916621 0.935632 0.087826
v 1.902078 0.943971 0.086585
v 1.442313 0.671983 0.087826
v 1.443609 0.677068 0.087826
v 1.445670 0.682071 0.087826
v 1.448356 0.686651 0.087826
v 1.451484 0.690496 0.087826
v 1.466028 0.682157 0.086585
v 1.902078 0.943971 0.086585
v 1.905435 0.946818 0.086585
v 1.905434 0.946818 -0.061676
v 1.908563 0.950664 -0.061676
v 1.911249 0.955243 0.086585
v 1.911249 0.955245 -0.061676
v 1.908563 0.950664 -0.061676
v 1.913311 0.960246 0.086585
v 1.913310 0.960250 -0.061676
v 1.911249 0.955245 -0.061676
v 1.914606 0.965337 -0.061676
v 1.915048 0.970160 -0.061676
v 1.462671 0.679309 0.086585
v 1.459543 0.675465 0.086585
v 1.456856 0.670884 0.086585
v 1.456856 0.670882 -0.061676
v 1.459543 0.675464 -0.061676
v 1.454795 0.665878 -0.061676
v 1.453499 0.660797 0.086585
v 1.453499 0.660791 -0.061676
v 1.454795 0.665878 -0.061676
v 1.453057 0.655968 -0.061676
v 1.896220 0.983717 0.086585
v 1.896220 0.983717 0.086585
v 1.894924 0.978632 0.086585
v 1.894924 0.978636 -0.061676
v 1.894924 0.978632 0.086585
v 1.892863 0.973629 0.086585
v 1.892863 0.973632 -0.061676
v 1.892863 0.973629 0.086585
v 1.890177 0.969049 0.086585
v 1.890177 0.969050 -0.061676
v 1.887048 0.965204 -0.061676
v 1.883691 0.962356 -0.061676
v 1.481057 0.660923 0.086585
v 1.481057 0.660923 -0.061676
v 1.477929 0.657078 -0.061676
v 1.477929 0.657078 0.086585
v 1.477929 0.657078 -0.061676
v 1.475243 0.652496 -0.061676
v 1.475242 0.652498 0.086585
v 1.473181 0.647492 -0.061676
v 1.473181 0.647492 -0.061676
v 1.471885 0.642404 -0.061676
v 1.471885 0.642410 0.086585
v 1.471885 0.642404 -0.061676
v 1.471444 0.637582 -0.061676
v 1.471444 0.637590 0.086585
v 1.471444 1.999263 0.086585
v 1.915048 0.970152 0.086585
v 1.896662 1.318426 -0.061676
v 1.925792 1.682706 0.087825
v 1.924496 1.687791 0.087825
v 1.924496 1.687791 0.087825
v 1.922435 1.692794 0.087825
v 1.911250 1.681609 0.086584
v 1.919748 1.697374 0.087825
v 1.916620 1.701219 0.087825
v 1.916620 1.701219 0.087825
v 1.442315 1.964871 0.087825
v 1.443611 1.959786 0.087825
v 1.445672 1.954783 0.087825
v 1.448358 1.950203 0.087825
v 1.451486 1.946358 0.087825
v 1.451486 1.946358 0.087825
v 1.902078 1.692882 0.086584
v 1.902078 1.692882 -0.061677
v 1.905435 1.690034 -0.061677
v 1.908563 1.686188 -0.061677
v 1.911249 1.681607 -0.061677
v 1.911249 1.681607 -0.061677
v 1.913311 1.676602 -0.061677
v 1.913311 1.676606 0.086584
v 1.913311 1.676602 -0.061677
v 1.914606 1.671515 -0.061677
v 1.914606 1.671521 0.086584
v 1.915048 1.666693 -0.061677
v 1.466029 1.954695 -0.061677
v 1.462672 1.957543 -0.061677
v 1.462671 1.957543 0.086584
v 1.462672 1.957543 -0.061677
v 1.459543 1.961389 -0.061677
v 1.459543 1.961388 0.086585
v 1.459543 1.961389 -0.061677
v 1.456857 1.965970 -0.061677
v 1.456857 1.965968 0.086585
v 1.456857 1.965970 -0.061677
v 1.454796 1.970975 -0.061677
v 1.454796 1.970971 0.086585
v 1.454796 1.970975 -0.061677
v 1.453500 1.976062 -0.061677
v 1.453500 1.976056 0.086585
v 1.453058 1.980885 -0.061677
v 1.896662 1.648307 -0.061676
v 1.896220 1.653129 -0.061676
v 1.894925 1.658216 -0.061677
v 1.892863 1.663223 0.086584
v 1.892863 1.663221 -0.061677
v 1.890177 1.667802 -0.061677
v 1.887048 1.671648 -0.061677
v 1.887048 1.671648 -0.061677
v 1.883691 1.674496 -0.061677
v 1.883692 1.674496 0.086584
v 1.484414 1.973082 0.086585
v 1.481057 1.975929 0.086585
v 1.481058 1.975929 -0.061677
v 1.481057 1.975929 0.086585
v 1.477929 1.979774 0.086585
v 1.477929 1.979775 -0.061677
v 1.477929 1.979775 -0.061677
v 1.477929 1.979774 0.086585
v 1.475243 1.984354 0.086585
v 1.475243 1.984354 0.086585
v 1.473182 1.989361 -0.061677
v 1.473182 1.989357 0.086585
v 1.471886 1.994442 0.086585
v 1.471886 1.994442 0.086585
v -1.471444 2.487103 -0.061677
v -1.484414 1.973082 0.086585
v -1.902077 0.943971 0.086585
v -1.471443 0.149750 -0.061676
v -1.896662 0.988538 0.086585
v -1.471444 2.487103 0.086585
v -1.453058 1.980877 0.086585
v -1.471443 0.149750 0.086585
v -1.466028 1.954696 0.086585
v -1.466027 0.682157 0.086585
v -1.453057 0.149750 -0.061676
v -1.471443 0.637590 0.086585
v -1.896662 1.648314 0.086585
v -1.462671 0.679309 -0.061676
v -1.925792 0.954145 0.087826
v -1.924496 0.949060 0.087826
v -1.922435 0.944057 0.087826
v -1.919749 0.939477 0.087826
v -1.916621 0.935632 0.087826
v -1.916621 0.935632 0.087826
v -1.442312 0.671983 0.087826
v -1.443608 0.677068 0.087826
v -1.445669 0.682071 0.087826
v -1.448356 0.686651 0.087826
v -1.451484 0.690496 0.087826
v -1.451484 0.690496 0.087826
v -1.902077 0.943970 -0.061676
v -1.905434 0.946818 -0.061676
v -1.908562 0.950664 -0.061676
v -1.908563 0.950663 0.086585
v -1.911249 0.955245 -0.061676
v -1.911249 0.955245 -0.061676
v -1.913310 0.960250 -0.061676
v -1.913310 0.960246 0.086585
v -1.913310 0.960250 -0.061676
v -1.914606 0.965337 -0.061676
v -1.914606 0.965331 0.086585
v -1.914606 0.965337 -0.061676
v -1.915048 0.970160 -0.061676
v -1.915048 0.970152 0.086585
v -1.466027 0.682157 0.086585
v -1.466028 0.682158 -0.061676
v -1.462671 0.679309 -0.061676
v -1.459543 0.675464 -0.061676
v -1.459543 0.675464 -0.061676
v -1.456856 0.670882 -0.061676
v -1.456856 0.670884 0.086585
v -1.456856 0.670882 -0.061676
v -1.454795 0.665878 -0.061676
v -1.454795 0.665882 0.086585
v -1.453499 0.660791 -0.061676
v -1.453057 0.655968 -0.061676
v -1.896662 0.988538 0.086585
v -1.896662 0.988546 -0.061676
v -1.896220 0.983723 -0.061676
v -1.896220 0.983723 -0.061676
v -1.894924 0.978632 0.086585
v -1.894924 0.978636 -0.061676
v -1.892863 0.973632 -0.061676
v -1.892863 0.973629 0.086585
v -1.892863 0.973632 -0.061676
v -1.890176 0.969050 -0.061676
v -1.890176 0.969050 -0.061676
v -1.887048 0.965204 -0.061676
v -1.887048 0.965204 0.086585
v -1.887048 0.965204 -0.061676
v -1.883691 0.962356 -0.061676
v -1.883692 0.962357 0.086585
v -1.484413 0.663771 0.086585
v -1.481057 0.660923 0.086585
v -1.481057 0.660923 -0.061676
v -1.481057 0.660923 0.086585
v -1.477928 0.657079 0.086585
v -1.477929 0.657078 -0.061676
v -1.477929 0.657078 -0.061676
v -1.477928 0.657079 0.086585
v -1.475242 0.652498 0.086585
v -1.475242 0.652496 -0.061676
v -1.475242 0.652498 0.086585
v -1.473181 0.647496 0.086585
v -1.473181 0.647496 0.086585
v -1.471885 0.642411 0.086585
v -1.471444 1.999263 0.086585
v -1.896662 1.318426 -0.061676
v -1.925791 1.682706 0.087825
v -1.924496 1.687791 0.087825
v -1.922434 1.692794 0.087825
v -1.919748 1.697374 0.087825
v -1.916620 1.701219 0.087825
v -1.902078 1.692882 0.086584
v -1.442315 1.964871 0.087825
v -1.443610 1.959786 0.087825
v -1.445672 1.954783 0.087825
v -1.448358 1.950203 0.087825
v -1.451486 1.946358 0.087825
v -1.466028 1.954696 0.086585
v -1.902078 1.692882 0.086584
v -1.905435 1.690034 0.086584
v -1.905434 1.690034 -0.061677
v -1.908563 1.686188 -0.061677
v -1.911249 1.681609 0.086584
v -1.911249 1.681607 -0.061677
v -1.908563 1.686188 -0.061677
v -1.913310 1.676606 0.086584
v -1.913310 1.676602 -0.061677
v -1.911249 1.681607 -0.061677
v -1.914606 1.671515 -0.061677
v -1.915048 1.666693 -0.061677
v -1.462671 1.957543 0.086585
v -1.462671 1.957543 0.086585
v -1.459543 1.961388 0.086585
v -1.459543 1.961389 -0.061677
v -1.456856 1.965968 0.086585
v -1.456857 1.965970 -0.061677
v -1.459543 1.961389 -0.061677
v -1.454795 1.970975 -0.061677
v -1.453499 1.976056 0.086585
v -1.453499 1.976062 -0.061677
v -1.454795 1.970975 -0.061677
v -1.453058 1.980877 0.086585
v -1.453058 1.980885 -0.061677
v -1.453499 1.976062 -0.061677
v -1.896220 1.653135 0.086585
v -1.896220 1.653135 0.086585
v -1.894924 1.658220 0.086585
v -1.894924 1.658216 -0.061677
v -1.892863 1.663223 0.086584
v -1.892863 1.663223 0.086584
v -1.890177 1.667803 0.086584
v -1.890177 1.667802 -0.061677
v -1.887048 1.671648 -0.061677
v -1.883692 1.674496 0.086584
v -1.883691 1.674496 -0.061677
v -1.887048 1.671648 -0.061677
v -1.481057 1.975929 0.086585
v -1.477929 1.979774 0.086585
v -1.477929 1.979775 -0.061677
v -1.475243 1.984357 -0.061677
v -1.475243 1.984354 0.086585
v -1.475243 1.984357 -0.061677
v -1.473181 1.989361 -0.061677
v -1.473181 1.989357 0.086585
v -1.471886 1.994448 -0.061677
v -1.471444 1.999271 -0.061677
v -1.915048 1.666700 0.086584
v -2.000000 2.600000 0.087825
v 1.934282 0.231208 0.087826
v 1.557539 0.231208 0.087826
v 1.482631 0.138562 0.087826
v -1.517110 0.231208 0.087826
v -1.925044 0.231208 0.087826
v -1.482630 0.138562 0.087826
v -0.351307 0.231724 0.087826
v 1.441870 0.138562 0.087826
v -1.441869 0.138562 0.087826
v -1.625523 1.155112 0.087826
v -1.717991 0.869884 0.087826
v -1.363572 1.002894 0.087826
v -1.454841 0.693344 0.087826
v -1.352340 0.997504 0.087826
v -1.451484 0.690496 0.087826
v -1.341450 0.994551 0.087826
v -1.448356 0.686651 0.087826
v -1.331233 0.994124 0.087826
v -1.445669 0.682071 0.087826
v -1.321997 0.996237 0.087826
v -1.443608 0.677068 0.087826
v -1.314025 1.000825 0.087826
v -1.442312 0.671983 0.087826
v -1.207299 1.040115 0.087826
v -1.441870 0.667163 0.087826
v -1.307559 1.007748 0.087826
v 1.454841 0.693344 0.087826
v 1.872506 0.973543 0.087826
v 1.625523 1.155112 0.087826
v 1.875862 0.976391 0.087826
v 1.878991 0.980236 0.087826
v 1.885476 0.999724 0.087826
v 1.881677 0.984816 0.087826
v 1.883738 0.989819 0.087826
v 1.885034 0.994904 0.087826
v 1.885476 1.318426 0.087826
v 1.885477 1.637129 0.087825
v 1.625523 1.481741 0.087826
v 1.885035 1.641950 0.087825
v 1.883739 1.647035 0.087825
v 1.872507 1.663310 0.087825
v 1.881678 1.652038 0.087825
v 1.878992 1.656618 0.087825
v 1.875864 1.660463 0.087825
v 1.720481 1.765301 0.087825
v 1.363572 1.002894 0.087826
v 1.451484 0.690496 0.087826
v 1.341451 0.994551 0.087826
v 1.352341 0.997504 0.087826
v 1.448356 0.686651 0.087826
v 1.331233 0.994124 0.087826
v 1.445670 0.682071 0.087826
v 1.321998 0.996237 0.087826
v 1.443609 0.677068 0.087826
v 1.442313 0.671983 0.087826
v 1.207300 1.040115 0.087826
v 1.314026 1.000825 0.087826
v 1.441871 0.667163 0.087826
v 1.307559 1.007748 0.087826
v -1.207300 0.231724 0.087826
v -1.302794 1.016797 0.087826
v 1.207300 0.231724 0.087826
v 1.302794 1.016797 0.087826
v -1.299876 1.027696 0.087826
v -1.298894 1.040115 0.087826
v 1.299877 1.027696 0.087826
v 1.298894 1.040115 0.087826
v -0.250999 0.456267 0.087826
v -0.351307 0.493662 0.087826
v -0.250999 0.434362 0.087826
v 0.351307 0.493663 0.087826
v 0.250999 0.434362 0.087826
v 0.348370 0.513662 0.087826
v 0.250999 0.551133 0.087826
v -0.250999 0.276020 0.087826
v 0.340007 0.534687 0.087826
v 0.327489 0.553537 0.087826
v 0.250999 0.276020 0.087826
v -0.237435 0.276020 0.087826
v -0.175759 0.276020 0.087826
v -0.175759 0.339094 0.087826
v -0.237435 0.339094 0.087826
v 0.237435 0.276020 0.087826
v 0.237435 0.339094 0.087826
v 0.175759 0.339094 0.087826
v -2.000000 2.600000 -0.087827
v 2.000000 0.000000 0.087826
v 2.000000 2.600000 0.087825
v 2.000000 2.600000 -0.087827
v -1.934281 0.231208 0.087826
v -1.934281 0.450776 0.087826
v -1.853863 0.450776 0.087826
v -1.736126 0.813947 0.087826
v -1.914413 2.075518 0.087825
v -2.000000 2.600000 0.087825
v -1.925791 1.682706 0.087825
v -1.926233 1.677886 0.087825
v -1.663481 2.075518 0.087825
v -1.734256 2.075518 0.087825
v -1.913263 1.704067 0.087825
v -1.805030 2.075518 0.087825
v -1.913264 0.932784 0.087826
v -1.916621 0.935632 0.087826
v -1.916620 1.701219 0.087825
v -1.554098 2.151954 0.087825
v -1.554098 2.080685 0.087825
v -1.482628 2.010448 0.087825
v -1.554098 2.075518 0.087825
v -1.495599 1.984267 0.087825
v -1.484366 2.000542 0.087825
v -1.483070 2.005627 0.087825
v -1.486427 1.995539 0.087825
v -1.492242 1.987114 0.087825
v -1.489113 1.990959 0.087825
v -1.919749 0.939477 0.087826
v -1.922435 0.944057 0.087826
v -1.919748 1.697374 0.087825
v -1.924496 0.949060 0.087826
v -1.925792 0.954145 0.087826
v -1.922434 1.692794 0.087825
v -1.924496 1.687791 0.087825
v 1.481057 0.660923 0.086585
v 1.890177 1.667803 0.086584
v 1.481057 0.660923 0.086585
v -1.896220 0.983717 0.086585
v -1.471444 1.999263 0.086585
v -1.481057 1.975929 0.086585
v -1.453058 2.487103 0.086585
v -1.473181 1.989357 0.086585
v -1.915048 1.318426 0.086585
v -1.896662 0.988538 0.086585
v 1.471886 1.994442 0.086585
v 1.887049 1.671648 0.086584
v 1.872507 1.663310 0.087825
v 1.883692 1.674496 0.086584
v -1.473181 0.647496 0.086585
v -1.481057 0.660923 0.086585
v -1.481057 0.660923 0.086585
v -1.475242 0.652498 0.086585
v -1.475243 1.984354 0.086585
v -1.894924 0.978632 0.086585
v 1.896220 0.983717 0.086585
v 1.896220 1.653135 0.086585
v 1.475243 1.984354 0.086585
v -1.471885 0.642411 0.086585
v -1.887048 1.671648 0.086584
v 1.896662 1.648314 0.086585
v -1.872505 0.973543 0.087826
v -1.883692 0.962357 0.086585
v -1.896220 1.653135 0.086585
v 1.915048 1.318426 0.086585
v 1.887049 0.965204 0.086585
v 1.887049 0.965204 0.086585
v 1.495599 1.984267 0.087825
v 1.484414 1.973082 0.086585
v 1.896662 0.988538 0.086585
v -1.887048 0.965204 0.086585
v 1.892863 1.663223 0.086584
v 1.471444 2.487103 0.086585
v -1.883692 1.674496 0.086584
v 1.473181 0.647495 0.086585
v 1.473182 1.989357 0.086585
v 1.887049 1.671648 0.086584
v -1.471443 0.149750 0.086585
v 1.471444 0.637590 0.086585
v -1.890177 0.969049 0.086585
v 1.471885 0.642410 0.086585
v -1.453057 0.149750 0.086585
v -1.887048 0.965204 0.086585
v 1.890177 0.969049 0.086585
v 1.453057 0.149750 0.086585
v 1.475242 0.652498 0.086585
v -1.484414 1.973082 0.086585
v -1.477928 0.657079 0.086585
v -1.892863 1.663223 0.086584
v 1.894924 0.978632 0.086585
v -1.890177 1.667803 0.086584
v -1.471443 0.637590 0.086585
v -1.453058 2.487103 0.086585
v 1.892863 0.973629 0.086585
v -1.887048 1.671648 0.086584
v -1.477929 1.979774 0.086585
v 1.484414 0.663771 0.086585
v 1.477929 1.979774 0.086585
v 1.477929 0.657078 0.086585
v 1.883692 0.962357 0.086585
v 1.453057 0.149750 0.086585
v -1.894924 1.658220 0.086585
v 1.471444 1.999263 0.086585
v -1.896662 1.648314 0.086585
v -1.471886 1.994442 0.086585
v 1.453058 2.487103 0.086585
v 1.894925 1.658220 0.086585
v 1.481057 1.975929 0.086585
v -1.495600 0.652584 0.087826
v -1.484413 0.663771 0.086585
v -1.481057 1.975929 0.086585
v 1.481057 1.975929 0.086585
v -1.892863 0.973629 0.086585
v 1.441873 1.969692 0.087825
v 1.441874 2.498287 0.087825
v 1.404908 2.259836 0.087825
v 1.404908 2.435275 0.087825
v 1.404908 2.412672 0.087825
v 1.404908 2.376717 0.087825
v 1.404908 2.364031 0.087825
v 1.404908 2.354744 0.087825
v 1.404908 2.345197 0.087825
v 1.398605 2.259836 0.087825
v 1.398605 2.150861 0.087825
v 1.404908 2.150861 0.087825
v 1.442315 1.964871 0.087825
v 1.328962 2.074329 0.087825
v 1.404908 2.074329 0.087825
v 1.391447 2.074329 0.087825
v 1.391447 2.153549 0.087825
v 1.372968 2.153549 0.087825
v 1.372969 2.074329 0.087825
v 1.443611 1.959786 0.087825
v 1.297334 2.074329 0.087825
v 1.360591 2.074329 0.087825
v 1.360591 2.095881 0.087825
v 1.341003 2.095881 0.087825
v 1.360257 2.098415 0.087825
v 1.341336 2.098415 0.087825
v 1.341003 2.074329 0.087825
v 1.359279 2.100777 0.087825
v 1.445672 1.954783 0.087825
v 1.266477 2.074329 0.087825
v 1.357723 2.102805 0.087825
v 1.355695 2.104361 0.087825
v 1.353334 2.105339 0.087825
v 1.350795 2.105673 0.087825
v 1.343871 2.102805 0.087825
v 1.348260 2.105339 0.087825
v 1.345899 2.104361 0.087825
v 1.342315 2.100777 0.087825
v 1.316922 2.074329 0.087825
v 1.284956 2.074329 0.087825
v 1.448358 1.950203 0.087825
v 1.321998 1.640616 0.087825
v 1.316922 2.095881 0.087825
v 1.297334 2.095881 0.087825
v 1.316588 2.098415 0.087825
v 1.451486 1.946358 0.087825
v 1.331233 1.642729 0.087825
v 1.315610 2.100777 0.087825
v 1.314054 2.102805 0.087825
v 1.312026 2.104361 0.087825
v 1.309665 2.105339 0.087825
v 1.307131 2.105673 0.087825
v 1.304591 2.105339 0.087825
v 1.298646 2.100777 0.087825
v 1.302230 2.104361 0.087825
v 1.300202 2.102805 0.087825
v 1.297668 2.098415 0.087825
v 1.284956 2.153549 0.087825
v 1.266477 2.153549 0.087825
v 1.253017 2.074329 0.087825
v 1.363572 1.633959 0.087826
v 1.454843 1.943511 0.087825
v 1.352341 1.639349 0.087825
v 1.341451 1.642302 0.087825
v 1.253017 2.150861 0.087825
v 1.259320 2.150861 0.087825
v 1.259320 2.259836 0.087825
v 1.253016 2.259836 0.087825
v 1.207300 2.435916 0.087825
v 1.207300 1.333820 0.087826
v 1.207300 1.210290 0.087826
v 1.298894 1.596738 0.087826
v 1.314026 1.636028 0.087825
v 1.307559 1.629105 0.087826
v 1.292069 2.418634 0.087825
v 1.365856 2.369370 0.087825
v -1.207300 1.457349 0.087826
v -1.207300 2.435916 0.087825
v -1.253017 2.074329 0.087825
v -1.253017 2.435275 0.087825
v -1.253017 2.412672 0.087825
v -1.253017 2.376717 0.087825
v -1.253017 2.364031 0.087825
v -1.253017 2.354744 0.087825
v -1.207300 1.210290 0.087826
v -1.207300 1.333820 0.087826
v -1.298894 1.596738 0.087826
v -1.253017 2.345197 0.087825
v -1.253017 2.150861 0.087825
v -1.253017 2.259836 0.087825
v -1.259320 2.259836 0.087825
v -1.259320 2.150861 0.087825
v -1.299877 1.609156 0.087826
v -1.302794 1.620056 0.087826
v -1.266478 2.074329 0.087825
v -1.266478 2.153549 0.087825
v -1.284957 2.074329 0.087825
v -1.284957 2.153549 0.087825
v -1.445672 1.954783 0.087825
v -1.307559 1.629105 0.087826
v -1.297334 2.074329 0.087825
v -1.297334 2.095881 0.087825
v -1.316922 2.095881 0.087825
v -1.297668 2.098415 0.087825
v -1.316588 2.098415 0.087825
v -1.443610 1.959786 0.087825
v -1.298646 2.100777 0.087825
v -1.314026 1.636028 0.087825
v -1.321998 1.640616 0.087825
v -1.300202 2.102805 0.087825
v -1.302230 2.104361 0.087825
v -1.304591 2.105339 0.087825
v -1.307131 2.105673 0.087825
v -1.314054 2.102805 0.087825
v -1.309665 2.105339 0.087825
v -1.312026 2.104361 0.087825
v -1.315610 2.100777 0.087825
v -1.316922 2.074329 0.087825
v -1.331233 1.642728 0.087825
v -1.448358 1.950203 0.087825
v -1.442315 1.964871 0.087825
v -1.328963 2.074329 0.087825
v -1.341003 2.074329 0.087825
v -1.341003 2.095881 0.087825
v -1.360591 2.095881 0.087825
v -1.341337 2.098415 0.087825
v -1.342315 2.100777 0.087825
v -1.441873 1.969692 0.087825
v -1.343871 2.102805 0.087825
v -1.345899 2.104361 0.087825
v -1.348260 2.105339 0.087825
v -1.350795 2.105673 0.087825
v -1.353334 2.105339 0.087825
v -1.355695 2.104361 0.087825
v -1.357723 2.102805 0.087825
v -1.359279 2.100777 0.087825
v -1.360258 2.098415 0.087825
v -1.360591 2.074329 0.087825
v -1.372969 2.074329 0.087825
v -1.372969 2.153549 0.087825
v -1.391448 2.153549 0.087825
v -1.391448 2.074329 0.087825
v -1.404909 2.074329 0.087825
v -1.352340 1.639348 0.087825
v -1.363572 1.633959 0.087826
v -1.872505 0.973543 0.087826
v -1.625523 1.481741 0.087826
v -1.885476 1.318426 0.087826
v -1.885476 0.999724 0.087826
v -1.404909 2.150861 0.087825
v -1.398605 2.150861 0.087825
v -1.398605 2.259836 0.087825
v -1.404909 2.259836 0.087825
v -1.404909 2.320044 0.087825
v -1.441874 2.498287 0.087825
v -1.883738 0.989819 0.087826
v -1.878990 0.980236 0.087826
v -1.875862 0.976391 0.087826
v -1.881676 0.984816 0.087826
v -1.885034 0.994904 0.087826
v -1.885035 1.641950 0.087825
v -1.885477 1.637129 0.087825
v -1.883739 1.647035 0.087825
v -1.872506 1.663310 0.087825
v -1.881678 1.652038 0.087825
v -1.875864 1.660463 0.087825
v -1.878992 1.656618 0.087825
v -1.376244 2.369370 0.087825
v -1.365856 2.369370 0.087825
v -1.281681 2.418634 0.087825
v -1.292070 2.418634 0.087825
v -1.860773 0.429460 0.087826
v -1.865546 0.414738 0.087826
v -1.858590 0.414738 0.087826
v -1.858589 0.352341 0.087826
v -1.858589 0.268415 0.087826
v -1.837747 0.268415 0.087826
v -1.740795 0.429460 0.087826
v -1.837746 0.414738 0.087826
v -1.837747 0.352341 0.087826
v -1.643844 0.414738 0.087826
v -1.857047 0.440954 0.087826
v -1.740795 0.440954 0.087826
v -1.855553 0.445561 0.087826
v -1.564397 0.440954 0.087826
v -1.495600 0.652584 0.087826
v -1.490962 0.450776 0.087826
v -1.482630 0.626403 0.087826
v -1.489115 0.645892 0.087826
v -1.492243 0.649737 0.087826
v -1.484367 0.636309 0.087826
v -1.486429 0.641312 0.087826
v -1.483072 0.631224 0.087826
v -1.490962 0.231208 0.087826
v -1.564397 0.358270 0.087826
v -1.519050 0.236423 0.087826
v -1.490962 0.236423 0.087826
v -1.490962 0.445561 0.087826
v -1.482630 0.626403 0.087826
v -1.490962 0.450776 0.087826
v -1.623001 0.268415 0.087826
v -1.623001 0.352341 0.087826
v -1.643844 0.268415 0.087826
v -1.623001 0.414738 0.087826
v -1.643844 0.352341 0.087826
v -1.729925 0.243115 0.087826
v -1.729925 0.352341 0.087826
v -1.751666 0.243115 0.087826
v -1.729925 0.414738 0.087826
v -1.751666 0.352341 0.087826
v -1.751666 0.239691 0.087826
v -1.729925 0.239691 0.087826
v -1.751666 0.414738 0.087826
v 1.490963 0.231208 0.087826
v 1.490963 0.236423 0.087826
v 1.561755 0.236423 0.087826
v 1.564398 0.290512 0.087826
v 1.564398 0.239691 0.087826
v 1.490963 0.450776 0.087826
v 1.555954 0.450776 0.087826
v 1.482630 0.626403 0.087826
v 1.564398 0.430552 0.087826
v 1.558131 0.445562 0.087826
v 1.564398 0.429460 0.087826
v 1.490963 0.445562 0.087826
v 1.490963 0.445562 0.087826
v 1.490963 0.450776 0.087826
v 1.482630 0.626403 0.087826
v 1.564398 0.358270 0.087826
v 1.564398 0.414738 0.087826
v 1.623002 0.414738 0.087826
v 1.623002 0.352341 0.087826
v 1.643845 0.352341 0.087826
v 1.623002 0.268415 0.087826
v 1.643845 0.268416 0.087826
v 1.643845 0.414738 0.087826
v 1.917194 0.429460 0.087826
v 1.929068 0.368816 0.087826
v 1.917194 0.414738 0.087826
v 1.929068 0.355269 0.087826
v 1.858590 0.268416 0.087826
v 1.858590 0.352341 0.087826
v 1.837747 0.268416 0.087826
v 1.858590 0.414738 0.087826
v 1.837747 0.352341 0.087826
v 1.729925 0.414738 0.087826
v 1.729925 0.352341 0.087826
v 1.751667 0.352341 0.087826
v 1.729925 0.243115 0.087826
v 1.751667 0.243115 0.087826
v 1.751667 0.239691 0.087826
v 1.729925 0.239691 0.087826
v 1.483072 0.631224 0.087826
v 1.484368 0.636309 0.087826
v 1.495601 0.652584 0.087826
v 1.486429 0.641312 0.087826
v 1.489115 0.645892 0.087826
v 1.934282 0.450776 0.087826
v 1.492244 0.649737 0.087826
v 1.913264 0.932784 0.087826
v 1.926234 0.958966 0.087826
v 1.926234 1.318426 0.087826
v 1.914413 2.344420 0.087825
v 1.914413 2.329730 0.087825
v 1.914413 2.253295 0.087825
v 1.883897 2.253295 0.087825
v 1.914413 2.228389 0.087825
v 1.875557 2.228389 0.087825
v 1.916621 0.935632 0.087826
v 1.914413 2.151954 0.087825
v 1.914413 2.075518 0.087825
v 1.919749 0.939477 0.087826
v 1.922436 0.944057 0.087826
v 1.824364 2.075518 0.087825
v 1.739102 1.820907 0.087825
v 1.913263 1.704067 0.087825
v 1.924497 0.949060 0.087826
v 1.925792 0.954145 0.087826
v 1.916620 1.701219 0.087825
v 1.919748 1.697374 0.087825
v 1.922435 1.692794 0.087825
v 1.924496 1.687791 0.087825
v 1.490963 0.236423 0.087826
v 1.490963 0.236422 0.045677
v 1.929067 0.236423 0.087826
v 1.929068 0.236422 0.045677
v 1.929068 0.445562 0.087826
v -1.929067 0.236423 0.087826
v -1.490962 0.236422 0.045677
v -1.490962 0.236423 0.087826
v -1.934281 0.450776 0.087826
v -1.934281 0.450776 0.045676
v 1.934282 0.231208 0.087826
v 1.934282 0.231208 0.045677
v 1.490963 0.450776 0.087826
v 1.490963 0.450776 0.045676
v -1.490962 0.445561 0.045676
v -1.490962 0.445561 0.087826
v -1.490962 0.445561 0.045676
v 1.934282 0.450776 0.087826
v 1.934282 0.450776 0.045676
v 1.934282 0.231208 0.087826
v 1.929068 0.445562 0.087826
v 1.929068 0.445561 0.045676
v -1.490962 0.231208 0.087826
v -1.490962 0.231208 0.045677
v -1.934281 0.231208 0.087826
v 1.564398 0.440954 0.087826
v 1.740796 0.440954 0.087826
v -1.564397 0.290512 0.087826
v -1.564397 0.239691 0.087826
v -1.588087 0.239691 0.087826
v -1.595615 0.239691 0.087826
v -1.917193 0.239691 0.087826
v -1.917193 0.255425 0.087826
v -1.923354 0.236423 0.087826
v -1.893504 0.239691 0.087826
v -1.724976 0.239691 0.087826
v -1.595615 0.259634 0.087826
v -1.609101 0.259634 0.087826
v -1.609101 0.268415 0.087826
v -1.673468 0.268415 0.087826
v -1.673468 0.259634 0.087826
v -1.713315 0.259634 0.087826
v -1.713315 0.239691 0.087826
v -1.756615 0.239691 0.087826
v -1.872490 0.259634 0.087826
v -1.885976 0.259634 0.087826
v -1.872490 0.268415 0.087826
v -1.808123 0.268415 0.087826
v -1.768276 0.259634 0.087826
v 1.588088 0.239691 0.087826
v 1.595616 0.239691 0.087826
v 1.917194 0.290512 0.087826
v 1.917194 0.358270 0.087826
v 1.917194 0.239691 0.087826
v 1.713316 0.239691 0.087826
v 1.609102 0.259634 0.087826
v 1.595616 0.259634 0.087826
v 1.724977 0.239691 0.087826
v 1.893505 0.239691 0.087826
v 1.885977 0.239691 0.087826
v 1.609102 0.268416 0.087826
v 1.673469 0.268416 0.087826
v 1.673469 0.259634 0.087826
v 1.713316 0.259634 0.087826
v 1.885977 0.259634 0.087826
v 1.872490 0.259634 0.087826
v 1.872490 0.268416 0.087826
v 1.808123 0.268416 0.087826
v 1.808123 0.259634 0.087826
v 1.768277 0.259634 0.087826
v -1.929067 0.236422 0.045677
v -1.490962 0.236422 0.045677
v -1.490962 0.231208 0.045677
v -1.490962 0.231208 0.087826
v 1.490963 0.445561 0.045676
v 1.490963 0.231208 0.045677
v -1.934281 0.231208 0.045677
v -1.929067 0.236423 0.087826
v -1.917193 0.358270 0.087826
v -1.917194 0.290512 0.087826
v -1.917193 0.414738 0.087826
v -1.779288 2.286644 0.062511
v -1.779288 2.290333 0.065311
v -1.779288 2.273243 0.087825
v -1.689223 2.195040 0.062511
v -1.689223 2.191351 0.065311
v -1.689223 2.208441 0.087825
v -1.834110 2.290333 0.065311
v 1.834110 2.214256 0.087825
v 1.834110 2.195040 0.062511
v -1.779288 2.214256 0.087825
v -1.779288 2.195040 0.062511
v -1.779288 2.273243 0.087825
v -1.779288 2.290333 0.065311
v 1.634401 2.290333 0.065311
v 1.779288 2.267428 0.087825
v 1.779288 2.286644 0.062511
v 1.689223 2.290333 0.065311
v 1.689223 2.214256 0.087825
v 1.689223 2.195040 0.062511
v 1.689223 2.191350 0.065311
v -1.834110 2.191351 0.065311
v 1.634401 2.208441 0.087825
v 1.634401 2.191350 0.065311
v 1.834110 2.191350 0.065311
v -1.634401 2.273243 0.087825
v -1.634401 2.290333 0.065311
v 1.634401 2.267428 0.087825
v 1.634401 2.286644 0.062511
v -1.834110 2.267428 0.087825
v -1.834110 2.286644 0.062511
v 1.834110 2.290333 0.065311
v -1.689223 2.267428 0.087825
v -1.689223 2.286644 0.062511
v 1.689223 2.273243 0.087825
v 1.689223 2.290333 0.065311
v -1.834110 2.208441 0.087825
v -1.834110 2.191351 0.065311
v 1.779288 2.290333 0.065311
v 1.779288 2.208441 0.087825
v 1.779288 2.191350 0.065311
v 1.779288 2.191350 0.065311
v 1.865559 2.151954 0.087825
v 1.901570 2.080967 0.087825
v 1.901570 2.114127 0.087825
v 1.897699 2.122649 0.087825
v 1.899974 2.119621 0.087825
v 1.901381 2.115842 0.087825
v 1.900831 2.117735 0.087825
v 1.898895 2.121314 0.087825
v 1.857285 2.159252 0.087825
v 1.855429 2.160237 0.087825
v 1.853361 2.161017 0.087825
v 1.853023 2.161099 0.087825
v 1.834110 2.273243 0.087825
v 1.834110 2.290333 0.065311
v -1.914413 2.406166 0.087825
v -1.914413 2.383398 0.087825
v -1.914413 2.151954 0.087825
v -1.914413 2.214827 0.087825
v -1.914413 2.228389 0.087825
v -1.914413 2.253295 0.087825
v -1.914413 2.329731 0.087825
v -1.914413 2.266857 0.087825
v -1.805030 2.228389 0.087825
v -1.734256 2.228389 0.087825
v -1.805030 2.253295 0.087825
v -1.734256 2.253295 0.087825
v -1.663481 2.253295 0.087825
v -1.554098 2.406166 0.087825
v -1.554098 2.400999 0.087825
v -1.482628 2.498287 0.087825
v -1.554098 2.329731 0.087825
v -1.805030 2.406166 0.087825
v -1.734256 2.406166 0.087825
v -1.663481 2.406166 0.087825
v 1.914413 2.406166 0.087825
v 1.663481 2.406166 0.087825
v 1.734255 2.406166 0.087825
v 1.482628 2.498287 0.087825
v 1.805030 2.406166 0.087825
v 1.554098 2.329730 0.087825
v 1.554098 2.400999 0.087825
v 1.554098 2.406166 0.087825
v 1.554098 2.253295 0.087825
v -1.404909 2.345197 0.087825
v 1.482629 2.010448 0.087825
v 1.554098 2.228389 0.087825
v -1.404909 2.354744 0.087825
v -1.404908 2.364031 0.087825
v -1.404908 2.371820 0.087825
v -1.404908 2.376717 0.087825
v -1.404909 2.435275 0.087825
v -1.328963 2.435275 0.087825
v 1.734256 2.253295 0.087825
v 1.663481 2.253295 0.087825
v 1.734256 2.228389 0.087825
v 1.663481 2.228389 0.087825
v 1.805030 2.228389 0.087825
v 1.805030 2.253295 0.087825
v 1.554098 2.075518 0.087825
v 1.554098 2.151954 0.087825
v 1.495599 1.984267 0.087825
v 1.734256 2.075518 0.087825
v 1.663481 2.075518 0.087825
v 1.805030 2.075518 0.087825
v 1.489114 1.990959 0.087825
v 1.492242 1.987114 0.087825
v 1.484367 2.000542 0.087825
v 1.486428 1.995539 0.087825
v 1.483071 2.005627 0.087825
v 1.328962 2.435275 0.087825
v 1.253016 2.435275 0.087825
v 1.253017 2.371820 0.087825
v 1.253017 2.376717 0.087825
v -0.351307 2.173977 0.087825
v -0.140715 1.981101 0.087825
v -0.348370 2.153978 0.087825
v -0.340007 2.132953 0.087825
v -0.312724 2.100298 0.087825
v -0.327489 2.114103 0.087825
v -0.125950 1.967296 0.087825
v 0.125950 1.967295 0.087825
v 1.253017 2.364031 0.087825
v 1.253016 2.345197 0.087825
v 1.253016 2.354744 0.087825
v -0.113433 1.948446 0.087825
v 0.113433 1.948446 0.087825
v -0.102132 1.835987 0.087825
v -0.175353 1.835987 0.087825
v -0.175353 1.762846 0.087825
v -0.102132 1.762846 0.087825
v -0.102132 1.457349 0.087826
v 0.102132 1.457349 0.087826
v -0.102132 1.333820 0.087826
v 0.102132 1.333820 0.087826
v 0.102132 1.210290 0.087826
v -0.102132 1.907422 0.087825
v 0.102132 1.835987 0.087825
v 0.102132 1.762846 0.087825
v -0.102132 1.210290 0.087826
v -0.102132 1.040115 0.087826
v 0.102132 1.040115 0.087826
v -0.105069 1.927421 0.087825
v 0.102132 1.907422 0.087825
v 0.175353 1.762846 0.087825
v 0.175353 1.835987 0.087825
v 0.105069 1.927421 0.087825
v 0.348370 2.153978 0.087825
v 0.351307 2.173977 0.087825
v 0.340007 2.132953 0.087825
v 0.312724 2.100298 0.087825
v 0.327489 2.114103 0.087825
v 1.779288 2.267428 0.087825
v 1.689223 2.273243 0.087825
v 1.566941 2.400717 0.087825
v 1.566941 2.367557 0.087825
v 1.570812 2.359035 0.087825
v 1.567130 2.365841 0.087825
v 1.567680 2.363948 0.087825
v 1.568537 2.362063 0.087825
v 1.569616 2.360370 0.087825
v 1.602952 2.329730 0.087825
v 1.609761 2.323522 0.087825
v 1.619108 2.319992 0.087825
v 1.611226 2.322431 0.087825
v 1.613083 2.321447 0.087825
v 1.615150 2.320666 0.087825
v 1.663481 2.400717 0.087825
v 1.805030 2.400717 0.087825
v 1.734256 2.400717 0.087825
v 1.734256 2.319992 0.087825
v 1.663481 2.319992 0.087825
v 1.617226 2.320165 0.087825
v 1.805030 2.319992 0.087825
v 1.901570 2.400717 0.087825
v 1.900831 2.363949 0.087825
v 1.901381 2.365841 0.087825
v 1.898895 2.360370 0.087825
v 1.865559 2.329730 0.087825
v 1.857285 2.322431 0.087825
v 1.858750 2.323522 0.087825
v 1.855429 2.321447 0.087825
v 1.849403 2.319992 0.087825
v 1.853361 2.320666 0.087825
v 1.851285 2.320165 0.087825
v 1.849403 2.161692 0.087825
v 1.851285 2.161519 0.087825
v 1.734256 2.161692 0.087825
v 1.734256 2.080967 0.087825
v 1.663481 2.161692 0.087825
v 1.619108 2.161692 0.087825
v 1.663481 2.080967 0.087825
v 1.617226 2.161519 0.087825
v 1.615150 2.161017 0.087825
v 1.602952 2.151954 0.087825
v 1.613083 2.160237 0.087825
v 1.609761 2.158162 0.087825
v 1.611226 2.159253 0.087825
v 1.570812 2.122649 0.087825
v 1.569616 2.121314 0.087825
v 1.568537 2.119621 0.087825
v 1.567680 2.117735 0.087825
v 1.566941 2.114127 0.087825
v 1.567130 2.115842 0.087825
v 1.566941 2.080967 0.087825
v 1.689223 2.214256 0.087825
v 1.779288 2.208441 0.087825
v -1.566941 2.367557 0.087825
v -1.566941 2.400717 0.087825
v -1.570812 2.359035 0.087825
v -1.663481 2.400717 0.087825
v -1.734255 2.400717 0.087825
v -1.734256 2.319992 0.087825
v -1.901570 2.400717 0.087825
v -1.897699 2.359035 0.087825
v -1.901570 2.367557 0.087825
v -1.568537 2.362063 0.087825
v -1.567680 2.363948 0.087825
v -1.567130 2.365841 0.087825
v -1.569616 2.360370 0.087825
v -1.602952 2.329731 0.087825
v -1.611226 2.322431 0.087825
v -1.609761 2.323522 0.087825
v -1.613083 2.321447 0.087825
v -1.609761 2.323522 0.087825
v -1.619108 2.319992 0.087825
v -1.615150 2.320666 0.087825
v -1.613083 2.321447 0.087825
v -1.617226 2.320165 0.087825
v -1.663481 2.319992 0.087825
v -1.805030 2.319992 0.087825
v -1.853361 2.320666 0.087825
v -1.851285 2.320165 0.087825
v -1.857286 2.322431 0.087825
v -1.855428 2.321447 0.087825
v -1.858750 2.323522 0.087825
v -1.898895 2.360370 0.087825
v -1.899974 2.362063 0.087825
v -1.900831 2.363949 0.087825
v -1.901381 2.365842 0.087825
v -1.689223 2.267428 0.087825
v -1.779288 2.267428 0.087825
v -1.689223 2.214256 0.087825
v -1.566941 2.080967 0.087825
v -1.566941 2.085765 0.087825
v -1.663481 2.080967 0.087825
v -1.566941 2.114127 0.087825
v -1.570812 2.122649 0.087825
v -1.567130 2.115842 0.087825
v -1.567680 2.117735 0.087825
v -1.568537 2.119621 0.087825
v -1.569616 2.121314 0.087825
v -1.602952 2.151954 0.087825
v -1.609761 2.158162 0.087825
v -1.619108 2.161692 0.087825
v -1.611226 2.159253 0.087825
v -1.613083 2.160237 0.087825
v -1.615150 2.161018 0.087825
v -1.617226 2.161519 0.087825
v -1.663481 2.161692 0.087825
v -1.805030 2.080967 0.087825
v -1.734256 2.080967 0.087825
v -1.734256 2.161692 0.087825
v -1.805030 2.161692 0.087825
v -1.849403 2.161692 0.087825
v -1.851285 2.161519 0.087825
v -1.853361 2.161017 0.087825
v -1.855428 2.160237 0.087825
v -1.858750 2.158162 0.087825
v -1.857286 2.159253 0.087825
v -1.865559 2.151954 0.087825
v -1.898895 2.121314 0.087825
v -1.901570 2.080967 0.087825
v -1.900831 2.117735 0.087825
v -1.901381 2.115842 0.087825
v -1.779288 2.208441 0.087825
v -1.689223 2.208441 0.087825
v -1.689223 2.191351 0.065311
v -1.634401 2.286644 0.062511
v -1.634401 2.290333 0.065311
v -1.634401 2.273243 0.087825
v -1.634401 2.214256 0.087825
v -1.634401 2.195040 0.062511
v -1.689223 2.290333 0.065311
v 1.634401 2.191350 0.065311
v -1.634401 2.191351 0.065311
v -1.779288 2.191351 0.065311
v -0.175759 0.276020 0.087826
v 0.000000 0.276020 0.087826
v -0.175759 0.339094 0.024751
v 0.000000 0.434362 -0.070516
v -0.176028 0.350242 0.013603
v -0.176028 0.434362 -0.070516
v -0.190276 0.350242 0.013603
v -0.190276 0.434362 -0.070516
v -0.222785 0.434362 -0.070516
v -0.222784 0.350242 0.013603
v -0.237033 0.434362 -0.070516
v -0.250999 0.434362 -0.070516
v -0.237435 0.276020 0.087826
v 0.175759 0.276020 0.087826
v 0.175759 0.339094 0.024751
v 0.237435 0.339094 0.024751
v 0.237435 0.276020 0.087826
v 0.250999 0.276020 0.087826
v 0.176028 0.350242 0.013603
v 0.237033 0.350242 0.013603
v 0.250999 0.434362 -0.070516
v 0.176028 0.434362 -0.070516
v 0.237033 0.434362 -0.070516
v 0.190276 0.434362 -0.070516
v -0.348370 0.513662 0.087826
v -0.250999 0.551133 0.087826
v 0.000000 0.551133 0.087826
v -0.140715 0.686539 0.087826
v 0.140715 0.686539 0.087826
v 0.312724 0.567342 0.087826
v -0.340007 0.534687 0.087826
v -0.327489 0.553536 0.087826
v -0.312724 0.567342 0.087826
v -0.125950 0.700344 0.087826
v 0.125950 0.700344 0.087826
v -0.113433 0.719194 0.087826
v 0.113433 0.719194 0.087826
v -0.105069 0.740219 0.087826
v 0.105069 0.740219 0.087826
v -0.102132 0.760218 0.087826
v 0.102132 0.760218 0.087826
v -0.175353 0.904794 0.087826
v -0.175353 0.831653 0.087826
v -0.102132 0.831653 0.087826
v 0.175353 0.831653 0.087826
v 0.175353 0.904794 0.087826
v -0.237435 0.339094 0.024751
v 0.250999 0.434362 0.087826
v 0.250999 0.406985 0.043002
v 0.250999 0.434362 0.054342
v 0.250999 0.426809 0.053598
v 0.250999 0.419546 0.051395
v 0.250999 0.426809 -0.022348
v 0.250999 0.434362 -0.023092
v 0.250999 0.434362 -0.070516
v 0.250999 0.419545 -0.020145
v 0.250999 0.412852 0.047817
v 0.250999 0.412852 -0.016567
v 0.250999 0.406985 -0.011752
v 0.250999 0.402170 0.037135
v 0.250999 0.402170 -0.005885
v 0.250999 0.398592 0.030441
v 0.250999 0.396389 0.023178
v 0.250999 0.398592 0.000809
v -0.250999 0.456267 0.087826
v -0.250999 0.434362 0.087826
v -0.250999 0.441915 0.053598
v -0.250999 0.434362 0.054342
v -0.250999 0.551133 0.087826
v -0.250999 0.466554 0.037135
v -0.250999 0.461739 0.043002
v -0.250999 0.441915 -0.022348
v -0.250999 0.434362 -0.023092
v -0.250999 0.434362 -0.070516
v -0.250999 0.449178 -0.020145
v -0.250999 0.449178 0.051395
v -0.250999 0.455872 0.047817
v -0.250999 0.455872 -0.016567
v -0.250999 0.461739 -0.011752
v -0.250999 0.466554 -0.005885
v -0.250999 0.470132 0.030441
v -0.250999 0.470132 0.000809
v -0.250999 0.472335 0.008072
v 0.175759 0.339094 0.024751
v 0.250999 0.551133 0.087826
v 0.250999 0.455872 0.047817
v 0.250999 0.466554 0.037135
v 0.250999 0.449178 0.051395
v 0.250999 0.441915 -0.022348
v 0.250999 0.449178 -0.020145
v 0.250999 0.441915 0.053598
v 0.250999 0.455872 -0.016567
v 0.250999 0.461739 -0.011752
v 0.250999 0.461739 0.043002
v 0.250999 0.466554 -0.005885
v 0.250999 0.470132 0.000809
v 0.250999 0.472335 0.008072
v 0.250999 0.470132 0.030441
v -0.250999 0.426809 -0.022348
v -0.250999 0.419545 -0.020145
v -0.250999 0.426809 0.053598
v -0.250999 0.406985 0.043002
v -0.250999 0.419546 0.051395
v -0.250999 0.412852 0.047817
v -0.250999 0.412852 -0.016567
v -0.250999 0.406985 -0.011752
v -0.250999 0.402170 -0.005885
v -0.250999 0.402170 0.037135
v -0.250999 0.398592 0.000809
v -0.250999 0.396389 0.008072
v -0.250999 0.398592 0.030441
v 0.250999 0.551133 0.046254
v -0.145441 0.434362 -0.023092
v -0.142642 0.426809 -0.022348
v -0.145441 0.426809 -0.022348
v -0.142642 0.396389 0.008072
v -0.138685 0.395645 0.015625
v -0.142642 0.395645 0.015625
v -0.171380 0.434362 -0.023092
v -0.142642 0.434362 0.054342
v -0.145441 0.441915 0.053598
v -0.145441 0.434362 0.054342
v -0.171380 0.470132 0.030441
v -0.145441 0.466554 0.037135
v -0.145441 0.470132 0.030441
v -0.171380 0.441915 -0.022348
v -0.145441 0.449178 -0.020145
v -0.145441 0.441915 -0.022348
v -0.138685 0.472335 0.008072
v -0.142642 0.470132 0.000809
v -0.142642 0.472335 0.008072
v -0.145441 0.398592 0.030441
v -0.171380 0.396389 0.023178
v -0.145441 0.396389 0.023178
v -0.138685 0.473079 0.015625
v -0.142642 0.473079 0.015625
v -0.145441 0.419545 -0.020145
v -0.171380 0.426809 -0.022348
v -0.138685 0.441915 -0.022348
v -0.142642 0.434362 -0.023092
v -0.142642 0.441915 -0.022348
v -0.142642 0.449178 0.051395
v -0.145441 0.455872 0.047817
v -0.145441 0.449178 0.051395
v -0.142642 0.461739 0.043002
v -0.145441 0.461739 0.043002
v -0.171380 0.461739 -0.011752
v -0.145441 0.466554 -0.005885
v -0.145441 0.461739 -0.011752
v -0.171380 0.473079 0.015625
v -0.145441 0.472335 0.023178
v -0.145441 0.473079 0.015625
v -0.145441 0.396389 0.008072
v -0.145441 0.395645 0.015625
v -0.125524 0.409384 0.044971
v -0.138685 0.406985 0.043002
v -0.125524 0.406985 0.043002
v -0.142642 0.409384 0.044971
v -0.145441 0.406985 0.043002
v -0.142642 0.406985 0.043002
v -0.142642 0.398592 0.030441
v -0.142642 0.412852 -0.016567
v -0.145441 0.412852 -0.016567
v -0.145441 0.398592 0.000809
v -0.171380 0.402170 -0.005885
v -0.145441 0.402170 -0.005885
v -0.145441 0.412852 0.047817
v -0.171380 0.406985 0.043002
v -0.171380 0.472335 0.023178
v -0.171380 0.426809 0.053598
v -0.145441 0.426809 0.053598
v -0.142642 0.419545 -0.020145
v -0.138685 0.412852 -0.016567
v -0.142642 0.402170 -0.005885
v -0.138685 0.398592 0.000809
v -0.142642 0.398592 0.000809
v -0.138685 0.402170 0.037135
v -0.142642 0.402170 0.037135
v -0.138685 0.470132 0.000809
v -0.142642 0.466554 -0.005885
v -0.138685 0.466554 0.037135
v -0.142642 0.470132 0.030441
v -0.142642 0.466554 0.037135
v -0.171380 0.470132 0.000809
v -0.145441 0.472335 0.008072
v -0.145441 0.470132 0.000809
v -0.171380 0.419546 0.051395
v -0.145441 0.419546 0.051395
v -0.142642 0.412852 0.047817
v -0.138685 0.409384 0.044971
v -0.138685 0.412852 0.047817
v -0.142642 0.441915 0.053598
v -0.142642 0.449178 -0.020145
v -0.138685 0.396389 0.023178
v -0.142642 0.396389 0.023178
v -0.138685 0.470132 0.030441
v -0.142642 0.472335 0.023178
v -0.138685 0.472335 0.023178
v -0.145441 0.402170 0.037135
v -0.142642 0.426809 0.053598
v -0.138685 0.396389 0.008072
v -0.142642 0.455872 0.047817
v -0.142642 0.459339 0.044971
v -0.138685 0.461739 0.043002
v -0.138685 0.406985 0.043002
v -0.142642 0.406985 0.043002
v -0.142642 0.419546 0.051395
v -0.171380 0.472335 0.008072
v -0.145441 0.406985 0.043002
v -0.171380 0.395645 0.015625
v -0.171380 0.441915 0.053598
v -0.142642 0.406985 -0.011752
v -0.138685 0.402170 -0.005885
v -0.171380 0.398592 0.030441
v -0.142642 0.461739 -0.011752
v -0.145441 0.455872 -0.016567
v -0.145441 0.461739 -0.011752
v -0.171380 0.455872 0.047817
v -0.145441 0.406985 -0.011752
v -0.171380 0.412852 -0.016567
v -0.138685 0.455872 -0.016567
v -0.142642 0.455872 -0.016567
v -0.138685 0.419545 -0.020145
v -0.171380 0.396389 0.008072
v -0.171380 0.419545 -0.020145
v -0.138685 0.461739 -0.011752
v -0.138685 0.406985 -0.011752
v -0.142642 0.406985 -0.011752
v -0.171380 0.466554 0.037135
v -0.171380 0.449178 0.051395
v -0.171380 0.466554 -0.005885
v -0.138685 0.449178 -0.020145
v -0.138685 0.455872 0.047817
v -0.171380 0.402170 0.037135
v -0.145441 0.461739 0.043002
v -0.171380 0.455872 -0.016567
v -0.145441 0.406985 -0.011752
v -0.125524 0.459339 0.044971
v -0.138685 0.461739 0.043002
v -0.138685 0.459339 0.044971
v -0.171380 0.449178 -0.020145
v -0.138685 0.466554 -0.005885
v -0.142642 0.461739 -0.011752
v -0.171380 0.406985 -0.011752
v -0.171380 0.461739 0.043002
v -0.171380 0.412852 0.047817
v -0.138685 0.426809 -0.022348
v -0.171380 0.398592 0.000809
v -0.138685 0.398592 0.030441
v -0.125524 0.466554 -0.005885
v -0.125524 0.434362 -0.023092
v -0.138685 0.434362 -0.023092
v 0.000000 0.470132 0.030441
v -0.125524 0.466554 0.037135
v 0.000000 0.466554 0.037135
v 0.000000 0.455872 -0.016567
v -0.125524 0.461739 -0.011752
v 0.000000 0.461739 -0.011752
v 0.000000 0.395645 0.015625
v -0.125524 0.396389 0.008072
v 0.000000 0.396389 0.008072
v -0.125524 0.461739 -0.011752
v -0.138685 0.461739 -0.011752
v 0.000000 0.406985 -0.011752
v -0.125524 0.412852 -0.016567
v 0.000000 0.412852 -0.016567
v -0.125524 0.396389 0.023178
v -0.125524 0.402170 0.037135
v 0.000000 0.426809 -0.022348
v 0.000000 0.434362 -0.023092
v 0.000000 0.473079 0.015625
v -0.125524 0.472335 0.023178
v 0.000000 0.472335 0.023178
v 0.000000 0.441915 -0.022348
v -0.125524 0.449178 -0.020145
v 0.000000 0.449178 -0.020145
v -0.125524 0.472335 0.008072
v -0.125524 0.470132 0.000809
v -0.125524 0.395645 0.015625
v -0.138685 0.406985 -0.011752
v -0.125524 0.402170 -0.005885
v -0.125524 0.406985 0.043002
v 0.000000 0.398592 0.030441
v 0.000000 0.396389 0.023178
v -0.125524 0.412852 0.047817
v -0.125524 0.426809 -0.022348
v 0.000000 0.470132 0.000809
v 0.000000 0.472335 0.008072
v 0.000000 0.398592 0.000809
v 0.000000 0.402170 -0.005885
v -0.125524 0.455872 0.047817
v -0.125524 0.473079 0.015625
v -0.125524 0.461739 0.043002
v 0.000000 0.461739 0.043002
v 0.000000 0.461739 -0.011752
v 0.000000 0.466554 -0.005885
v -0.125524 0.455872 -0.016567
v -0.125524 0.470132 0.030441
v 0.000000 0.402170 0.037135
v -0.125524 0.398592 0.030441
v -0.125524 0.406985 -0.011752
v 0.000000 0.406985 -0.011752
v -0.125524 0.398592 0.000809
v -0.125524 0.419545 -0.020145
v 0.000000 0.419545 -0.020145
v -0.125524 0.441915 -0.022348
v 0.000000 0.412852 0.047817
v 0.000000 0.409384 0.044971
v 0.000000 0.459339 0.044971
v 0.000000 0.455872 0.047817
v 0.000000 0.406985 0.043002
v -0.125524 0.406985 -0.011752
v -0.171380 0.406985 0.043002
v -0.250999 0.402170 0.037135
v -0.222785 0.397270 0.026084
v -0.190276 0.397270 0.026084
v -0.171380 0.406985 -0.011752
v -0.176028 0.412852 -0.016567
v -0.176028 0.402170 -0.005885
v -0.176028 0.466554 -0.005885
v -0.176028 0.449178 -0.020145
v -0.176028 0.455872 -0.016567
v -0.250999 0.449178 0.051395
v -0.176028 0.426809 -0.022348
v -0.250999 0.434362 0.054342
v -0.171380 0.434362 0.054342
v -0.190276 0.471454 0.026084
v -0.222785 0.472335 0.023178
v -0.222785 0.471454 0.026084
v -0.176028 0.398592 0.000809
v -0.176028 0.470132 0.000809
v -0.176028 0.441915 -0.022348
v -0.250999 0.419546 0.051395
v -0.250999 0.406985 0.043002
v -0.176028 0.472335 0.023178
v -0.250999 0.412852 0.047817
v -0.250999 0.441915 0.053598
v -0.176028 0.434362 -0.023092
v -0.176028 0.419545 -0.020145
v -0.176028 0.395645 0.015625
v -0.176028 0.472335 0.008072
v -0.250999 0.455872 0.047817
v -0.176028 0.461739 -0.011752
v -0.171380 0.461739 -0.011752
v -0.250999 0.461739 0.043002
v -0.171380 0.461739 0.043002
v -0.176028 0.396389 0.008072
v -0.250999 0.426809 0.053598
v -0.176028 0.406985 -0.011752
v -0.250999 0.466554 0.037135
v -0.250999 0.398592 0.030441
v -0.176028 0.473079 0.015625
v -0.142642 0.428616 -0.013267
v -0.145441 0.434362 -0.013833
v -0.145441 0.428616 -0.013267
v -0.138685 0.404904 0.015623
v -0.142642 0.405470 0.009880
v -0.142642 0.404904 0.015625
v -0.171380 0.434362 -0.013833
v -0.145441 0.434362 0.045083
v -0.142642 0.440109 0.044517
v -0.142642 0.434362 0.045083
v -0.145441 0.461577 0.026899
v -0.171380 0.458856 0.031989
v -0.171380 0.461577 0.026898
v -0.239459 0.434362 -0.013461
v -0.239459 0.434362 0.044711
v -0.240649 0.404947 0.015625
v -0.145441 0.445635 -0.011591
v -0.171380 0.440107 -0.013267
v -0.145441 0.440107 -0.013267
v -0.142642 0.463254 0.009880
v -0.138685 0.461577 0.004352
v -0.138685 0.463254 0.009880
v -0.240649 0.450704 0.040083
v -0.240649 0.445619 0.042801
v -0.171380 0.405470 0.021373
v -0.145441 0.407147 0.026899
v -0.145441 0.405470 0.021370
v -0.138685 0.463820 0.015625
v -0.142642 0.463820 0.015625
v -0.171380 0.428616 -0.013267
v -0.145441 0.423087 -0.011590
v -0.142642 0.440107 -0.013267
v -0.138685 0.434362 -0.013833
v -0.138685 0.440109 -0.013267
v -0.145441 0.450729 0.040117
v -0.142642 0.445635 0.042840
v -0.145441 0.445633 0.042841
v -0.145441 0.458856 0.031989
v -0.142642 0.455191 0.036456
v -0.145441 0.455191 0.036456
v -0.145441 0.458856 -0.000740
v -0.171380 0.455192 -0.005205
v -0.145441 0.455192 -0.005205
v -0.145441 0.463254 0.021370
v -0.171380 0.463820 0.015625
v -0.145441 0.463820 0.015627
v -0.145441 0.404904 0.015625
v -0.145441 0.405470 0.009880
v -0.125524 0.413533 0.036456
v -0.138685 0.415230 0.037848
v -0.125524 0.415230 0.037848
v -0.142642 0.415230 0.037848
v -0.145441 0.413532 0.036455
v -0.145441 0.417997 0.040119
v -0.142642 0.407147 0.026899
v -0.142642 0.417997 -0.008869
v -0.145441 0.417997 -0.008869
v -0.171380 0.409868 -0.000740
v -0.145441 0.407147 0.004350
v -0.145441 0.409868 -0.000740
v -0.171380 0.413532 0.036455
v -0.142642 0.407146 0.004352
v -0.171380 0.463253 0.021373
v -0.145441 0.428615 0.044517
v -0.171380 0.434360 0.045083
v -0.138685 0.423090 -0.011591
v -0.142642 0.423087 -0.011590
v -0.138685 0.407146 0.004352
v -0.142642 0.409869 -0.000741
v -0.138685 0.409869 0.031991
v -0.142642 0.409869 0.031991
v -0.142642 0.458855 -0.000741
v -0.142642 0.461577 0.004350
v -0.142642 0.458856 0.031989
v -0.138685 0.461577 0.026898
v -0.138685 0.458854 0.031992
v -0.145441 0.463253 0.009877
v -0.171380 0.461577 0.004352
v -0.145441 0.461577 0.004350
v -0.171380 0.423089 0.042840
v -0.145441 0.423089 0.042840
v -0.142642 0.417996 0.040118
v -0.145441 0.440109 0.044517
v -0.142642 0.445636 -0.011590
v -0.142642 0.461577 0.026899
v -0.138685 0.405470 0.021372
v -0.142642 0.405470 0.021370
v -0.142642 0.463254 0.021370
v -0.138685 0.463254 0.021370
v -0.145441 0.409868 0.031990
v -0.142642 0.423089 0.042840
v -0.138685 0.405470 0.009880
v -0.142642 0.453494 0.037848
v -0.142642 0.450728 0.040118
v -0.138685 0.455192 0.036455
v -0.138685 0.413532 0.036455
v -0.142642 0.413532 0.036455
v -0.171380 0.463253 0.009876
v -0.145441 0.413532 0.036455
v -0.171380 0.404904 0.015623
v -0.171380 0.440110 0.044516
v -0.138685 0.409869 -0.000742
v -0.142642 0.413532 -0.005205
v -0.171380 0.409868 0.031990
v -0.145441 0.450728 -0.008868
v -0.142642 0.455192 -0.005205
v -0.145441 0.455192 -0.005205
v -0.171380 0.450728 0.040118
v -0.171380 0.417997 -0.008869
v -0.145441 0.413532 -0.005205
v -0.138685 0.450728 -0.008868
v -0.142642 0.450728 -0.008868
v -0.171380 0.423087 -0.011590
v -0.138685 0.455192 -0.005205
v -0.142642 0.413532 -0.005205
v -0.138685 0.417995 -0.008867
v -0.171380 0.445635 0.042840
v -0.171380 0.458856 -0.000740
v -0.138685 0.445635 -0.011591
v -0.142642 0.428615 0.044517
v -0.138685 0.453494 0.037848
v -0.138685 0.450026 0.040694
v -0.145441 0.455191 0.036456
v -0.142642 0.455191 0.036456
v -0.171380 0.450728 -0.008868
v -0.145441 0.413532 -0.005205
v -0.125524 0.455191 0.036456
v -0.125524 0.453494 0.037848
v -0.171380 0.445635 -0.011591
v -0.142642 0.455192 -0.005205
v -0.138685 0.458854 -0.000742
v -0.171380 0.413532 -0.005205
v -0.171380 0.455191 0.036456
v -0.142642 0.434362 -0.013833
v -0.171380 0.405470 0.009878
v -0.125524 0.458854 -0.000742
v -0.125524 0.434362 -0.013833
v -0.125524 0.458855 0.031991
v 0.000000 0.461577 0.026898
v 0.000000 0.458855 0.031991
v -0.125524 0.455192 -0.005205
v 0.000000 0.450728 -0.008868
v 0.000000 0.455192 -0.005205
v -0.125524 0.405470 0.009878
v 0.000000 0.404904 0.015623
v 0.000000 0.405470 0.009878
v -0.125524 0.455192 -0.005205
v -0.138685 0.455192 -0.005205
v -0.125524 0.417996 -0.008868
v 0.000000 0.413532 -0.005205
v 0.000000 0.417996 -0.008868
v -0.125524 0.405470 0.021372
v -0.125524 0.409869 0.031991
v -0.138685 0.407147 0.026899
v 0.000000 0.428616 -0.013267
v 0.000000 0.434362 -0.013833
v -0.125524 0.463254 0.021370
v 0.000000 0.463820 0.015625
v 0.000000 0.463254 0.021370
v -0.125524 0.445635 -0.011591
v 0.000000 0.440109 -0.013267
v 0.000000 0.445635 -0.011591
v -0.125524 0.461577 0.004352
v -0.125524 0.404904 0.015623
v -0.125524 0.413532 -0.005205
v -0.138685 0.413532 -0.005205
v 0.000000 0.407146 0.026898
v 0.000000 0.405470 0.021372
v -0.138685 0.418698 0.040694
v -0.125524 0.428616 -0.013267
v -0.138685 0.428615 -0.013267
v -0.138685 0.455192 0.036455
v -0.125524 0.463254 0.009880
v 0.000000 0.461577 0.004352
v 0.000000 0.463254 0.009880
v -0.125524 0.409868 -0.000740
v 0.000000 0.407146 0.004352
v 0.000000 0.409868 -0.000740
v -0.125524 0.455191 0.036456
v -0.125524 0.463820 0.015625
v -0.138685 0.413532 0.036455
v 0.000000 0.455191 0.036456
v 0.000000 0.455192 -0.005205
v 0.000000 0.458854 -0.000742
v -0.125524 0.450728 -0.008868
v -0.125524 0.461577 0.026898
v -0.125524 0.407146 0.026898
v 0.000000 0.409869 0.031991
v 0.000000 0.413532 -0.005205
v -0.125524 0.407146 0.004352
v -0.125524 0.423089 -0.011591
v 0.000000 0.423089 -0.011591
v -0.125524 0.440109 -0.013267
v 0.000000 0.418698 0.040694
v 0.000000 0.415230 0.037848
v -0.125524 0.450026 0.040694
v 0.000000 0.453494 0.037848
v 0.000000 0.450026 0.040694
v 0.000000 0.413533 0.036456
v -0.125524 0.413532 -0.005205
v -0.138685 0.413532 -0.005205
v -0.240649 0.409904 0.031967
v -0.171380 0.413532 0.036455
v -0.240649 0.407186 0.026882
v -0.171380 0.407146 0.026898
v -0.240649 0.418020 -0.008833
v -0.171380 0.413532 -0.005205
v -0.240649 0.407186 0.004368
v -0.171380 0.407146 0.004352
v -0.240649 0.458820 -0.000717
v -0.240649 0.445619 -0.011551
v -0.240649 0.445619 0.042801
v -0.240649 0.428623 -0.013225
v -0.239459 0.434362 0.044711
v -0.240649 0.461538 0.026882
v -0.240649 0.461538 0.004368
v -0.239459 0.434362 -0.013461
v -0.240649 0.428623 0.044475
v -0.171380 0.428615 0.044517
v -0.240649 0.418020 0.040083
v -0.171380 0.417997 0.040119
v -0.240649 0.463212 0.021364
v -0.240649 0.423105 0.042801
v -0.240649 0.423105 -0.011551
v -0.240649 0.404947 0.015625
v -0.240649 0.450704 0.040083
v -0.240649 0.455162 -0.005175
v -0.171380 0.455192 -0.005205
v -0.240649 0.455162 0.036425
v -0.171380 0.455191 0.036456
v -0.240649 0.405512 0.009886
v -0.240649 0.440100 -0.013225
v -0.240649 0.409904 -0.000717
v -0.240649 0.463212 0.009886
v -0.142642 0.449178 0.051395
v -0.142642 0.450728 0.040118
v -0.142642 0.455872 0.047817
v -0.125524 0.412852 0.047817
v -0.138685 0.418698 0.040694
v -0.138685 0.412852 0.047817
v -0.142642 0.441915 0.053598
v -0.142642 0.434362 0.045083
v -0.142642 0.440109 0.044517
v -0.142642 0.412852 0.047817
v -0.142642 0.423089 0.042840
v -0.142642 0.419546 0.051395
v -0.142642 0.445635 0.042840
v -0.142642 0.426809 0.053598
v -0.142642 0.434362 0.054342
v -0.142642 0.428615 0.044517
v -0.138685 0.455872 0.047817
v -0.125524 0.450026 0.040694
v -0.125524 0.455872 0.047817
v 0.000000 0.450026 0.040694
v 0.000000 0.455872 0.047817
v -0.142642 0.412852 0.047817
v -0.142642 0.417996 0.040118
v -0.142642 0.455872 0.047817
v -0.138685 0.450026 0.040694
v -0.222785 0.402170 -0.005885
v -0.190276 0.406985 -0.011752
v -0.190276 0.402170 -0.005885
v -0.250999 0.402170 -0.005885
v -0.237033 0.406985 -0.011752
v -0.237033 0.402170 -0.005885
v -0.222785 0.434362 -0.023092
v -0.190276 0.441915 -0.022348
v -0.190276 0.434362 -0.023092
v -0.250999 0.434362 -0.023092
v -0.237033 0.441915 -0.022348
v -0.237033 0.434362 -0.023092
v -0.222784 0.455872 -0.016567
v -0.190276 0.461739 -0.011752
v -0.190276 0.455872 -0.016567
v -0.250999 0.455872 -0.016567
v -0.237033 0.461739 -0.011752
v -0.237033 0.455872 -0.016567
v -0.222785 0.472335 0.008072
v -0.190276 0.473079 0.015625
v -0.190276 0.472335 0.008072
v -0.250999 0.472335 0.008072
v -0.237033 0.473079 0.015625
v -0.237033 0.472335 0.008072
v -0.222785 0.412852 -0.016567
v -0.190276 0.419545 -0.020145
v -0.190276 0.412852 -0.016567
v -0.250999 0.412852 -0.016567
v -0.237033 0.419545 -0.020145
v -0.237033 0.412852 -0.016567
v -0.222785 0.461739 -0.011752
v -0.190276 0.466554 -0.005885
v -0.190276 0.461739 -0.011752
v -0.250999 0.461739 -0.011752
v -0.237033 0.466554 -0.005885
v -0.237033 0.461739 -0.011752
v -0.222785 0.396389 0.008072
v -0.190276 0.398592 0.000809
v -0.190276 0.396389 0.008072
v -0.250999 0.396389 0.008072
v -0.237033 0.398592 0.000809
v -0.237033 0.396389 0.008072
v -0.190276 0.396389 0.023178
v -0.222784 0.395645 0.015625
v -0.190276 0.395645 0.015625
v -0.250999 0.396389 0.023178
v -0.237033 0.395645 0.015625
v -0.237033 0.396389 0.023178
v -0.222784 0.449178 -0.020145
v -0.190276 0.449178 -0.020145
v -0.250999 0.449178 -0.020145
v -0.237033 0.449178 -0.020145
v -0.222785 0.473079 0.015625
v -0.190276 0.472335 0.023178
v -0.250999 0.473079 0.015625
v -0.237033 0.472335 0.023178
v -0.222785 0.470132 0.000809
v -0.190276 0.470132 0.000809
v -0.250999 0.470132 0.000809
v -0.237033 0.470132 0.000809
v -0.222785 0.466554 -0.005885
v -0.250999 0.466554 -0.005885
v -0.222785 0.426809 -0.022348
v -0.190276 0.426809 -0.022348
v -0.250999 0.426809 -0.022348
v -0.237033 0.426809 -0.022348
v -0.250999 0.395645 0.015625
v -0.250999 0.441915 -0.022348
v -0.222785 0.398592 0.000809
v -0.250999 0.398592 0.000809
v -0.222785 0.419545 -0.020145
v -0.222785 0.406985 -0.011752
v -0.190276 0.406985 -0.011752
v -0.250999 0.406985 -0.011752
v -0.237033 0.406985 -0.011752
v 0.000000 0.412852 0.047817
v -0.125524 0.418698 0.040694
v -0.125524 0.461739 0.043002
v 0.190276 0.398592 0.000809
v 0.222785 0.396389 0.008072
v 0.190276 0.396389 0.008072
v 0.138685 0.450026 0.040694
v 0.142642 0.455872 0.047817
v 0.138685 0.455872 0.047817
v 0.237033 0.419545 -0.020145
v 0.250999 0.412852 -0.016567
v 0.237033 0.412852 -0.016567
v 0.171380 0.455191 0.036456
v 0.240649 0.450704 0.040083
v 0.171380 0.450728 0.040118
v 0.222785 0.395645 0.015625
v 0.190276 0.395645 0.015625
v 0.190276 0.396389 0.023178
v 0.222785 0.396389 0.023178
v 0.138685 0.396389 0.008072
v 0.142642 0.398592 0.000809
v 0.142642 0.396389 0.008072
v 0.171380 0.398592 0.030441
v 0.145441 0.402170 0.037135
v 0.145441 0.398592 0.030441
v 0.125524 0.466554 -0.005885
v 0.138685 0.398592 0.000809
v 0.142642 0.402170 -0.005885
v 0.138685 0.412852 0.047817
v 0.125524 0.409384 0.044971
v 0.138685 0.409384 0.044971
v 0.125524 0.398592 0.000809
v 0.142642 0.406985 -0.011752
v 0.145441 0.412852 -0.016567
v 0.145441 0.406985 -0.011752
v 0.125524 0.412852 -0.016567
v 0.138685 0.419545 -0.020145
v 0.138685 0.412852 -0.016567
v 0.138685 0.470132 0.000809
v 0.138685 0.466554 -0.005885
v 0.125524 0.472335 0.008072
v 0.138685 0.473079 0.015625
v 0.138685 0.472335 0.008072
v 0.125524 0.396389 0.008072
v 0.142642 0.466554 -0.005885
v 0.142642 0.470132 0.000809
v 0.171380 0.419546 0.051395
v 0.145441 0.426809 0.053598
v 0.145441 0.419546 0.051395
v 0.125524 0.473079 0.015625
v 0.138685 0.472335 0.023178
v 0.142642 0.412852 -0.016567
v 0.145441 0.419545 -0.020145
v 0.142642 0.449178 -0.020145
v 0.138685 0.455872 -0.016567
v 0.142642 0.455872 -0.016567
v 0.138685 0.406985 0.043002
v 0.142642 0.402170 0.037135
v 0.142642 0.406985 0.043002
v 0.171380 0.406985 0.043002
v 0.145441 0.412852 0.047817
v 0.145441 0.406985 0.043002
v 0.142642 0.395645 0.015625
v 0.145441 0.396389 0.008072
v 0.145441 0.395645 0.015625
v 0.125524 0.406985 -0.011752
v 0.142642 0.409384 0.044971
v 0.125524 0.441915 -0.022348
v 0.138685 0.449178 -0.020145
v 0.138685 0.441915 -0.022348
v 0.125524 0.449178 -0.020145
v 0.171380 0.406985 -0.011752
v 0.145441 0.402170 -0.005885
v 0.145441 0.406985 -0.011752
v 0.171380 0.402170 0.037135
v 0.145441 0.406985 0.043002
v 0.138685 0.426809 -0.022348
v 0.142642 0.434362 -0.023092
v 0.142642 0.426809 -0.022348
v 0.125524 0.402170 0.037135
v 0.138685 0.398592 0.030441
v 0.138685 0.402170 0.037135
v 0.142642 0.441915 -0.022348
v 0.142642 0.406985 0.043002
v 0.138685 0.406985 0.043002
v 0.125524 0.472335 0.023178
v 0.138685 0.470132 0.030441
v 0.145441 0.455872 0.047817
v 0.142642 0.459339 0.044971
v 0.142642 0.455872 0.047817
v 0.171380 0.396389 0.008072
v 0.142642 0.398592 0.030441
v 0.142642 0.426809 0.053598
v 0.142642 0.412852 0.047817
v 0.138685 0.396389 0.023178
v 0.142642 0.396389 0.023178
v 0.145441 0.455872 -0.016567
v 0.142642 0.461739 -0.011752
v 0.145441 0.461739 -0.011752
v 0.142642 0.434362 0.054342
v 0.145441 0.434362 0.054342
v 0.125524 0.434362 -0.023092
v 0.138685 0.434362 -0.023092
v 0.145441 0.398592 0.000809
v 0.171380 0.395645 0.015625
v 0.145441 0.396389 0.023178
v 0.145441 0.461739 0.043002
v 0.142642 0.461739 0.043002
v 0.142642 0.470132 0.030441
v 0.138685 0.466554 0.037135
v 0.142642 0.466554 0.037135
v 0.138685 0.461739 -0.011752
v 0.145441 0.473079 0.015625
v 0.142642 0.472335 0.023178
v 0.145441 0.472335 0.023178
v 0.171380 0.441915 0.053598
v 0.145441 0.441915 0.053598
v 0.125524 0.461739 0.043002
v 0.138685 0.461739 0.043002
v 0.142642 0.461739 0.043002
v 0.125524 0.426809 -0.022348
v 0.125524 0.398592 0.030441
v 0.125524 0.419545 -0.020145
v 0.138685 0.406985 -0.011752
v 0.142642 0.473079 0.015625
v 0.125524 0.395645 0.015625
v 0.125524 0.455872 -0.016567
v 0.171380 0.412852 0.047817
v 0.125524 0.396389 0.023178
v 0.138685 0.459339 0.044971
v 0.125524 0.455872 0.047817
v 0.138685 0.455872 0.047817
v 0.138685 0.402170 -0.005885
v 0.142642 0.406985 -0.011752
v 0.145441 0.470132 0.000809
v 0.142642 0.472335 0.008072
v 0.145441 0.472335 0.008072
v 0.171380 0.402170 -0.005885
v 0.145441 0.461739 0.043002
v 0.171380 0.466554 0.037135
v 0.145441 0.466554 0.037135
v 0.125524 0.466554 0.037135
v 0.145441 0.441915 -0.022348
v 0.171380 0.434362 -0.023092
v 0.145441 0.434362 -0.023092
v 0.125524 0.461739 -0.011752
v 0.138685 0.461739 -0.011752
v 0.142642 0.419546 0.051395
v 0.171380 0.449178 -0.020145
v 0.145441 0.449178 -0.020145
v 0.125524 0.470132 0.030441
v 0.171380 0.470132 0.000809
v 0.171380 0.473079 0.015625
v 0.145441 0.466554 -0.005885
v 0.171380 0.461739 -0.011752
v 0.145441 0.461739 -0.011752
v 0.125524 0.402170 -0.005885
v 0.138685 0.395645 0.015625
v 0.145441 0.449178 0.051395
v 0.142642 0.441915 0.053598
v 0.138685 0.461739 0.043002
v 0.145441 0.426809 -0.022348
v 0.171380 0.455872 0.047817
v 0.171380 0.398592 0.000809
v 0.171380 0.426809 0.053598
v 0.125524 0.459339 0.044971
v 0.125524 0.461739 0.043002
v 0.171380 0.412852 -0.016567
v 0.171380 0.449178 0.051395
v 0.142642 0.419545 -0.020145
v 0.171380 0.461739 0.043002
v 0.138685 0.406985 -0.011752
v 0.171380 0.396389 0.023178
v 0.142642 0.461739 -0.011752
v 0.171380 0.419545 -0.020145
v 0.125524 0.461739 -0.011752
v 0.145441 0.470132 0.030441
v 0.171380 0.441915 -0.022348
v 0.142642 0.449178 0.051395
v 0.171380 0.455872 -0.016567
v 0.171380 0.426809 -0.022348
v 0.171380 0.472335 0.023178
v 0.171380 0.470132 0.030441
v 0.171380 0.466554 -0.005885
v 0.125524 0.406985 0.043002
v 0.171380 0.428616 -0.013267
v 0.239459 0.434362 -0.013461
v 0.171380 0.434362 -0.013833
v 0.190276 0.441915 -0.022348
v 0.222785 0.449178 -0.020145
v 0.222785 0.441915 -0.022348
v 0.237033 0.472335 0.023178
v 0.250999 0.473079 0.015625
v 0.237033 0.473079 0.015625
v 0.237033 0.395645 0.015625
v 0.250999 0.396389 0.023178
v 0.237033 0.396389 0.023178
v 0.171380 0.417997 0.040119
v 0.240649 0.423105 0.042801
v 0.240649 0.418020 0.040083
v 0.250999 0.406985 -0.011752
v 0.237033 0.406985 -0.011752
v 0.171380 0.440107 -0.013267
v 0.240649 0.440100 -0.013225
v 0.237033 0.472335 0.008072
v 0.250999 0.470132 0.000809
v 0.237033 0.470132 0.000809
v 0.190276 0.434362 -0.023092
v 0.222785 0.426809 -0.022348
v 0.190276 0.426809 -0.022348
v 0.237033 0.455872 -0.016567
v 0.250999 0.449178 -0.020145
v 0.237033 0.449178 -0.020145
v 0.250999 0.426809 -0.022348
v 0.250999 0.419545 -0.020145
v 0.171380 0.405470 0.009878
v 0.240649 0.407186 0.004368
v 0.171380 0.407146 0.004352
v 0.171380 0.417997 -0.008869
v 0.240649 0.423105 -0.011551
v 0.171380 0.423087 -0.011590
v 0.190276 0.466554 -0.005885
v 0.222785 0.470132 0.000809
v 0.222785 0.466554 -0.005885
v 0.171380 0.458856 -0.000740
v 0.240649 0.461538 0.004368
v 0.171380 0.461577 0.004352
v 0.171380 0.423089 0.042840
v 0.240649 0.428623 0.044475
v 0.190276 0.412852 -0.016567
v 0.222785 0.406985 -0.011752
v 0.190276 0.406985 -0.011752
v 0.190276 0.402170 -0.005885
v 0.222785 0.398592 0.000809
v 0.190276 0.472335 0.023178
v 0.222785 0.473079 0.015625
v 0.190276 0.473079 0.015625
v 0.171380 0.405470 0.021373
v 0.240649 0.404947 0.015625
v 0.171380 0.404904 0.015623
v 0.171380 0.463253 0.009876
v 0.240649 0.463212 0.009886
v 0.237033 0.402170 -0.005885
v 0.250999 0.398592 0.000809
v 0.237033 0.398592 0.000809
v 0.190276 0.472335 0.008072
v 0.190276 0.470132 0.000809
v 0.171380 0.463253 0.021373
v 0.240649 0.461538 0.026882
v 0.171380 0.461577 0.026898
v 0.125524 0.455191 0.036456
v 0.125524 0.453494 0.037848
v 0.171380 0.463820 0.015625
v 0.240649 0.463212 0.021364
v 0.171380 0.413532 0.036455
v 0.240649 0.413562 0.036425
v 0.250999 0.466554 -0.005885
v 0.237033 0.466554 -0.005885
v 0.145441 0.423087 -0.011590
v 0.142642 0.417997 -0.008869
v 0.145441 0.417997 -0.008869
v 0.142642 0.461577 0.026899
v 0.145441 0.463254 0.021370
v 0.145441 0.461577 0.026899
v 0.138685 0.463254 0.021370
v 0.125524 0.463820 0.015625
v 0.138685 0.463820 0.015625
v 0.142642 0.405470 0.009880
v 0.138685 0.404904 0.015623
v 0.142642 0.404904 0.015625
v 0.138685 0.440109 -0.013267
v 0.125524 0.434362 -0.013833
v 0.138685 0.434362 -0.013833
v 0.250999 0.426809 0.053598
v 0.171380 0.434362 0.054342
v 0.125524 0.415230 0.037848
v 0.145441 0.405470 0.009880
v 0.125524 0.405470 0.009878
v 0.142642 0.458856 0.031989
v 0.145441 0.458856 0.031989
v 0.138685 0.413532 0.036455
v 0.142642 0.415230 0.037848
v 0.142642 0.413532 0.036455
v 0.171380 0.450728 -0.008868
v 0.145441 0.455192 -0.005205
v 0.145441 0.450728 -0.008868
v 0.240649 0.418020 0.040083
v 0.240649 0.423105 0.042801
v 0.239459 0.434362 0.044711
v 0.239459 0.434362 -0.013461
v 0.240649 0.463777 0.015625
v 0.125524 0.428616 -0.013267
v 0.138685 0.428615 -0.013267
v 0.171380 0.413532 0.036455
v 0.240649 0.409904 0.031967
v 0.171380 0.409868 0.031990
v 0.250999 0.461739 0.043002
v 0.171380 0.461739 0.043002
v 0.145441 0.409868 -0.000740
v 0.142642 0.407146 0.004352
v 0.145441 0.407147 0.004350
v 0.176028 0.449178 -0.020145
v 0.176028 0.395645 0.015625
v 0.138685 0.407146 0.004352
v 0.125524 0.409868 -0.000740
v 0.125524 0.407146 0.004352
v 0.240649 0.445619 0.042801
v 0.171380 0.445635 0.042840
v 0.250999 0.455872 0.047817
v 0.240649 0.407186 0.026882
v 0.240649 0.405512 0.021364
v 0.138685 0.450728 -0.008868
v 0.125524 0.445635 -0.011591
v 0.138685 0.445635 -0.011591
v 0.142642 0.413532 -0.005205
v 0.138685 0.417995 -0.008867
v 0.138685 0.413532 -0.005205
v 0.145441 0.445633 0.042841
v 0.145441 0.450729 0.040117
v 0.145441 0.417997 0.040119
v 0.142642 0.417996 0.040118
v 0.145441 0.445635 -0.011591
v 0.142642 0.413532 -0.005205
v 0.138685 0.409869 -0.000742
v 0.142642 0.409869 -0.000741
v 0.125524 0.461577 0.004352
v 0.125524 0.463254 0.009880
v 0.138685 0.461577 0.026898
v 0.125524 0.463254 0.021370
v 0.171380 0.409868 -0.000740
v 0.145441 0.409868 0.031990
v 0.142642 0.407147 0.026899
v 0.142642 0.409869 0.031991
v 0.145441 0.434362 0.045083
v 0.142642 0.440109 0.044517
v 0.145441 0.440109 0.044517
v 0.145441 0.405470 0.021370
v 0.145441 0.407147 0.026899
v 0.142642 0.463254 0.009880
v 0.142642 0.463820 0.015625
v 0.171380 0.455192 -0.005205
v 0.145441 0.458856 -0.000740
v 0.145441 0.455192 -0.005205
v 0.145441 0.463253 0.009877
v 0.142642 0.461577 0.004350
v 0.145441 0.461577 0.004350
v 0.176028 0.472335 0.008072
v 0.171380 0.472335 0.008072
v 0.142642 0.450728 0.040118
v 0.138685 0.453494 0.037848
v 0.142642 0.453494 0.037848
v 0.176028 0.406985 -0.011752
v 0.138685 0.458854 -0.000742
v 0.142642 0.458855 -0.000741
v 0.145441 0.413532 -0.005205
v 0.145441 0.440107 -0.013267
v 0.138685 0.405470 0.009880
v 0.145442 0.413532 0.036455
v 0.125524 0.455192 -0.005205
v 0.138685 0.455192 -0.005205
v 0.125524 0.458855 0.031991
v 0.125524 0.461577 0.026898
v 0.125524 0.409869 0.031991
v 0.142642 0.423089 0.042840
v 0.145441 0.423089 0.042840
v 0.145441 0.463820 0.015627
v 0.138685 0.415230 0.037848
v 0.125524 0.413533 0.036456
v 0.125524 0.405470 0.021372
v 0.138685 0.405470 0.021372
v 0.125524 0.458854 -0.000742
v 0.171380 0.440110 0.044516
v 0.138685 0.407147 0.026899
v 0.138685 0.413532 0.036455
v 0.125524 0.413533 0.036456
v 0.142642 0.455191 0.036456
v 0.145441 0.455191 0.036456
v 0.176028 0.396389 0.008072
v 0.176028 0.461739 -0.011752
v 0.171380 0.461739 -0.011752
v 0.138685 0.463254 0.009880
v 0.138685 0.461577 0.004352
v 0.125524 0.413532 -0.005205
v 0.138685 0.418698 0.040694
v 0.125524 0.418698 0.040694
v 0.145441 0.404904 0.015625
v 0.145441 0.413532 -0.005205
v 0.145441 0.428615 0.044517
v 0.171380 0.434360 0.045083
v 0.171380 0.428615 0.044517
v 0.142642 0.455192 -0.005205
v 0.142642 0.450728 -0.008868
v 0.240649 0.428623 -0.013225
v 0.125524 0.407146 0.026898
v 0.176028 0.419545 -0.020145
v 0.176028 0.434362 -0.023092
v 0.138685 0.458854 0.031992
v 0.125524 0.413532 -0.005205
v 0.142642 0.455192 -0.005205
v 0.125524 0.404904 0.015623
v 0.240649 0.409904 -0.000717
v 0.142642 0.445636 -0.011590
v 0.145441 0.428616 -0.013267
v 0.145441 0.434362 -0.013833
v 0.171380 0.413532 -0.005205
v 0.125524 0.406985 -0.011752
v 0.176028 0.466554 -0.005885
v 0.250999 0.419546 0.051395
v 0.145441 0.455191 0.036456
v 0.250999 0.441915 0.053598
v 0.142642 0.405470 0.021370
v 0.142642 0.440107 -0.013267
v 0.250999 0.398592 0.030441
v 0.250999 0.449178 0.051395
v 0.142642 0.463254 0.021370
v 0.145442 0.413532 0.036455
v 0.142642 0.413532 0.036455
v 0.142642 0.428615 0.044517
v 0.142642 0.434362 0.045083
v 0.176028 0.470132 0.000809
v 0.171380 0.458856 0.031989
v 0.142642 0.428616 -0.013267
v 0.176028 0.441915 -0.022348
v 0.190276 0.397270 0.026084
v 0.222785 0.397270 0.026084
v 0.176028 0.472335 0.023178
v 0.176028 0.402170 -0.005885
v 0.171380 0.407146 0.026898
v 0.176028 0.398592 0.000809
v 0.250999 0.412852 0.047817
v 0.250999 0.406985 0.043002
v 0.250999 0.466554 0.037135
v 0.138685 0.423090 -0.011591
v 0.142642 0.423087 -0.011590
v 0.250999 0.402170 0.037135
v 0.171380 0.406985 0.043002
v 0.176028 0.426809 -0.022348
v 0.142642 0.434362 -0.013833
v 0.138685 0.409869 0.031991
v 0.176028 0.412852 -0.016567
v 0.171380 0.406985 -0.011752
v 0.222785 0.471454 0.026084
v 0.190276 0.471454 0.026084
v 0.176028 0.473079 0.015625
v 0.240649 0.458820 -0.000717
v 0.125524 0.455191 0.036456
v 0.125524 0.417996 -0.008868
v 0.125524 0.450026 0.040694
v 0.125524 0.440109 -0.013267
v 0.240649 0.445619 -0.011551
v 0.240649 0.450704 -0.008833
v 0.125524 0.423089 -0.011591
v 0.171380 0.413532 -0.005205
v 0.240649 0.418020 -0.008833
v 0.138685 0.455192 0.036455
v 0.125524 0.455192 -0.005205
v 0.125524 0.450728 -0.008868
v 0.138685 0.455192 -0.005205
v 0.142642 0.455191 0.036456
v 0.125524 0.470132 0.000809
v 0.222785 0.419545 -0.020145
v 0.190276 0.419545 -0.020145
v 0.239459 0.434362 0.044711
v 0.240649 0.440100 0.044475
v 0.190276 0.455872 -0.016567
v 0.190276 0.449178 -0.020145
v 0.237033 0.434362 -0.023092
v 0.237033 0.426809 -0.022348
v 0.142642 0.423089 0.042840
v 0.142642 0.412852 0.047817
v 0.142642 0.419546 0.051395
v 0.240649 0.413562 -0.005175
v 0.190276 0.406985 -0.011752
v 0.222785 0.402170 -0.005885
v 0.240649 0.405512 0.009886
v 0.240649 0.458820 0.031967
v 0.222785 0.472335 0.008072
v 0.142642 0.434362 0.045083
v 0.142642 0.426809 0.053598
v 0.142642 0.434362 0.054342
v 0.171380 0.445635 -0.011591
v 0.222785 0.412852 -0.016567
v 0.125524 0.450026 0.040694
v 0.125524 0.455872 0.047817
v 0.250999 0.396389 0.008072
v 0.237033 0.396389 0.008072
v 0.142642 0.412852 0.047817
v 0.138685 0.418698 0.040694
v 0.138685 0.412852 0.047817
v 0.237033 0.406985 -0.011752
v 0.250999 0.402170 -0.005885
v 0.142642 0.450728 0.040118
v 0.142642 0.449178 0.051395
v 0.142642 0.455872 0.047817
v 0.237033 0.441915 -0.022348
v 0.250999 0.434362 -0.023092
v 0.250999 0.441915 -0.022348
v 0.240649 0.455162 0.036425
v 0.171380 0.455191 0.036456
v 0.240649 0.455162 -0.005175
v 0.171380 0.455192 -0.005205
v 0.190276 0.461739 -0.011752
v 0.222785 0.455872 -0.016567
v 0.125524 0.412852 0.047817
v 0.250999 0.461739 -0.011752
v 0.237033 0.461739 -0.011752
v 0.222785 0.461739 -0.011752
v 0.190276 0.461739 -0.011752
v 0.222785 0.434362 -0.023092
v 0.240649 0.463777 0.015625
v 0.250999 0.472335 0.008072
v 0.142642 0.428615 0.044517
v 0.237033 0.461739 -0.011752
v 0.250999 0.455872 -0.016567
v 0.142642 0.441915 0.053598
v 0.250999 0.395645 0.015625
v 0.142642 0.440109 0.044517
v 0.125524 0.406985 0.043002
v 0.125524 0.418698 0.040694
v 0.142642 0.445635 0.042840
v 0.250999 0.434362 0.054342
v 1.883897 2.253295 0.087825
v 1.914413 2.253295 0.087825
v 1.914412 2.328513 -0.011264
v 1.849403 2.281134 0.058328
v 1.805030 2.331970 -0.008640
v 1.858750 2.282425 0.056628
v 1.901570 2.331970 -0.008640
v 1.805030 2.328513 -0.011264
v 1.914412 2.328513 -0.011264
v 1.734256 2.281134 0.058328
v 1.779288 2.286644 0.062511
v 1.779288 2.290333 0.065311
v 1.734256 2.281134 0.058328
v 1.663481 2.331970 -0.008640
v 1.734256 2.331970 -0.008640
v 1.663481 2.422042 0.059733
v 1.734256 2.400717 0.087825
v 1.734256 2.422042 0.059733
v 1.900831 2.342239 0.071346
v 1.899974 2.296515 0.038067
v 1.900831 2.297204 0.037159
v 1.849403 2.281134 0.058328
v 1.834110 2.290333 0.065311
v 1.834110 2.286644 0.062511
v 1.805030 2.331970 -0.008640
v 1.734256 2.328513 -0.011264
v 1.901570 2.422042 0.059733
v 1.914412 2.377006 0.025546
v 1.914413 2.425498 0.062357
v 1.566941 2.422042 0.059733
v 1.663481 2.425498 0.062357
v 1.554098 2.425498 0.062357
v 1.901381 2.342932 0.070434
v 1.901381 2.297896 0.036247
v 1.805030 2.422042 0.059733
v 1.554098 2.328513 -0.011264
v 1.663481 2.253295 0.087825
v 1.663481 2.328513 -0.011264
v 1.609761 2.282425 0.056628
v 1.619108 2.281134 0.058328
v 1.615150 2.281381 0.058003
v 1.898895 2.340931 0.073069
v 1.897699 2.295407 0.039525
v 1.898895 2.295896 0.038882
v 1.663481 2.331970 -0.008640
v 1.663481 2.328513 -0.011264
v 1.689223 2.290333 0.065311
v 1.689223 2.286644 0.062511
v 1.663481 2.422042 0.059733
v 1.734256 2.425498 0.062357
v 1.569616 2.295896 0.038882
v 1.570812 2.340443 0.073712
v 1.569616 2.340931 0.073069
v 1.568537 2.296515 0.038067
v 1.569616 2.340931 0.073069
v 1.568537 2.341550 0.072254
v 1.567680 2.297204 0.037159
v 1.567680 2.342239 0.071346
v 1.567130 2.342932 0.070434
v 1.567130 2.297896 0.036247
v 1.566941 2.298523 0.035421
v 1.566941 2.343559 0.069608
v 1.566941 2.377006 0.025546
v 1.566941 2.367557 0.087825
v 1.566941 2.400717 0.087825
v 1.914413 2.425498 0.062357
v 1.805030 2.406166 0.087825
v 1.805030 2.425498 0.062357
v 1.619108 2.281134 0.058328
v 1.634401 2.286644 0.062511
v 1.634401 2.290333 0.065311
v 1.898895 2.340931 0.073069
v 1.898895 2.295896 0.038882
v 1.901570 2.367557 0.087825
v 1.901570 2.343559 0.069608
v 1.901570 2.377006 0.025546
v 1.566941 2.298523 0.035421
v 1.566941 2.331970 -0.008640
v 1.663481 2.406166 0.087825
v 1.554098 2.425498 0.062357
v 1.663481 2.425498 0.062357
v 1.566941 2.331970 -0.008640
v 1.554098 2.377006 0.025546
v 1.554098 2.328513 -0.011264
v 1.901570 2.343559 0.069608
v 1.901570 2.298523 0.035421
v 1.901570 2.298523 0.035421
v 1.901570 2.331970 -0.008640
v 1.805030 2.422042 0.059733
v 1.805030 2.425498 0.062357
v 1.914412 2.153171 -0.011264
v 1.914413 2.228389 0.087825
v 1.875557 2.228389 0.087825
v 1.858750 2.199259 0.056628
v 1.849403 2.200549 0.058328
v 1.853361 2.200303 0.058003
v 1.901570 2.149714 -0.008640
v 1.914412 2.104678 0.025546
v 1.914412 2.153171 -0.011264
v 1.734256 2.200549 0.058328
v 1.779288 2.191350 0.065311
v 1.779288 2.195040 0.062511
v 1.663481 2.149714 -0.008640
v 1.734256 2.200549 0.058328
v 1.734256 2.149714 -0.008640
v 1.734256 2.080967 0.087825
v 1.663481 2.059642 0.059733
v 1.734256 2.059642 0.059733
v 1.900831 2.184480 0.037159
v 1.899974 2.140133 0.072254
v 1.900831 2.139444 0.071346
v 1.805030 2.149714 -0.008640
v 1.849403 2.200549 0.058328
v 1.834110 2.195040 0.062511
v 1.834110 2.191350 0.065311
v 1.734256 2.153171 -0.011264
v 1.805030 2.149714 -0.008640
v 1.805030 2.153171 -0.011264
v 1.901570 2.059642 0.059733
v 1.805030 2.056185 0.062357
v 1.914413 2.056185 0.062357
v 1.566941 2.059642 0.059733
v 1.554098 2.104678 0.025546
v 1.554098 2.056185 0.062357
v 1.901381 2.183788 0.036247
v 1.901381 2.138752 0.070434
v 1.805030 2.059642 0.059733
v 1.663481 2.228389 0.087825
v 1.554098 2.153171 -0.011264
v 1.663481 2.153171 -0.011264
v 1.619108 2.200549 0.058328
v 1.609761 2.199259 0.056628
v 1.897699 2.186276 0.039525
v 1.898895 2.140752 0.073069
v 1.898895 2.185788 0.038882
v 1.663481 2.149714 -0.008640
v 1.663481 2.153171 -0.011264
v 1.689223 2.195040 0.062511
v 1.689223 2.191350 0.065311
v 1.734256 2.056185 0.062357
v 1.663481 2.059642 0.059733
v 1.663481 2.056185 0.062357
v 1.569616 2.185788 0.038882
v 1.570812 2.141241 0.073712
v 1.570812 2.186276 0.039525
v 1.568537 2.185169 0.038067
v 1.569616 2.140752 0.073069
v 1.569616 2.185788 0.038882
v 1.567680 2.184480 0.037159
v 1.568537 2.140133 0.072254
v 1.567130 2.183788 0.036247
v 1.567680 2.139444 0.071346
v 1.566941 2.183161 0.035421
v 1.567130 2.138752 0.070434
v 1.566941 2.114127 0.087825
v 1.566941 2.138125 0.069608
v 1.566941 2.104678 0.025546
v 1.824364 2.075518 0.087825
v 1.914413 2.075518 0.087825
v 1.914413 2.056185 0.062357
v 1.619108 2.200549 0.058328
v 1.634401 2.191350 0.065311
v 1.634401 2.195040 0.062511
v 1.898895 2.185788 0.038882
v 1.899974 2.185169 0.038067
v 1.901570 2.104678 0.025546
v 1.901570 2.114127 0.087825
v 1.901570 2.080967 0.087825
v 1.566941 2.183161 0.035421
v 1.566941 2.149714 -0.008640
v 1.554098 2.056185 0.062357
v 1.663481 2.075518 0.087825
v 1.663481 2.056185 0.062357
v 1.566941 2.149714 -0.008640
v 1.554098 2.153171 -0.011264
v 1.901570 2.183161 0.035421
v 1.901570 2.138125 0.069608
v 1.901570 2.183161 0.035421
v 1.901570 2.149714 -0.008640
v 1.805030 2.059642 0.059733
v -1.914413 2.328513 -0.011264
v -1.805030 2.253295 0.087825
v -1.805030 2.328513 -0.011264
v -1.858750 2.282425 0.056628
v -1.849403 2.281134 0.058328
v -1.853361 2.281381 0.058003
v -1.901570 2.331970 -0.008640
v -1.914413 2.377006 0.025546
v -1.914413 2.328513 -0.011264
v -1.734256 2.281134 0.058328
v -1.779288 2.290333 0.065311
v -1.779288 2.286644 0.062511
v -1.663481 2.331970 -0.008640
v -1.734256 2.281134 0.058328
v -1.734256 2.331970 -0.008640
v -1.734255 2.400717 0.087825
v -1.663481 2.422042 0.059733
v -1.734256 2.422042 0.059733
v -1.900831 2.297204 0.037159
v -1.899974 2.341550 0.072254
v -1.900831 2.342240 0.071346
v -1.805030 2.331970 -0.008640
v -1.849403 2.281134 0.058328
v -1.834110 2.286644 0.062511
v -1.834110 2.290333 0.065311
v -1.734256 2.328513 -0.011264
v -1.805030 2.331970 -0.008640
v -1.805030 2.328513 -0.011264
v -1.901570 2.422042 0.059733
v -1.805030 2.425498 0.062357
v -1.914413 2.425498 0.062357
v -1.566941 2.422042 0.059733
v -1.554098 2.377006 0.025546
v -1.554098 2.425498 0.062357
v -1.901381 2.342932 0.070434
v -1.901381 2.297896 0.036247
v -1.805030 2.400717 0.087825
v -1.663481 2.253295 0.087825
v -1.554098 2.328513 -0.011264
v -1.663481 2.328513 -0.011264
v -1.619108 2.281134 0.058328
v -1.609761 2.282425 0.056628
v -1.898895 2.295896 0.038882
v -1.897699 2.340443 0.073712
v -1.898895 2.340931 0.073069
v -1.663481 2.331970 -0.008640
v -1.663481 2.328513 -0.011264
v -1.689223 2.286644 0.062511
v -1.689223 2.290333 0.065311
v -1.734256 2.425498 0.062357
v -1.663481 2.422042 0.059733
v -1.663481 2.425498 0.062357
v -1.569616 2.295896 0.038882
v -1.570812 2.340443 0.073712
v -1.570812 2.295408 0.039525
v -1.568537 2.341550 0.072254
v -1.569616 2.295896 0.038882
v -1.568537 2.296515 0.038067
v -1.567680 2.297204 0.037159
v -1.567130 2.342932 0.070434
v -1.567130 2.297896 0.036247
v -1.566941 2.343559 0.069608
v -1.566941 2.298523 0.035421
v -1.566941 2.367557 0.087825
v -1.566941 2.343559 0.069608
v -1.566941 2.377006 0.025546
v -1.805030 2.406166 0.087825
v -1.914413 2.425498 0.062357
v -1.805030 2.425498 0.062357
v -1.619108 2.281134 0.058328
v -1.634401 2.290333 0.065311
v -1.634401 2.286644 0.062511
v -1.898895 2.295896 0.038882
v -1.899974 2.296515 0.038067
v -1.901570 2.377006 0.025546
v -1.901570 2.367557 0.087825
v -1.901570 2.400717 0.087825
v -1.566941 2.298523 0.035421
v -1.566941 2.331970 -0.008640
v -1.554098 2.425498 0.062357
v -1.663481 2.406166 0.087825
v -1.663481 2.425498 0.062357
v -1.566941 2.331970 -0.008640
v -1.554098 2.328513 -0.011264
v -1.901570 2.343559 0.069608
v -1.901570 2.298523 0.035421
v -1.901570 2.298523 0.035421
v -1.901570 2.331970 -0.008640
v -1.805030 2.422042 0.059733
v -1.805030 2.228389 0.087825
v -1.914413 2.153171 -0.011264
v -1.805030 2.153171 -0.011264
v -1.849403 2.200550 0.058328
v -1.805030 2.149714 -0.008640
v -1.858750 2.199259 0.056628
v -1.901570 2.149714 -0.008640
v -1.805030 2.153171 -0.011264
v -1.914413 2.153171 -0.011264
v -1.734256 2.200550 0.058328
v -1.779288 2.195040 0.062511
v -1.779288 2.191351 0.065311
v -1.734256 2.200550 0.058328
v -1.663481 2.149714 -0.008640
v -1.734256 2.149714 -0.008640
v -1.663481 2.059642 0.059733
v -1.734256 2.080967 0.087825
v -1.734256 2.059642 0.059733
v -1.900831 2.184480 0.037159
v -1.899974 2.140133 0.072254
v -1.899974 2.185169 0.038067
v -1.849403 2.200550 0.058328
v -1.834110 2.191351 0.065311
v -1.834110 2.195040 0.062511
v -1.805030 2.149714 -0.008640
v -1.734256 2.153171 -0.011264
v -1.901570 2.059642 0.059733
v -1.914413 2.104678 0.025546
v -1.914413 2.056185 0.062357
v -1.566941 2.059642 0.059733
v -1.663481 2.056185 0.062357
v -1.554098 2.056185 0.062357
v -1.901381 2.183788 0.036247
v -1.900831 2.139444 0.071346
v -1.805030 2.059642 0.059733
v -1.663481 2.153171 -0.011264
v -1.554098 2.228389 0.087825
v -1.663481 2.228389 0.087825
v -1.609761 2.199259 0.056628
v -1.619108 2.200550 0.058328
v -1.615150 2.200303 0.058003
v -1.898895 2.185788 0.038882
v -1.897699 2.141241 0.073712
v -1.897699 2.186276 0.039525
v -1.663481 2.149714 -0.008640
v -1.663481 2.153171 -0.011264
v -1.689223 2.191351 0.065311
v -1.689223 2.195040 0.062511
v -1.663481 2.059642 0.059733
v -1.734256 2.056185 0.062357
v -1.569616 2.185788 0.038882
v -1.570812 2.141241 0.073712
v -1.569616 2.140753 0.073069
v -1.569616 2.185788 0.038882
v -1.568537 2.140133 0.072254
v -1.568537 2.185169 0.038067
v -1.567680 2.139444 0.071346
v -1.567680 2.184480 0.037159
v -1.567130 2.183788 0.036247
v -1.567130 2.138752 0.070434
v -1.566941 2.183161 0.035421
v -1.566941 2.138125 0.069608
v -1.566941 2.114127 0.087825
v -1.566941 2.085765 0.087825
v -1.566941 2.104678 0.025546
v -1.914413 2.056185 0.062357
v -1.805030 2.075518 0.087825
v -1.805030 2.056185 0.062357
v -1.619108 2.200550 0.058328
v -1.634401 2.195040 0.062511
v -1.634401 2.191351 0.065311
v -1.898895 2.140753 0.073069
v -1.898895 2.185788 0.038882
v -1.901570 2.114127 0.087825
v -1.901570 2.138125 0.069608
v -1.901570 2.104678 0.025546
v -1.566941 2.183161 0.035421
v -1.566941 2.149714 -0.008640
v -1.663481 2.075518 0.087825
v -1.554098 2.056185 0.062357
v -1.663481 2.056185 0.062357
v -1.566941 2.149714 -0.008640
v -1.554098 2.104678 0.025546
v -1.554098 2.153171 -0.011264
v -1.901570 2.138125 0.069608
v -1.901570 2.183161 0.035421
v -1.901570 2.183161 0.035421
v -1.901570 2.149714 -0.008640
v -1.805030 2.059642 0.059733
v -1.805030 2.056185 0.062357
v 1.740796 0.252228 0.057222
v 1.729925 0.252228 0.080955
v 1.740796 0.252228 0.080955
v 1.751667 0.352341 0.080954
v 1.740796 0.252228 0.080955
v 1.740796 0.352341 0.080954
v 1.729925 0.352341 0.080954
v 1.751667 0.252228 0.080955
v 1.740796 0.377991 -0.037608
v 1.729925 0.414737 -0.037608
v 1.729925 0.377991 -0.037608
v 1.751667 0.414737 -0.037608
v 1.751667 0.377991 -0.037608
v 1.740796 0.252228 0.057222
v 1.729925 0.377991 -0.037608
v 1.729925 0.252228 0.057222
v 1.633873 0.273464 0.080954
v 1.623002 0.352341 0.080954
v 1.633873 0.352341 0.080954
v 1.643845 0.352341 0.080954
v 1.643845 0.414738 0.080954
v 1.564398 0.290511 0.014986
v 1.610688 0.372798 -0.047061
v 1.564398 0.372798 -0.047061
v 1.854617 0.372799 -0.016985
v 1.854617 0.398997 -0.016986
v 1.828638 0.398997 -0.016986
v 1.751667 0.372798 -0.047061
v 1.751667 0.252228 0.057222
v 1.751667 0.239691 0.053307
v 1.854617 0.398997 0.013689
v 1.854617 0.398997 -0.016986
v 1.854617 0.372799 -0.016985
v 1.661838 0.372799 0.026063
v 1.661838 0.290511 0.014986
v 1.661838 0.372798 -0.047061
v 1.588088 0.239691 0.053307
v 1.564398 0.239691 0.087826
v 1.588088 0.239691 0.087826
v 1.626975 0.398997 -0.016986
v 1.626975 0.398997 -0.037608
v 1.623002 0.398997 -0.037608
v 1.917194 0.414738 0.063244
v 1.917194 0.414737 -0.047061
v 1.917194 0.372798 -0.047061
v 1.564398 0.372798 -0.047061
v 1.564398 0.414737 -0.047061
v 1.564398 0.414738 0.063244
v 1.661838 0.398997 -0.047061
v 1.652955 0.398997 -0.047061
v 1.652955 0.398997 -0.016986
v 1.713316 0.239691 0.053307
v 1.724977 0.239691 0.087826
v 1.724977 0.239691 0.053307
v 1.626975 0.329081 0.026063
v 1.610688 0.290512 0.026063
v 1.623002 0.293551 0.026063
v 1.610688 0.290511 0.014986
v 1.610688 0.372799 0.026063
v 1.610688 0.372798 -0.047061
v 1.661838 0.290512 0.026063
v 1.643845 0.290511 0.014986
v 1.661838 0.290511 0.014986
v 1.661838 0.372799 0.026063
v 1.652955 0.382587 0.026063
v 1.652955 0.372799 0.026063
v 1.626975 0.372799 0.026063
v 1.610688 0.382587 0.026063
v 1.610688 0.372799 0.026063
v 1.626975 0.372799 -0.016985
v 1.633873 0.350641 -0.016985
v 1.643845 0.350641 -0.016985
v 1.652955 0.329081 0.026063
v 1.652955 0.372799 -0.016985
v 1.652955 0.329081 -0.016985
v 1.661838 0.398997 0.013689
v 1.652955 0.398997 0.013689
v 1.652955 0.398997 -0.016986
v 1.652955 0.329081 -0.016985
v 1.643845 0.329081 -0.016985
v 1.643845 0.329081 -0.000728
v 1.626975 0.350641 -0.016985
v 1.626975 0.372799 0.026063
v 1.626975 0.329081 -0.000728
v 1.643845 0.398997 -0.037608
v 1.633873 0.398997 -0.037608
v 1.626975 0.372799 -0.016985
v 1.626975 0.398997 -0.016986
v 1.626975 0.398997 0.013689
v 1.837747 0.414738 0.080954
v 1.847719 0.352341 0.080954
v 1.837747 0.352341 0.080954
v 1.610688 0.398997 -0.047061
v 1.623002 0.414737 -0.047061
v 1.564398 0.414737 -0.047061
v 1.837747 0.414737 -0.037608
v 1.837747 0.398997 -0.047061
v 1.837747 0.398997 -0.037608
v 1.837747 0.414737 -0.047061
v 1.828638 0.398997 -0.047061
v 1.837747 0.398997 -0.047061
v 1.847719 0.273464 0.080954
v 1.751667 0.252228 0.080955
v 1.751667 0.243115 0.087826
v 1.751667 0.239691 0.087826
v 1.858590 0.290511 0.014986
v 1.870905 0.290512 0.026063
v 1.858590 0.290512 0.026063
v 1.854617 0.398997 -0.016986
v 1.854617 0.398997 0.013689
v 1.870905 0.398997 0.013689
v 1.858590 0.268416 0.087826
v 1.872490 0.273464 0.082484
v 1.858590 0.273464 0.082484
v 1.858590 0.352341 0.080954
v 1.870905 0.398997 0.013689
v 1.870905 0.382587 0.026063
v 1.870905 0.372799 0.026063
v 1.828638 0.329081 0.026063
v 1.828638 0.372799 -0.016985
v 1.828638 0.372799 0.026063
v 1.858590 0.293551 0.026063
v 1.847719 0.259634 0.051638
v 1.858590 0.259634 0.051638
v 1.837747 0.290512 0.026063
v 1.837747 0.290511 0.014986
v 1.837747 0.259634 0.038269
v 1.819754 0.372799 0.026063
v 1.819754 0.382587 0.026063
v 1.819754 0.398997 0.013689
v 1.751667 0.239691 0.053307
v 1.756616 0.239691 0.087826
v 1.756616 0.239691 0.053307
v 1.885977 0.259634 0.087826
v 1.885977 0.239691 0.053307
v 1.885977 0.259634 0.038269
v 1.626975 0.398997 0.013689
v 1.610688 0.382587 0.026063
v 1.626975 0.382587 0.026063
v 1.661838 0.398997 0.013689
v 1.652955 0.382587 0.026063
v 1.661838 0.382587 0.026063
v 1.610688 0.382587 0.026063
v 1.610688 0.398997 0.013689
v 1.768277 0.259634 0.038269
v 1.819754 0.290511 0.014986
v 1.751667 0.372798 -0.047061
v 1.595616 0.239691 0.053307
v 1.595616 0.239691 0.087826
v 1.713316 0.259634 0.038269
v 1.729925 0.372798 -0.047061
v 1.661838 0.290511 0.014986
v 1.595616 0.239691 0.053307
v 1.595616 0.259634 0.087826
v 1.595616 0.259634 0.038269
v 1.808123 0.273464 0.065681
v 1.872490 0.259634 0.065676
v 1.808123 0.259634 0.065681
v 1.837747 0.329081 -0.000728
v 1.837747 0.350641 -0.016985
v 1.837747 0.329081 -0.016985
v 1.643845 0.273464 0.080954
v 1.643845 0.273464 0.082484
v 1.673469 0.273464 0.082484
v 1.609102 0.259634 0.065676
v 1.673469 0.273464 0.065681
v 1.673469 0.259634 0.065681
v 1.609102 0.259634 0.087826
v 1.609102 0.268416 0.087826
v 1.609102 0.273464 0.082484
v 1.858590 0.414737 -0.037608
v 1.917194 0.414738 0.063244
v 1.858590 0.414738 0.080954
v 1.870905 0.290511 0.014986
v 1.870905 0.290512 0.026063
v 1.847719 0.273464 0.080954
v 1.858590 0.273464 0.080954
v 1.872490 0.273464 0.065675
v 1.729925 0.372798 -0.047061
v 1.729925 0.252228 0.057222
v 1.729925 0.377991 -0.037608
v 1.751667 0.377991 -0.037608
v 1.751667 0.252228 0.057222
v 1.893505 0.239691 0.087826
v 1.917194 0.239691 0.053307
v 1.893505 0.239691 0.053307
v 1.623002 0.290512 0.026063
v 1.623002 0.259634 0.038269
v 1.623002 0.259634 0.051638
v 1.652955 0.398997 -0.047061
v 1.643845 0.414737 -0.047061
v 1.643845 0.398997 -0.047061
v 1.858590 0.414737 -0.047061
v 1.858590 0.398997 -0.047061
v 1.870905 0.398997 -0.047061
v 1.729925 0.239691 0.087826
v 1.729925 0.243115 0.087826
v 1.729925 0.252228 0.080955
v 1.729925 0.239691 0.087826
v 1.729925 0.239691 0.053307
v 1.643845 0.398997 -0.047061
v 1.643845 0.414737 -0.037608
v 1.643845 0.398997 -0.037608
v 1.610688 0.290512 0.026063
v 1.623002 0.290511 0.014986
v 1.623002 0.290512 0.026063
v 1.643845 0.259634 0.038269
v 1.643845 0.290511 0.014986
v 1.643845 0.290512 0.026063
v 1.643845 0.329081 -0.000728
v 1.643845 0.329081 -0.016985
v 1.643845 0.350641 -0.016985
v 1.623002 0.273464 0.082484
v 1.609102 0.268416 0.087826
v 1.623002 0.268415 0.087826
v 1.633873 0.259634 0.051638
v 1.623002 0.293551 0.026063
v 1.623002 0.259634 0.051638
v 1.626975 0.350641 -0.016985
v 1.633873 0.329081 -0.000728
v 1.633873 0.350641 -0.016985
v 1.643845 0.329081 -0.000728
v 1.643845 0.350641 -0.016985
v 1.633873 0.293551 0.026063
v 1.643845 0.259634 0.051638
v 1.643845 0.293551 0.026063
v 1.626975 0.398997 -0.037608
v 1.633873 0.414737 -0.037608
v 1.623002 0.414737 -0.037608
v 1.623002 0.273464 0.082484
v 1.623002 0.352341 0.087826
v 1.623002 0.352341 0.080954
v 1.837747 0.290511 0.014986
v 1.819754 0.290512 0.026063
v 1.819754 0.290511 0.014986
v 1.885977 0.239691 0.087826
v 1.885977 0.239691 0.053307
v 1.828638 0.382587 0.026063
v 1.819754 0.372799 0.026063
v 1.828638 0.372799 0.026063
v 1.847719 0.398997 -0.037608
v 1.837747 0.398997 -0.037608
v 1.858590 0.293551 0.026063
v 1.870905 0.290512 0.026063
v 1.854617 0.329081 0.026063
v 1.819754 0.290511 0.014986
v 1.819754 0.372798 -0.047061
v 1.870905 0.372798 -0.047061
v 1.917194 0.290511 0.014986
v 1.917194 0.372798 -0.047061
v 1.828638 0.329081 -0.016985
v 1.828638 0.329081 0.026063
v 1.837747 0.329081 -0.000728
v 1.847719 0.329081 -0.000728
v 1.854617 0.350641 -0.016985
v 1.847719 0.350641 -0.016985
v 1.858590 0.352341 0.087826
v 1.858590 0.268416 0.087826
v 1.858590 0.273464 0.082484
v 1.858590 0.414737 -0.037608
v 1.858590 0.398997 -0.047061
v 1.858590 0.414737 -0.047061
v 1.828638 0.398997 -0.016986
v 1.819754 0.398997 -0.047061
v 1.819754 0.398997 0.013689
v 1.858590 0.414738 0.080954
v 1.847719 0.414738 0.080954
v 1.870905 0.382587 0.026063
v 1.854617 0.398997 0.013689
v 1.854617 0.382587 0.026063
v 1.872490 0.273464 0.082484
v 1.872490 0.268416 0.087826
v 1.872490 0.259634 0.087826
v 1.858590 0.259634 0.038269
v 1.858590 0.290511 0.014986
v 1.858590 0.290512 0.026063
v 1.870905 0.382587 0.026063
v 1.854617 0.372799 0.026063
v 1.870905 0.372799 0.026063
v 1.854617 0.329081 -0.000728
v 1.854617 0.372799 0.026063
v 1.854617 0.350641 -0.016985
v 1.828638 0.398997 0.013689
v 1.828638 0.382587 0.026063
v 1.828638 0.382587 0.026063
v 1.819754 0.398997 0.013689
v 1.819754 0.382587 0.026063
v 1.837747 0.414737 -0.037608
v 1.847719 0.398997 -0.037608
v 1.847719 0.414737 -0.037608
v 1.768277 0.239691 0.087826
v 1.768277 0.239691 0.053307
v 1.623002 0.259634 0.038269
v 1.623002 0.290511 0.014986
v 1.610688 0.290511 0.014986
v 1.854617 0.398997 -0.037608
v 1.661838 0.398997 -0.047061
v 1.729925 0.372798 -0.047061
v 1.729925 0.414737 -0.047061
v 1.623002 0.414738 0.080954
v 1.633873 0.414738 0.080954
v 1.623002 0.414738 0.080954
v 1.564398 0.414738 0.063244
v 1.623002 0.414737 -0.037608
v 1.751667 0.414738 0.080954
v 1.740796 0.414738 0.080954
v 1.633873 0.398997 -0.037608
v 1.643845 0.414737 -0.037608
v 1.751667 0.414737 -0.047061
v 1.751667 0.377991 -0.037608
v 1.885977 0.259634 0.038269
v 1.893505 0.239691 0.053307
v 1.917194 0.239691 0.053307
v 1.837747 0.329081 -0.000728
v 1.837747 0.350641 -0.016985
v 1.729925 0.414738 0.080954
v 1.751667 0.372798 -0.047061
v 1.819754 0.372798 -0.047061
v 1.819754 0.398997 -0.047061
v 1.623002 0.398997 -0.047061
v 1.623002 0.414737 -0.037608
v 1.623002 0.414737 -0.047061
v 1.729925 0.414737 -0.047061
v 1.729925 0.414737 -0.037608
v 1.837747 0.259634 0.051638
v 1.847719 0.293551 0.026063
v 1.837747 0.293551 0.026063
v 1.564398 0.429459 -0.047062
v 1.564398 0.429460 0.063244
v 1.623002 0.429459 -0.037609
v 1.917194 0.430552 0.087826
v 1.917194 0.440954 0.087826
v 1.917194 0.440954 0.063244
v 1.729925 0.440953 -0.037609
v 1.729925 0.429459 -0.047062
v 1.729925 0.429459 -0.037609
v 1.623002 0.440953 -0.047062
v 1.564398 0.429459 -0.047062
v 1.623002 0.429459 -0.047062
v 1.740796 0.440953 -0.037609
v 1.729925 0.429459 -0.037609
v 1.740796 0.429459 -0.037609
v 1.564398 0.429459 -0.047062
v 1.564398 0.440954 0.063244
v 1.564398 0.429460 0.063244
v 1.917194 0.429459 -0.047061
v 1.858590 0.440953 -0.047062
v 1.858590 0.429459 -0.047061
v 1.623002 0.440953 -0.037609
v 1.623002 0.429459 -0.047062
v 1.623002 0.429459 -0.037609
v 1.751667 0.429459 -0.047062
v 1.751667 0.440953 -0.037609
v 1.751667 0.429459 -0.037609
v 1.633873 0.440953 -0.037609
v 1.623002 0.429459 -0.037609
v 1.633873 0.429459 -0.037609
v 1.729925 0.440953 -0.047062
v 1.652955 0.429459 -0.047062
v 1.729925 0.429459 -0.047062
v 1.751667 0.429459 -0.037609
v 1.917194 0.429460 0.063244
v 1.917194 0.440953 -0.047062
v 1.917194 0.429459 -0.047061
v 1.858590 0.429459 -0.047061
v 1.858590 0.440953 -0.037609
v 1.858590 0.429459 -0.037609
v 1.837747 0.429459 -0.037609
v 1.837747 0.429459 -0.047062
v 1.828638 0.429459 -0.047061
v 1.858590 0.429459 -0.037609
v 1.847719 0.440953 -0.037609
v 1.847719 0.429459 -0.037609
v 1.643845 0.429459 -0.047062
v 1.643845 0.440953 -0.037609
v 1.643845 0.429459 -0.037609
v 1.828638 0.429459 -0.047061
v 1.751667 0.440953 -0.047062
v 1.751667 0.429459 -0.047062
v 1.643845 0.440953 -0.037609
v 1.643845 0.429459 -0.037609
v 1.837747 0.429459 -0.037609
v 1.837747 0.440953 -0.047062
v 1.837747 0.429459 -0.047062
v 1.652955 0.440953 -0.047062
v 1.643845 0.429459 -0.047062
v 1.837747 0.429459 -0.047062
v 1.828638 0.440953 -0.047062
v 1.564398 0.440954 0.087826
v 1.564398 0.430552 0.087826
v 1.837747 0.440953 -0.037609
v 1.837747 0.429459 -0.037609
v -1.729925 0.252228 0.080955
v -1.740795 0.252228 0.057222
v -1.740795 0.252228 0.080955
v -1.740795 0.252228 0.080955
v -1.751666 0.352341 0.080954
v -1.740795 0.352341 0.080954
v -1.729925 0.352341 0.080954
v -1.751666 0.252228 0.057222
v -1.751666 0.252228 0.080955
v -1.729925 0.414737 -0.037608
v -1.740795 0.377991 -0.037608
v -1.729925 0.377991 -0.037608
v -1.751666 0.414737 -0.037608
v -1.751666 0.377991 -0.037608
v -1.729925 0.377991 -0.037608
v -1.740795 0.252228 0.057222
v -1.729925 0.252228 0.057222
v -1.633872 0.352341 0.080954
v -1.623001 0.273464 0.080954
v -1.633872 0.273464 0.080954
v -1.643844 0.352341 0.080954
v -1.643844 0.414738 0.080954
v -1.610687 0.372798 -0.047061
v -1.564397 0.290511 0.014986
v -1.564397 0.372798 -0.047061
v -1.854617 0.372799 -0.016985
v -1.847719 0.350641 -0.016985
v -1.837746 0.350641 -0.016985
v -1.751666 0.372798 -0.047061
v -1.751666 0.252228 0.057222
v -1.751666 0.377991 -0.037608
v -1.854617 0.372799 -0.016985
v -1.854617 0.398997 -0.016986
v -1.854616 0.398997 0.013689
v -1.661837 0.290511 0.014986
v -1.661837 0.372799 0.026063
v -1.661837 0.372798 -0.047061
v -1.588087 0.239691 0.087826
v -1.564397 0.239691 0.053307
v -1.588087 0.239691 0.053307
v -1.626974 0.398997 -0.016986
v -1.626974 0.398997 0.013689
v -1.610687 0.398997 0.013689
v -1.917193 0.372798 -0.047061
v -1.917193 0.414737 -0.047061
v -1.917193 0.414738 0.063244
v -1.564397 0.414738 0.063244
v -1.564397 0.414737 -0.047061
v -1.564397 0.372798 -0.047061
v -1.652954 0.398997 -0.016986
v -1.661837 0.398997 -0.047061
v -1.661837 0.398997 0.013689
v -1.724976 0.239691 0.053307
v -1.713315 0.239691 0.087826
v -1.713315 0.239691 0.053307
v -1.623001 0.293551 0.026063
v -1.610687 0.290511 0.026063
v -1.626974 0.329081 0.026063
v -1.610687 0.290511 0.014986
v -1.610687 0.372799 0.026063
v -1.610687 0.290511 0.026063
v -1.661837 0.290511 0.014986
v -1.643844 0.290511 0.026063
v -1.661837 0.290511 0.026063
v -1.652954 0.382587 0.026063
v -1.661837 0.372799 0.026063
v -1.652954 0.372799 0.026063
v -1.610687 0.382587 0.026063
v -1.626974 0.372799 0.026063
v -1.610687 0.372799 0.026063
v -1.626974 0.372799 -0.016985
v -1.626974 0.398997 -0.016986
v -1.652954 0.398997 -0.016986
v -1.652954 0.329081 0.026063
v -1.652954 0.372799 -0.016985
v -1.652954 0.372799 0.026063
v -1.661837 0.382587 0.026063
v -1.661837 0.398997 0.013689
v -1.652954 0.398997 0.013689
v -1.652954 0.382587 0.026063
v -1.643844 0.329081 -0.000728
v -1.652954 0.329080 -0.016985
v -1.652954 0.329081 0.026063
v -1.626974 0.329081 -0.000728
v -1.626974 0.372799 0.026063
v -1.626974 0.350641 -0.016985
v -1.633872 0.398997 -0.037608
v -1.643844 0.398997 -0.037608
v -1.626974 0.398997 0.013689
v -1.626974 0.398997 -0.016986
v -1.626974 0.372799 -0.016985
v -1.847719 0.352341 0.080954
v -1.837746 0.414738 0.080954
v -1.837746 0.352341 0.080954
v -1.623001 0.414737 -0.047061
v -1.623001 0.398997 -0.047061
v -1.610687 0.398997 -0.047061
v -1.837746 0.398997 -0.047061
v -1.837746 0.414737 -0.037608
v -1.837746 0.398997 -0.037608
v -1.828637 0.398997 -0.047061
v -1.837746 0.414737 -0.047061
v -1.837746 0.398997 -0.047061
v -1.847719 0.273464 0.080954
v -1.751666 0.239691 0.087826
v -1.751666 0.243115 0.087826
v -1.751666 0.252228 0.080955
v -1.870904 0.290511 0.026063
v -1.858589 0.290511 0.014986
v -1.858589 0.290511 0.026063
v -1.854617 0.398997 -0.016986
v -1.854617 0.398997 -0.037608
v -1.858589 0.398997 -0.037608
v -1.872489 0.273464 0.082484
v -1.858589 0.268415 0.087826
v -1.858589 0.273464 0.082484
v -1.858589 0.273464 0.080954
v -1.858589 0.352341 0.080954
v -1.870904 0.372799 0.026063
v -1.870904 0.382587 0.026063
v -1.870904 0.398997 0.013689
v -1.828637 0.329081 0.026063
v -1.828637 0.372799 -0.016985
v -1.828637 0.329080 -0.016985
v -1.847719 0.259634 0.051638
v -1.858589 0.293551 0.026063
v -1.858589 0.259634 0.051638
v -1.837746 0.259634 0.038269
v -1.837746 0.290511 0.014986
v -1.837746 0.290511 0.026063
v -1.819754 0.398997 0.013689
v -1.819754 0.372799 0.026063
v -1.819754 0.372798 -0.047061
v -1.756615 0.239691 0.053307
v -1.751666 0.239691 0.087826
v -1.751666 0.239691 0.053307
v -1.885976 0.239691 0.053307
v -1.885976 0.259634 0.087826
v -1.885976 0.259634 0.038269
v -1.610687 0.382587 0.026063
v -1.626974 0.398997 0.013689
v -1.626974 0.382587 0.026063
v -1.652954 0.382587 0.026063
v -1.661837 0.398997 0.013689
v -1.661837 0.382587 0.026063
v -1.610687 0.398997 0.013689
v -1.610687 0.382587 0.026063
v -1.768276 0.259634 0.038269
v -1.751666 0.372798 -0.047061
v -1.819754 0.290511 0.014986
v -1.595615 0.239691 0.087826
v -1.595615 0.239691 0.053307
v -1.713315 0.259634 0.038269
v -1.661837 0.290511 0.014986
v -1.729925 0.372798 -0.047061
v -1.595615 0.259634 0.087826
v -1.595615 0.239691 0.053307
v -1.595615 0.259634 0.038269
v -1.872489 0.259634 0.065676
v -1.808122 0.273464 0.065681
v -1.808122 0.259634 0.065681
v -1.837746 0.329081 -0.000728
v -1.837746 0.329080 -0.016985
v -1.837746 0.350641 -0.016985
v -1.633872 0.273464 0.080954
v -1.623001 0.273464 0.080954
v -1.609101 0.273464 0.065675
v -1.673469 0.273464 0.065681
v -1.609101 0.259634 0.065676
v -1.673469 0.259634 0.065681
v -1.609101 0.273464 0.082484
v -1.609101 0.268415 0.087826
v -1.609101 0.259634 0.087826
v -1.858589 0.414738 0.080954
v -1.917193 0.414738 0.063244
v -1.858589 0.414737 -0.037608
v -1.870904 0.290511 0.014986
v -1.870904 0.372798 -0.047061
v -1.837746 0.273464 0.080954
v -1.837746 0.273464 0.082484
v -1.808123 0.273464 0.082484
v -1.729925 0.372798 -0.047061
v -1.729925 0.252228 0.057222
v -1.729925 0.239691 0.053307
v -1.751666 0.377991 -0.037608
v -1.751666 0.252228 0.057222
v -1.917193 0.239691 0.053307
v -1.893504 0.239691 0.087826
v -1.893504 0.239691 0.053307
v -1.623001 0.259634 0.038269
v -1.623001 0.290511 0.014986
v -1.623001 0.290511 0.026063
v -1.643844 0.414737 -0.047061
v -1.652954 0.398997 -0.047061
v -1.643844 0.398997 -0.047061
v -1.870904 0.398997 -0.047061
v -1.858589 0.414737 -0.047061
v -1.917193 0.414737 -0.047061
v -1.729925 0.252228 0.080955
v -1.729925 0.243115 0.087826
v -1.729925 0.239691 0.087826
v -1.729925 0.239691 0.087826
v -1.729925 0.239691 0.053307
v -1.643844 0.414737 -0.037608
v -1.643844 0.398997 -0.047061
v -1.643844 0.398997 -0.037608
v -1.623001 0.290511 0.014986
v -1.610687 0.290511 0.026063
v -1.623001 0.290511 0.026063
v -1.643844 0.290511 0.026063
v -1.643844 0.290511 0.014986
v -1.643844 0.259634 0.038269
v -1.643844 0.329081 -0.000728
v -1.643844 0.350641 -0.016985
v -1.643844 0.329080 -0.016985
v -1.623001 0.268415 0.087826
v -1.609101 0.273464 0.082484
v -1.623001 0.273464 0.082484
v -1.623001 0.293551 0.026063
v -1.633872 0.259634 0.051638
v -1.623001 0.259634 0.051638
v -1.633872 0.329081 -0.000728
v -1.626974 0.350641 -0.016985
v -1.633872 0.350641 -0.016985
v -1.643844 0.329081 -0.000728
v -1.643844 0.350641 -0.016985
v -1.643844 0.259634 0.051638
v -1.633872 0.293551 0.026063
v -1.643844 0.293551 0.026063
v -1.633872 0.414737 -0.037608
v -1.633872 0.398997 -0.037608
v -1.626974 0.398997 -0.037608
v -1.623001 0.352341 0.087826
v -1.623001 0.268415 0.087826
v -1.623001 0.273464 0.082484
v -1.819754 0.290511 0.026063
v -1.837746 0.290511 0.014986
v -1.819754 0.290511 0.014986
v -1.885976 0.239691 0.087826
v -1.885976 0.239691 0.053307
v -1.819754 0.372799 0.026063
v -1.828637 0.382587 0.026063
v -1.828637 0.372799 0.026063
v -1.837746 0.398997 -0.037608
v -1.847719 0.398997 -0.037608
v -1.854616 0.329081 0.026063
v -1.870904 0.290511 0.026063
v -1.858589 0.293551 0.026063
v -1.819754 0.290511 0.014986
v -1.917193 0.290511 0.014986
v -1.870904 0.372798 -0.047061
v -1.917193 0.372798 -0.047061
v -1.837746 0.329081 -0.000728
v -1.847719 0.329081 -0.000728
v -1.854616 0.329081 0.026063
v -1.847719 0.350641 -0.016985
v -1.854616 0.329081 -0.000728
v -1.847719 0.329081 -0.000728
v -1.858589 0.273464 0.082484
v -1.858589 0.352341 0.087826
v -1.858589 0.352341 0.080954
v -1.858589 0.398997 -0.047061
v -1.858589 0.414737 -0.037608
v -1.858589 0.414737 -0.047061
v -1.819754 0.398997 -0.047061
v -1.828637 0.398997 -0.047061
v -1.828637 0.398997 -0.016986
v -1.858589 0.414738 0.080954
v -1.847719 0.414738 0.080954
v -1.854617 0.382587 0.026063
v -1.870904 0.398997 0.013689
v -1.870904 0.382587 0.026063
v -1.872490 0.259634 0.087826
v -1.872490 0.268415 0.087826
v -1.872489 0.273464 0.082484
v -1.858589 0.290511 0.026063
v -1.858589 0.259634 0.038269
v -1.858589 0.259634 0.051638
v -1.854617 0.372799 0.026063
v -1.870904 0.382587 0.026063
v -1.870904 0.372799 0.026063
v -1.854617 0.350641 -0.016985
v -1.854617 0.372799 0.026063
v -1.854616 0.329081 -0.000728
v -1.828637 0.398997 0.013689
v -1.828637 0.398997 -0.016986
v -1.819754 0.398997 0.013689
v -1.828637 0.382587 0.026063
v -1.819754 0.382587 0.026063
v -1.847719 0.398997 -0.037608
v -1.837746 0.414737 -0.037608
v -1.847719 0.414737 -0.037608
v -1.768276 0.239691 0.053307
v -1.756615 0.239691 0.087826
v -1.595615 0.259634 0.038269
v -1.588087 0.239691 0.053307
v -1.564397 0.239691 0.053307
v -1.854617 0.398997 -0.037608
v -1.858589 0.414737 -0.037608
v -1.729925 0.372798 -0.047061
v -1.661837 0.372798 -0.047061
v -1.661837 0.398997 -0.047061
v -1.623001 0.414738 0.080954
v -1.633872 0.414738 0.080954
v -1.623001 0.414737 -0.037608
v -1.564397 0.414738 0.063244
v -1.623001 0.414738 0.080954
v -1.751666 0.414738 0.080954
v -1.740795 0.414738 0.080954
v -1.643844 0.414737 -0.037608
v -1.751666 0.414737 -0.047061
v -1.751666 0.414737 -0.037608
v -1.917193 0.239691 0.053307
v -1.893504 0.239691 0.053307
v -1.885976 0.259634 0.038269
v -1.837746 0.329081 -0.000728
v -1.837746 0.350641 -0.016985
v -1.729925 0.414738 0.080954
v -1.819754 0.398997 -0.047061
v -1.751666 0.372798 -0.047061
v -1.751666 0.414737 -0.047061
v -1.623001 0.414737 -0.037608
v -1.623001 0.398997 -0.047061
v -1.623001 0.414737 -0.047061
v -1.729925 0.414737 -0.047061
v -1.729925 0.377991 -0.037608
v -1.847719 0.293551 0.026063
v -1.837746 0.259634 0.051638
v -1.837746 0.293551 0.026063
v -1.643844 0.429459 -0.037609
v -1.643844 0.429459 -0.047062
v -1.652954 0.429459 -0.047062
v -1.917193 0.440954 0.063244
v -1.917193 0.429460 0.087826
v -1.917193 0.429460 0.063244
v -1.729925 0.429459 -0.037609
v -1.729925 0.440953 -0.047062
v -1.729925 0.440953 -0.037609
v -1.564397 0.429459 -0.047062
v -1.623001 0.440953 -0.047062
v -1.623001 0.429459 -0.047062
v -1.729925 0.429459 -0.037609
v -1.740795 0.440953 -0.037609
v -1.740795 0.429459 -0.037609
v -1.564397 0.429460 0.063244
v -1.564397 0.440953 -0.047062
v -1.564397 0.429459 -0.047062
v -1.858589 0.440953 -0.047062
v -1.917193 0.429459 -0.047061
v -1.858589 0.429459 -0.047061
v -1.623001 0.429459 -0.037609
v -1.623001 0.440953 -0.047062
v -1.623001 0.440953 -0.037609
v -1.751666 0.429459 -0.037609
v -1.751666 0.440953 -0.047062
v -1.751666 0.429459 -0.047061
v -1.623001 0.429459 -0.037609
v -1.633872 0.440953 -0.037609
v -1.633872 0.429459 -0.037609
v -1.652954 0.429459 -0.047062
v -1.729925 0.440953 -0.047062
v -1.729925 0.429459 -0.047061
v -1.751666 0.429459 -0.037609
v -1.917193 0.440953 -0.047062
v -1.917193 0.429459 -0.047061
v -1.858589 0.429459 -0.037609
v -1.858589 0.440953 -0.047062
v -1.858589 0.429459 -0.047061
v -1.917193 0.429459 -0.047061
v -1.917193 0.429460 0.063244
v -1.858589 0.429459 -0.037609
v -1.847719 0.440953 -0.037609
v -1.858589 0.429459 -0.037609
v -1.847719 0.429459 -0.037609
v -1.643844 0.429459 -0.037609
v -1.643844 0.440953 -0.047062
v -1.643844 0.429459 -0.047062
v -1.751666 0.440953 -0.047062
v -1.828637 0.429459 -0.047061
v -1.751666 0.429459 -0.047061
v -1.643844 0.440953 -0.037609
v -1.643844 0.429459 -0.037609
v -1.837746 0.440953 -0.047062
v -1.837746 0.429459 -0.037609
v -1.837746 0.429459 -0.047061
v -1.643844 0.429459 -0.047062
v -1.652954 0.440953 -0.047062
v -1.828637 0.440953 -0.047062
v -1.837746 0.429459 -0.047061
v -1.564397 0.429460 0.087826
v -1.564397 0.440954 0.063244
v -1.837746 0.440953 -0.037609
v -1.837746 0.429459 -0.037609
v 1.297334 2.095881 0.087825
v 1.297668 2.098415 0.076356
v 1.297334 2.095881 0.076356
v 1.297668 2.098415 0.087825
v 1.298646 2.100777 0.076356
v 1.298646 2.100777 0.087825
v 1.300202 2.102805 0.076356
v 1.300202 2.102805 0.087825
v 1.302230 2.104361 0.076356
v 1.300202 2.102805 0.076356
v 1.304591 2.105339 0.087825
v 1.304591 2.105339 0.076356
v 1.307130 2.105673 0.076356
v 1.316922 2.095881 0.087825
v 1.316922 2.074329 0.087825
v 1.316922 2.080621 0.079555
v 1.314497 2.358791 0.028206
v 1.328962 2.351657 0.036321
v 1.328963 2.359728 0.029280
v 1.358653 2.270325 0.048284
v 1.363875 2.306700 0.008104
v 1.358653 2.310884 0.012898
v 1.357337 2.257877 -0.071168
v 1.363401 2.268079 -0.075767
v 1.370156 2.262382 -0.066005
v 1.403109 2.335931 -0.048357
v 1.401684 2.320493 -0.015691
v 1.403109 2.310983 -0.026591
v 1.377808 2.269907 -0.034068
v 1.381392 2.268444 -0.059056
v 1.390613 2.275831 -0.050590
v 1.357309 2.254096 0.038623
v 1.364353 2.251005 0.035080
v 1.362300 2.255455 0.040180
v 1.401684 2.326421 -0.059257
v 1.401684 2.301473 -0.037491
v 1.343428 2.255103 -0.074347
v 1.328963 2.254563 -0.075767
v 1.343428 2.256731 -0.075767
v 1.352291 2.273758 0.052219
v 1.352291 2.314316 0.016833
v 1.343428 2.350721 0.035247
v 1.351444 2.327045 0.031423
v 1.357337 2.347947 0.032068
v 1.346009 2.263149 0.048998
v 1.350658 2.381968 -0.059732
v 1.350658 2.260640 0.046123
v 1.352291 2.268411 -0.035782
v 1.345031 2.225302 -0.003320
v 1.345031 2.265860 -0.038706
v 1.359055 2.371640 -0.071569
v 1.359604 2.367978 -0.075767
v 1.359645 2.367347 -0.075767
v 1.287769 2.262382 -0.066005
v 1.276533 2.276515 -0.066098
v 1.287769 2.270452 -0.073046
v 1.267312 2.275831 -0.050590
v 1.267312 2.283901 -0.057631
v 1.260460 2.292329 -0.047972
v 1.256241 2.293402 -0.030450
v 1.256241 2.301473 -0.037491
v 1.254816 2.302912 -0.019550
v 1.254816 2.310983 -0.026591
v 1.256241 2.312422 -0.008650
v 1.256241 2.320493 -0.015691
v 1.260460 2.321566 0.001831
v 1.260460 2.329637 -0.005210
v 1.267312 2.338064 0.004449
v 1.276533 2.337380 0.019957
v 1.276533 2.345451 0.012915
v 1.287769 2.351513 0.019864
v 1.287769 2.351513 0.019864
v 1.300588 2.347947 0.032068
v 1.300588 2.356018 0.025027
v 1.314497 2.350721 0.035247
v 1.363876 2.235469 0.008333
v 1.362300 2.237299 0.019370
v 1.358965 2.233197 0.014669
v 1.386580 2.298898 -0.000838
v 1.403109 2.302912 -0.019550
v 1.401684 2.312422 -0.008650
v 1.401684 2.293402 -0.030450
v 1.383237 2.276584 -0.026415
v 1.397465 2.284258 -0.040931
v 1.337154 2.223731 -0.005121
v 1.337154 2.264289 -0.040506
v 1.350658 2.232114 0.013427
v 1.346009 2.328542 -0.075767
v 1.346009 2.229605 0.010552
v 1.345031 2.276309 0.055143
v 1.352291 2.314316 0.016833
v 1.345031 2.316867 0.019757
v 1.346009 2.229605 0.010552
v 1.340704 2.324229 -0.075767
v 1.340704 2.227741 0.008415
v 1.357337 2.263149 -0.075767
v 1.358654 2.271844 -0.031847
v 1.352291 2.227853 -0.000396
v 1.352291 2.268411 -0.035782
v 1.370952 2.291364 -0.009474
v 1.370145 2.245420 0.019739
v 1.370145 2.285978 -0.015647
v 1.387709 2.291364 -0.009474
v 1.370145 2.285978 -0.015647
v 1.386580 2.283829 -0.018110
v 1.390613 2.407131 -0.055810
v 1.397465 2.354585 -0.026976
v 1.397465 2.407131 -0.072822
v 1.361600 2.323476 0.027332
v 1.358653 2.310884 0.012898
v 1.370502 2.318673 0.021827
v 1.343428 2.383739 0.006440
v 1.343428 2.358791 0.028206
v 1.334948 2.226593 0.007100
v 1.328963 2.320676 -0.075767
v 1.328963 2.226206 0.006655
v 1.397465 2.284258 -0.040931
v 1.357309 2.238658 0.020928
v 1.354474 2.341418 -0.075767
v 1.354474 2.235170 0.016930
v 1.328963 2.222654 0.002585
v 1.337154 2.223731 -0.005121
v 1.336002 2.223110 0.003107
v 1.404908 2.364031 0.067543
v 1.404908 2.354744 0.087825
v 1.404908 2.364031 0.087825
v 1.314497 2.255103 -0.074347
v 1.328963 2.252743 -0.053741
v 1.317502 2.253485 -0.052891
v 1.300588 2.257877 -0.071168
v 1.306481 2.255682 -0.050372
v 1.296325 2.259252 -0.046281
v 1.287769 2.262382 -0.066005
v 1.287423 2.264055 -0.040776
v 1.276533 2.268444 -0.059057
v 1.267312 2.275831 -0.050590
v 1.280117 2.269907 -0.034068
v 1.260460 2.284258 -0.040931
v 1.274688 2.276584 -0.026415
v 1.256241 2.293402 -0.030450
v 1.274688 2.276584 -0.026415
v 1.271345 2.283829 -0.018111
v 1.270216 2.291364 -0.009475
v 1.254816 2.302912 -0.019550
v 1.256241 2.312422 -0.008650
v 1.271345 2.298898 -0.000839
v 1.260460 2.321566 0.001831
v 1.274688 2.306144 0.007466
v 1.260460 2.321566 0.001831
v 1.280117 2.312821 0.015119
v 1.267312 2.329994 0.011490
v 1.276533 2.337380 0.019957
v 1.287423 2.318673 0.021827
v 1.296325 2.323476 0.027332
v 1.287769 2.343442 0.026905
v 1.306481 2.327045 0.031423
v 1.300588 2.347947 0.032068
v 1.317502 2.329243 0.033942
v 1.314497 2.350721 0.035247
v 1.328962 2.351657 0.036321
v 1.328962 2.329985 0.034792
v 1.328963 2.252743 -0.053741
v 1.320771 2.264289 -0.040506
v 1.317502 2.253485 -0.052891
v 1.274688 2.306144 0.007466
v 1.287780 2.296749 -0.003302
v 1.290169 2.301928 0.002634
v 1.381392 2.407131 -0.040899
v 1.390613 2.363012 -0.017317
v 1.381392 2.276515 -0.066098
v 1.390613 2.275831 -0.050590
v 1.381392 2.268444 -0.059056
v 1.274688 2.276584 -0.026415
v 1.294050 2.276027 -0.027053
v 1.290169 2.280800 -0.021583
v 1.306481 2.327045 0.031423
v 1.320771 2.318438 0.021557
v 1.317502 2.329243 0.033942
v 1.328962 2.080621 0.054440
v 1.341003 2.080621 0.076356
v 1.360591 2.080621 0.076356
v 1.312894 2.265860 -0.038706
v 1.306481 2.255682 -0.050372
v 1.294050 2.306700 0.008104
v 1.280117 2.312821 0.015119
v 1.328963 2.318969 0.022165
v 1.328962 2.329985 0.034792
v 1.340704 2.386341 -0.054720
v 1.334948 2.387489 -0.053404
v 1.328963 2.367978 -0.075767
v 1.397465 2.292329 -0.047972
v 1.401684 2.293402 -0.030450
v 1.397465 2.284258 -0.040931
v 1.287780 2.285978 -0.015647
v 1.271345 2.283829 -0.018111
v 1.364353 2.251005 0.035080
v 1.367756 2.261369 0.038020
v 1.362300 2.255455 0.040180
v 1.359645 2.246377 0.029775
v 1.359055 2.358242 -0.075767
v 1.359055 2.242442 0.025265
v 1.305634 2.268411 -0.035782
v 1.296325 2.259252 -0.046281
v 1.287423 2.318673 0.021827
v 1.299272 2.310884 0.012898
v 1.401684 2.345440 -0.037457
v 1.403109 2.367347 -0.075767
v 1.401684 2.389349 -0.075767
v 1.397465 2.317276 -0.069738
v 1.270216 2.291364 -0.009475
v 1.286973 2.291364 -0.009475
v 1.358654 2.231286 0.003539
v 1.354478 2.229603 0.010549
v 1.381392 2.370399 -0.008851
v 1.370156 2.351513 0.019864
v 1.381392 2.345451 0.012915
v 1.299272 2.271844 -0.031847
v 1.287423 2.264055 -0.040776
v 1.305634 2.314316 0.016833
v 1.296325 2.323476 0.027332
v 1.390613 2.329994 0.011490
v 1.390613 2.338064 0.004449
v 1.358654 2.271844 -0.031847
v 1.361600 2.259252 -0.046281
v 1.370503 2.264055 -0.040776
v 1.271345 2.298898 -0.000839
v 1.397465 2.321566 0.001831
v 1.401684 2.312422 -0.008650
v 1.349010 2.266101 0.052383
v 1.350658 2.260640 0.046123
v 1.354478 2.263151 0.049001
v 1.280117 2.269907 -0.034068
v 1.312894 2.316867 0.019757
v 1.403109 2.302912 -0.019550
v 1.320771 2.318438 0.021557
v 1.312894 2.276309 0.055143
v 1.320771 2.277880 0.056943
v 1.287780 2.296749 -0.003302
v 1.290169 2.261369 0.038019
v 1.290169 2.301928 0.002634
v 1.377808 2.312821 0.015119
v 1.397465 2.321566 0.001831
v 1.390613 2.329994 0.011490
v 1.328963 2.263759 -0.041114
v 1.320771 2.223731 -0.005121
v 1.320771 2.264289 -0.040506
v 1.354474 2.378912 -0.063235
v 1.357309 2.254096 0.038623
v 1.354474 2.257584 0.042620
v 1.286973 2.291364 -0.009475
v 1.287780 2.256191 0.032084
v 1.287780 2.245420 0.019739
v 1.286973 2.250805 0.025911
v 1.342771 2.224460 0.004655
v 1.361600 2.323476 0.027332
v 1.370156 2.343442 0.026905
v 1.359279 2.100777 0.076356
v 1.360257 2.098415 0.087825
v 1.360257 2.098415 0.076356
v 1.290169 2.280800 -0.021583
v 1.287780 2.285978 -0.015647
v 1.381392 2.337380 0.019957
v 1.294050 2.276027 -0.027053
v 1.290169 2.240242 0.013803
v 1.337154 2.277880 0.056943
v 1.328962 2.270100 0.056965
v 1.336002 2.269644 0.056443
v 1.293572 2.251005 0.035080
v 1.300616 2.254096 0.038623
v 1.295625 2.255455 0.040180
v 1.370156 2.343442 0.026905
v 1.381392 2.337380 0.019957
v 1.367756 2.301928 0.002634
v 1.370145 2.256191 0.032084
v 1.370145 2.296749 -0.003302
v 1.370156 2.351513 0.019864
v 1.357337 2.347947 0.032068
v 1.370156 2.343442 0.026905
v 1.299272 2.271844 -0.031847
v 1.294050 2.235469 0.008333
v 1.343428 2.350721 0.035247
v 1.305634 2.227853 -0.000396
v 1.299271 2.231286 0.003539
v 1.360591 2.095881 0.087825
v 1.360591 2.095881 0.076356
v 1.299272 2.310884 0.012898
v 1.305634 2.273758 0.052219
v 1.305634 2.314316 0.016833
v 1.386580 2.298898 -0.000838
v 1.370952 2.291364 -0.009474
v 1.294050 2.306700 0.008104
v 1.299271 2.270325 0.048284
v 1.357337 2.356018 0.025027
v 1.305634 2.268411 -0.035782
v 1.312894 2.225302 -0.003320
v 1.305634 2.227853 -0.000396
v 1.340423 2.253485 -0.052891
v 1.328963 2.254167 -0.075421
v 1.343428 2.255103 -0.074347
v 1.312894 2.265860 -0.038706
v 1.312894 2.316867 0.019757
v 1.305634 2.273758 0.052219
v 1.294050 2.266142 0.043490
v 1.320771 2.277880 0.056943
v 1.321923 2.269644 0.056443
v 1.312894 2.276309 0.055143
v 1.315154 2.268294 0.054895
v 1.305634 2.273758 0.052219
v 1.308915 2.266101 0.052383
v 1.303447 2.263151 0.049001
v 1.299271 2.270325 0.048284
v 1.298960 2.259557 0.044881
v 1.294050 2.266142 0.043490
v 1.295625 2.255455 0.040180
v 1.290169 2.261369 0.038019
v 1.293572 2.251005 0.035080
v 1.290169 2.261369 0.038019
v 1.287780 2.256191 0.032084
v 1.292878 2.246377 0.029775
v 1.286973 2.250805 0.025911
v 1.287780 2.245420 0.019739
v 1.293572 2.241749 0.024470
v 1.290169 2.240242 0.013803
v 1.295625 2.237299 0.019370
v 1.295625 2.237299 0.019370
v 1.294050 2.235469 0.008333
v 1.298960 2.233197 0.014669
v 1.299271 2.231286 0.003539
v 1.303447 2.229603 0.010549
v 1.305634 2.227853 -0.000396
v 1.308915 2.226653 0.007167
v 1.315154 2.224460 0.004655
v 1.312894 2.225302 -0.003320
v 1.320771 2.223731 -0.005121
v 1.321923 2.223110 0.003107
v 1.328963 2.223201 -0.005729
v 1.340423 2.329243 0.033942
v 1.345031 2.316867 0.019757
v 1.351444 2.327045 0.031423
v 1.340423 2.253485 -0.052891
v 1.328963 2.263759 -0.041114
v 1.357337 2.380965 0.003261
v 1.370156 2.376461 -0.001902
v 1.390613 2.283901 -0.057631
v 1.340423 2.329243 0.033942
v 1.354474 2.257584 0.042620
v 1.358965 2.259557 0.044881
v 1.370156 2.270452 -0.073046
v 1.370156 2.262382 -0.066005
v 1.342771 2.268294 0.054895
v 1.365047 2.246377 0.029775
v 1.359055 2.242442 0.025265
v 1.364353 2.241749 0.024471
v 1.363875 2.306700 0.008104
v 1.377808 2.312821 0.015119
v 1.367756 2.280800 -0.021583
v 1.383237 2.276584 -0.026415
v 1.352291 2.268411 -0.035782
v 1.351444 2.255682 -0.050372
v 1.364353 2.241749 0.024471
v 1.370952 2.250805 0.025911
v 1.365047 2.246377 0.029775
v 1.354474 2.235170 0.016930
v 1.354478 2.229603 0.010549
v 1.358965 2.233197 0.014669
v 1.328962 2.278410 0.057551
v 1.328963 2.318969 0.022165
v 1.321923 2.223110 0.003107
v 1.328963 2.226206 0.006655
v 1.322977 2.226593 0.007099
v 1.383237 2.306144 0.007466
v 1.397465 2.321566 0.001831
v 1.315154 2.268294 0.054895
v 1.311916 2.263149 0.048998
v 1.317221 2.265013 0.051135
v 1.298960 2.233197 0.014669
v 1.307267 2.232114 0.013427
v 1.303451 2.235170 0.016930
v 1.361600 2.259252 -0.046281
v 1.357337 2.257877 -0.071168
v 1.370156 2.262382 -0.066005
v 1.362300 2.237299 0.019370
v 1.370145 2.245420 0.019739
v 1.298280 2.246377 0.029775
v 1.298870 2.250312 0.034285
v 1.362300 2.237299 0.019370
v 1.353334 2.105339 0.076356
v 1.350795 2.105673 0.087825
v 1.353334 2.105339 0.087825
v 1.303447 2.263151 0.049001
v 1.308915 2.266101 0.052383
v 1.303447 2.229603 0.010549
v 1.311916 2.229605 0.010552
v 1.386580 2.283829 -0.018110
v 1.341003 2.080621 0.079555
v 1.341003 2.074329 0.087825
v 1.341003 2.095881 0.087825
v 1.292878 2.246377 0.029775
v 1.298870 2.242442 0.025265
v 1.345031 2.265860 -0.038706
v 1.334948 2.266160 0.052451
v 1.342771 2.268294 0.054895
v 1.336002 2.269644 0.056443
v 1.397465 2.329637 -0.005210
v 1.298960 2.259557 0.044881
v 1.307267 2.260640 0.046123
v 1.315154 2.224460 0.004655
v 1.308915 2.226653 0.007167
v 1.337154 2.318438 0.021558
v 1.321923 2.269644 0.056443
v 1.328962 2.266548 0.052895
v 1.328962 2.270100 0.056965
v 1.295625 2.237299 0.019370
v 1.293572 2.241749 0.024470
v 1.359055 2.250312 0.034286
v 1.355695 2.104361 0.076356
v 1.355695 2.104361 0.087825
v 1.303451 2.257584 0.042620
v 1.317221 2.227741 0.008415
v 1.351444 2.255682 -0.050372
v 1.322977 2.266160 0.052451
v 1.300616 2.238658 0.020927
v 1.343428 2.407131 -0.013969
v 1.357337 2.407131 -0.019568
v 1.363875 2.266142 0.043490
v 1.354478 2.263151 0.049001
v 1.358965 2.259557 0.044881
v 1.298870 2.371640 -0.071569
v 1.298321 2.367978 -0.075767
v 1.370502 2.318673 0.021827
v 1.317221 2.265013 0.051135
v 1.322977 2.387489 -0.053404
v 1.322977 2.266160 0.052451
v 1.363876 2.276027 -0.027053
v 1.377808 2.269907 -0.034068
v 1.358653 2.270325 0.048284
v 1.349010 2.266101 0.052383
v 1.322977 2.226593 0.007099
v 1.322977 2.321573 -0.075767
v 1.350658 2.334346 -0.075767
v 1.363875 2.266142 0.043490
v 1.298280 2.367347 -0.075767
v 1.298321 2.367978 -0.075767
v 1.298870 2.371640 -0.071569
v 1.328962 2.266548 0.052895
v 1.334948 2.387489 -0.053404
v 1.334948 2.266160 0.052451
v 1.397465 2.324186 -0.075767
v 1.393188 2.312017 -0.075767
v 1.300616 2.254096 0.038623
v 1.303451 2.378912 -0.063235
v 1.303451 2.257584 0.042620
v 1.311916 2.229605 0.010552
v 1.317221 2.324229 -0.075767
v 1.311916 2.328542 -0.075767
v 1.328963 2.387877 -0.052960
v 1.346009 2.229605 0.010552
v 1.342771 2.224460 0.004655
v 1.349010 2.226653 0.007167
v 1.367756 2.301928 0.002634
v 1.383237 2.306144 0.007466
v 1.317221 2.227741 0.008415
v 1.307267 2.232114 0.013427
v 1.311916 2.328542 -0.075767
v 1.307267 2.334346 -0.075767
v 1.300616 2.238658 0.020927
v 1.303451 2.341418 -0.075767
v 1.300616 2.349487 -0.075767
v 1.298280 2.246377 0.029775
v 1.298870 2.358242 -0.075767
v 1.334948 2.226593 0.007100
v 1.336002 2.223110 0.003107
v 1.303451 2.235170 0.016930
v 1.300616 2.375424 -0.067232
v 1.307267 2.260640 0.046123
v 1.307267 2.381968 -0.059732
v 1.311916 2.384477 -0.056856
v 1.311916 2.263149 0.048998
v 1.298870 2.242442 0.025265
v 1.311916 2.384477 -0.056856
v 1.317221 2.386341 -0.054720
v 1.357723 2.102805 0.076356
v 1.357723 2.102805 0.087825
v 1.300588 2.380965 0.003260
v 1.314497 2.383739 0.006440
v 1.287769 2.376461 -0.001903
v 1.276533 2.370399 -0.008851
v 1.287769 2.376461 -0.001903
v 1.267312 2.363012 -0.017317
v 1.260460 2.354585 -0.026977
v 1.256241 2.345440 -0.037458
v 1.254816 2.335931 -0.048357
v 1.256241 2.326421 -0.059257
v 1.260460 2.317276 -0.069738
v 1.367756 2.280800 -0.021583
v 1.340704 2.265013 0.051135
v 1.328963 2.222654 0.002585
v 1.349010 2.226653 0.007167
v 1.370156 2.388691 -0.012573
v 1.365856 2.388691 -0.009523
v 1.367756 2.240242 0.013803
v 1.363876 2.276027 -0.027053
v 1.328963 2.384676 0.007513
v 1.357309 2.349487 -0.075767
v 1.359645 2.367347 -0.075767
v 1.359604 2.367978 -0.075767
v 1.328963 2.367978 -0.075767
v 1.398605 2.228795 -0.072890
v 1.328963 2.224955 -0.070944
v 1.398605 2.224955 -0.070944
v 1.334949 2.321573 -0.075767
v 1.404908 2.407131 0.033874
v 1.404908 2.376717 0.046559
v 1.404908 2.435275 0.046559
v 1.370145 2.256191 0.032084
v 1.297334 2.080621 0.076356
v 1.316922 2.080621 0.076356
v 1.253017 2.371820 0.087825
v 1.253017 2.364031 0.087825
v 1.253017 2.364031 0.067543
v 1.267312 2.407131 -0.055810
v 1.311916 2.328542 -0.075767
v 1.317221 2.324229 -0.075767
v 1.254816 2.367347 -0.075767
v 1.256241 2.389349 -0.075767
v 1.376244 2.388691 -0.019204
v 1.376244 2.407131 -0.035292
v 1.376244 2.407131 0.033874
v 1.260460 2.324186 -0.075767
v 1.264737 2.312017 -0.075767
v 1.346009 2.384477 -0.056856
v 1.346009 2.263149 0.048998
v 1.287769 2.262382 -0.066005
v 1.294524 2.268079 -0.075767
v 1.300588 2.257877 -0.071168
v 1.314497 2.407131 -0.013969
v 1.314497 2.256731 -0.075767
v 1.300588 2.263149 -0.075767
v 1.314497 2.255103 -0.074347
v 1.328963 2.407131 -0.012078
v 1.362300 2.255455 0.040180
v 1.370156 2.273571 -0.075767
v 1.381392 2.287597 -0.075767
v 1.390613 2.304688 -0.075767
v 1.404908 2.376717 0.067543
v 1.404908 2.376717 0.087825
v 1.292069 2.388691 -0.009523
v 1.276533 2.407131 -0.040899
v 1.256241 2.345344 -0.075767
v 1.346009 2.263149 0.048998
v 1.345031 2.276309 0.055143
v 1.350658 2.232114 0.013427
v 1.352291 2.227853 -0.000396
v 1.267312 2.304688 -0.075767
v 1.287769 2.273571 -0.075767
v 1.287769 2.270452 -0.073046
v 1.276533 2.287597 -0.075767
v 1.404908 2.412672 0.087825
v 1.287769 2.273571 -0.075767
v 1.391448 2.080621 0.054440
v 1.404908 2.080621 0.079555
v 1.404908 2.080621 0.054440
v 1.357723 2.102805 0.076356
v 1.359279 2.100777 0.087825
v 1.253017 2.435275 0.067543
v 1.253017 2.376717 0.087825
v 1.253017 2.376717 0.067543
v 1.253017 2.354744 0.067543
v 1.328962 2.435275 0.046559
v 1.253017 2.435275 0.046559
v 1.292069 2.418634 0.039058
v 1.391447 2.080621 0.079555
v 1.404908 2.074329 0.087825
v 1.404908 2.080621 0.079555
v 1.391447 2.153549 0.087825
v 1.391447 2.080621 0.079555
v 1.391448 2.080621 0.054440
v 1.363876 2.235469 0.008333
v 1.365856 2.418634 0.057996
v 1.376244 2.418634 0.039059
v 1.365856 2.418634 0.039058
v 1.253017 2.407131 0.033873
v 1.253017 2.376717 0.046559
v 1.253017 2.364031 0.033873
v 1.397465 2.407131 -0.072822
v 1.404909 2.407131 -0.075767
v 1.390613 2.407131 -0.055810
v 1.276533 2.407131 -0.040899
v 1.281681 2.407131 -0.035292
v 1.253017 2.407131 0.033873
v 1.266477 2.080621 0.054440
v 1.253017 2.080621 0.079555
v 1.266477 2.080621 0.079555
v 1.266477 2.080621 0.079555
v 1.253017 2.074329 0.087825
v 1.266477 2.074329 0.087825
v 1.266477 2.080621 0.054440
v 1.266477 2.080621 0.079555
v 1.266477 2.153549 0.087825
v 1.376244 2.388691 -0.019204
v 1.376244 2.418634 0.067543
v 1.365856 2.418634 0.067543
v 1.401684 2.345344 -0.075767
v 1.359645 2.246377 0.029775
v 1.292069 2.388691 0.057996
v 1.292069 2.407131 0.033874
v 1.292069 2.418634 0.057996
v 1.281681 2.407131 0.033874
v 1.281681 2.388691 -0.019204
v 1.281681 2.388691 0.057996
v 1.365856 2.388691 0.057996
v 1.376244 2.369370 0.067543
v 1.365856 2.369370 0.067543
v 1.253017 2.435275 0.057996
v 1.328962 2.435275 0.046559
v 1.328962 2.435275 0.057996
v 1.287769 2.388691 -0.012573
v 1.281681 2.388691 -0.019204
v 1.314497 2.407131 -0.013969
v 1.328962 2.407131 0.033874
v 1.292069 2.407131 0.033874
v 1.253017 2.435275 0.057996
v 1.253017 2.435275 0.046559
v 1.404908 2.364031 0.057996
v 1.404908 2.364031 0.033874
v 1.370156 2.273571 -0.075767
v 1.370156 2.270452 -0.073046
v 1.404908 2.435275 0.057996
v 1.328962 2.435275 0.067543
v 1.343428 2.407131 -0.013969
v 1.357337 2.407131 -0.019568
v 1.365856 2.407131 0.033874
v 1.292069 2.418634 0.057996
v 1.281681 2.418634 0.039058
v 1.281681 2.418634 0.057996
v 1.253017 2.364031 0.057996
v 1.370156 2.388691 -0.012573
v 1.376244 2.388691 0.057996
v 1.365856 2.388691 -0.009523
v 1.404908 2.435275 0.046559
v 1.287769 2.388691 -0.012573
v 1.292069 2.388691 -0.009523
v 1.281681 2.388691 0.057996
v 1.404908 2.435275 0.057996
v 1.404908 2.376717 0.057996
v 1.253017 2.080621 0.054440
v 1.253017 2.150861 0.079555
v 1.253017 2.080621 0.079555
v 1.391448 2.153549 -0.009157
v 1.391448 2.080621 0.054440
v 1.398605 2.150861 -0.006813
v 1.253017 2.435275 0.067543
v 1.281681 2.418634 0.067543
v 1.292069 2.418634 0.067543
v 1.281681 2.418634 0.067543
v 1.281681 2.418634 0.057996
v 1.292069 2.369370 0.067543
v 1.281681 2.388691 0.057996
v 1.292069 2.388691 0.057996
v 1.398605 2.237362 -0.075425
v 1.328963 2.233070 -0.074434
v 1.398605 2.233070 -0.074434
v 1.292069 2.418634 0.067543
v 1.292069 2.369370 0.067543
v 1.365856 2.418634 0.039058
v 1.376244 2.418634 0.039059
v 1.404908 2.435275 0.046559
v 1.365856 2.388691 0.057996
v 1.365856 2.407131 0.033874
v 1.365856 2.388691 -0.009523
v 1.404908 2.150861 0.079556
v 1.404908 2.080621 0.054440
v 1.404908 2.080621 0.079555
v 1.253017 2.376717 0.057996
v 1.365856 2.418634 0.067543
v 1.365856 2.369370 0.067543
v 1.259320 2.228795 -0.072890
v 1.259320 2.224955 -0.070944
v 1.284956 2.153549 -0.009157
v 1.328963 2.221928 -0.068787
v 1.259320 2.221928 -0.068787
v 1.259320 2.237362 -0.075425
v 1.259320 2.233070 -0.074434
v 1.259320 2.259837 -0.075767
v 1.253016 2.259836 0.087825
v 1.259320 2.259836 0.087825
v 1.256241 2.345344 -0.075767
v 1.253017 2.259837 -0.075767
v 1.260460 2.324186 -0.075767
v 1.328963 2.237362 -0.075425
v 1.259320 2.241252 -0.075767
v 1.253017 2.259837 -0.075767
v 1.253017 2.345197 0.057996
v 1.328963 2.228795 -0.072890
v 1.404908 2.354744 0.067543
v 1.404908 2.345197 0.057996
v 1.376244 2.388691 0.057996
v 1.376244 2.418634 0.067543
v 1.376244 2.369370 0.067543
v 1.300202 2.102805 0.076356
v 1.309665 2.105339 0.076356
v 1.316588 2.098415 0.076356
v 1.297334 2.080621 0.079555
v 1.284956 2.080621 0.079555
v 1.297334 2.074329 0.087825
v 1.297334 2.080621 0.079555
v 1.398605 2.259837 -0.075767
v 1.404908 2.259836 0.087825
v 1.404909 2.259837 -0.075767
v 1.404909 2.259837 -0.075767
v 1.390613 2.304688 -0.075767
v 1.381392 2.287597 -0.075767
v 1.398605 2.241252 -0.075767
v 1.398605 2.221928 -0.068787
v 1.404909 2.259837 -0.075767
v 1.360591 2.095881 0.076356
v 1.341003 2.095881 0.076356
v 1.345899 2.104361 0.076356
v 1.360591 2.074329 0.087825
v 1.360591 2.080621 0.079555
v 1.360591 2.074329 0.087825
v 1.372969 2.080621 0.079555
v 1.360591 2.080621 0.079555
v -1.297334 2.095881 0.076356
v -1.297668 2.098415 0.087825
v -1.297334 2.095881 0.087825
v -1.297668 2.098415 0.076356
v -1.298646 2.100777 0.087825
v -1.298646 2.100777 0.076356
v -1.300202 2.102805 0.087825
v -1.302230 2.104361 0.076356
v -1.300202 2.102805 0.087825
v -1.300202 2.102805 0.076356
v -1.304591 2.105339 0.076356
v -1.302230 2.104361 0.087825
v -1.307131 2.105673 0.087825
v -1.304591 2.105339 0.087825
v -1.316922 2.080621 0.079555
v -1.316922 2.074329 0.087825
v -1.316922 2.095881 0.087825
v -1.328963 2.359728 0.029280
v -1.314498 2.350721 0.035247
v -1.314498 2.358791 0.028206
v -1.363876 2.306700 0.008104
v -1.358654 2.270325 0.048284
v -1.358654 2.310884 0.012898
v -1.370156 2.262382 -0.066005
v -1.363401 2.268079 -0.075767
v -1.357337 2.257877 -0.071168
v -1.403109 2.335931 -0.048357
v -1.401684 2.320493 -0.015691
v -1.401684 2.345440 -0.037457
v -1.381392 2.268444 -0.059056
v -1.377808 2.269907 -0.034068
v -1.390613 2.275831 -0.050590
v -1.362300 2.255455 0.040180
v -1.359055 2.250312 0.034286
v -1.357309 2.254096 0.038623
v -1.401684 2.326421 -0.059257
v -1.403109 2.310983 -0.026591
v -1.328963 2.254563 -0.075767
v -1.343428 2.255103 -0.074347
v -1.343428 2.256731 -0.075767
v -1.352291 2.273758 0.052219
v -1.352291 2.314316 0.016833
v -1.357337 2.347947 0.032068
v -1.340423 2.329243 0.033942
v -1.343428 2.350721 0.035247
v -1.346009 2.263149 0.048998
v -1.350658 2.381968 -0.059732
v -1.346009 2.384477 -0.056856
v -1.352291 2.268411 -0.035782
v -1.345032 2.225302 -0.003320
v -1.352291 2.227853 -0.000396
v -1.359645 2.367347 -0.075767
v -1.359604 2.367978 -0.075767
v -1.359055 2.371640 -0.071569
v -1.287769 2.270452 -0.073046
v -1.276533 2.268444 -0.059057
v -1.287769 2.262382 -0.066005
v -1.276533 2.276515 -0.066098
v -1.267312 2.275831 -0.050590
v -1.260460 2.292329 -0.047972
v -1.267312 2.283901 -0.057631
v -1.256241 2.293402 -0.030450
v -1.260460 2.284258 -0.040931
v -1.256241 2.301473 -0.037491
v -1.254817 2.302912 -0.019550
v -1.256241 2.320493 -0.015691
v -1.254817 2.310983 -0.026591
v -1.260460 2.321566 0.001831
v -1.256241 2.312422 -0.008650
v -1.260460 2.329637 -0.005210
v -1.267312 2.329994 0.011490
v -1.276533 2.345451 0.012915
v -1.267312 2.338064 0.004449
v -1.287769 2.343442 0.026905
v -1.276533 2.337380 0.019957
v -1.300588 2.356018 0.025027
v -1.287769 2.343442 0.026905
v -1.287769 2.351513 0.019864
v -1.300588 2.347947 0.032068
v -1.362300 2.237299 0.019370
v -1.363876 2.235469 0.008333
v -1.358966 2.233197 0.014669
v -1.401684 2.312422 -0.008650
v -1.387709 2.291364 -0.009474
v -1.386580 2.298898 -0.000838
v -1.397465 2.284258 -0.040931
v -1.386581 2.283829 -0.018110
v -1.401684 2.293402 -0.030450
v -1.345031 2.265860 -0.038706
v -1.337155 2.223731 -0.005121
v -1.350658 2.232114 0.013427
v -1.346009 2.328542 -0.075767
v -1.350658 2.334346 -0.075767
v -1.345031 2.316867 0.019757
v -1.352291 2.273758 0.052219
v -1.345031 2.276309 0.055143
v -1.346009 2.229605 0.010552
v -1.340704 2.324229 -0.075767
v -1.346009 2.328542 -0.075767
v -1.357337 2.263149 -0.075767
v -1.358654 2.271844 -0.031847
v -1.352291 2.227853 -0.000396
v -1.358654 2.231286 0.003539
v -1.370952 2.291364 -0.009474
v -1.370145 2.245420 0.019739
v -1.370952 2.250805 0.025911
v -1.387709 2.291364 -0.009474
v -1.370145 2.285978 -0.015647
v -1.370952 2.291364 -0.009474
v -1.390613 2.407131 -0.055810
v -1.397465 2.354585 -0.026976
v -1.390613 2.363012 -0.017317
v -1.361601 2.323476 0.027332
v -1.358654 2.310884 0.012898
v -1.352291 2.314316 0.016833
v -1.343428 2.383739 0.006440
v -1.328963 2.384676 0.007513
v -1.334949 2.226593 0.007099
v -1.328963 2.320676 -0.075767
v -1.334949 2.321573 -0.075767
v -1.383237 2.276584 -0.026415
v -1.397465 2.284258 -0.040931
v -1.357309 2.238658 0.020928
v -1.354474 2.341418 -0.075767
v -1.357309 2.349486 -0.075767
v -1.328963 2.222654 0.002585
v -1.337155 2.223731 -0.005121
v -1.328963 2.223201 -0.005729
v -1.404908 2.364031 0.087825
v -1.404909 2.354744 0.067543
v -1.404909 2.364031 0.067543
v -1.314498 2.255103 -0.074347
v -1.328963 2.252743 -0.053741
v -1.328963 2.254167 -0.075421
v -1.300588 2.257877 -0.071168
v -1.317502 2.253485 -0.052891
v -1.296325 2.259252 -0.046281
v -1.287769 2.262382 -0.066005
v -1.276533 2.268444 -0.059057
v -1.267312 2.275831 -0.050590
v -1.287423 2.264055 -0.040776
v -1.260460 2.284258 -0.040931
v -1.280117 2.269907 -0.034068
v -1.271345 2.283829 -0.018111
v -1.260460 2.284258 -0.040931
v -1.256241 2.293402 -0.030450
v -1.254817 2.302912 -0.019550
v -1.256241 2.312422 -0.008650
v -1.270216 2.291364 -0.009475
v -1.260460 2.321566 0.001831
v -1.271345 2.298898 -0.000839
v -1.280117 2.312821 0.015119
v -1.260460 2.321566 0.001831
v -1.267312 2.329994 0.011490
v -1.276533 2.337380 0.019957
v -1.296325 2.323476 0.027332
v -1.287769 2.343442 0.026905
v -1.300588 2.347947 0.032068
v -1.317502 2.329243 0.033942
v -1.314498 2.350721 0.035247
v -1.328963 2.351657 0.036321
v -1.317502 2.253485 -0.052891
v -1.328962 2.263759 -0.041114
v -1.328963 2.252743 -0.053741
v -1.274688 2.306144 0.007466
v -1.287780 2.296749 -0.003302
v -1.271345 2.298898 -0.000839
v -1.381392 2.407131 -0.040899
v -1.381392 2.370399 -0.008851
v -1.381392 2.276515 -0.066098
v -1.390613 2.275831 -0.050590
v -1.390613 2.283901 -0.057631
v -1.274688 2.276584 -0.026415
v -1.294050 2.276027 -0.027053
v -1.280117 2.269907 -0.034068
v -1.317502 2.329243 0.033942
v -1.312894 2.316867 0.019757
v -1.306481 2.327045 0.031423
v -1.328963 2.080621 0.054440
v -1.360591 2.080621 0.076356
v -1.341003 2.080621 0.076356
v -1.306481 2.255682 -0.050372
v -1.320771 2.264289 -0.040506
v -1.294050 2.306700 0.008104
v -1.280117 2.312821 0.015119
v -1.328963 2.318969 0.022165
v -1.328963 2.329985 0.034792
v -1.359055 2.371640 -0.071569
v -1.359604 2.367978 -0.075767
v -1.328963 2.367978 -0.075767
v -1.397465 2.284258 -0.040931
v -1.401684 2.301473 -0.037491
v -1.397465 2.292329 -0.047972
v -1.271345 2.283829 -0.018111
v -1.290170 2.280800 -0.021583
v -1.364354 2.251005 0.035080
v -1.367756 2.261369 0.038020
v -1.370145 2.256191 0.032084
v -1.359645 2.246377 0.029775
v -1.359056 2.358242 -0.075767
v -1.296325 2.259252 -0.046281
v -1.312894 2.265860 -0.038706
v -1.299272 2.310884 0.012898
v -1.287423 2.318673 0.021827
v -1.403109 2.367347 -0.075767
v -1.401684 2.389349 -0.075767
v -1.397465 2.317276 -0.069738
v -1.286973 2.291364 -0.009475
v -1.270216 2.291364 -0.009475
v -1.354478 2.229603 0.010549
v -1.358654 2.231286 0.003539
v -1.370156 2.351513 0.019864
v -1.370156 2.376461 -0.001903
v -1.299271 2.271844 -0.031847
v -1.287423 2.264055 -0.040776
v -1.305635 2.314316 0.016833
v -1.296325 2.323476 0.027332
v -1.390613 2.329994 0.011490
v -1.381392 2.345451 0.012915
v -1.390613 2.338064 0.004449
v -1.370503 2.264055 -0.040776
v -1.352291 2.268411 -0.035782
v -1.358654 2.271844 -0.031847
v -1.397465 2.321566 0.001831
v -1.397465 2.329637 -0.005210
v -1.354478 2.263151 0.049001
v -1.346009 2.263149 0.048998
v -1.349010 2.266101 0.052383
v -1.401684 2.293402 -0.030450
v -1.320771 2.277880 0.056943
v -1.312894 2.316867 0.019757
v -1.320771 2.318438 0.021557
v -1.290170 2.261369 0.038019
v -1.287780 2.296749 -0.003302
v -1.290170 2.301928 0.002634
v -1.397465 2.321566 0.001831
v -1.377809 2.312821 0.015119
v -1.390613 2.329994 0.011490
v -1.320771 2.223731 -0.005121
v -1.328962 2.263759 -0.041114
v -1.320771 2.264289 -0.040506
v -1.357309 2.254096 0.038623
v -1.354474 2.378912 -0.063235
v -1.354474 2.257584 0.042620
v -1.286973 2.250805 0.025911
v -1.286973 2.291364 -0.009475
v -1.403109 2.302912 -0.019550
v -1.287780 2.245420 0.019739
v -1.287780 2.285978 -0.015647
v -1.342772 2.224460 0.004655
v -1.336002 2.223110 0.003107
v -1.361601 2.323476 0.027332
v -1.351444 2.327045 0.031423
v -1.360258 2.098415 0.087825
v -1.359279 2.100777 0.076356
v -1.360258 2.098415 0.076356
v -1.290170 2.240242 0.013803
v -1.290170 2.280800 -0.021583
v -1.381392 2.337380 0.019957
v -1.370503 2.318673 0.021827
v -1.294050 2.276027 -0.027053
v -1.328963 2.270100 0.056965
v -1.337154 2.277880 0.056943
v -1.336002 2.269644 0.056443
v -1.300616 2.254096 0.038623
v -1.293572 2.251005 0.035080
v -1.295625 2.255455 0.040180
v -1.381392 2.337380 0.019957
v -1.370145 2.296749 -0.003302
v -1.367756 2.261369 0.038020
v -1.367756 2.301928 0.002634
v -1.370156 2.343442 0.026905
v -1.357337 2.356018 0.025027
v -1.370156 2.351513 0.019864
v -1.294050 2.235469 0.008333
v -1.299271 2.271844 -0.031847
v -1.343428 2.358791 0.028206
v -1.328963 2.351657 0.036321
v -1.305635 2.227853 -0.000396
v -1.305635 2.268411 -0.035782
v -1.360591 2.095881 0.087825
v -1.360591 2.095881 0.076356
v -1.305635 2.314316 0.016833
v -1.299272 2.270325 0.048284
v -1.299272 2.310884 0.012898
v -1.386580 2.298898 -0.000838
v -1.370145 2.296749 -0.003302
v -1.294050 2.306700 0.008104
v -1.343428 2.350721 0.035247
v -1.305635 2.227853 -0.000396
v -1.312894 2.265860 -0.038706
v -1.305635 2.268411 -0.035782
v -1.343428 2.255103 -0.074347
v -1.340424 2.253485 -0.052891
v -1.305635 2.273758 0.052219
v -1.305635 2.314316 0.016833
v -1.321923 2.269644 0.056443
v -1.328963 2.278410 0.057551
v -1.315154 2.268294 0.054895
v -1.320771 2.277880 0.056943
v -1.308915 2.266101 0.052383
v -1.312894 2.276309 0.055143
v -1.303447 2.263151 0.049001
v -1.305635 2.273758 0.052219
v -1.294050 2.266142 0.043490
v -1.298960 2.259557 0.044881
v -1.290170 2.261369 0.038019
v -1.295625 2.255455 0.040180
v -1.287780 2.256191 0.032084
v -1.295625 2.255455 0.040180
v -1.293572 2.251005 0.035080
v -1.292879 2.246377 0.029775
v -1.287780 2.245420 0.019739
v -1.293572 2.241749 0.024470
v -1.295625 2.237299 0.019370
v -1.298960 2.233197 0.014669
v -1.290170 2.240242 0.013803
v -1.295625 2.237299 0.019370
v -1.303447 2.229603 0.010549
v -1.294050 2.235469 0.008333
v -1.305635 2.227853 -0.000396
v -1.308915 2.226653 0.007167
v -1.312894 2.225302 -0.003320
v -1.315154 2.224460 0.004655
v -1.320771 2.223731 -0.005121
v -1.321923 2.223110 0.003107
v -1.351444 2.327045 0.031423
v -1.337155 2.318438 0.021558
v -1.340423 2.329243 0.033942
v -1.337155 2.264289 -0.040506
v -1.340424 2.253485 -0.052891
v -1.357337 2.380965 0.003261
v -1.370156 2.376461 -0.001903
v -1.328963 2.329985 0.034792
v -1.354474 2.257584 0.042620
v -1.350658 2.260640 0.046123
v -1.337155 2.264289 -0.040506
v -1.328963 2.223201 -0.005729
v -1.370156 2.262382 -0.066005
v -1.370156 2.270452 -0.073046
v -1.342771 2.268294 0.054895
v -1.345031 2.276309 0.055143
v -1.364354 2.241749 0.024471
v -1.359645 2.246377 0.029775
v -1.365047 2.246377 0.029775
v -1.377809 2.312821 0.015119
v -1.370503 2.318673 0.021827
v -1.383237 2.276584 -0.026415
v -1.386581 2.283829 -0.018110
v -1.361600 2.259252 -0.046281
v -1.345031 2.265860 -0.038706
v -1.365047 2.246377 0.029775
v -1.370145 2.245420 0.019739
v -1.364354 2.241749 0.024471
v -1.354478 2.229603 0.010549
v -1.354474 2.235170 0.016930
v -1.358966 2.233197 0.014669
v -1.328963 2.278410 0.057551
v -1.328963 2.318969 0.022165
v -1.321923 2.223110 0.003107
v -1.328963 2.226206 0.006655
v -1.328963 2.222654 0.002585
v -1.397465 2.321566 0.001831
v -1.383237 2.306144 0.007466
v -1.317221 2.265013 0.051135
v -1.308915 2.266101 0.052383
v -1.315154 2.268294 0.054895
v -1.298960 2.233197 0.014669
v -1.307267 2.232114 0.013427
v -1.303447 2.229603 0.010549
v -1.370156 2.262382 -0.066005
v -1.351444 2.255682 -0.050372
v -1.361600 2.259252 -0.046281
v -1.362300 2.237299 0.019370
v -1.367756 2.240242 0.013803
v -1.298280 2.246377 0.029775
v -1.292879 2.246377 0.029775
v -1.357309 2.238658 0.020928
v -1.359055 2.242442 0.025265
v -1.353334 2.105339 0.076356
v -1.350795 2.105673 0.087825
v -1.350795 2.105673 0.076356
v -1.311916 2.263149 0.048998
v -1.303447 2.263151 0.049001
v -1.308915 2.226653 0.007167
v -1.403109 2.302912 -0.019550
v -1.341003 2.095881 0.087825
v -1.341003 2.074329 0.087825
v -1.341003 2.080621 0.079555
v -1.298870 2.242442 0.025265
v -1.293572 2.241749 0.024470
v -1.351444 2.255682 -0.050372
v -1.336002 2.269644 0.056443
v -1.340704 2.265013 0.051135
v -1.334948 2.266160 0.052451
v -1.303451 2.257584 0.042620
v -1.298960 2.259557 0.044881
v -1.311916 2.229605 0.010552
v -1.315154 2.224460 0.004655
v -1.337155 2.318438 0.021558
v -1.337154 2.277880 0.056943
v -1.328963 2.266548 0.052895
v -1.321923 2.269644 0.056443
v -1.328963 2.270100 0.056965
v -1.295625 2.237299 0.019370
v -1.359055 2.250312 0.034286
v -1.357309 2.375424 -0.067232
v -1.355695 2.104361 0.087825
v -1.355695 2.104361 0.076356
v -1.317221 2.227741 0.008415
v -1.357337 2.257877 -0.071168
v -1.322977 2.266160 0.052451
v -1.303451 2.235170 0.016930
v -1.343428 2.407131 -0.013969
v -1.354478 2.263151 0.049001
v -1.363876 2.266142 0.043490
v -1.358966 2.259557 0.044881
v -1.317221 2.386341 -0.054720
v -1.322977 2.387489 -0.053404
v -1.370156 2.343442 0.026905
v -1.322977 2.266160 0.052451
v -1.317221 2.386341 -0.054720
v -1.317221 2.265013 0.051135
v -1.377808 2.269907 -0.034068
v -1.367756 2.280800 -0.021583
v -1.349010 2.266101 0.052383
v -1.358654 2.270325 0.048284
v -1.322977 2.226593 0.007099
v -1.328963 2.226206 0.006655
v -1.354474 2.235170 0.016930
v -1.363876 2.266142 0.043490
v -1.298870 2.371640 -0.071569
v -1.298321 2.367978 -0.075767
v -1.298280 2.367347 -0.075767
v -1.328963 2.266548 0.052895
v -1.334948 2.387489 -0.053404
v -1.328962 2.387877 -0.052960
v -1.397465 2.324186 -0.075767
v -1.393188 2.312017 -0.075767
v -1.303451 2.257584 0.042620
v -1.300616 2.375424 -0.067232
v -1.300616 2.254096 0.038623
v -1.311916 2.229605 0.010552
v -1.317221 2.324229 -0.075767
v -1.317221 2.227741 0.008415
v -1.342772 2.224460 0.004655
v -1.346009 2.229605 0.010552
v -1.349010 2.226653 0.007167
v -1.383237 2.306144 0.007466
v -1.367756 2.301928 0.002634
v -1.322977 2.321573 -0.075767
v -1.307267 2.232114 0.013427
v -1.311916 2.328542 -0.075767
v -1.311916 2.229605 0.010552
v -1.300616 2.238658 0.020927
v -1.303451 2.341418 -0.075767
v -1.303451 2.235170 0.016930
v -1.298280 2.246377 0.029775
v -1.298870 2.358242 -0.075767
v -1.298870 2.242442 0.025265
v -1.336002 2.223110 0.003107
v -1.340704 2.227741 0.008415
v -1.307267 2.334346 -0.075767
v -1.298870 2.250312 0.034285
v -1.307267 2.260640 0.046123
v -1.303451 2.378912 -0.063235
v -1.311916 2.263149 0.048998
v -1.307267 2.381968 -0.059732
v -1.370503 2.264055 -0.040776
v -1.300616 2.349486 -0.075767
v -1.311916 2.263149 0.048998
v -1.357723 2.102805 0.087825
v -1.357723 2.102805 0.076356
v -1.314498 2.383739 0.006440
v -1.300588 2.380965 0.003260
v -1.287769 2.376461 -0.001903
v -1.276533 2.370399 -0.008851
v -1.287769 2.351513 0.019864
v -1.267313 2.363012 -0.017317
v -1.260461 2.354585 -0.026977
v -1.256241 2.345440 -0.037458
v -1.254816 2.335931 -0.048357
v -1.256241 2.326421 -0.059257
v -1.260460 2.317276 -0.069738
v -1.367756 2.280800 -0.021583
v -1.370145 2.285978 -0.015647
v -1.340704 2.265013 0.051135
v -1.334948 2.266160 0.052451
v -1.350658 2.260640 0.046123
v -1.334949 2.226593 0.007099
v -1.349010 2.226653 0.007167
v -1.352291 2.227853 -0.000396
v -1.365856 2.388691 -0.009523
v -1.363876 2.276027 -0.027053
v -1.367756 2.240242 0.013803
v -1.358966 2.259557 0.044881
v -1.359055 2.242442 0.025265
v -1.346009 2.328542 -0.075767
v -1.340704 2.324229 -0.075767
v -1.328963 2.367978 -0.075767
v -1.328963 2.224955 -0.070944
v -1.398605 2.228795 -0.072890
v -1.398605 2.224955 -0.070944
v -1.363876 2.276027 -0.027053
v -1.340704 2.227741 0.008415
v -1.404909 2.407131 0.033874
v -1.404909 2.376717 0.046559
v -1.404909 2.364031 0.033874
v -1.345031 2.316867 0.019757
v -1.370952 2.250805 0.025911
v -1.316922 2.080621 0.076356
v -1.297334 2.080621 0.076356
v -1.253017 2.376717 0.067543
v -1.253017 2.364031 0.087825
v -1.253017 2.376717 0.087825
v -1.363876 2.306700 0.008104
v -1.267312 2.407131 -0.055810
v -1.260460 2.407131 -0.072822
v -1.370145 2.256191 0.032084
v -1.298280 2.367347 -0.075767
v -1.298321 2.367978 -0.075767
v -1.254816 2.367347 -0.075767
v -1.256241 2.389349 -0.075767
v -1.376244 2.407131 0.033874
v -1.376244 2.388691 -0.019204
v -1.376244 2.388691 0.057996
v -1.260460 2.324186 -0.075767
v -1.264737 2.312017 -0.075767
v -1.346009 2.263149 0.048998
v -1.340704 2.386341 -0.054720
v -1.300588 2.257877 -0.071168
v -1.294525 2.268079 -0.075767
v -1.287769 2.262382 -0.066005
v -1.314498 2.407131 -0.013969
v -1.300588 2.407131 -0.019569
v -1.314498 2.256731 -0.075767
v -1.300588 2.263149 -0.075767
v -1.314498 2.255103 -0.074347
v -1.328963 2.407131 -0.012078
v -1.362300 2.255455 0.040180
v -1.367756 2.261369 0.038020
v -1.370156 2.273571 -0.075767
v -1.381392 2.287597 -0.075767
v -1.390613 2.304688 -0.075767
v -1.404908 2.371820 0.087825
v -1.287769 2.388691 -0.012573
v -1.292070 2.388691 -0.009523
v -1.276533 2.407131 -0.040899
v -1.256241 2.345344 -0.075767
v -1.342771 2.268294 0.054895
v -1.352291 2.273758 0.052219
v -1.362300 2.237299 0.019370
v -1.350658 2.232114 0.013427
v -1.345032 2.225302 -0.003320
v -1.267312 2.304688 -0.075767
v -1.287769 2.273571 -0.075767
v -1.287769 2.270452 -0.073046
v -1.276533 2.287597 -0.075767
v -1.404909 2.435275 0.087825
v -1.404909 2.376717 0.067543
v -1.404909 2.435275 0.067543
v -1.287769 2.273571 -0.075767
v -1.404909 2.080621 0.054440
v -1.391448 2.080621 0.079555
v -1.391448 2.080621 0.054440
v -1.359279 2.100777 0.087825
v -1.357723 2.102805 0.076356
v -1.253017 2.412672 0.087825
v -1.253017 2.354744 0.067543
v -1.253017 2.364031 0.067543
v -1.292070 2.418634 0.039058
v -1.281681 2.418634 0.039058
v -1.253017 2.435275 0.046559
v -1.391448 2.080621 0.079555
v -1.404909 2.074329 0.087825
v -1.391448 2.074329 0.087825
v -1.391448 2.080621 0.054440
v -1.391448 2.080621 0.079555
v -1.391448 2.153549 0.087825
v -1.363876 2.235469 0.008333
v -1.365856 2.418634 0.057996
v -1.376244 2.418634 0.039059
v -1.376244 2.418634 0.057996
v -1.253017 2.407131 0.033873
v -1.253017 2.376717 0.046559
v -1.253017 2.435275 0.046559
v -1.381392 2.407131 -0.040899
v -1.376244 2.407131 -0.035292
v -1.404909 2.407131 0.033874
v -1.260460 2.407131 -0.072822
v -1.253017 2.407131 -0.075767
v -1.267312 2.407131 -0.055810
v -1.266478 2.080621 0.054440
v -1.253017 2.080621 0.079555
v -1.253017 2.080621 0.054440
v -1.266478 2.074329 0.087825
v -1.253017 2.080621 0.079555
v -1.266478 2.080621 0.079555
v -1.266478 2.153549 0.087825
v -1.266478 2.080621 0.079555
v -1.266478 2.080621 0.054440
v -1.370156 2.388691 -0.012573
v -1.376244 2.388691 -0.019204
v -1.365856 2.418634 0.067543
v -1.376244 2.418634 0.067543
v -1.401684 2.345344 -0.075767
v -1.364354 2.251005 0.035080
v -1.292070 2.388691 0.057996
v -1.292070 2.407131 0.033874
v -1.292070 2.388691 -0.009523
v -1.281681 2.388691 -0.019204
v -1.281681 2.407131 -0.035292
v -1.281681 2.407131 0.033874
v -1.365856 2.369370 0.067543
v -1.376244 2.388691 0.057996
v -1.365856 2.388691 0.057996
v -1.328963 2.435275 0.057996
v -1.253017 2.435275 0.046559
v -1.253017 2.435275 0.057996
v -1.281681 2.388691 -0.019204
v -1.314498 2.407131 -0.013969
v -1.300588 2.407131 -0.019569
v -1.292070 2.407131 0.033874
v -1.253017 2.376717 0.057996
v -1.253017 2.435275 0.057996
v -1.404909 2.364031 0.057996
v -1.370156 2.273571 -0.075767
v -1.370156 2.270452 -0.073046
v -1.328963 2.435275 0.067543
v -1.404909 2.435275 0.057996
v -1.343428 2.407131 -0.013969
v -1.328963 2.407131 0.033874
v -1.365856 2.407131 0.033874
v -1.292070 2.418634 0.057996
v -1.281681 2.418634 0.039058
v -1.292070 2.418634 0.039058
v -1.253017 2.364031 0.057996
v -1.253017 2.364031 0.033873
v -1.370156 2.388691 -0.012573
v -1.365856 2.388691 -0.009523
v -1.376244 2.388691 0.057996
v -1.404909 2.435275 0.046559
v -1.287769 2.388691 -0.012573
v -1.281681 2.388691 0.057996
v -1.292070 2.388691 -0.009523
v -1.404909 2.435275 0.046559
v -1.404909 2.376717 0.057996
v -1.404909 2.435275 0.057996
v -1.253017 2.150861 0.079555
v -1.253017 2.080621 0.054440
v -1.253017 2.080621 0.079555
v -1.372969 2.153549 -0.009157
v -1.328963 2.221928 -0.068787
v -1.398605 2.221928 -0.068787
v -1.253017 2.435275 0.067543
v -1.292070 2.418634 0.067543
v -1.281681 2.418634 0.057996
v -1.281681 2.388691 0.057996
v -1.281681 2.418634 0.067543
v -1.281681 2.369370 0.067543
v -1.281681 2.388691 0.057996
v -1.292070 2.369370 0.067543
v -1.292070 2.388691 0.057996
v -1.328963 2.233070 -0.074434
v -1.398605 2.237362 -0.075425
v -1.398605 2.233070 -0.074434
v -1.253017 2.345197 0.057996
v -1.292070 2.418634 0.067543
v -1.292070 2.369370 0.067543
v -1.328963 2.435275 0.046559
v -1.404909 2.435275 0.046559
v -1.365856 2.418634 0.039058
v -1.365856 2.388691 0.057996
v -1.365856 2.407131 0.033874
v -1.365856 2.418634 0.057996
v -1.404909 2.080621 0.054440
v -1.404909 2.150861 0.079556
v -1.404909 2.080621 0.079555
v -1.365856 2.418634 0.067543
v -1.365856 2.369370 0.067543
v -1.259320 2.228795 -0.072890
v -1.259320 2.224955 -0.070944
v -1.266478 2.153549 -0.009157
v -1.266478 2.080621 0.054440
v -1.259320 2.150861 -0.006813
v -1.259320 2.237362 -0.075425
v -1.259320 2.233070 -0.074434
v -1.259320 2.259837 -0.075767
v -1.253017 2.259836 0.087825
v -1.253017 2.259837 -0.075767
v -1.253017 2.259837 -0.075767
v -1.267312 2.304688 -0.075767
v -1.276533 2.287597 -0.075767
v -1.259320 2.241252 -0.075767
v -1.328963 2.237362 -0.075425
v -1.259320 2.221928 -0.068787
v -1.253017 2.259837 -0.075767
v -1.328963 2.228795 -0.072890
v -1.376244 2.418634 0.067543
v -1.376244 2.418634 0.057996
v -1.297334 2.095881 0.076356
v -1.316922 2.095881 0.076356
v -1.312026 2.104361 0.076356
v -1.297334 2.074329 0.087825
v -1.297334 2.080621 0.079555
v -1.297334 2.074329 0.087825
v -1.284957 2.080621 0.079555
v -1.297334 2.080621 0.079555
v -1.398605 2.259837 -0.075767
v -1.404909 2.259836 0.087825
v -1.398605 2.259836 0.087825
v -1.401684 2.345344 -0.075767
v -1.404909 2.259837 -0.075767
v -1.397465 2.324186 -0.075767
v -1.398605 2.241252 -0.075767
v -1.404909 2.345197 0.057996
v -1.404909 2.259837 -0.075767
v -1.357723 2.102805 0.076356
v -1.348260 2.105339 0.076356
v -1.341337 2.098415 0.076356
v -1.360591 2.080621 0.079555
v -1.372969 2.080621 0.079555
v -1.360591 2.074329 0.087825
v -1.360591 2.080621 0.079555
v -0.312724 2.100298 0.075022
v -0.165494 1.950390 0.035667
v -0.140715 1.981101 0.075022
v -0.604208 0.776551 -0.052302
v -0.664363 0.778035 0.035668
v -0.668809 0.776551 0.035668
v -0.685176 1.909246 0.035667
v -0.615086 1.913113 -0.060291
v -0.685554 1.913113 0.035667
v -0.141487 1.210290 0.035668
v -0.102132 0.904794 0.075023
v -0.102132 1.210290 0.075023
v -0.948632 1.210291 0.055410
v -0.968373 1.333820 0.035668
v -0.968373 1.210291 0.035668
v -0.682211 0.743305 0.035668
v -0.614111 0.746889 -0.059575
v -0.684053 0.746889 0.035668
v -0.685554 0.754527 0.035668
v -0.685176 0.758394 0.035668
v -0.733122 1.210291 0.035668
v -0.165494 0.717249 0.035668
v -0.312724 0.567342 0.075023
v -0.140715 0.686539 0.075023
v -0.598279 0.778941 -0.047949
v -0.654887 0.779245 0.035668
v -0.659684 0.778941 0.035668
v -0.375059 0.553043 0.035668
v -0.327489 0.553536 0.075023
v -0.357729 0.579141 0.035668
v -0.659684 1.888699 0.035667
v -0.601319 1.889605 -0.050182
v -0.664363 1.889605 0.035667
v -0.672912 0.734529 0.035668
v -0.609250 0.737049 -0.056005
v -0.676572 0.737049 0.035668
v -0.685554 1.913113 0.035667
v -0.685176 1.916980 0.035667
v -0.733122 2.435916 0.035667
v -1.207300 1.457349 0.035668
v -1.207300 1.333820 0.087826
v -1.207300 1.333820 0.035668
v -1.207300 1.333820 0.035668
v -0.968373 1.210291 0.035668
v -0.968373 1.333820 0.035668
v -0.143338 0.750490 0.035668
v -0.102132 0.760218 0.075023
v -0.141487 0.763092 0.035668
v -0.752863 1.333820 0.068292
v -0.752863 1.333820 0.055410
v -0.752863 1.457349 0.055410
v -0.654887 1.937831 0.035667
v -0.598279 1.937527 -0.047949
v -0.595163 1.937831 -0.045661
v -0.948632 1.210291 0.055410
v -0.948632 0.231724 0.055410
v -0.948632 0.231724 0.068292
v -0.948632 2.435916 0.068291
v -0.948632 2.435916 0.055409
v -0.948632 1.457349 0.055410
v -0.102132 1.835987 0.075022
v -0.141487 1.904547 0.035667
v -0.141487 1.835987 0.035667
v -1.207300 1.210291 0.035668
v -0.968373 0.231724 0.035668
v -0.611281 0.739998 -0.057496
v -0.679697 0.739998 0.035668
v -0.752863 2.435916 0.068291
v -0.948632 1.333820 0.068292
v -0.752863 1.333820 0.068292
v -0.113433 0.719194 0.075023
v -0.143338 0.750490 0.035668
v -0.148486 0.737550 0.035668
v -0.175353 1.762846 0.087825
v -0.175353 1.835987 0.035667
v -0.175353 1.762846 0.035667
v -0.175353 1.835987 0.087825
v -0.102132 1.835987 0.075022
v -0.141487 1.835987 0.035667
v -0.685176 1.916980 0.035667
v -0.614840 1.916980 -0.060111
v -0.141487 1.210290 0.035668
v -0.620708 1.333820 0.035668
v -0.620708 1.210291 0.035668
v -1.207300 1.457349 0.035668
v -0.968373 2.435916 0.035667
v -1.207300 2.435916 0.035667
v -0.156189 1.941691 0.035667
v -0.113433 1.948446 0.075022
v -0.125950 1.967296 0.075022
v -0.682211 1.901891 0.035667
v -0.614111 1.905475 -0.059575
v -0.684053 1.905475 0.035667
v -0.685176 0.750660 0.035668
v -0.615086 0.754527 -0.060291
v -0.685554 0.754527 0.035668
v -0.595163 1.888395 -0.045661
v -0.598279 1.937527 -0.047949
v -0.609250 1.930591 -0.056006
v -0.337503 0.598052 0.035668
v -0.611281 0.739998 -0.057496
v -0.601319 0.731018 -0.050181
v -0.604208 0.776551 -0.052302
v -0.165494 1.950390 0.035667
v -0.337503 2.069588 0.035667
v -0.484417 1.888395 0.035667
v -0.175353 0.831653 0.035667
v -0.175353 0.904794 0.087826
v -0.175353 0.904794 0.035667
v -0.659684 1.937527 0.035667
v -0.601319 1.936621 -0.050182
v -0.156189 0.725949 0.035668
v -0.606873 0.774524 -0.054260
v -0.672912 0.774524 0.035668
v -0.595163 0.729809 -0.045660
v -0.620708 0.729809 0.035668
v -0.484417 0.729809 0.035668
v -0.612914 0.765749 -0.058696
v -0.679697 0.769056 0.035668
v -0.682211 0.765749 0.035668
v -0.654887 0.729809 0.035668
v -0.598279 0.730113 -0.047949
v -0.659684 0.730113 0.035668
v -0.752863 1.457349 0.055410
v -0.733122 2.435916 0.035667
v -0.752863 2.435916 0.055409
v -0.679697 1.927642 0.035667
v -0.612914 1.924335 -0.058697
v -0.611281 1.927642 -0.057497
v -0.614111 0.762165 -0.059575
v -0.684053 0.762165 0.035668
v -0.351307 0.493662 0.075023
v -0.390663 0.231724 0.035668
v -0.351307 0.231724 0.075023
v -0.604208 1.891089 -0.052303
v -0.668809 1.891089 0.035667
v -0.682211 1.924335 0.035667
v -0.614111 1.920751 -0.059575
v -0.606873 1.893116 -0.054260
v -0.672912 1.893116 0.035667
v -1.207300 1.210291 0.035668
v -1.207300 1.210290 0.087826
v -0.620708 1.937831 0.035667
v -0.484417 1.937831 0.035667
v -0.752863 0.231724 0.055410
v -0.733122 1.210291 0.035668
v -0.752863 1.210291 0.055410
v -0.102132 1.457349 0.075023
v -0.141487 1.333820 0.035668
v -0.102132 1.333820 0.075023
v -0.601319 0.731018 -0.050181
v -0.664363 0.731018 0.035668
v -0.351307 2.173977 0.075022
v -0.390663 2.435916 0.035667
v -0.390663 2.171103 0.035667
v -0.102132 1.762846 0.075022
v -0.141487 1.457349 0.035668
v -0.604208 0.732503 -0.052302
v -0.668809 0.732503 0.035668
v -0.375059 2.114597 0.035667
v -0.327489 2.114103 0.075022
v -0.340007 2.132953 0.075022
v -0.676572 1.930591 0.035667
v -0.611281 1.927642 -0.057497
v -0.609250 1.930591 -0.056006
v -0.143338 1.917150 0.035667
v -0.148486 1.930090 0.035667
v -0.337503 2.069588 0.035667
v -0.357729 2.088499 0.035667
v -0.685176 0.758394 0.035668
v -0.143338 1.917150 0.035667
v -0.102132 1.907422 0.075022
v -0.105069 1.927421 0.075022
v -0.654887 1.888395 0.035667
v -0.598279 1.888699 -0.047949
v -0.679697 0.739998 0.035668
v -0.612914 0.743305 -0.058696
v -0.609250 0.772005 -0.056005
v -0.676572 0.772005 0.035668
v -0.595163 0.779245 -0.045660
v -0.620708 0.779245 0.035668
v -0.733122 1.333820 0.035668
v -0.752863 0.231724 0.068292
v -0.611281 0.769056 -0.057496
v -0.679697 0.769056 0.035668
v -0.348370 0.513662 0.075023
v -0.386640 0.523933 0.035668
v -0.968373 1.457349 0.035668
v -0.948632 1.333820 0.055410
v -0.948632 1.457349 0.055410
v -0.948632 0.231724 0.055410
v -0.601319 0.778035 -0.050181
v -0.614840 0.750660 -0.060110
v -0.752863 1.333820 0.055410
v -0.733122 1.457349 0.035668
v -0.664363 1.936621 0.035667
v -0.604208 1.935137 -0.052303
v -0.679697 1.898584 0.035667
v -0.612914 1.901891 -0.058697
v -0.102132 0.831653 0.075023
v -0.141487 0.831653 0.035668
v -0.390663 0.496537 0.035668
v -0.348370 0.513662 0.075023
v -0.386640 0.523933 0.035668
v -0.752863 1.210291 0.055410
v -0.733122 1.333820 0.035668
v -0.676572 1.895635 0.035667
v -0.611281 1.898584 -0.057497
v -0.679697 1.898584 0.035667
v -0.614840 0.758394 -0.060110
v -0.102132 0.831653 0.075023
v -0.102132 0.831653 0.087826
v -0.175353 0.831653 0.087826
v -0.165494 0.717249 0.035668
v -0.148486 0.737550 0.035668
v -0.141487 0.763092 0.035668
v -0.672912 1.933110 0.035667
v -0.606873 1.933110 -0.054260
v -0.606873 0.734529 -0.054260
v -0.141487 1.457349 0.035668
v -0.620708 1.457349 0.035668
v -0.609250 1.895635 -0.056006
v -0.348370 2.153978 0.075022
v -0.386640 2.143707 0.035667
v -0.620708 1.888395 0.035667
v -0.595163 1.888395 -0.045661
v -0.733122 1.457349 0.035668
v -0.348370 2.153978 0.075022
v -0.668809 1.935137 0.035667
v -0.614840 1.909246 -0.060111
v -0.948632 2.435916 0.055409
v -0.684053 1.920751 0.035667
v 0.165494 1.950390 0.035667
v 0.312724 2.100298 0.075022
v 0.140715 1.981101 0.075022
v 0.664363 0.778035 0.035668
v 0.604208 0.776551 -0.052302
v 0.668809 0.776551 0.035668
v 0.615086 1.913113 -0.060291
v 0.685176 1.909246 0.035667
v 0.685554 1.913113 0.035667
v 0.102132 0.904794 0.075023
v 0.141487 1.210290 0.035668
v 0.102132 1.210290 0.075023
v 0.968373 1.333820 0.035668
v 0.948632 1.210291 0.055410
v 0.968373 1.210291 0.035668
v 0.682211 0.743305 0.035668
v 0.614111 0.746889 -0.059575
v 0.612914 0.743305 -0.058696
v 0.685554 0.754527 0.035668
v 0.685176 0.750660 0.035668
v 0.733122 0.231724 0.035668
v 0.312724 0.567342 0.075023
v 0.165494 0.717250 0.035668
v 0.140715 0.686539 0.075023
v 0.654887 0.779245 0.035668
v 0.598279 0.778941 -0.047949
v 0.659684 0.778941 0.035668
v 0.375059 0.553043 0.035668
v 0.327489 0.553537 0.075023
v 0.340007 0.534687 0.075023
v 0.601319 1.889604 -0.050182
v 0.659684 1.888699 0.035667
v 0.664363 1.889604 0.035667
v 0.672912 0.734529 0.035668
v 0.609250 0.737049 -0.056005
v 0.606873 0.734529 -0.054260
v 0.685554 1.913113 0.035667
v 0.685176 1.909246 0.035667
v 0.733122 1.457349 0.035668
v 1.207300 1.457349 0.035668
v 1.207300 1.333820 0.087826
v 1.207300 1.457349 0.087826
v 1.207300 1.333820 0.035668
v 0.968373 1.210291 0.035668
v 1.207300 1.210291 0.035668
v 0.143338 0.750490 0.035668
v 0.102132 0.760218 0.075023
v 0.105069 0.740219 0.075023
v 0.752863 1.457349 0.055410
v 0.752863 1.333820 0.055410
v 0.752863 1.333820 0.068292
v 0.654887 1.937831 0.035667
v 0.598279 1.937527 -0.047949
v 0.659684 1.937527 0.035667
v 0.948632 0.231724 0.068292
v 0.948631 0.231724 0.055410
v 0.948632 1.210291 0.055410
v 0.948632 1.457349 0.055410
v 0.948631 2.435916 0.055409
v 0.948632 2.435916 0.068291
v 0.141487 1.904547 0.035667
v 0.102132 1.835987 0.075022
v 0.141487 1.835987 0.035667
v 0.968373 0.231724 0.035668
v 1.207300 0.231724 0.035668
v 0.676572 0.737049 0.035668
v 0.611281 0.739998 -0.057496
v 0.948632 1.333820 0.068292
v 0.752863 2.435916 0.068291
v 0.752863 1.333820 0.068292
v 0.143338 0.750490 0.035668
v 0.113433 0.719194 0.075023
v 0.148486 0.737550 0.035668
v 0.175353 1.835987 0.035667
v 0.175353 1.762846 0.087825
v 0.175353 1.762846 0.035667
v 0.102132 1.835987 0.075022
v 0.102132 1.835987 0.087825
v 0.175353 1.835987 0.087825
v 0.685176 1.916980 0.035667
v 0.620708 1.210291 0.035668
v 0.141487 1.333820 0.035668
v 0.141487 1.210290 0.035668
v 1.207300 1.457349 0.035668
v 0.968373 2.435916 0.035667
v 0.968373 1.457349 0.035668
v 0.156190 1.941691 0.035667
v 0.113433 1.948446 0.075022
v 0.148486 1.930090 0.035667
v 0.614111 1.905475 -0.059575
v 0.682211 1.901891 0.035667
v 0.684053 1.905475 0.035667
v 0.685176 0.750660 0.035668
v 0.615086 0.754527 -0.060291
v 0.614840 0.750660 -0.060110
v 0.611281 1.927642 -0.057497
v 0.601319 1.936621 -0.050182
v 0.604208 1.891089 -0.052303
v 0.337503 0.598052 0.035668
v 0.357729 0.579141 0.035668
v 0.595163 0.779245 -0.045660
v 0.609250 0.737049 -0.056005
v 0.612914 0.765749 -0.058696
v 0.165494 1.950390 0.035667
v 0.148486 1.930090 0.035667
v 0.141487 1.904547 0.035667
v 0.175353 0.904794 0.087826
v 0.175353 0.831653 0.035667
v 0.175353 0.904794 0.035667
v 0.601319 1.936621 -0.050182
v 0.664363 1.936621 0.035667
v 0.156190 0.725949 0.035668
v 0.125950 0.700344 0.075023
v 0.606873 0.774524 -0.054260
v 0.672912 0.774524 0.035668
v 0.620708 0.729809 0.035668
v 0.595163 0.729809 -0.045660
v 0.484417 0.729809 0.035668
v 0.679697 0.769056 0.035668
v 0.612914 0.765749 -0.058696
v 0.682211 0.765749 0.035668
v 0.654887 0.729809 0.035668
v 0.598279 0.730113 -0.047949
v 0.733122 2.435916 0.035667
v 0.752863 1.457349 0.055410
v 0.752863 2.435916 0.055409
v 0.679697 1.927642 0.035667
v 0.612914 1.924335 -0.058697
v 0.682211 1.924335 0.035667
v 0.614111 0.762165 -0.059575
v 0.684053 0.762165 0.035668
v 0.351307 0.493662 0.075023
v 0.390663 0.231724 0.035668
v 0.390663 0.496537 0.035668
v 0.604208 1.891089 -0.052303
v 0.668809 1.891089 0.035667
v 0.614111 1.920751 -0.059575
v 0.684053 1.920751 0.035667
v 0.606873 1.893115 -0.054260
v 0.672912 1.893115 0.035667
v 1.207300 1.210291 0.035668
v 1.207300 1.333820 0.035668
v 0.595163 1.937831 -0.045661
v 0.620708 1.937831 0.035667
v 0.484417 1.937831 0.035667
v 0.752863 1.210291 0.055410
v 0.733122 0.231724 0.035668
v 0.752863 0.231724 0.055409
v 0.102132 1.333820 0.075023
v 0.141487 1.457349 0.035668
v 0.102132 1.457349 0.075023
v 0.659684 0.730113 0.035668
v 0.601319 0.731018 -0.050181
v 0.351307 2.173977 0.075022
v 0.390663 2.435916 0.035667
v 0.351307 2.435916 0.075022
v 0.141487 1.762846 0.035667
v 0.102132 1.762846 0.075022
v 0.664363 0.731018 0.035668
v 0.604208 0.732503 -0.052302
v 0.375059 2.114597 0.035667
v 0.327489 2.114103 0.075022
v 0.357729 2.088499 0.035667
v 0.676572 1.930591 0.035667
v 0.611281 1.927642 -0.057497
v 0.679697 1.927642 0.035667
v 0.968373 1.333820 0.035668
v 0.143338 1.917149 0.035667
v 0.141487 1.333820 0.035668
v 0.337503 2.069588 0.035667
v 0.685176 0.758394 0.035668
v 0.685554 0.754527 0.035668
v 0.143338 1.917149 0.035667
v 0.102132 1.907422 0.075022
v 0.598279 1.888699 -0.047949
v 0.654887 1.888395 0.035667
v 0.679697 0.739998 0.035668
v 0.611281 0.739998 -0.057496
v 0.609250 0.772005 -0.056005
v 0.676572 0.772005 0.035668
v 0.620708 0.779245 0.035668
v 0.595163 0.779245 -0.045660
v 0.733122 1.210291 0.035668
v 0.620708 1.333820 0.035668
v 0.752863 0.231724 0.068292
v 0.611281 0.769056 -0.057496
v 0.679697 0.769056 0.035668
v 0.348370 0.513662 0.075023
v 0.386640 0.523933 0.035668
v 0.948632 1.457349 0.055410
v 0.968373 1.457349 0.035668
v 0.948631 0.231724 0.055410
v 0.601319 0.778035 -0.050181
v 0.684053 0.746889 0.035668
v 0.733122 1.457349 0.035668
v 0.752863 1.333820 0.055410
v 0.604208 1.935137 -0.052303
v 0.668809 1.935137 0.035667
v 0.612914 1.901891 -0.058697
v 0.679697 1.898584 0.035667
v 0.102132 0.831653 0.075023
v 0.141487 0.763093 0.035668
v 0.141487 0.831653 0.035668
v 0.348370 0.513662 0.075023
v 0.752863 1.210291 0.055410
v 0.733122 1.210291 0.035668
v 0.611281 1.898584 -0.057497
v 0.676572 1.895634 0.035667
v 0.679697 1.898584 0.035667
v 0.614840 0.758394 -0.060110
v 0.175353 0.831653 0.087826
v 0.102132 0.831653 0.075023
v 0.141487 0.831653 0.035668
v 0.165494 0.717250 0.035668
v 0.337503 0.598052 0.035668
v 0.484417 0.779245 0.035668
v 0.672912 1.933110 0.035667
v 0.609250 1.930591 -0.056006
v 0.668809 0.732503 0.035668
v 0.141487 1.457349 0.035668
v 0.620708 1.457349 0.035668
v 0.609250 1.895635 -0.056006
v 0.348370 2.153978 0.075022
v 0.386640 2.143707 0.035667
v 0.595163 1.888395 -0.045661
v 0.620708 1.888395 0.035667
v 0.733122 1.333820 0.035668
v 0.390663 2.171103 0.035667
v 0.348370 2.153978 0.075022
v 0.386640 2.143707 0.035667
v 0.606873 1.933110 -0.054260
v 0.614840 1.909246 -0.060111
v 0.948631 2.435916 0.055409
v 0.614840 1.916980 -0.060111
v 1.363572 1.002894 0.060973
v 1.625523 1.155112 0.086351
v 1.298894 1.040115 0.054707
v 1.299877 1.609156 0.054802
v 1.298894 1.596738 0.087826
v 1.298894 1.596738 0.054707
v 1.302795 1.620056 0.055085
v 1.299877 1.609156 0.087826
v 1.307559 1.629105 0.055547
v 1.302795 1.620056 0.087826
v 1.314026 1.636028 0.056173
v 1.307559 1.629105 0.087826
v 1.321998 1.640616 0.056945
v 1.314026 1.636028 0.087825
v 1.314026 1.636028 0.056173
v 1.331233 1.642729 0.057840
v 1.321998 1.640616 0.087825
v 1.341451 1.642302 0.058830
v 1.331233 1.642729 0.087825
v 1.352341 1.639349 0.059885
v 1.341451 1.642302 0.087825
v 1.363572 1.633959 0.060973
v 1.352341 1.639349 0.087825
v -1.352340 1.639348 0.059885
v -1.363572 1.633959 0.060973
v -1.298894 1.596738 0.054707
v -1.298894 1.596738 0.087826
v -1.299877 1.609156 0.054802
v -1.298894 1.596738 0.054707
v -1.299877 1.609156 0.087826
v -1.302794 1.620056 0.055085
v -1.302794 1.620056 0.087826
v -1.307559 1.629105 0.055547
v -1.307559 1.629105 0.087826
v -1.314026 1.636028 0.056173
v -1.314026 1.636028 0.087825
v -1.321998 1.640616 0.056945
v -1.314026 1.636028 0.056173
v -1.321998 1.640616 0.087825
v -1.331233 1.642728 0.057840
v -1.331233 1.642728 0.087825
v -1.341450 1.642302 0.058830
v -1.341450 1.642302 0.087825
v -1.352340 1.639348 0.059885
v -1.352340 1.639348 0.087825
v -1.363572 1.633959 0.060973
v 1.314026 1.000825 0.056173
v 1.307559 1.007748 0.087826
v 1.314026 1.000825 0.087826
v -1.321997 0.996237 0.087826
v -1.331233 0.994124 0.057840
v -1.331233 0.994124 0.087826
v -1.625523 1.481741 0.086351
v -1.363572 1.633959 0.087826
v -1.625523 1.481741 0.087826
v 1.341451 0.994551 0.058830
v 1.331233 0.994124 0.087826
v 1.341451 0.994551 0.087826
v -1.314025 1.000825 0.087826
v -1.321997 0.996237 0.056945
v 1.331233 0.994124 0.057840
v 1.321998 0.996237 0.087826
v -1.298894 1.040115 0.087826
v 1.302795 1.016797 0.055085
v 1.299877 1.027696 0.087826
v 1.302794 1.016797 0.087826
v 1.307559 1.007748 0.055547
v -1.307559 1.007748 0.087826
v -1.314025 1.000825 0.056173
v -1.314025 1.000825 0.087826
v -1.625523 1.155112 0.086351
v -1.625523 1.481741 0.087826
v -1.625523 1.155112 0.087826
v -1.302794 1.016797 0.087826
v -1.307559 1.007748 0.055547
v 1.625523 1.481741 0.086351
v 1.625523 1.155112 0.087826
v 1.625523 1.481741 0.087826
v 1.352341 0.997504 0.059885
v 1.352341 0.997504 0.087826
v -1.363572 1.002894 0.087826
v -1.625523 1.155112 0.086351
v -1.625523 1.155112 0.087826
v -1.299876 1.027696 0.087826
v -1.302794 1.016797 0.055085
v -1.341450 0.994551 0.058830
v -1.341450 0.994551 0.087826
v 1.363572 1.002894 0.060973
v 1.363572 1.002894 0.087826
v 1.298894 1.040115 0.054707
v 1.298894 1.040115 0.087826
v 1.299877 1.027696 0.054802
v 1.363572 1.633959 0.087826
v 1.625523 1.481741 0.086351
v 1.625523 1.481741 0.087826
v 1.321998 0.996237 0.056945
v 1.314026 1.000825 0.087826
v -1.352340 0.997504 0.087826
v -1.363571 1.002894 0.060973
v -1.299876 1.027696 0.054802
v 1.625523 1.155112 0.086351
v 1.625523 1.155112 0.087826
v -1.352340 0.997504 0.059885
v -0.340007 0.534687 0.075023
v -0.348370 0.513662 0.087826
v -0.340007 0.534687 0.087826
v -1.207299 1.040115 0.087826
v -0.102132 0.760218 0.075023
v -0.105069 0.740219 0.087826
v -0.102132 0.760218 0.087826
v -0.105069 1.927421 0.075022
v -0.102132 1.907422 0.087825
v -0.105069 1.927421 0.087825
v 0.351307 0.231724 0.087826
v 0.351307 0.493662 0.075023
v 0.351307 0.493663 0.087826
v -0.102132 1.762846 0.075022
v -0.175353 1.762846 0.087825
v -0.141487 1.762846 0.035667
v -0.125950 0.700344 0.075023
v -0.140715 0.686539 0.087826
v -0.125950 0.700344 0.087826
v 0.312724 0.567342 0.087826
v 0.140715 0.686539 0.075023
v 0.140715 0.686539 0.087826
v -0.327489 2.114103 0.075022
v -0.312724 2.100298 0.087825
v -0.327489 2.114103 0.087825
v 0.351307 0.231724 0.087826
v 0.752863 0.231724 0.068292
v 0.620708 0.231724 0.035668
v 0.102132 0.760218 0.075023
v 0.102132 0.831653 0.087826
v 0.102132 0.760218 0.087826
v -0.351307 0.493662 0.075023
v -0.351307 0.231724 0.087826
v -0.351307 0.493662 0.087826
v 1.207300 2.435916 0.087825
v 0.348370 2.153978 0.087825
v 0.351307 2.173977 0.075022
v 0.351307 2.173977 0.087825
v 0.340007 0.534687 0.075023
v 0.327489 0.553537 0.087826
v 0.340007 0.534687 0.087826
v -0.113433 0.719194 0.087826
v -0.125950 0.700344 0.075023
v -0.125950 0.700344 0.087826
v -0.948632 0.231724 0.068292
v -0.968373 0.231724 0.035668
v -1.207300 0.231724 0.087826
v -0.125950 1.967296 0.075022
v -0.113433 1.948446 0.087825
v -0.125950 1.967296 0.087825
v 0.125950 0.700344 0.075023
v 0.125950 0.700344 0.087826
v 0.102132 1.835987 0.075022
v 0.102132 1.907422 0.087825
v 0.102132 1.835987 0.087825
v -0.102132 1.762846 0.075022
v -0.102132 1.457349 0.087826
v -0.102132 1.762846 0.087825
v -0.140715 0.686539 0.075023
v -0.312724 0.567342 0.087826
v -0.351307 2.435916 0.087825
v -0.752863 2.435916 0.068291
v -0.620708 2.435916 0.035667
v 0.113433 1.948446 0.075022
v 0.125950 1.967295 0.087825
v 0.113433 1.948446 0.087825
v 0.327489 0.553537 0.075023
v 0.327489 0.553537 0.087826
v 0.102132 1.907422 0.075022
v 0.105069 1.927421 0.087825
v -0.340007 2.132953 0.075022
v -0.327489 2.114103 0.087825
v -0.340007 2.132953 0.087825
v -0.140715 1.981101 0.075022
v -0.125950 1.967296 0.087825
v -0.140715 1.981101 0.087825
v -0.102132 1.907422 0.075022
v -0.102132 1.835987 0.087825
v 0.113433 0.719194 0.087826
v 0.105069 0.740219 0.075023
v 0.105069 0.740219 0.087826
v -0.102132 1.333820 0.075023
v -0.102132 1.210290 0.087826
v -0.102132 1.333820 0.087826
v -0.105069 0.740219 0.075023
v -0.348370 0.513662 0.075023
v -0.141487 0.904794 0.035668
v -0.175353 0.904794 0.035667
v -0.175353 0.904794 0.087826
v 0.125950 0.700344 0.087826
v 0.113433 0.719194 0.075023
v 0.351307 2.435916 0.075022
v 0.351307 2.435916 0.087825
v 0.125950 1.967296 0.075022
v 0.140715 1.981101 0.087825
v 0.125950 1.967295 0.087825
v -0.351307 2.435916 0.087825
v -0.351307 2.173977 0.075022
v -0.351307 2.173977 0.087825
v -0.327489 0.553536 0.075023
v -0.327489 0.553536 0.087826
v -0.102132 1.457349 0.075023
v 0.340007 2.132953 0.075022
v 0.340007 2.132953 0.087825
v -0.312724 2.100298 0.075022
v 0.348370 0.513662 0.075023
v 0.348370 0.513662 0.087826
v 0.312724 2.100298 0.087825
v 0.327489 2.114103 0.075022
v 0.327489 2.114103 0.087825
v -0.102132 0.831653 0.075023
v -0.102132 0.831653 0.087826
v -0.312724 0.567342 0.075023
v -0.327489 0.553536 0.087826
v 0.327489 2.114103 0.075022
v 0.327489 2.114103 0.087825
v -0.102132 0.904794 0.075023
v -0.102132 0.904794 0.087826
v -0.102132 1.040115 0.087826
v 0.140715 1.981101 0.075022
v -1.207300 1.457349 0.087826
v -1.207300 2.435916 0.035667
v -1.207300 2.435916 0.087825
v -0.348370 2.153978 0.075022
v -0.348370 2.153978 0.087825
v 0.141487 1.762846 0.035667
v 0.175353 1.762846 0.035667
v 0.175353 1.762846 0.087825
v -0.113433 1.948446 0.075022
v 0.102132 1.333820 0.075023
v 0.102132 1.457349 0.087826
v 0.102132 1.333820 0.087826
v 0.102132 1.210290 0.075023
v 0.102132 1.210290 0.087826
v 0.102132 1.040115 0.087826
v 0.102132 0.904794 0.075023
v 0.175353 0.904794 0.087826
v 0.141487 0.904794 0.035668
v 1.207300 0.231724 0.035668
v 1.207300 0.231724 0.087826
v 1.207300 1.040115 0.087826
v 0.105069 1.927421 0.075022
v 0.948632 2.435916 0.068291
v 0.968373 2.435916 0.035667
v 1.207300 2.435916 0.087825
v 0.102132 1.457349 0.075023
v 0.102132 1.762846 0.087825
v 1.398605 2.150861 -0.006813
v 1.404908 2.150861 -0.006813
v 1.404908 2.150861 0.079556
v -1.345899 2.104361 0.087825
v -1.348260 2.105339 0.076356
v -1.348260 2.105339 0.087825
v 1.253017 2.150861 0.079555
v 1.259320 2.150861 -0.006813
v 1.259320 2.150861 0.087825
v -1.281681 2.418634 0.087825
v -1.292070 2.418634 0.087825
v 1.328962 2.080621 0.079555
v 1.316922 2.074329 0.087825
v 1.328962 2.074329 0.087825
v 1.343871 2.102805 0.076356
v 1.342315 2.100777 0.087825
v 1.343871 2.102805 0.087825
v 1.315610 2.100777 0.076356
v 1.314054 2.102805 0.087825
v 1.315610 2.100777 0.087825
v 1.253017 2.150861 0.087825
v 1.253017 2.074329 0.087825
v 1.345899 2.104361 0.076356
v 1.343871 2.102805 0.087825
v 1.345899 2.104361 0.087825
v -1.281681 2.369370 0.087825
v -1.281681 2.418634 0.087825
v 1.391447 2.153549 0.087825
v 1.372969 2.153549 -0.009157
v 1.372968 2.153549 0.087825
v 1.253016 2.345197 0.087825
v 1.253016 2.354744 0.087825
v -1.312026 2.104361 0.087825
v -1.314054 2.102805 0.076356
v -1.314054 2.102805 0.087825
v -1.404909 2.345197 0.087825
v -1.404909 2.354744 0.087825
v -1.372969 2.153549 -0.009157
v -1.391448 2.153549 0.087825
v -1.372969 2.153549 0.087825
v -1.376244 2.369370 0.067543
v -1.365856 2.369370 0.087825
v -1.376244 2.369370 0.087825
v 1.316588 2.098415 0.076356
v 1.316588 2.098415 0.087825
v -1.343871 2.102805 0.076356
v -1.343871 2.102805 0.087825
v 1.365856 2.369370 0.087825
v 1.376244 2.369370 0.067543
v 1.376244 2.369370 0.087825
v 1.292069 2.418634 0.087825
v 1.281681 2.418634 0.087825
v -1.253017 2.150861 0.087825
v -1.253017 2.074329 0.087825
v 1.281681 2.369370 0.087825
v 1.292069 2.369370 0.067543
v 1.292069 2.369370 0.087825
v -1.398605 2.241252 -0.075767
v -1.398605 2.221928 -0.068787
v -1.398605 2.233070 -0.074434
v 1.365856 2.418634 0.087825
v 1.376244 2.418634 0.087825
v -1.376244 2.418634 0.087825
v -1.365856 2.418634 0.087825
v 1.342315 2.100777 0.076356
v 1.341336 2.098415 0.087825
v 1.284956 2.153549 0.087825
v 1.266478 2.153549 -0.009157
v 1.266477 2.153549 0.087825
v 1.348260 2.105339 0.087825
v -1.314054 2.102805 0.076356
v -1.315610 2.100777 0.087825
v -1.314054 2.102805 0.087825
v 1.309665 2.105339 0.076356
v 1.307131 2.105673 0.087825
v 1.309665 2.105339 0.087825
v 1.314054 2.102805 0.076356
v 1.312026 2.104361 0.087825
v 1.314054 2.102805 0.087825
v -1.292069 2.369370 0.087825
v -1.281681 2.369370 0.067543
v -1.281681 2.369370 0.087825
v 1.365856 2.369370 0.087825
v 1.365856 2.418634 0.087825
v 1.398605 2.221928 -0.068787
v 1.398605 2.150861 -0.006813
v 1.398605 2.259836 0.087825
v -1.266478 2.153549 -0.009157
v -1.284957 2.153549 0.087825
v -1.266478 2.153549 0.087825
v -1.372969 2.080621 0.054440
v -1.372969 2.153549 -0.009157
v -1.372969 2.153549 0.087825
v 1.376244 2.369370 0.087825
v 1.376244 2.418634 0.087825
v -1.316922 2.080621 0.079555
v -1.328963 2.074329 0.087825
v -1.316922 2.074329 0.087825
v -1.376244 2.369370 0.087825
v -1.376244 2.418634 0.087825
v 1.341003 2.080621 0.079555
v 1.341003 2.074329 0.087825
v 1.372969 2.080621 0.079555
v 1.372968 2.153549 0.087825
v 1.372969 2.080621 0.054440
v 1.312026 2.104361 0.076356
v -1.284957 2.080621 0.079555
v -1.284957 2.153549 0.087825
v -1.284957 2.080621 0.054440
v -1.316589 2.098415 0.076356
v -1.316588 2.098415 0.087825
v -1.404909 2.150861 0.087825
v -1.404909 2.074329 0.087825
v -1.404909 2.150861 0.079556
v -1.398605 2.150861 -0.006813
v -1.398605 2.150861 0.087825
v -1.259320 2.150861 -0.006813
v -1.253017 2.150861 -0.006813
v -1.253017 2.150861 0.079555
v 1.404908 2.345197 0.087825
v 1.328962 2.435275 0.087825
v 1.253016 2.435275 0.087825
v 1.341336 2.098415 0.076356
v -1.309665 2.105339 0.076356
v -1.309665 2.105339 0.087825
v -1.341003 2.095881 0.076356
v -1.341337 2.098415 0.087825
v 1.281681 2.418634 0.087825
v 1.281681 2.369370 0.067543
v 1.281681 2.369370 0.087825
v -1.253017 2.345197 0.087825
v -1.253017 2.354744 0.087825
v 1.259320 2.241252 -0.075767
v 1.259320 2.221928 -0.068787
v 1.259320 2.233070 -0.074434
v -1.341337 2.098415 0.076356
v -1.342315 2.100777 0.087825
v 1.350794 2.105673 0.076356
v 1.404908 2.435275 0.067543
v 1.404908 2.435275 0.087825
v -1.328963 2.435275 0.087825
v -1.253017 2.435275 0.087825
v -1.328963 2.080621 0.079555
v -1.341003 2.074329 0.087825
v 1.284956 2.080621 0.054440
v 1.284956 2.153549 -0.009157
v 1.284956 2.153549 0.087825
v 1.292069 2.369370 0.087825
v 1.292069 2.418634 0.087825
v -1.259320 2.221928 -0.068787
v -1.259320 2.150861 -0.006813
v -1.259320 2.259836 0.087825
v -1.365856 2.418634 0.087825
v -1.365856 2.399618 0.087825
v -1.315610 2.100777 0.076356
v -1.404909 2.435275 0.087825
v -1.312026 2.104361 0.076356
v -1.292069 2.369370 0.087825
v -1.292070 2.399618 0.087825
v -1.343871 2.102805 0.076356
v -1.343871 2.102805 0.087825
v 1.404908 2.150861 0.087825
v 1.404908 2.074329 0.087825
v 1.643845 0.273464 0.082484
v 1.643845 0.352341 0.080954
v 1.643845 0.352341 0.087826
v -1.847719 0.440953 -0.037609
v -1.837746 0.440953 -0.037609
v -1.857047 0.440954 0.087826
v -1.713315 0.259634 0.087826
v -1.713315 0.239691 0.053307
v -1.713315 0.239691 0.087826
v -1.729925 0.352341 0.087826
v 1.564398 0.239691 0.053307
v 1.564398 0.290512 0.087826
v 1.564398 0.239691 0.087826
v -1.808122 0.259634 0.065681
v -1.808122 0.273464 0.065681
v -1.808123 0.273464 0.082484
v -1.858589 0.414738 0.080954
v -1.858590 0.414738 0.087826
v -1.751666 0.352341 0.087826
v -1.564397 0.290512 0.087826
v -1.564397 0.239691 0.053307
v -1.564397 0.239691 0.087826
v -1.643844 0.414738 0.080954
v -1.643844 0.352341 0.087826
v -1.643844 0.414738 0.087826
v 1.713316 0.239691 0.053307
v 1.713316 0.259634 0.087826
v 1.713316 0.239691 0.087826
v -1.564397 0.414738 0.087826
v -1.564397 0.358270 0.087826
v -1.673468 0.273464 0.082484
v -1.673469 0.259634 0.065681
v -1.673468 0.259634 0.087826
v 1.768277 0.259634 0.087826
v 1.768277 0.239691 0.053307
v 1.768277 0.239691 0.087826
v 1.858590 0.352341 0.080954
v 1.858590 0.414738 0.087826
v -1.643844 0.352341 0.080954
v -1.643844 0.273464 0.080954
v -1.643844 0.273464 0.082484
v 1.673469 0.268416 0.087826
v 1.643845 0.273464 0.082484
v 1.643845 0.268416 0.087826
v -1.609101 0.259634 0.065676
v -1.595615 0.259634 0.038269
v -1.623001 0.259634 0.051638
v 1.564398 0.358270 0.087826
v 1.564398 0.414738 0.087826
v 1.643845 0.440953 -0.037609
v 1.643845 0.440953 -0.047062
v 1.652955 0.440953 -0.047062
v 1.808123 0.273464 0.082484
v 1.808123 0.259634 0.065681
v 1.808123 0.259634 0.087826
v 1.837747 0.352341 0.080954
v 1.837747 0.273464 0.080954
v 1.837747 0.273464 0.082484
v 1.729925 0.352341 0.087826
v -1.751666 0.414738 0.080954
v -1.751666 0.414738 0.087826
v 1.917194 0.414738 0.087826
v 1.917194 0.358270 0.087826
v 1.837747 0.414738 0.080954
v 1.837747 0.352341 0.087826
v 1.837747 0.414738 0.087826
v 1.847719 0.440953 -0.037609
v 1.858590 0.440953 -0.037609
v 1.917194 0.440954 0.063244
v 1.623002 0.414738 0.087826
v -1.633872 0.440953 -0.037609
v -1.623001 0.440953 -0.037609
v -1.564397 0.440954 0.063244
v -1.729925 0.414738 0.080954
v -1.729925 0.414738 0.087826
v -1.837747 0.352341 0.087826
v -1.837746 0.414738 0.080954
v -1.837746 0.414738 0.087826
v 1.673469 0.259634 0.065681
v 1.673469 0.273464 0.065681
v 1.673469 0.273464 0.082484
v -1.917193 0.358270 0.087826
v -1.917193 0.414738 0.087826
v -1.837746 0.273464 0.082484
v -1.837746 0.352341 0.080954
v -1.623001 0.414738 0.080954
v -1.623001 0.414738 0.087826
v 1.837747 0.273464 0.082484
v 1.808123 0.268416 0.087826
v 1.837747 0.268416 0.087826
v -1.837746 0.259634 0.051638
v -1.808122 0.259634 0.065681
v -1.837746 0.259634 0.038269
v 1.751667 0.352341 0.087826
v 1.643845 0.259634 0.051638
v 1.673469 0.259634 0.065681
v 1.643845 0.259634 0.038269
v -1.768276 0.239691 0.053307
v -1.768276 0.259634 0.087826
v -1.768276 0.239691 0.087826
v 1.729925 0.414738 0.080954
v 1.729925 0.414738 0.087826
v 1.643845 0.414738 0.087826
v 1.751667 0.414738 0.080954
v 1.751667 0.414738 0.087826
v 1.808123 0.259634 0.065681
v 1.872490 0.259634 0.065676
v 1.837747 0.259634 0.051638
v 1.917194 0.290512 0.087826
v 1.917194 0.239691 0.053307
v 1.917194 0.239691 0.087826
v -1.808123 0.268415 0.087826
v -1.837746 0.273464 0.082484
v -1.837747 0.268415 0.087826
v -1.917193 0.239691 0.053307
v -1.917194 0.290512 0.087826
v -1.917193 0.255425 0.087826
v -1.643844 0.273464 0.082484
v -1.673468 0.268415 0.087826
v -1.643844 0.268415 0.087826
v 1.566941 2.059642 0.059733
v 1.663481 2.080967 0.087825
v 1.566941 2.080967 0.087825
v 1.570812 2.186276 0.039525
v 1.570812 2.141241 0.073712
v 1.602952 2.151954 0.087825
v 1.609761 2.282425 0.056628
v 1.611226 2.322431 0.087825
v 1.609761 2.323522 0.087825
v -1.851285 2.161519 0.087825
v -1.853361 2.200303 0.058003
v -1.853361 2.161017 0.087825
v 1.569616 2.360370 0.087825
v 1.568537 2.362063 0.087825
v 1.901570 2.422042 0.059733
v 1.805030 2.400717 0.087825
v 1.901570 2.400717 0.087825
v 1.570812 2.295407 0.039525
v 1.609761 2.282425 0.056628
v 1.602952 2.329730 0.087825
v -1.914413 2.328513 -0.011264
v -1.914413 2.329731 0.087825
v -1.914413 2.266857 0.087825
v 1.897699 2.295407 0.039525
v 1.897699 2.340443 0.073712
v 1.865559 2.329730 0.087825
v -1.554098 2.153171 -0.011264
v -1.554098 2.151954 0.087825
v -1.554098 2.228389 0.087825
v 1.898895 2.121314 0.087825
v 1.899974 2.119621 0.087825
v -1.914413 2.075518 0.087825
v -1.914413 2.104678 0.025546
v -1.914413 2.151954 0.087825
v -1.897699 2.359035 0.087825
v -1.898895 2.360370 0.087825
v -1.851285 2.281198 0.058245
v -1.849403 2.319992 0.087825
v -1.851285 2.320165 0.087825
v -1.899974 2.362063 0.087825
v -1.900831 2.363949 0.087825
v -1.566941 2.422042 0.059733
v -1.663481 2.400717 0.087825
v -1.566941 2.400717 0.087825
v -1.615150 2.200303 0.058003
v -1.617226 2.161519 0.087825
v -1.615150 2.161018 0.087825
v 1.734255 2.406166 0.087825
v -1.568537 2.362063 0.087825
v -1.567680 2.342240 0.071346
v -1.567680 2.363948 0.087825
v -1.567130 2.365841 0.087825
v -1.566941 2.367557 0.087825
v -1.901381 2.365842 0.087825
v -1.901570 2.367557 0.087825
v -1.734256 2.406166 0.087825
v 1.734256 2.056185 0.062357
v 1.734256 2.075518 0.087825
v -1.568537 2.119621 0.087825
v -1.567680 2.117735 0.087825
v 1.901381 2.365841 0.087825
v 1.901570 2.367557 0.087825
v 1.611226 2.159253 0.087825
v 1.609761 2.199259 0.056628
v 1.609761 2.158162 0.087825
v 1.897699 2.186276 0.039525
v 1.858750 2.199259 0.056628
v 1.865559 2.151954 0.087825
v -1.734256 2.328513 -0.011264
v -1.734256 2.253295 0.087825
v -1.613082 2.200017 0.057627
v -1.613083 2.160237 0.087825
v -1.617226 2.200486 0.058245
v -1.619108 2.161692 0.087825
v -1.609761 2.199259 0.056628
v -1.611226 2.159253 0.087825
v -1.609761 2.158162 0.087825
v -1.570812 2.122649 0.087825
v -1.569616 2.121314 0.087825
v 1.615150 2.161017 0.087825
v 1.613083 2.200017 0.057627
v 1.613083 2.160237 0.087825
v 1.734256 2.228389 0.087825
v -1.855428 2.200017 0.057627
v -1.855428 2.160237 0.087825
v -1.901570 2.059642 0.059733
v -1.805030 2.080967 0.087825
v -1.901570 2.080967 0.087825
v 1.567680 2.117735 0.087825
v 1.567130 2.115842 0.087825
v 1.567680 2.363948 0.087825
v 1.567130 2.365841 0.087825
v -1.615150 2.320666 0.087825
v -1.613082 2.281666 0.057627
v -1.613083 2.321447 0.087825
v 1.611226 2.199658 0.057153
v -1.914413 2.153171 -0.011264
v -1.914413 2.228389 0.087825
v -1.914413 2.214827 0.087825
v 1.914412 2.104678 0.025546
v 1.914413 2.075518 0.087825
v 1.914413 2.151954 0.087825
v 1.857285 2.322431 0.087825
v 1.858750 2.282425 0.056628
v 1.858750 2.323522 0.087825
v 1.611226 2.282026 0.057153
v 1.613083 2.321447 0.087825
v -1.805030 2.422042 0.059733
v -1.901570 2.400717 0.087825
v -1.849403 2.161692 0.087825
v -1.851285 2.200486 0.058245
v 1.566941 2.367557 0.087825
v -1.898895 2.121314 0.087825
v -1.899974 2.119621 0.087825
v 1.900831 2.363949 0.087825
v -1.734256 2.228389 0.087825
v -1.897699 2.186276 0.039525
v -1.897699 2.141241 0.073712
v -1.865559 2.151954 0.087825
v 1.855429 2.200017 0.057627
v 1.853361 2.161017 0.087825
v 1.855429 2.160237 0.087825
v 1.617226 2.281198 0.058245
v 1.619108 2.319992 0.087825
v 1.617226 2.320165 0.087825
v -1.857286 2.282026 0.057153
v -1.855428 2.321447 0.087825
v -1.857286 2.322431 0.087825
v 1.901570 2.059642 0.059733
v 1.901570 2.080967 0.087825
v 1.826189 2.080967 0.087825
v 1.897699 2.122649 0.087825
v 1.897699 2.141241 0.073712
v 1.855429 2.321447 0.087825
v 1.857285 2.282026 0.057153
v -1.554098 2.056185 0.062357
v -1.554098 2.075518 0.087825
v -1.554098 2.080685 0.087825
v 1.568537 2.119621 0.087825
v 1.569616 2.121314 0.087825
v 1.853361 2.320666 0.087825
v 1.855429 2.281666 0.057627
v 1.914413 2.329730 0.087825
v 1.914412 2.328513 -0.011264
v 1.914413 2.253295 0.087825
v 1.853361 2.200303 0.058003
v 1.851285 2.161519 0.087825
v 1.853023 2.161099 0.087825
v 1.613083 2.281666 0.057627
v 1.615150 2.320666 0.087825
v -1.900831 2.117735 0.087825
v -1.901381 2.138752 0.070434
v -1.901381 2.115842 0.087825
v 1.570812 2.122649 0.087825
v 1.569616 2.140752 0.073069
v 1.569616 2.121314 0.087825
v -1.569616 2.121314 0.087825
v -1.897699 2.122649 0.087825
v -1.898895 2.140753 0.073069
v -1.898895 2.121314 0.087825
v -1.570812 2.122649 0.087825
v -1.570812 2.141241 0.073712
v -1.602952 2.151954 0.087825
v 1.858750 2.199259 0.056628
v 1.857285 2.159252 0.087825
v 1.858750 2.158162 0.087825
v 1.554098 2.328513 -0.011264
v 1.554098 2.329730 0.087825
v 1.554098 2.253295 0.087825
v 1.570812 2.359035 0.087825
v 1.570812 2.340443 0.073712
v 1.734256 2.425498 0.062357
v -1.734256 2.075518 0.087825
v 1.899974 2.362063 0.087825
v 1.570812 2.359035 0.087825
v 1.569616 2.360370 0.087825
v 1.900831 2.117735 0.087825
v 1.901381 2.115842 0.087825
v 1.805030 2.153171 -0.011264
v 1.805030 2.228389 0.087825
v 1.898895 2.360370 0.087825
v 1.899974 2.341550 0.072254
v -1.897699 2.295408 0.039525
v -1.858750 2.282425 0.056628
v -1.865559 2.329731 0.087825
v -1.569616 2.360370 0.087825
v -1.914413 2.425498 0.062357
v -1.914413 2.406166 0.087825
v -1.914413 2.383398 0.087825
v -1.567130 2.115842 0.087825
v 1.849403 2.319992 0.087825
v 1.851285 2.281198 0.058245
v 1.851285 2.320165 0.087825
v 1.554098 2.075518 0.087825
v 1.554098 2.104678 0.025546
v 1.554098 2.151954 0.087825
v -1.611226 2.282026 0.057153
v -1.611226 2.322431 0.087825
v 1.853361 2.281381 0.058003
v -1.554098 2.329731 0.087825
v -1.554098 2.328513 -0.011264
v -1.554098 2.253295 0.087825
v -1.858750 2.282425 0.056628
v -1.858750 2.323522 0.087825
v 1.914412 2.153171 -0.011264
v 1.914413 2.228389 0.087825
v 1.615150 2.281381 0.058003
v -1.570812 2.359035 0.087825
v -1.569616 2.340931 0.073069
v -1.569616 2.360370 0.087825
v -1.857286 2.199658 0.057153
v -1.857286 2.159253 0.087825
v -1.897699 2.359035 0.087825
v -1.897699 2.340443 0.073712
v 1.805030 2.328513 -0.011264
v 1.734256 2.253295 0.087825
v 1.805030 2.253295 0.087825
v 1.897699 2.122649 0.087825
v 1.898895 2.121314 0.087825
v 1.566941 2.400717 0.087825
v 1.663481 2.400717 0.087825
v -1.609761 2.282425 0.056628
v -1.609761 2.323522 0.087825
v -1.898895 2.360370 0.087825
v -1.602952 2.329731 0.087825
v -1.570812 2.340443 0.073712
v -1.570812 2.359035 0.087825
v 1.857285 2.199658 0.057153
v -1.566941 2.080967 0.087825
v -1.663481 2.080967 0.087825
v 1.897699 2.359035 0.087825
v 1.898895 2.360370 0.087825
v -1.566941 2.114127 0.087825
v -1.853361 2.281381 0.058003
v -1.853361 2.320666 0.087825
v -1.897699 2.122649 0.087825
v 1.566941 2.138125 0.069608
v 1.566941 2.114127 0.087825
v 1.897699 2.359035 0.087825
v -1.734256 2.056185 0.062357
v 1.901570 2.114127 0.087825
v -1.570812 2.186276 0.039525
v -1.609761 2.199259 0.056628
v -1.858750 2.199259 0.056628
v -1.858750 2.158162 0.087825
v 1.805030 2.056185 0.062357
v 1.805030 2.075518 0.087825
v -1.619108 2.319992 0.087825
v -1.617226 2.281198 0.058245
v -1.617226 2.320165 0.087825
v 1.570812 2.122649 0.087825
v -1.901570 2.114127 0.087825
v 1.734256 2.328513 -0.011264
v -1.611226 2.199658 0.057153
v 1.554098 2.425498 0.062357
v 1.554098 2.406166 0.087825
v 1.554098 2.400999 0.087825
v -1.570812 2.295408 0.039525
v -1.615150 2.281381 0.058003
v 1.914412 2.377006 0.025546
v 1.914413 2.344420 0.087825
v 1.554098 2.153171 -0.011264
v 1.554098 2.228389 0.087825
v 1.617226 2.161519 0.087825
v 1.615150 2.200303 0.058003
v 1.619108 2.161692 0.087825
v 1.617226 2.200486 0.058245
v 1.851285 2.200486 0.058245
v 1.849403 2.161692 0.087825
v -1.855428 2.281666 0.057627
v -1.554098 2.377006 0.025546
v -1.554098 2.400999 0.087825
v -1.734256 2.153171 -0.011264
v -0.142642 0.461739 0.043002
v -0.250999 0.406985 0.043002
v -0.176028 0.396389 0.023178
v -0.176028 0.397270 0.026084
v -0.237033 0.397270 0.026084
v -0.222785 0.396389 0.023178
v -0.176028 0.406985 -0.011752
v -0.176028 0.461739 -0.011752
v -0.176028 0.471454 0.026084
v -0.250999 0.472335 0.023178
v -0.237033 0.471454 0.026084
v -0.250999 0.470132 0.030441
v -0.250999 0.461739 0.043002
v -0.240649 0.428623 0.044475
v -0.240649 0.423105 0.042801
v -0.240649 0.418020 0.040083
v -0.240649 0.413562 0.036425
v -0.240649 0.409904 0.031967
v -0.240649 0.407186 0.026882
v -0.240649 0.405512 0.021364
v -0.240649 0.405512 0.009886
v -0.240649 0.407186 0.004368
v -0.240649 0.409904 -0.000717
v -0.240649 0.413562 -0.005175
v -0.240649 0.418020 -0.008833
v -0.240649 0.423105 -0.011551
v -0.240649 0.428623 -0.013225
v -0.240649 0.440100 0.044475
v -0.240649 0.463777 0.015625
v -0.240649 0.440100 -0.013225
v -0.240649 0.445619 -0.011551
v -0.240649 0.450704 -0.008833
v -0.240649 0.455162 -0.005175
v -0.240649 0.458820 -0.000717
v -0.240649 0.461538 0.004368
v -0.240649 0.463212 0.009886
v -0.240649 0.463212 0.021364
v -0.240649 0.461538 0.026882
v -0.240649 0.458820 0.031967
v -0.240649 0.455162 0.036425
v -0.142642 0.413532 0.036455
v -0.125524 0.413533 0.036456
v -0.125524 0.418698 0.040694
v -0.240649 0.413562 0.036425
v -0.240649 0.405512 0.021364
v -0.240649 0.413562 -0.005175
v -0.240649 0.455162 -0.005175
v -0.240649 0.450704 -0.008833
v -0.240649 0.440100 0.044475
v -0.240649 0.413562 0.036425
v -0.240649 0.463777 0.015625
v -0.240649 0.455162 0.036425
v -0.240649 0.458820 0.031967
v -0.240649 0.413562 -0.005175
v -0.142642 0.417996 0.040118
v -0.142642 0.450728 0.040118
v -0.222785 0.406985 -0.011752
v -0.250999 0.406985 -0.011752
v -0.222785 0.441915 -0.022348
v -0.222785 0.461739 -0.011752
v -0.250999 0.461739 -0.011752
v -0.250999 0.419545 -0.020145
v 0.000000 0.455191 0.036456
v 0.000000 0.413533 0.036456
v 0.000000 0.418698 0.040694
v 0.000000 0.461739 0.043002
v 0.000000 0.406985 0.043002
v 0.142642 0.450728 0.040118
v 0.240649 0.455162 0.036425
v 0.125524 0.412852 0.047817
v 0.250999 0.472335 0.023178
v 0.222785 0.472335 0.023178
v 0.240649 0.428623 0.044475
v 0.240649 0.404947 0.015625
v 0.240649 0.428623 -0.013225
v 0.240649 0.423105 -0.011551
v 0.240649 0.418020 -0.008833
v 0.240649 0.413562 -0.005175
v 0.240649 0.409904 -0.000717
v 0.240649 0.407186 0.004368
v 0.240649 0.405512 0.009886
v 0.240649 0.405512 0.021364
v 0.240649 0.407186 0.026882
v 0.240649 0.409904 0.031967
v 0.240649 0.413562 0.036425
v 0.240649 0.440100 0.044475
v 0.240649 0.445619 0.042801
v 0.240649 0.450704 0.040083
v 0.240649 0.455162 0.036425
v 0.240649 0.458820 0.031967
v 0.240649 0.461538 0.026882
v 0.240649 0.463212 0.021364
v 0.240649 0.463212 0.009886
v 0.240649 0.461538 0.004368
v 0.240649 0.458820 -0.000717
v 0.240649 0.455162 -0.005175
v 0.240649 0.450704 -0.008833
v 0.240649 0.445619 -0.011551
v 0.240649 0.440100 -0.013225
v 0.240649 0.413562 0.036425
v 0.176028 0.396389 0.023178
v 0.250999 0.461739 0.043002
v 0.138685 0.413532 -0.005205
v 0.138685 0.450026 0.040694
v 0.176028 0.455872 -0.016567
v 0.176028 0.461739 -0.011752
v 0.176028 0.397270 0.026084
v 0.237033 0.397270 0.026084
v 0.250999 0.470132 0.030441
v 0.250999 0.406985 0.043002
v 0.138685 0.455192 0.036455
v 0.176028 0.406985 -0.011752
v 0.237033 0.471454 0.026084
v 0.176028 0.471454 0.026084
v 0.240649 0.455162 -0.005175
v 0.240649 0.413562 -0.005175
v 0.142642 0.417996 0.040118
v 0.222785 0.406985 -0.011752
v 0.142642 0.417996 0.040118
v 0.250999 0.406985 -0.011752
v 0.142642 0.445635 0.042840
v 0.222785 0.461739 -0.011752
v 0.250999 0.461739 -0.011752
v 1.805030 2.281134 0.058328
v 1.901570 2.331970 -0.008640
v 1.901570 2.298523 0.035421
v 1.897699 2.295407 0.039525
v 1.901381 2.297896 0.036247
v 1.900831 2.297204 0.037159
v 1.899974 2.296515 0.038067
v 1.898895 2.295896 0.038882
v 1.857285 2.282026 0.057153
v 1.855429 2.281666 0.057627
v 1.853361 2.281381 0.058003
v 1.851285 2.281198 0.058245
v 1.901570 2.377006 0.025546
v 1.805030 2.281134 0.058328
v 1.805030 2.286644 0.062511
v 1.805030 2.319992 0.087825
v 1.734256 2.319992 0.087825
v 1.805030 2.290333 0.065311
v 1.663481 2.281134 0.058328
v 1.849403 2.319992 0.087825
v 1.734256 2.331970 -0.008640
v 1.566941 2.377006 0.025546
v 1.554098 2.253295 0.087825
v 1.617226 2.281198 0.058245
v 1.613083 2.281666 0.057627
v 1.611226 2.282026 0.057153
v 1.570812 2.295407 0.039525
v 1.566941 2.331970 -0.008640
v 1.569616 2.295896 0.038882
v 1.566941 2.298523 0.035421
v 1.568537 2.296515 0.038067
v 1.567680 2.297204 0.037159
v 1.567130 2.297896 0.036247
v 1.897699 2.340443 0.073712
v 1.663481 2.286644 0.062511
v 1.663481 2.281134 0.058328
v 1.663481 2.319992 0.087825
v 1.663481 2.290333 0.065311
v 1.734256 2.422042 0.059733
v 1.570812 2.295407 0.039525
v 1.569616 2.295896 0.038882
v 1.566941 2.422042 0.059733
v 1.566941 2.343559 0.069608
v 1.914413 2.406166 0.087825
v 1.619108 2.319992 0.087825
v 1.901570 2.422042 0.059733
v 1.901570 2.400717 0.087825
v 1.554098 2.406166 0.087825
v 1.805030 2.200549 0.058328
v 1.851285 2.200486 0.058245
v 1.855429 2.200017 0.057627
v 1.857285 2.199658 0.057153
v 1.897699 2.186276 0.039525
v 1.901570 2.149714 -0.008640
v 1.898895 2.185788 0.038882
v 1.901570 2.183161 0.035421
v 1.899974 2.185169 0.038067
v 1.900831 2.184480 0.037159
v 1.901381 2.183788 0.036247
v 1.901570 2.104678 0.025546
v 1.805030 2.195040 0.062511
v 1.805030 2.200549 0.058328
v 1.734256 2.161692 0.087825
v 1.805030 2.161692 0.087825
v 1.805030 2.191350 0.065311
v 1.663481 2.200549 0.058328
v 1.849403 2.161692 0.087825
v 1.734256 2.149714 -0.008640
v 1.566941 2.104678 0.025546
v 1.805030 2.080967 0.087825
v 1.554098 2.228389 0.087825
v 1.566941 2.149714 -0.008640
v 1.566941 2.183161 0.035421
v 1.570812 2.186276 0.039525
v 1.567130 2.183788 0.036247
v 1.567680 2.184480 0.037159
v 1.568537 2.185169 0.038067
v 1.569616 2.185788 0.038882
v 1.611226 2.199658 0.057153
v 1.613083 2.200017 0.057627
v 1.615150 2.200303 0.058003
v 1.617226 2.200486 0.058245
v 1.897699 2.141241 0.073712
v 1.663481 2.200549 0.058328
v 1.663481 2.195040 0.062511
v 1.663481 2.161692 0.087825
v 1.663481 2.191350 0.065311
v 1.734256 2.059642 0.059733
v 1.566941 2.059642 0.059733
v 1.566941 2.080967 0.087825
v 1.619108 2.161692 0.087825
v 1.898895 2.140752 0.073069
v 1.901570 2.059642 0.059733
v 1.901570 2.138125 0.069608
v 1.554098 2.075518 0.087825
v -1.914413 2.253295 0.087825
v -1.805030 2.281134 0.058328
v -1.851285 2.281198 0.058245
v -1.855428 2.281666 0.057627
v -1.857286 2.282026 0.057153
v -1.897699 2.295408 0.039525
v -1.901570 2.331970 -0.008640
v -1.898895 2.295896 0.038882
v -1.901570 2.298523 0.035421
v -1.899974 2.296515 0.038067
v -1.900831 2.297204 0.037159
v -1.901381 2.297896 0.036247
v -1.901570 2.377006 0.025546
v -1.805030 2.286644 0.062511
v -1.805030 2.281134 0.058328
v -1.734256 2.319992 0.087825
v -1.805030 2.319992 0.087825
v -1.805030 2.290333 0.065311
v -1.663481 2.281134 0.058328
v -1.849403 2.319992 0.087825
v -1.734256 2.331970 -0.008640
v -1.566941 2.377006 0.025546
v -1.554098 2.253295 0.087825
v -1.566941 2.331970 -0.008640
v -1.566941 2.298523 0.035421
v -1.570812 2.295408 0.039525
v -1.567130 2.297896 0.036247
v -1.567680 2.297204 0.037159
v -1.568537 2.296515 0.038067
v -1.569616 2.295896 0.038882
v -1.611226 2.282026 0.057153
v -1.613082 2.281666 0.057627
v -1.615150 2.281381 0.058003
v -1.617226 2.281198 0.058245
v -1.897699 2.295408 0.039525
v -1.663481 2.281134 0.058328
v -1.663481 2.286644 0.062511
v -1.663481 2.319992 0.087825
v -1.663481 2.290333 0.065311
v -1.734256 2.422042 0.059733
v -1.569616 2.340931 0.073069
v -1.566941 2.422042 0.059733
v -1.566941 2.400717 0.087825
v -1.914413 2.406166 0.087825
v -1.619108 2.319992 0.087825
v -1.898895 2.340931 0.073069
v -1.901570 2.422042 0.059733
v -1.901570 2.343559 0.069608
v -1.554098 2.406166 0.087825
v -1.914413 2.228389 0.087825
v -1.805030 2.200550 0.058328
v -1.901570 2.149714 -0.008640
v -1.901570 2.183161 0.035421
v -1.897699 2.186276 0.039525
v -1.901381 2.183788 0.036247
v -1.900831 2.184480 0.037159
v -1.899974 2.185169 0.038067
v -1.898895 2.185788 0.038882
v -1.857286 2.199658 0.057153
v -1.855428 2.200017 0.057627
v -1.853361 2.200303 0.058003
v -1.851285 2.200486 0.058245
v -1.901570 2.104678 0.025546
v -1.805030 2.200550 0.058328
v -1.805030 2.195040 0.062511
v -1.805030 2.161692 0.087825
v -1.734256 2.161692 0.087825
v -1.805030 2.191351 0.065311
v -1.663481 2.200550 0.058328
v -1.849403 2.161692 0.087825
v -1.734256 2.149714 -0.008640
v -1.566941 2.104678 0.025546
v -1.554098 2.153171 -0.011264
v -1.617226 2.200486 0.058245
v -1.613082 2.200017 0.057627
v -1.611226 2.199658 0.057153
v -1.570812 2.186276 0.039525
v -1.566941 2.149714 -0.008640
v -1.569616 2.185788 0.038882
v -1.566941 2.183161 0.035421
v -1.568537 2.185169 0.038067
v -1.567680 2.184480 0.037159
v -1.567130 2.183788 0.036247
v -1.663481 2.195040 0.062511
v -1.663481 2.200550 0.058328
v -1.663481 2.161692 0.087825
v -1.663481 2.191351 0.065311
v -1.734256 2.059642 0.059733
v -1.570812 2.186276 0.039525
v -1.569616 2.140753 0.073069
v -1.566941 2.080967 0.087825
v -1.566941 2.059642 0.059733
v -1.566941 2.138125 0.069608
v -1.914413 2.075518 0.087825
v -1.619108 2.161692 0.087825
v -1.901570 2.059642 0.059733
v -1.901570 2.080967 0.087825
v -1.554098 2.075518 0.087825
v 1.729925 0.252228 0.057222
v 1.751667 0.252228 0.080955
v 1.729925 0.252228 0.080955
v 1.751667 0.252228 0.057222
v 1.740796 0.414737 -0.037608
v 1.740796 0.377991 -0.037608
v 1.623002 0.273464 0.080954
v 1.643845 0.273464 0.080954
v 1.828638 0.372799 -0.016985
v 1.828638 0.329081 -0.016985
v 1.837747 0.350641 -0.016985
v 1.837747 0.329081 -0.016985
v 1.847719 0.350641 -0.016985
v 1.854617 0.350641 -0.016985
v 1.854617 0.382587 0.026063
v 1.661838 0.290512 0.026063
v 1.564398 0.239691 0.053307
v 1.623002 0.398997 -0.047061
v 1.610688 0.398997 -0.047061
v 1.610688 0.398997 0.013689
v 1.626975 0.398997 0.013689
v 1.917194 0.290511 0.014986
v 1.564398 0.290511 0.014986
v 1.652955 0.398997 0.013689
v 1.661838 0.398997 0.013689
v 1.713316 0.239691 0.087826
v 1.661838 0.290512 0.026063
v 1.652955 0.329081 0.026063
v 1.643845 0.293551 0.026063
v 1.643845 0.290512 0.026063
v 1.633873 0.293551 0.026063
v 1.623002 0.290512 0.026063
v 1.610688 0.290512 0.026063
v 1.643845 0.290512 0.026063
v 1.661838 0.382587 0.026063
v 1.626975 0.382587 0.026063
v 1.652955 0.329081 -0.016985
v 1.652955 0.372799 -0.016985
v 1.652955 0.398997 -0.016986
v 1.626975 0.398997 -0.016986
v 1.626975 0.350641 -0.016985
v 1.643845 0.329081 -0.016985
v 1.652955 0.372799 0.026063
v 1.661838 0.398997 -0.047061
v 1.661838 0.382587 0.026063
v 1.652955 0.382587 0.026063
v 1.626975 0.329081 -0.000728
v 1.626975 0.329081 0.026063
v 1.633873 0.329081 -0.000728
v 1.652955 0.329081 0.026063
v 1.626975 0.329081 0.026063
v 1.643845 0.398997 -0.047061
v 1.626975 0.382587 0.026063
v 1.564398 0.372798 -0.047061
v 1.610688 0.372798 -0.047061
v 1.623002 0.398997 -0.047061
v 1.837747 0.414737 -0.047061
v 1.828638 0.414737 -0.047061
v 1.837747 0.273464 0.080954
v 1.870905 0.290511 0.014986
v 1.870905 0.398997 -0.047061
v 1.858590 0.398997 -0.047061
v 1.858590 0.398997 -0.037608
v 1.854617 0.398997 -0.037608
v 1.872490 0.268416 0.087826
v 1.858590 0.273464 0.080954
v 1.870905 0.372798 -0.047061
v 1.870905 0.398997 -0.047061
v 1.828638 0.329081 -0.016985
v 1.837747 0.259634 0.051638
v 1.837747 0.293551 0.026063
v 1.819754 0.398997 -0.047061
v 1.751667 0.239691 0.087826
v 1.885977 0.239691 0.087826
v 1.610688 0.398997 0.013689
v 1.652955 0.398997 0.013689
v 1.610688 0.398997 -0.047061
v 1.837747 0.259634 0.038269
v 1.837747 0.290511 0.014986
v 1.819754 0.372798 -0.047061
v 1.756616 0.239691 0.053307
v 1.768277 0.239691 0.053307
v 1.751667 0.239691 0.053307
v 1.643845 0.290511 0.014986
v 1.643845 0.259634 0.038269
v 1.713316 0.239691 0.053307
v 1.724977 0.239691 0.053307
v 1.729925 0.239691 0.053307
v 1.661838 0.372798 -0.047061
v 1.595616 0.239691 0.087826
v 1.872490 0.273464 0.065675
v 1.609102 0.273464 0.065675
v 1.609102 0.273464 0.082484
v 1.623002 0.273464 0.080954
v 1.623002 0.273464 0.082484
v 1.633873 0.273464 0.080954
v 1.673469 0.273464 0.065681
v 1.609102 0.273464 0.065675
v 1.609102 0.273464 0.065675
v 1.609102 0.259634 0.065676
v 1.751667 0.414738 0.080954
v 1.740796 0.414738 0.080954
v 1.740796 0.414737 -0.037608
v 1.751667 0.414737 -0.037608
v 1.751667 0.414737 -0.047061
v 1.828638 0.414737 -0.047061
v 1.837747 0.414738 0.087826
v 1.751667 0.414738 0.087826
v 1.847719 0.414738 0.080954
v 1.847719 0.414737 -0.037608
v 1.837747 0.414738 0.080954
v 1.837747 0.414737 -0.037608
v 1.837747 0.414737 -0.047061
v 1.858590 0.414737 -0.047061
v 1.917194 0.414737 -0.047061
v 1.917194 0.414738 0.087826
v 1.858590 0.414738 0.087826
v 1.858590 0.273464 0.082484
v 1.872490 0.273464 0.082484
v 1.808123 0.273464 0.065681
v 1.837747 0.273464 0.080954
v 1.808123 0.273464 0.082484
v 1.837747 0.273464 0.082484
v 1.729925 0.239691 0.053307
v 1.917194 0.239691 0.087826
v 1.623002 0.293551 0.026063
v 1.623002 0.290511 0.014986
v 1.652955 0.414737 -0.047061
v 1.870905 0.372798 -0.047061
v 1.917194 0.372798 -0.047061
v 1.917194 0.414737 -0.047061
v 1.643845 0.414737 -0.047061
v 1.610688 0.290511 0.014986
v 1.643845 0.293551 0.026063
v 1.643845 0.259634 0.051638
v 1.609102 0.273464 0.082484
v 1.626975 0.329081 -0.000728
v 1.623002 0.398997 -0.037608
v 1.623002 0.273464 0.080954
v 1.623002 0.268415 0.087826
v 1.837747 0.290512 0.026063
v 1.819754 0.382587 0.026063
v 1.828638 0.398997 -0.047061
v 1.837747 0.398997 -0.047061
v 1.819754 0.290512 0.026063
v 1.837747 0.290512 0.026063
v 1.837747 0.293551 0.026063
v 1.847719 0.293551 0.026063
v 1.828638 0.329081 0.026063
v 1.858590 0.290512 0.026063
v 1.819754 0.290512 0.026063
v 1.870905 0.290511 0.014986
v 1.854617 0.329081 0.026063
v 1.854617 0.329081 -0.000728
v 1.847719 0.329081 -0.000728
v 1.837747 0.329081 -0.016985
v 1.854617 0.329081 -0.000728
v 1.858590 0.273464 0.080954
v 1.858590 0.398997 -0.037608
v 1.828638 0.398997 0.013689
v 1.870905 0.398997 0.013689
v 1.872490 0.259634 0.065676
v 1.872490 0.273464 0.065675
v 1.858590 0.293551 0.026063
v 1.858590 0.259634 0.051638
v 1.854617 0.382587 0.026063
v 1.854617 0.329081 0.026063
v 1.828638 0.398997 -0.016986
v 1.828638 0.398997 0.013689
v 1.837747 0.398997 -0.037608
v 1.595616 0.259634 0.038269
v 1.564398 0.239691 0.053307
v 1.588088 0.239691 0.053307
v 1.595616 0.239691 0.053307
v 1.858590 0.398997 -0.037608
v 1.858590 0.414737 -0.037608
v 1.661838 0.372798 -0.047061
v 1.729925 0.414738 0.080954
v 1.729925 0.414738 0.087826
v 1.643845 0.414738 0.087826
v 1.643845 0.414738 0.080954
v 1.633873 0.414738 0.080954
v 1.643845 0.414737 -0.037608
v 1.633873 0.414737 -0.037608
v 1.729925 0.414737 -0.037608
v 1.652955 0.414737 -0.047061
v 1.729925 0.414737 -0.047061
v 1.643845 0.414737 -0.047061
v 1.623002 0.414738 0.087826
v 1.564398 0.414738 0.087826
v 1.564398 0.414737 -0.047061
v 1.623002 0.414737 -0.047061
v 1.643845 0.398997 -0.037608
v 1.751667 0.414737 -0.037608
v 1.858590 0.290511 0.014986
v 1.858590 0.259634 0.038269
v 1.885977 0.239691 0.053307
v 1.751667 0.414737 -0.047061
v 1.623002 0.398997 -0.037608
v 1.740796 0.429460 0.087826
v 1.740796 0.429459 -0.037609
v 1.729925 0.429459 -0.037609
v 1.729925 0.429459 -0.047062
v 1.652955 0.429459 -0.047062
v 1.643845 0.429459 -0.047062
v 1.643845 0.429459 -0.037609
v 1.633873 0.429459 -0.037609
v 1.564398 0.429460 0.087826
v 1.623002 0.429459 -0.047062
v 1.917194 0.429460 0.087826
v 1.729925 0.440953 -0.047062
v 1.564398 0.440953 -0.047062
v 1.729925 0.440953 -0.037609
v 1.564398 0.440953 -0.047062
v 1.917194 0.440953 -0.047062
v 1.623002 0.440953 -0.047062
v 1.751667 0.440953 -0.047062
v 1.623002 0.440953 -0.037609
v 1.751667 0.440953 -0.037609
v 1.858590 0.440953 -0.047062
v 1.751667 0.429459 -0.037609
v 1.917194 0.429460 0.087826
v 1.917194 0.429460 0.063244
v 1.917194 0.429459 -0.047061
v 1.858590 0.429459 -0.037609
v 1.858590 0.429459 -0.047061
v 1.847719 0.429459 -0.037609
v 1.751667 0.429459 -0.047062
v 1.858590 0.440953 -0.037609
v 1.643845 0.440953 -0.047062
v 1.837747 0.440953 -0.037609
v 1.643845 0.440953 -0.047062
v 1.837747 0.440953 -0.047062
v 1.564398 0.429460 0.087826
v -1.729925 0.252228 0.057222
v -1.751666 0.252228 0.080955
v -1.729925 0.252228 0.080955
v -1.740795 0.414737 -0.037608
v -1.740795 0.377991 -0.037608
v -1.623001 0.352341 0.080954
v -1.643844 0.273464 0.080954
v -1.610687 0.290511 0.014986
v -1.828637 0.329080 -0.016985
v -1.828637 0.372799 -0.016985
v -1.828637 0.398997 -0.016986
v -1.854617 0.398997 -0.016986
v -1.854617 0.350641 -0.016985
v -1.837746 0.329080 -0.016985
v -1.751666 0.239691 0.053307
v -1.854617 0.382587 0.026063
v -1.661837 0.290511 0.026063
v -1.564397 0.239691 0.087826
v -1.610687 0.398997 -0.047061
v -1.623001 0.398997 -0.047061
v -1.623001 0.398997 -0.037608
v -1.626974 0.398997 -0.037608
v -1.917193 0.290511 0.014986
v -1.564397 0.290511 0.014986
v -1.652954 0.398997 0.013689
v -1.652954 0.398997 -0.047061
v -1.724976 0.239691 0.087826
v -1.661837 0.290511 0.026063
v -1.643844 0.290511 0.026063
v -1.643844 0.293551 0.026063
v -1.633872 0.293551 0.026063
v -1.652954 0.329081 0.026063
v -1.623001 0.290511 0.026063
v -1.610687 0.372798 -0.047061
v -1.643844 0.290511 0.014986
v -1.661837 0.382587 0.026063
v -1.626974 0.382587 0.026063
v -1.652954 0.372799 -0.016985
v -1.652954 0.329080 -0.016985
v -1.643844 0.350641 -0.016985
v -1.643844 0.329080 -0.016985
v -1.633872 0.350641 -0.016985
v -1.626974 0.350641 -0.016985
v -1.652954 0.329080 -0.016985
v -1.661837 0.398997 -0.047061
v -1.652954 0.398997 -0.016986
v -1.626974 0.329081 0.026063
v -1.626974 0.329081 -0.000728
v -1.633872 0.329081 -0.000728
v -1.643844 0.329080 -0.016985
v -1.626974 0.329081 0.026063
v -1.643844 0.398997 -0.047061
v -1.626974 0.382587 0.026063
v -1.610687 0.372798 -0.047061
v -1.564397 0.372798 -0.047061
v -1.564397 0.414737 -0.047061
v -1.837746 0.414737 -0.047061
v -1.828637 0.414737 -0.047061
v -1.837746 0.273464 0.080954
v -1.870904 0.290511 0.014986
v -1.858589 0.398997 -0.047061
v -1.870904 0.398997 -0.047061
v -1.870904 0.398997 0.013689
v -1.854616 0.398997 0.013689
v -1.872490 0.268415 0.087826
v -1.870904 0.398997 -0.047061
v -1.828637 0.372799 0.026063
v -1.837746 0.293551 0.026063
v -1.837746 0.259634 0.051638
v -1.819754 0.398997 -0.047061
v -1.819754 0.382587 0.026063
v -1.885976 0.239691 0.087826
v -1.610687 0.398997 0.013689
v -1.652954 0.398997 0.013689
v -1.610687 0.398997 -0.047061
v -1.837746 0.290511 0.014986
v -1.837746 0.259634 0.038269
v -1.768276 0.239691 0.053307
v -1.756615 0.239691 0.053307
v -1.751666 0.239691 0.053307
v -1.819754 0.372798 -0.047061
v -1.643844 0.259634 0.038269
v -1.643844 0.290511 0.014986
v -1.661837 0.372798 -0.047061
v -1.724976 0.239691 0.053307
v -1.713315 0.239691 0.053307
v -1.729925 0.239691 0.053307
v -1.595615 0.239691 0.087826
v -1.872489 0.273464 0.065675
v -1.623001 0.273464 0.082484
v -1.609101 0.273464 0.082484
v -1.673469 0.273464 0.065681
v -1.643844 0.273464 0.080954
v -1.673468 0.273464 0.082484
v -1.643844 0.273464 0.082484
v -1.609101 0.273464 0.065675
v -1.609101 0.259634 0.065676
v -1.609101 0.273464 0.065675
v -1.740795 0.414737 -0.037608
v -1.740795 0.414738 0.080954
v -1.751666 0.414738 0.080954
v -1.751666 0.414738 0.087826
v -1.837746 0.414738 0.087826
v -1.837746 0.414738 0.080954
v -1.847719 0.414738 0.080954
v -1.837746 0.414737 -0.037608
v -1.847719 0.414737 -0.037608
v -1.751666 0.414737 -0.037608
v -1.828637 0.414737 -0.047061
v -1.751666 0.414737 -0.047061
v -1.837746 0.414737 -0.047061
v -1.858590 0.414738 0.087826
v -1.865546 0.414738 0.087826
v -1.917193 0.414738 0.087826
v -1.917193 0.414737 -0.047061
v -1.858589 0.414737 -0.047061
v -1.870904 0.290511 0.026063
v -1.872489 0.273464 0.065675
v -1.872489 0.273464 0.082484
v -1.858589 0.273464 0.080954
v -1.858589 0.273464 0.082484
v -1.847719 0.273464 0.080954
v -1.808122 0.273464 0.065681
v -1.917193 0.239691 0.087826
v -1.623001 0.293551 0.026063
v -1.623001 0.259634 0.051638
v -1.652954 0.414737 -0.047061
v -1.917193 0.372798 -0.047061
v -1.870904 0.372798 -0.047061
v -1.858589 0.398997 -0.047061
v -1.643844 0.414737 -0.047061
v -1.610687 0.290511 0.014986
v -1.643844 0.259634 0.051638
v -1.643844 0.293551 0.026063
v -1.609101 0.268415 0.087826
v -1.626974 0.329081 -0.000728
v -1.623001 0.398997 -0.037608
v -1.623001 0.414737 -0.037608
v -1.623001 0.273464 0.080954
v -1.623001 0.352341 0.080954
v -1.837746 0.290511 0.026063
v -1.819754 0.382587 0.026063
v -1.837746 0.398997 -0.047061
v -1.819754 0.290511 0.026063
v -1.828637 0.329081 0.026063
v -1.837746 0.293551 0.026063
v -1.837746 0.290511 0.026063
v -1.847719 0.293551 0.026063
v -1.858589 0.290511 0.026063
v -1.819754 0.290511 0.026063
v -1.870904 0.290511 0.014986
v -1.854616 0.329081 -0.000728
v -1.828637 0.329081 0.026063
v -1.828637 0.329080 -0.016985
v -1.837746 0.329080 -0.016985
v -1.854617 0.350641 -0.016985
v -1.858589 0.273464 0.080954
v -1.858589 0.268415 0.087826
v -1.858589 0.398997 -0.037608
v -1.828637 0.398997 0.013689
v -1.819754 0.398997 0.013689
v -1.854616 0.398997 0.013689
v -1.872489 0.273464 0.065675
v -1.872489 0.259634 0.065676
v -1.858589 0.293551 0.026063
v -1.858589 0.290511 0.014986
v -1.854617 0.382587 0.026063
v -1.854616 0.329081 0.026063
v -1.828637 0.382587 0.026063
v -1.828637 0.398997 0.013689
v -1.837746 0.398997 -0.037608
v -1.768276 0.239691 0.087826
v -1.623001 0.290511 0.014986
v -1.623001 0.259634 0.038269
v -1.595615 0.239691 0.053307
v -1.858589 0.398997 -0.037608
v -1.729925 0.414737 -0.047061
v -1.729925 0.414738 0.080954
v -1.729925 0.414737 -0.037608
v -1.729925 0.414737 -0.047061
v -1.652954 0.414737 -0.047061
v -1.643844 0.414738 0.087826
v -1.729925 0.414738 0.087826
v -1.643844 0.414738 0.080954
v -1.633872 0.414738 0.080954
v -1.633872 0.414737 -0.037608
v -1.643844 0.414737 -0.037608
v -1.643844 0.414737 -0.047061
v -1.623001 0.414737 -0.047061
v -1.564397 0.414737 -0.047061
v -1.564397 0.414738 0.087826
v -1.623001 0.414738 0.087826
v -1.643844 0.398997 -0.037608
v -1.885976 0.239691 0.053307
v -1.858589 0.290511 0.014986
v -1.858589 0.259634 0.038269
v -1.819754 0.372798 -0.047061
v -1.623001 0.398997 -0.037608
v -1.729925 0.414737 -0.037608
v -1.729925 0.429459 -0.037609
v -1.740795 0.429459 -0.037609
v -1.740795 0.429460 0.087826
v -1.564397 0.429460 0.087826
v -1.564397 0.429460 0.063244
v -1.564397 0.429459 -0.047062
v -1.623001 0.429459 -0.037609
v -1.623001 0.429459 -0.047062
v -1.633872 0.429459 -0.037609
v -1.729925 0.429459 -0.047061
v -1.917193 0.440954 0.087826
v -1.729925 0.429459 -0.047061
v -1.564397 0.440953 -0.047062
v -1.729925 0.440953 -0.037609
v -1.917193 0.440953 -0.047062
v -1.623001 0.429459 -0.047062
v -1.751666 0.440953 -0.037609
v -1.623001 0.440953 -0.037609
v -1.751666 0.440953 -0.037609
v -1.858589 0.440953 -0.037609
v -1.751666 0.429459 -0.037609
v -1.751666 0.429459 -0.047061
v -1.828637 0.429459 -0.047061
v -1.837746 0.429459 -0.047061
v -1.837746 0.429459 -0.037609
v -1.847719 0.429459 -0.037609
v -1.860773 0.429460 0.087826
v -1.917193 0.429460 0.087826
v -1.858589 0.429459 -0.047061
v -1.858589 0.440953 -0.037609
v -1.643844 0.440953 -0.037609
v -1.837746 0.440953 -0.037609
v -1.643844 0.440953 -0.047062
v -1.837746 0.440953 -0.047062
v -1.564397 0.440954 0.087826
v 1.300202 2.102805 0.087825
v 1.302230 2.104361 0.087825
v 1.316922 2.080621 0.076356
v 1.316922 2.095881 0.076356
v 1.370503 2.264055 -0.040776
v 1.359055 2.250312 0.034286
v 1.328963 2.254167 -0.075421
v 1.346009 2.384477 -0.056856
v 1.352291 2.227853 -0.000396
v 1.276533 2.268444 -0.059057
v 1.260460 2.284258 -0.040931
v 1.267312 2.329994 0.011490
v 1.287769 2.343442 0.026905
v 1.287769 2.343442 0.026905
v 1.367756 2.240242 0.013803
v 1.387709 2.291364 -0.009474
v 1.352291 2.273758 0.052219
v 1.346009 2.328542 -0.075767
v 1.358654 2.231286 0.003539
v 1.370952 2.250805 0.025911
v 1.352291 2.314316 0.016833
v 1.383237 2.276584 -0.026415
v 1.260460 2.284258 -0.040931
v 1.274688 2.306144 0.007466
v 1.328962 2.080621 0.079555
v 1.341003 2.080621 0.079555
v 1.372969 2.080621 0.079555
v 1.372969 2.080621 0.054440
v 1.360591 2.080621 0.079555
v 1.328963 2.387877 -0.052960
v 1.359604 2.367978 -0.075767
v 1.359055 2.371640 -0.071569
v 1.357309 2.375424 -0.067232
v 1.354474 2.378912 -0.063235
v 1.350658 2.381968 -0.059732
v 1.346009 2.384477 -0.056856
v 1.370156 2.376461 -0.001902
v 1.383237 2.306144 0.007466
v 1.328963 2.223201 -0.005729
v 1.357309 2.375424 -0.067232
v 1.345031 2.225302 -0.003320
v 1.328962 2.278410 0.057551
v 1.367756 2.261369 0.038020
v 1.305634 2.268411 -0.035782
v 1.370145 2.296749 -0.003302
v 1.305634 2.314316 0.016833
v 1.295625 2.255455 0.040180
v 1.290169 2.240242 0.013803
v 1.337154 2.318438 0.021558
v 1.337154 2.264289 -0.040506
v 1.367756 2.240242 0.013803
v 1.357309 2.238658 0.020928
v 1.341003 2.095881 0.076356
v 1.341003 2.080621 0.076356
v 1.340704 2.265013 0.051135
v 1.337154 2.277880 0.056943
v 1.322977 2.387489 -0.053404
v 1.317221 2.386341 -0.054720
v 1.311916 2.384477 -0.056856
v 1.307267 2.381968 -0.059732
v 1.303451 2.378912 -0.063235
v 1.300616 2.375424 -0.067232
v 1.352291 2.273758 0.052219
v 1.298870 2.250312 0.034285
v 1.340704 2.227741 0.008415
v 1.311916 2.229605 0.010552
v 1.311916 2.263149 0.048998
v 1.340704 2.386341 -0.054720
v 1.365856 2.407131 -0.025611
v 1.328963 2.320676 -0.075767
v 1.340704 2.324229 -0.075767
v 1.334949 2.321573 -0.075767
v 1.346009 2.328542 -0.075767
v 1.350658 2.334346 -0.075767
v 1.354474 2.341418 -0.075767
v 1.357309 2.349487 -0.075767
v 1.359055 2.358242 -0.075767
v 1.316922 2.080621 0.079555
v 1.284956 2.080621 0.054440
v 1.284956 2.080621 0.079555
v 1.297334 2.080621 0.079555
v 1.260460 2.407131 -0.072822
v 1.398138 2.407131 -0.075767
v 1.322977 2.321573 -0.075767
v 1.298321 2.367978 -0.075767
v 1.298280 2.367347 -0.075767
v 1.298870 2.358242 -0.075767
v 1.300616 2.349487 -0.075767
v 1.303451 2.341418 -0.075767
v 1.307267 2.334346 -0.075767
v 1.376244 2.418634 0.039059
v 1.376244 2.418634 0.057996
v 1.300588 2.407131 -0.019569
v 1.367756 2.261369 0.038020
v 1.292069 2.407131 -0.025611
v 1.287769 2.388691 -0.012573
v 1.404908 2.435275 0.087825
v 1.404908 2.435275 0.067543
v 1.259787 2.407131 -0.075767
v 1.391447 2.080621 0.079555
v 1.357723 2.102805 0.087825
v 1.253016 2.435275 0.087825
v 1.292069 2.407131 0.033874
v 1.328962 2.407131 0.033874
v 1.253017 2.407131 0.033873
v 1.281681 2.418634 0.039058
v 1.281681 2.407131 0.033874
v 1.391447 2.074329 0.087825
v 1.391448 2.153549 -0.009157
v 1.391447 2.074329 0.087825
v 1.376244 2.418634 0.057996
v 1.404908 2.407131 0.033874
v 1.376244 2.407131 0.033874
v 1.376244 2.407131 -0.035292
v 1.381392 2.407131 -0.040899
v 1.398138 2.407131 -0.075767
v 1.281681 2.407131 0.033874
v 1.253017 2.407131 -0.075767
v 1.267312 2.407131 -0.055810
v 1.259787 2.407131 -0.075767
v 1.260460 2.407131 -0.072822
v 1.253017 2.080621 0.054440
v 1.253017 2.080621 0.079555
v 1.266478 2.153549 -0.009157
v 1.266477 2.074329 0.087825
v 1.376244 2.407131 -0.035292
v 1.370156 2.388691 -0.012573
v 1.292069 2.388691 -0.009523
v 1.292069 2.407131 -0.025611
v 1.292069 2.418634 0.039058
v 1.281681 2.418634 0.039058
v 1.281681 2.407131 -0.035292
v 1.376244 2.388691 0.057996
v 1.253017 2.435275 0.046559
v 1.281681 2.407131 -0.035292
v 1.292069 2.407131 -0.025611
v 1.300588 2.407131 -0.019569
v 1.328963 2.407131 -0.012078
v 1.365856 2.407131 -0.025611
v 1.292069 2.418634 0.039058
v 1.376244 2.388691 -0.019204
v 1.365856 2.388691 0.057996
v 1.292069 2.388691 0.057996
v 1.281681 2.388691 -0.019204
v 1.253017 2.150861 -0.006813
v 1.404908 2.080621 0.054440
v 1.404908 2.150861 -0.006813
v 1.372969 2.153549 -0.009157
v 1.328962 2.080621 0.054440
v 1.372969 2.080621 0.054440
v 1.281681 2.369370 0.067543
v 1.365856 2.407131 0.033874
v 1.376244 2.407131 0.033874
v 1.404908 2.407131 0.033874
v 1.365856 2.418634 0.057996
v 1.365856 2.418634 0.039058
v 1.365856 2.407131 -0.025611
v 1.404908 2.150861 -0.006813
v 1.259320 2.150861 -0.006813
v 1.253017 2.150861 -0.006813
v 1.253017 2.080621 0.054440
v 1.266477 2.080621 0.054440
v 1.266478 2.153549 -0.009157
v 1.284956 2.080621 0.054440
v 1.253017 2.259837 -0.075767
v 1.259320 2.259837 -0.075767
v 1.294524 2.268079 -0.075767
v 1.328963 2.241252 -0.075767
v 1.314497 2.256731 -0.075767
v 1.300588 2.263149 -0.075767
v 1.328963 2.254563 -0.075767
v 1.287769 2.273571 -0.075767
v 1.253017 2.407131 -0.075767
v 1.254816 2.367347 -0.075767
v 1.276533 2.287597 -0.075767
v 1.256241 2.389349 -0.075767
v 1.259787 2.407131 -0.075767
v 1.267312 2.304688 -0.075767
v 1.264737 2.312017 -0.075767
v 1.253016 2.259836 0.087825
v 1.253017 2.407131 -0.075767
v 1.316922 2.095881 0.076356
v 1.316922 2.080621 0.076356
v 1.297334 2.080621 0.076356
v 1.297334 2.095881 0.076356
v 1.297668 2.098415 0.076356
v 1.298646 2.100777 0.076356
v 1.302230 2.104361 0.076356
v 1.304591 2.105339 0.076356
v 1.307130 2.105673 0.076356
v 1.312026 2.104361 0.076356
v 1.314054 2.102805 0.076356
v 1.315610 2.100777 0.076356
v 1.297334 2.080621 0.076356
v 1.297334 2.074329 0.087825
v 1.284956 2.074329 0.087825
v 1.398605 2.259836 0.087825
v 1.343428 2.256731 -0.075767
v 1.398605 2.259837 -0.075767
v 1.363401 2.268079 -0.075767
v 1.357337 2.263149 -0.075767
v 1.404909 2.407131 -0.075767
v 1.403109 2.367347 -0.075767
v 1.398138 2.407131 -0.075767
v 1.401684 2.389349 -0.075767
v 1.401684 2.345344 -0.075767
v 1.397465 2.324186 -0.075767
v 1.393188 2.312017 -0.075767
v 1.370156 2.273571 -0.075767
v 1.404909 2.407131 -0.075767
v 1.404908 2.259836 0.087825
v 1.360591 2.080621 0.076356
v 1.341003 2.080621 0.076356
v 1.341336 2.098415 0.076356
v 1.342315 2.100777 0.076356
v 1.343871 2.102805 0.076356
v 1.348260 2.105339 0.076356
v 1.350794 2.105673 0.076356
v 1.353334 2.105339 0.076356
v 1.355695 2.104361 0.076356
v 1.357723 2.102805 0.076356
v 1.359279 2.100777 0.076356
v 1.360257 2.098415 0.076356
v 1.360591 2.080621 0.076356
v 1.372969 2.074329 0.087825
v -1.300202 2.102805 0.076356
v -1.307131 2.105673 0.076356
v -1.316922 2.095881 0.076356
v -1.316922 2.080621 0.076356
v -1.328963 2.254167 -0.075421
v -1.367756 2.240242 0.013803
v -1.383237 2.276584 -0.026415
v -1.346009 2.229605 0.010552
v -1.352291 2.314316 0.016833
v -1.352291 2.268411 -0.035782
v -1.397465 2.407131 -0.072822
v -1.306481 2.255682 -0.050372
v -1.274688 2.276584 -0.026415
v -1.274688 2.276584 -0.026415
v -1.274688 2.306144 0.007466
v -1.274688 2.306144 0.007466
v -1.287423 2.318673 0.021827
v -1.306481 2.327045 0.031423
v -1.290170 2.301928 0.002634
v -1.381392 2.268444 -0.059056
v -1.320771 2.318438 0.021557
v -1.341003 2.080621 0.079555
v -1.328963 2.080621 0.079555
v -1.372969 2.080621 0.054440
v -1.372969 2.080621 0.079555
v -1.360591 2.080621 0.079555
v -1.328962 2.387877 -0.052960
v -1.334948 2.387489 -0.053404
v -1.340704 2.386341 -0.054720
v -1.346009 2.384477 -0.056856
v -1.350658 2.381968 -0.059732
v -1.354474 2.378912 -0.063235
v -1.357309 2.375424 -0.067232
v -1.287780 2.285978 -0.015647
v -1.362300 2.255455 0.040180
v -1.305635 2.268411 -0.035782
v -1.401684 2.312422 -0.008650
v -1.312894 2.276309 0.055143
v -1.287780 2.256191 0.032084
v -1.383237 2.306144 0.007466
v -1.298870 2.250312 0.034285
v -1.370156 2.343442 0.026905
v -1.357337 2.347947 0.032068
v -1.299272 2.231286 0.003539
v -1.305635 2.273758 0.052219
v -1.294050 2.266142 0.043490
v -1.312894 2.225302 -0.003320
v -1.299272 2.270325 0.048284
v -1.290170 2.261369 0.038019
v -1.286973 2.250805 0.025911
v -1.290170 2.240242 0.013803
v -1.299272 2.231286 0.003539
v -1.322977 2.226593 0.007099
v -1.353334 2.105339 0.087825
v -1.307267 2.260640 0.046123
v -1.341003 2.080621 0.076356
v -1.300616 2.238658 0.020927
v -1.357337 2.407131 -0.019568
v -1.298321 2.367978 -0.075767
v -1.298870 2.371640 -0.071569
v -1.300616 2.375424 -0.067232
v -1.303451 2.378912 -0.063235
v -1.307267 2.381968 -0.059732
v -1.311916 2.384477 -0.056856
v -1.322977 2.387489 -0.053404
v -1.311916 2.328542 -0.075767
v -1.311916 2.384477 -0.056856
v -1.311916 2.384477 -0.056856
v -1.287769 2.376461 -0.001903
v -1.365856 2.407131 -0.025611
v -1.370156 2.388691 -0.012573
v -1.334949 2.321573 -0.075767
v -1.328963 2.320676 -0.075767
v -1.359604 2.367978 -0.075767
v -1.359645 2.367347 -0.075767
v -1.359056 2.358242 -0.075767
v -1.357309 2.349486 -0.075767
v -1.354474 2.341418 -0.075767
v -1.350658 2.334346 -0.075767
v -1.316922 2.080621 0.079555
v -1.284957 2.080621 0.079555
v -1.284957 2.080621 0.054440
v -1.297334 2.080621 0.079555
v -1.398138 2.407131 -0.075767
v -1.317221 2.324229 -0.075767
v -1.322977 2.321573 -0.075767
v -1.311916 2.328542 -0.075767
v -1.307267 2.334346 -0.075767
v -1.303451 2.341418 -0.075767
v -1.300616 2.349486 -0.075767
v -1.298870 2.358242 -0.075767
v -1.376244 2.418634 0.039059
v -1.376244 2.407131 -0.035292
v -1.346009 2.384477 -0.056856
v -1.404908 2.376717 0.087825
v -1.292070 2.407131 -0.025611
v -1.259787 2.407131 -0.075767
v -1.404909 2.080621 0.079555
v -1.357723 2.102805 0.087825
v -1.253017 2.435275 0.087825
v -1.253017 2.435275 0.067543
v -1.328963 2.407131 0.033874
v -1.292070 2.407131 0.033874
v -1.281681 2.407131 0.033874
v -1.253017 2.407131 0.033873
v -1.404909 2.080621 0.079555
v -1.391448 2.153549 -0.009157
v -1.391448 2.074329 0.087825
v -1.365856 2.418634 0.039058
v -1.376244 2.407131 0.033874
v -1.404909 2.407131 -0.075767
v -1.390613 2.407131 -0.055810
v -1.398138 2.407131 -0.075767
v -1.397465 2.407131 -0.072822
v -1.253017 2.407131 0.033873
v -1.281681 2.407131 0.033874
v -1.281681 2.407131 -0.035292
v -1.276533 2.407131 -0.040899
v -1.259787 2.407131 -0.075767
v -1.266478 2.080621 0.079555
v -1.253017 2.074329 0.087825
v -1.266478 2.153549 -0.009157
v -1.266478 2.074329 0.087825
v -1.376244 2.407131 -0.035292
v -1.292070 2.418634 0.057996
v -1.292070 2.418634 0.039058
v -1.292070 2.407131 -0.025611
v -1.281681 2.418634 0.039058
v -1.281681 2.418634 0.057996
v -1.376244 2.369370 0.067543
v -1.328963 2.435275 0.046559
v -1.281681 2.407131 -0.035292
v -1.287769 2.388691 -0.012573
v -1.292070 2.407131 -0.025611
v -1.328963 2.407131 -0.012078
v -1.404909 2.435275 0.067543
v -1.365856 2.407131 -0.025611
v -1.357337 2.407131 -0.019568
v -1.365856 2.388691 0.057996
v -1.376244 2.388691 -0.019204
v -1.281681 2.388691 -0.019204
v -1.292070 2.388691 0.057996
v -1.253017 2.150861 -0.006813
v -1.398605 2.150861 -0.006813
v -1.404909 2.150861 -0.006813
v -1.404909 2.080621 0.054440
v -1.391448 2.080621 0.054440
v -1.391448 2.153549 -0.009157
v -1.372969 2.080621 0.054440
v -1.328963 2.080621 0.054440
v -1.281681 2.418634 0.067543
v -1.281681 2.369370 0.067543
v -1.365856 2.407131 0.033874
v -1.404909 2.407131 0.033874
v -1.376244 2.418634 0.039059
v -1.376244 2.407131 0.033874
v -1.365856 2.388691 -0.009523
v -1.365856 2.407131 -0.025611
v -1.365856 2.418634 0.039058
v -1.404909 2.150861 -0.006813
v -1.253017 2.080621 0.054440
v -1.253017 2.150861 -0.006813
v -1.284957 2.153549 -0.009157
v -1.284957 2.080621 0.054440
v -1.259320 2.259836 0.087825
v -1.328963 2.241252 -0.075767
v -1.314498 2.256731 -0.075767
v -1.259320 2.259837 -0.075767
v -1.294525 2.268079 -0.075767
v -1.300588 2.263149 -0.075767
v -1.253017 2.407131 -0.075767
v -1.254816 2.367347 -0.075767
v -1.259787 2.407131 -0.075767
v -1.256241 2.389349 -0.075767
v -1.328963 2.254563 -0.075767
v -1.256241 2.345344 -0.075767
v -1.260460 2.324186 -0.075767
v -1.287769 2.273571 -0.075767
v -1.264737 2.312017 -0.075767
v -1.253017 2.407131 -0.075767
v -1.253017 2.259836 0.087825
v -1.376244 2.369370 0.067543
v -1.297334 2.080621 0.076356
v -1.316922 2.080621 0.076356
v -1.316589 2.098415 0.076356
v -1.315610 2.100777 0.076356
v -1.314054 2.102805 0.076356
v -1.309665 2.105339 0.076356
v -1.307131 2.105673 0.076356
v -1.304591 2.105339 0.076356
v -1.302230 2.104361 0.076356
v -1.300202 2.102805 0.076356
v -1.298646 2.100777 0.076356
v -1.297668 2.098415 0.076356
v -1.297334 2.080621 0.076356
v -1.284957 2.074329 0.087825
v -1.404909 2.259837 -0.075767
v -1.398605 2.259837 -0.075767
v -1.363401 2.268079 -0.075767
v -1.343428 2.256731 -0.075767
v -1.357337 2.263149 -0.075767
v -1.370156 2.273571 -0.075767
v -1.404909 2.407131 -0.075767
v -1.403109 2.367347 -0.075767
v -1.381392 2.287597 -0.075767
v -1.401684 2.389349 -0.075767
v -1.398138 2.407131 -0.075767
v -1.390613 2.304688 -0.075767
v -1.393188 2.312017 -0.075767
v -1.404909 2.259836 0.087825
v -1.404909 2.407131 -0.075767
v -1.404909 2.320044 0.087825
v -1.341003 2.095881 0.076356
v -1.341003 2.080621 0.076356
v -1.360591 2.080621 0.076356
v -1.360591 2.095881 0.076356
v -1.360258 2.098415 0.076356
v -1.359279 2.100777 0.076356
v -1.355695 2.104361 0.076356
v -1.353334 2.105339 0.076356
v -1.350795 2.105673 0.076356
v -1.345899 2.104361 0.076356
v -1.343871 2.102805 0.076356
v -1.342315 2.100777 0.076356
v -1.360591 2.080621 0.076356
v -1.360591 2.074329 0.087825
v -1.372969 2.074329 0.087825
v -0.141487 0.904794 0.035668
v -0.733122 0.231724 0.035668
v -0.620708 0.231724 0.035668
v -0.659684 0.730113 0.035668
v -0.620708 0.729809 0.035668
v -0.654887 0.729809 0.035668
v -0.620708 0.779245 0.035668
v -0.654887 0.779245 0.035668
v -0.659684 0.778941 0.035668
v -0.664363 0.731018 0.035668
v -0.664363 0.778035 0.035668
v -0.668809 0.732503 0.035668
v -0.672912 0.734529 0.035668
v -0.668809 0.776551 0.035668
v -0.672912 0.774524 0.035668
v -0.676572 0.737049 0.035668
v -0.679697 0.739998 0.035668
v -0.676572 0.772005 0.035668
v -0.679697 0.769056 0.035668
v -0.682211 0.743305 0.035668
v -0.684053 0.746889 0.035668
v -0.682211 0.765749 0.035668
v -0.684053 0.762165 0.035668
v -0.685176 0.750660 0.035668
v -0.340007 0.534687 0.075023
v -0.659684 1.888699 0.035667
v -0.620708 1.888395 0.035667
v -0.654887 1.888395 0.035667
v -0.620708 1.937831 0.035667
v -0.620708 2.435916 0.035667
v -0.654887 1.937831 0.035667
v -0.659684 1.937527 0.035667
v -0.664363 1.889605 0.035667
v -0.664363 1.936621 0.035667
v -0.668809 1.891089 0.035667
v -0.672912 1.893116 0.035667
v -0.668809 1.935137 0.035667
v -0.672912 1.933110 0.035667
v -0.676572 1.895635 0.035667
v -0.679697 1.898584 0.035667
v -0.676572 1.930591 0.035667
v -0.679697 1.927642 0.035667
v -0.682211 1.901891 0.035667
v -0.684053 1.905475 0.035667
v -0.682211 1.924335 0.035667
v -0.684053 1.920751 0.035667
v -0.685176 1.909246 0.035667
v -0.105069 0.740219 0.075023
v -0.752863 2.435916 0.055409
v -0.752863 2.435916 0.068291
v -0.948632 1.333820 0.068292
v -0.948632 1.333820 0.055410
v -1.207300 0.231724 0.035668
v -0.948632 2.435916 0.068291
v -0.105069 0.740219 0.075023
v -0.175353 1.835987 0.087825
v -0.175353 1.835987 0.035667
v -0.102132 1.835987 0.087825
v -0.141487 1.333820 0.035668
v -0.968373 1.457349 0.035668
v -0.611281 1.898584 -0.057497
v -0.609250 1.895635 -0.056006
v -0.612914 1.901891 -0.058697
v -0.606873 1.893116 -0.054260
v -0.604208 1.891089 -0.052303
v -0.601319 1.889605 -0.050182
v -0.598279 1.888699 -0.047949
v -0.484417 1.888395 0.035667
v -0.484417 1.937831 0.035667
v -0.595163 1.937831 -0.045661
v -0.601319 1.936621 -0.050182
v -0.604208 1.935137 -0.052303
v -0.606873 1.933110 -0.054260
v -0.611281 1.927642 -0.057497
v -0.614840 1.916980 -0.060111
v -0.612914 1.924335 -0.058697
v -0.614111 1.920751 -0.059575
v -0.615086 1.913113 -0.060291
v -0.614840 1.909246 -0.060111
v -0.614111 1.905475 -0.059575
v -0.606873 0.774524 -0.054260
v -0.609250 0.772005 -0.056005
v -0.611281 0.769056 -0.057496
v -0.612914 0.765749 -0.058696
v -0.614111 0.762165 -0.059575
v -0.614840 0.758394 -0.060110
v -0.615086 0.754527 -0.060291
v -0.614840 0.750660 -0.060110
v -0.614111 0.746889 -0.059575
v -0.612914 0.743305 -0.058696
v -0.609250 0.737049 -0.056005
v -0.606873 0.734529 -0.054260
v -0.604208 0.732503 -0.052302
v -0.598279 0.730113 -0.047949
v -0.595163 0.729809 -0.045660
v -0.484417 0.729809 0.035668
v -0.484417 0.779245 0.035668
v -0.595163 0.779245 -0.045660
v -0.598279 0.778941 -0.047949
v -0.601319 0.778035 -0.050181
v -0.390663 2.435916 0.035667
v -0.390663 2.171103 0.035667
v -0.484417 1.937831 0.035667
v -0.386640 2.143707 0.035667
v -0.375059 2.114597 0.035667
v -0.357729 2.088499 0.035667
v -0.175353 1.762846 0.035667
v -0.141487 1.762846 0.035667
v -0.175353 1.835987 0.035667
v -0.141487 1.835987 0.035667
v -0.141487 1.904547 0.035667
v -0.143338 1.917150 0.035667
v -0.148486 1.930090 0.035667
v -0.156189 1.941691 0.035667
v -0.175353 0.831653 0.087826
v -0.125950 0.700344 0.075023
v -0.611281 0.769056 -0.057496
v -0.733122 0.231724 0.035668
v -0.351307 2.435916 0.075022
v -0.141487 1.762846 0.035667
v -0.679697 1.927642 0.035667
v -0.105069 1.927421 0.075022
v -0.611281 0.739998 -0.057496
v -0.484417 0.779245 0.035668
v -0.948632 0.231724 0.068292
v -0.968373 0.231724 0.035668
v -0.611281 1.898584 -0.057497
v -0.752863 0.231724 0.068292
v -0.752863 0.231724 0.055410
v -0.175353 0.831653 0.035667
v -0.141487 0.831653 0.035668
v -0.390663 0.496537 0.035668
v -0.390663 0.231724 0.035668
v -0.484417 0.729809 0.035668
v -0.386640 0.523933 0.035668
v -0.484417 0.779245 0.035668
v -0.337503 0.598052 0.035668
v -0.375059 0.553043 0.035668
v -0.357729 0.579141 0.035668
v -0.175353 0.904794 0.035667
v -0.141487 0.904794 0.035668
v -0.141487 0.831653 0.035668
v -0.175353 0.831653 0.035667
v -0.143338 0.750490 0.035668
v -0.156189 0.725949 0.035668
v -0.484417 1.888395 0.035667
v -0.386640 2.143707 0.035667
v -0.968373 2.435916 0.035667
v 0.141487 0.904794 0.035668
v 0.948631 1.333820 0.055410
v 0.659684 0.778941 0.035668
v 0.620708 0.779245 0.035668
v 0.654887 0.779245 0.035668
v 0.620708 0.729809 0.035668
v 0.620708 0.231724 0.035668
v 0.654887 0.729809 0.035668
v 0.659684 0.730113 0.035668
v 0.664363 0.778035 0.035668
v 0.664363 0.731018 0.035668
v 0.668809 0.776551 0.035668
v 0.672912 0.774524 0.035668
v 0.668809 0.732503 0.035668
v 0.672912 0.734529 0.035668
v 0.676572 0.772005 0.035668
v 0.679697 0.769056 0.035668
v 0.676572 0.737049 0.035668
v 0.679697 0.739998 0.035668
v 0.682211 0.765749 0.035668
v 0.684053 0.762165 0.035668
v 0.682211 0.743305 0.035668
v 0.684053 0.746889 0.035668
v 0.685176 0.758394 0.035668
v 0.733122 2.435916 0.035667
v 0.620708 2.435916 0.035667
v 0.659684 1.937527 0.035667
v 0.620708 1.937831 0.035667
v 0.654887 1.937831 0.035667
v 0.620708 1.888395 0.035667
v 0.654887 1.888395 0.035667
v 0.659684 1.888699 0.035667
v 0.664363 1.936621 0.035667
v 0.664363 1.889604 0.035667
v 0.668809 1.935137 0.035667
v 0.672912 1.933110 0.035667
v 0.668809 1.891089 0.035667
v 0.672912 1.893115 0.035667
v 0.676572 1.930591 0.035667
v 0.679697 1.927642 0.035667
v 0.676572 1.895634 0.035667
v 0.679697 1.898584 0.035667
v 0.682211 1.924335 0.035667
v 0.684053 1.920751 0.035667
v 0.682211 1.901891 0.035667
v 0.684053 1.905475 0.035667
v 0.685176 1.916980 0.035667
v 0.752863 2.435916 0.068291
v 0.752863 2.435916 0.055409
v 0.948631 1.333820 0.055410
v 0.948632 1.333820 0.068292
v 0.679697 0.739998 0.035668
v 0.948632 2.435916 0.068291
v 0.105069 0.740219 0.075023
v 0.175353 1.835987 0.087825
v 0.175353 1.835987 0.035667
v 0.141487 1.835987 0.035667
v 1.207300 2.435916 0.035667
v 0.125950 1.967296 0.075022
v 0.606873 1.893115 -0.054260
v 0.609250 1.895635 -0.056006
v 0.611281 1.898584 -0.057497
v 0.612914 1.901891 -0.058697
v 0.615086 1.913113 -0.060291
v 0.614111 1.905475 -0.059575
v 0.614840 1.909246 -0.060111
v 0.614840 1.916980 -0.060111
v 0.614111 1.920751 -0.059575
v 0.612914 1.924335 -0.058697
v 0.609250 1.930591 -0.056006
v 0.606873 1.933110 -0.054260
v 0.604208 1.935137 -0.052303
v 0.598279 1.937527 -0.047949
v 0.595163 1.937831 -0.045661
v 0.484417 1.937831 0.035667
v 0.484417 1.888395 0.035667
v 0.595163 1.888395 -0.045661
v 0.598279 1.888699 -0.047949
v 0.601319 1.889604 -0.050182
v 0.611281 0.769056 -0.057496
v 0.609250 0.772005 -0.056005
v 0.606873 0.774524 -0.054260
v 0.604208 0.776551 -0.052302
v 0.601319 0.778035 -0.050181
v 0.598279 0.778941 -0.047949
v 0.484417 0.779245 0.035668
v 0.484417 0.729809 0.035668
v 0.595163 0.729809 -0.045660
v 0.598279 0.730113 -0.047949
v 0.601319 0.731018 -0.050181
v 0.604208 0.732503 -0.052302
v 0.606873 0.734529 -0.054260
v 0.611281 0.739998 -0.057496
v 0.614840 0.750660 -0.060110
v 0.612914 0.743305 -0.058696
v 0.614111 0.746889 -0.059575
v 0.615086 0.754527 -0.060291
v 0.614840 0.758394 -0.060110
v 0.614111 0.762165 -0.059575
v 0.390663 2.171103 0.035667
v 0.390663 2.435916 0.035667
v 0.484417 1.937831 0.035667
v 0.386640 2.143707 0.035667
v 0.484417 1.888395 0.035667
v 0.337503 2.069588 0.035667
v 0.375059 2.114597 0.035667
v 0.357729 2.088499 0.035667
v 0.175353 1.762846 0.035667
v 0.141487 1.762846 0.035667
v 0.141487 1.835987 0.035667
v 0.175353 1.835987 0.035667
v 0.143338 1.917149 0.035667
v 0.156190 1.941691 0.035667
v 0.175353 0.831653 0.087826
v 0.611281 0.769056 -0.057496
v 0.611281 1.927642 -0.057497
v 0.351307 0.231724 0.075023
v 1.207300 1.210290 0.087826
v 0.340007 2.132953 0.075022
v 0.105069 1.927421 0.075022
v 0.105069 1.927421 0.075022
v 0.484417 0.779245 0.035668
v 0.948632 0.231724 0.068292
v 0.968373 0.231724 0.035668
v 0.733122 1.333820 0.035668
v 0.611281 1.898584 -0.057497
v 0.386640 0.523933 0.035668
v 0.752863 0.231724 0.055409
v 0.752863 0.231724 0.068292
v 0.175353 0.831653 0.035667
v 0.102132 0.831653 0.087826
v 0.390663 0.231724 0.035668
v 0.390663 0.496537 0.035668
v 0.484417 0.729809 0.035668
v 0.386640 0.523933 0.035668
v 0.375059 0.553043 0.035668
v 0.357729 0.579141 0.035668
v 0.175353 0.904794 0.035667
v 0.141487 0.904794 0.035668
v 0.175353 0.831653 0.035667
v 0.141487 0.831653 0.035668
v 0.141487 0.763093 0.035668
v 0.143338 0.750490 0.035668
v 0.148486 0.737550 0.035668
v 0.156190 0.725949 0.035668
v 0.484417 1.888395 0.035667
v 0.968373 2.435916 0.035667
v 1.625523 1.481741 0.086351
v 1.298894 1.596738 0.054707
v 1.363572 1.633959 0.060973
v 1.352341 1.639349 0.059885
v 1.341451 1.642302 0.058830
v 1.299877 1.609156 0.054802
v 1.331233 1.642729 0.057840
v 1.302795 1.620056 0.055085
v 1.321998 1.640616 0.056945
v 1.307559 1.629105 0.055547
v 1.314026 1.636028 0.056173
v 1.299877 1.027696 0.054802
v 1.352341 0.997504 0.059885
v 1.302795 1.016797 0.055085
v 1.341451 0.994551 0.058830
v 1.307559 1.007748 0.055547
v 1.331233 0.994124 0.057840
v 1.314026 1.000825 0.056173
v 1.321998 0.996237 0.056945
v 1.314026 1.636028 0.087825
v -1.625523 1.481741 0.086351
v -1.625523 1.155112 0.086351
v -1.363571 1.002894 0.060973
v -1.298894 1.040115 0.054707
v -1.352340 0.997504 0.059885
v -1.341450 0.994551 0.058830
v -1.299876 1.027696 0.054802
v -1.331233 0.994124 0.057840
v -1.302794 1.016797 0.055085
v -1.321997 0.996237 0.056945
v -1.314025 1.000825 0.056173
v -1.307559 1.007748 0.055547
v -1.299877 1.609156 0.054802
v -1.341450 1.642302 0.058830
v -1.302794 1.620056 0.055085
v -1.307559 1.629105 0.055547
v -1.331233 1.642728 0.057840
v -1.314026 1.636028 0.056173
v -1.321998 1.640616 0.056945
v -1.314026 1.636028 0.087825
v -1.314025 1.000825 0.056173
v -1.298894 1.040115 0.054707
v -1.625523 1.481741 0.086351
v 1.625523 1.155112 0.086351
v 1.314026 1.000825 0.056173
v -1.207300 0.231724 0.087826
v -1.207300 0.231724 0.035668
v 0.351307 0.231724 0.075023
v -0.102132 1.762846 0.087825
v -0.175353 1.762846 0.035667
v 0.312724 0.567342 0.075023
v 1.207300 0.231724 0.087826
v 1.207300 0.231724 0.035668
v 0.968373 0.231724 0.035668
v 0.948631 0.231724 0.055410
v 0.948632 0.231724 0.068292
v 0.752863 0.231724 0.055409
v 0.733122 0.231724 0.035668
v 0.351307 0.231724 0.075023
v 0.390663 0.231724 0.035668
v 0.102132 0.831653 0.075023
v -0.351307 0.231724 0.075023
v 1.207300 2.435916 0.035667
v 0.348370 2.153978 0.075022
v 0.327489 0.553537 0.075023
v -0.113433 0.719194 0.075023
v -0.351307 0.231724 0.087826
v -0.752863 0.231724 0.068292
v -0.351307 0.231724 0.075023
v -0.390663 0.231724 0.035668
v -0.620708 0.231724 0.035668
v -0.733122 0.231724 0.035668
v -0.752863 0.231724 0.055410
v -1.207300 0.231724 0.035668
v -0.948632 0.231724 0.055410
v -1.207300 2.435916 0.087825
v -1.207300 2.435916 0.035667
v -0.968373 2.435916 0.035667
v -0.948632 2.435916 0.055409
v -0.948632 2.435916 0.068291
v -0.752863 2.435916 0.055409
v -0.733122 2.435916 0.035667
v -0.351307 2.435916 0.075022
v -0.390663 2.435916 0.035667
v 0.125950 1.967296 0.075022
v -0.327489 2.114103 0.075022
v -0.125950 1.967296 0.075022
v -0.102132 1.835987 0.075022
v -0.102132 1.210290 0.075023
v -0.102132 0.904794 0.087826
v -0.102132 0.904794 0.075023
v 0.125950 0.700344 0.075023
v -0.351307 2.435916 0.075022
v 0.312724 2.100298 0.075022
v -0.327489 0.553536 0.075023
v 0.102132 1.762846 0.087825
v 0.102132 1.762846 0.075022
v 0.102132 0.904794 0.087826
v 0.102132 0.904794 0.075023
v 0.102132 0.904794 0.087826
v 0.175353 0.904794 0.035667
v 0.351307 2.435916 0.087825
v 0.752863 2.435916 0.068291
v 0.351307 2.435916 0.075022
v 0.390663 2.435916 0.035667
v 0.620708 2.435916 0.035667
v 0.733122 2.435916 0.035667
v 0.752863 2.435916 0.055409
v 1.207300 2.435916 0.035667
v 0.948631 2.435916 0.055409
v 0.102132 1.762846 0.075022
v 1.404908 2.150861 0.087825
v 1.398605 2.150861 0.087825
v -1.345899 2.104361 0.076356
v 1.253017 2.150861 0.087825
v 1.253017 2.150861 -0.006813
v 1.316922 2.080621 0.079555
v 1.314054 2.102805 0.076356
v 1.343871 2.102805 0.076356
v 1.391448 2.153549 -0.009157
v -1.391448 2.153549 -0.009157
v -1.365856 2.369370 0.067543
v 1.365856 2.369370 0.067543
v 1.281681 2.369370 0.067543
v -1.398605 2.259836 0.087825
v -1.398605 2.150861 0.087825
v -1.398605 2.150861 -0.006813
v -1.398605 2.224955 -0.070944
v -1.398605 2.228795 -0.072890
v -1.398605 2.259837 -0.075767
v -1.398605 2.237362 -0.075425
v 1.284956 2.153549 -0.009157
v 1.348260 2.105339 0.076356
v -1.292070 2.369370 0.067543
v 1.398605 2.150861 0.087825
v 1.398605 2.259837 -0.075767
v 1.398605 2.241252 -0.075767
v 1.398605 2.237362 -0.075425
v 1.398605 2.233070 -0.074434
v 1.398605 2.228795 -0.072890
v 1.398605 2.224955 -0.070944
v -1.284957 2.153549 -0.009157
v -1.372969 2.074329 0.087825
v -1.372969 2.080621 0.079555
v 1.372969 2.074329 0.087825
v 1.372969 2.153549 -0.009157
v -1.284957 2.074329 0.087825
v -1.284957 2.153549 -0.009157
v -1.404909 2.150861 0.087825
v -1.404909 2.150861 -0.006813
v -1.253017 2.150861 0.087825
v -1.259320 2.150861 0.087825
v 1.259320 2.259836 0.087825
v 1.259320 2.150861 0.087825
v 1.259320 2.150861 -0.006813
v 1.259320 2.224955 -0.070944
v 1.259320 2.228795 -0.072890
v 1.259320 2.259837 -0.075767
v 1.259320 2.237362 -0.075425
v -1.342315 2.100777 0.076356
v -1.341003 2.080621 0.079555
v 1.284956 2.074329 0.087825
v 1.284956 2.080621 0.079555
v -1.259320 2.150861 0.087825
v -1.259320 2.259837 -0.075767
v -1.259320 2.241252 -0.075767
v -1.259320 2.237362 -0.075425
v -1.259320 2.233070 -0.074434
v -1.259320 2.228795 -0.072890
v -1.259320 2.224955 -0.070944
v -1.365856 2.369370 0.087825
v -1.292070 2.418634 0.087825
v 1.643845 0.268416 0.087826
v 1.643845 0.273464 0.080954
v -1.917193 0.440954 0.087826
v -1.917193 0.440954 0.063244
v -1.917193 0.440953 -0.047062
v -1.858589 0.440953 -0.037609
v -1.858589 0.440953 -0.047062
v -1.740795 0.440954 0.087826
v -1.751666 0.440953 -0.037609
v -1.740795 0.440953 -0.037609
v -1.828637 0.440953 -0.047062
v -1.751666 0.440953 -0.047062
v -1.837746 0.440953 -0.047062
v -1.713315 0.259634 0.038269
v -1.729925 0.352341 0.080954
v -1.808123 0.268415 0.087826
v -1.808123 0.259634 0.087826
v -1.751666 0.352341 0.080954
v 1.713316 0.259634 0.038269
v -1.673468 0.268415 0.087826
v -1.673469 0.273464 0.065681
v 1.768277 0.259634 0.038269
v 1.858590 0.414738 0.080954
v -1.643844 0.268415 0.087826
v 1.673469 0.273464 0.082484
v -1.609101 0.259634 0.087826
v -1.595615 0.259634 0.087826
v -1.623001 0.259634 0.038269
v -1.633872 0.259634 0.051638
v -1.643844 0.259634 0.051638
v -1.643844 0.259634 0.038269
v -1.673469 0.259634 0.065681
v -1.713315 0.259634 0.038269
v -1.713315 0.259634 0.087826
v -1.673468 0.259634 0.087826
v 1.740796 0.440954 0.087826
v 1.564398 0.440954 0.087826
v 1.564398 0.440954 0.063244
v 1.564398 0.440953 -0.047062
v 1.623002 0.440953 -0.037609
v 1.623002 0.440953 -0.047062
v 1.633873 0.440953 -0.037609
v 1.740796 0.440953 -0.037609
v 1.729925 0.440953 -0.037609
v 1.729925 0.440953 -0.047062
v 1.808123 0.268416 0.087826
v 1.808123 0.273464 0.065681
v 1.837747 0.268416 0.087826
v 1.729925 0.352341 0.080954
v 1.917194 0.440954 0.087826
v 1.751667 0.440953 -0.037609
v 1.751667 0.440953 -0.047062
v 1.828638 0.440953 -0.047062
v 1.837747 0.440953 -0.037609
v 1.858590 0.440953 -0.047062
v 1.917194 0.440953 -0.047062
v 1.837747 0.440953 -0.047062
v 1.623002 0.414738 0.080954
v -1.564397 0.440954 0.087826
v -1.729925 0.440953 -0.037609
v -1.729925 0.440953 -0.047062
v -1.652954 0.440953 -0.047062
v -1.643844 0.440953 -0.037609
v -1.623001 0.440953 -0.047062
v -1.564397 0.440953 -0.047062
v -1.643844 0.440953 -0.047062
v 1.673469 0.268416 0.087826
v 1.673469 0.259634 0.087826
v -1.837747 0.268415 0.087826
v -1.837746 0.273464 0.080954
v 1.808123 0.273464 0.082484
v -1.885976 0.259634 0.087826
v -1.872490 0.259634 0.087826
v -1.872489 0.259634 0.065676
v -1.808123 0.259634 0.087826
v -1.768276 0.259634 0.087826
v -1.885976 0.259634 0.038269
v -1.768276 0.259634 0.038269
v -1.858589 0.259634 0.038269
v -1.858589 0.259634 0.051638
v -1.847719 0.259634 0.051638
v 1.751667 0.352341 0.080954
v 1.595616 0.259634 0.087826
v 1.609102 0.259634 0.087826
v 1.609102 0.259634 0.065676
v 1.673469 0.259634 0.087826
v 1.713316 0.259634 0.087826
v 1.595616 0.259634 0.038269
v 1.713316 0.259634 0.038269
v 1.623002 0.259634 0.038269
v 1.623002 0.259634 0.051638
v 1.633873 0.259634 0.051638
v -1.768276 0.259634 0.038269
v 1.643845 0.414738 0.080954
v 1.872490 0.259634 0.087826
v 1.885977 0.259634 0.087826
v 1.885977 0.259634 0.038269
v 1.858590 0.259634 0.038269
v 1.858590 0.259634 0.051638
v 1.847719 0.259634 0.051638
v 1.768277 0.259634 0.087826
v 1.808123 0.259634 0.087826
v 1.837747 0.259634 0.038269
v 1.768277 0.259634 0.038269
v -1.808123 0.273464 0.082484
v -1.917193 0.239691 0.087826
v -1.673468 0.273464 0.082484
v 1.609761 2.158162 0.087825
v 1.609761 2.199259 0.056628
v 1.609761 2.323522 0.087825
v -1.914413 2.253295 0.087825
v -1.914413 2.377006 0.025546
v 1.858750 2.323522 0.087825
v 1.858750 2.282425 0.056628
v -1.554098 2.104678 0.025546
v -1.914413 2.056185 0.062357
v -1.849403 2.281134 0.058328
v -1.734256 2.425498 0.062357
v 1.858750 2.158162 0.087825
v -1.619108 2.200550 0.058328
v 1.734256 2.153171 -0.011264
v 1.914413 2.056185 0.062357
v -1.901570 2.422042 0.059733
v -1.849403 2.200550 0.058328
v -1.858750 2.158162 0.087825
v -1.858750 2.199259 0.056628
v 1.619108 2.281134 0.058328
v 1.554098 2.377006 0.025546
v -1.858750 2.323522 0.087825
v 1.849403 2.281134 0.058328
v 1.554098 2.056185 0.062357
v 1.566941 2.422042 0.059733
v -1.566941 2.059642 0.059733
v -1.609761 2.158162 0.087825
v -1.619108 2.281134 0.058328
v -1.609761 2.323522 0.087825
v -1.609761 2.282425 0.056628
v 1.914413 2.406166 0.087825
v 1.914413 2.425498 0.062357
v 1.619108 2.200549 0.058328
v 1.849403 2.200549 0.058328
v -1.554098 2.406166 0.087825
v -1.554098 2.425498 0.062357
vn 1.0000 -0.0000 -0.0000
vn -1.0000 -0.0000 -0.0000
vn -0.0000 -0.0000 1.0000
vn -0.0000 0.7071 0.7071
vn -0.0000 -0.7071 0.7071
vn -0.5571 -0.8304 -0.0000
vn -0.5571 0.8304 -0.0000
vn -0.0000 -1.0000 -0.0000
vn -0.0000 1.0000 -0.0000
vn 0.5571 0.8304 -0.0000
vn 0.5571 -0.8304 -0.0000
vn -0.1011 0.0093 0.9948
vn -0.0881 0.0224 0.9959
vn -0.0783 0.0323 0.9964
vn -0.0697 0.0409 0.9967
vn -0.0610 0.0496 0.9969
vn -0.0508 0.0598 0.9969
vn 0.1011 -0.0093 0.9948
vn 0.0880 -0.0224 0.9959
vn 0.0783 -0.0323 0.9964
vn 0.0697 -0.0409 0.9967
vn 0.0610 -0.0496 0.9969
vn 0.0508 -0.0598 0.9969
vn -0.6469 0.7625 -0.0000
vn -0.7757 0.6311 -0.0000
vn -0.8626 0.5059 -0.0000
vn -0.9246 0.3811 -0.0000
vn -0.9691 0.2468 -0.0000
vn -0.9958 0.0913 -0.0000
vn 0.6469 -0.7626 -0.0000
vn 0.7757 -0.6311 -0.0000
vn 0.8626 -0.5059 -0.0000
vn 0.9246 -0.3810 -0.0000
vn 0.9690 -0.2470 -0.0000
vn 0.9958 -0.0912 -0.0000
vn 0.9958 -0.0913 -0.0000
vn 0.9690 -0.2469 -0.0000
vn 0.9246 -0.3809 -0.0000
vn 0.8627 -0.5058 -0.0000
vn 0.6468 -0.7627 -0.0000
vn -0.8625 0.5060 -0.0000
vn -0.9246 0.3809 -0.0000
vn -0.9690 0.2470 -0.0000
vn -0.9958 0.0911 -0.0000
vn -0.1011 -0.0093 0.9948
vn -0.0881 -0.0224 0.9959
vn -0.0783 -0.0323 0.9964
vn -0.0697 -0.0409 0.9967
vn -0.0610 -0.0496 0.9969
vn -0.0508 -0.0598 0.9969
vn 0.1010 0.0093 0.9948
vn 0.0880 0.0224 0.9959
vn 0.0782 0.0322 0.9964
vn 0.0697 0.0408 0.9967
vn 0.0611 0.0494 0.9969
vn 0.0508 0.0599 0.9969
vn -0.6469 -0.7626 -0.0000
vn -0.7757 -0.6310 -0.0000
vn -0.8625 -0.5060 -0.0000
vn -0.9246 -0.3809 -0.0000
vn -0.9691 -0.2468 -0.0000
vn -0.9958 -0.0913 -0.0000
vn 0.6468 0.7627 -0.0000
vn 0.7757 0.6311 -0.0000
vn 0.8626 0.5059 -0.0000
vn 0.9246 0.3809 -0.0000
vn 0.9690 0.2470 -0.0000
vn 0.9958 0.0913 -0.0000
vn 0.9691 0.2468 -0.0000
vn 0.9246 0.3810 -0.0000
vn 0.6469 0.7625 -0.0000
vn -0.7757 -0.6311 -0.0000
vn -0.8627 -0.5057 -0.0000
vn -0.9247 -0.3808 -0.0000
vn 0.1011 0.0093 0.9948
vn 0.0783 0.0323 0.9964
vn 0.0697 0.0409 0.9967
vn 0.0610 0.0496 0.9969
vn 0.0507 0.0598 0.9969
vn -0.0880 -0.0224 0.9959
vn 0.6471 0.7624 -0.0000
vn 0.7756 0.6312 -0.0000
vn 0.9690 0.2469 -0.0000
vn -0.6469 -0.7625 -0.0000
vn -0.7756 -0.6312 -0.0000
vn -0.8626 -0.5058 -0.0000
vn -0.9246 -0.3810 -0.0000
vn -0.9690 -0.2470 -0.0000
vn -0.9958 -0.0912 -0.0000
vn -0.9691 -0.2466 -0.0000
vn -0.8626 -0.5059 -0.0000
vn 0.8626 0.5058 -0.0000
vn 0.9247 0.3808 -0.0000
vn 0.9958 0.0912 -0.0000
vn 0.0881 -0.0224 0.9959
vn -0.1010 0.0092 0.9948
vn -0.0880 0.0224 0.9959
vn -0.0782 0.0322 0.9964
vn -0.0696 0.0409 0.9967
vn -0.0609 0.0496 0.9969
vn -0.0507 0.0598 0.9969
vn -0.6468 0.7627 -0.0000
vn -0.7758 0.6310 -0.0000
vn -0.9958 0.0914 -0.0000
vn -0.9690 0.2469 -0.0000
vn -0.9247 0.3808 -0.0000
vn -0.7756 0.6312 -0.0000
vn -0.6470 0.7625 -0.0000
vn 0.7758 -0.6310 -0.0000
vn 0.9246 -0.3811 -0.0000
vn 0.9691 -0.2468 -0.0000
vn -0.0000 -0.0000 -1.0000
vn 0.1102 -0.0000 0.9939
vn 0.0609 -0.0496 0.9969
vn -0.0000 -0.1102 0.9939
vn 0.1103 -0.0000 0.9939
vn -0.1103 -0.0000 0.9939
vn -0.1010 -0.0093 0.9948
vn 0.0508 0.0598 0.9969
vn 0.0444 0.0662 0.9968
vn 0.0782 -0.0322 0.9964
vn -0.0782 -0.0322 0.9964
vn -0.0444 -0.0662 0.9968
vn -0.0444 0.0661 0.9968
vn -0.0000 0.1102 0.9939
vn -0.1102 -0.0000 0.9939
vn -0.0783 0.0322 0.9964
vn 0.0444 -0.0662 0.9968
vn 0.0783 -0.0322 0.9964
vn -0.0444 0.0662 0.9968
vn 0.1010 -0.0093 0.9948
vn 0.0881 0.0224 0.9959
vn -0.0609 -0.0496 0.9969
vn 0.0507 -0.0598 0.9969
vn -0.0507 -0.0598 0.9969
vn -0.0000 0.7965 -0.6046
vn -0.0000 0.7965 0.6046
vn -0.0000 -0.7965 -0.6046
vn -0.0000 -0.7965 0.6046
vn 0.0001 0.7071 0.7071
vn 1.0000 -0.0000 0.0001
vn 1.0000 0.0001 0.0002
vn 1.0000 -0.0001 -0.0000
vn -0.8626 0.5058 -0.0000
vn -0.9247 0.3807 -0.0000
vn 0.6469 -0.7625 -0.0000
vn 0.7756 -0.6312 -0.0000
vn 0.9246 -0.3808 -0.0000
vn -0.8627 0.5057 -0.0000
vn -0.9246 0.3810 -0.0000
vn -0.9691 0.2469 -0.0000
vn -0.9958 0.0910 -0.0000
vn -0.7758 -0.6310 -0.0000
vn -0.8627 -0.5058 -0.0000
vn -0.9691 -0.2467 -0.0000
vn -0.6468 -0.7626 -0.0000
vn -0.0783 -0.0322 0.9964
vn 0.7758 0.6309 -0.0000
vn 0.8628 0.5056 -0.0000
vn -0.6471 -0.7624 -0.0000
vn -0.9246 -0.3808 -0.0000
vn -0.9690 -0.2469 -0.0000
vn 0.6470 0.7625 -0.0000
vn 0.7755 0.6313 -0.0000
vn 0.8627 0.5058 -0.0000
vn -0.1010 0.0093 0.9948
vn -0.0697 0.0408 0.9967
vn 0.9247 -0.3808 -0.0000
vn 0.8627 -0.5057 -0.0000
vn 0.9691 -0.2467 -0.0000
vn -0.0444 -0.0661 0.9968
vn 0.0444 -0.0661 0.9968
vn -0.0696 -0.0408 0.9967
vn -0.0002 -0.0002 1.0000
vn -0.0001 0.7071 0.7071
vn -0.0000 -0.1951 -0.9808
vn -0.0000 -0.9808 -0.1951
vn -0.0000 0.1951 0.9808
vn -0.0000 0.9239 0.3827
vn -0.0000 0.8315 0.5556
vn -0.0000 0.1951 -0.9808
vn -0.0000 0.3827 -0.9239
vn -0.0000 0.9808 -0.1951
vn -0.0000 0.9239 -0.3827
vn -0.0000 -0.9239 0.3827
vn -0.0000 -0.9808 0.1951
vn -0.0000 -0.3827 -0.9239
vn -0.0000 0.3827 0.9239
vn -0.0000 0.5556 0.8315
vn -0.0000 0.7071 -0.7071
vn -0.0000 0.8315 -0.5556
vn -0.0000 0.9808 0.1951
vn -0.0000 -0.6344 0.7730
vn -0.0000 -0.5556 -0.8314
vn -0.0000 -0.5556 -0.8315
vn -0.0000 -0.9239 -0.3827
vn -0.0000 -0.8315 -0.5556
vn -0.0000 -0.5556 0.8315
vn -0.0000 -0.1951 0.9808
vn -0.0000 -0.8315 0.5556
vn -0.0000 -0.3827 0.9239
vn -0.0000 -0.5825 0.8128
vn -0.0000 0.5826 0.8127
vn 0.0001 0.6344 0.7730
vn -0.0000 -0.7071 -0.7071
vn -0.0000 0.5556 -0.8315
vn -0.0000 0.6345 0.7729
vn -0.0000 0.6343 0.7731
vn -0.0000 -0.9569 0.2903
vn -0.0000 0.9569 0.2903
vn -0.0000 0.9808 0.1950
vn -0.0000 1.0000 0.0001
vn 0.0027 -0.0000 1.0000
vn 0.0003 -0.8315 -0.5555
vn 0.0003 -0.9239 -0.3827
vn 0.9948 -0.0000 -0.1016
vn 0.9948 -0.0000 0.1016
vn 0.9991 -0.0425 -0.0000
vn -0.0001 -0.3827 0.9239
vn 0.0015 -0.1943 0.9809
vn -0.0000 -0.1950 0.9808
vn -0.0001 -0.9239 0.3827
vn 0.9831 0.1125 0.1444
vn 0.9437 0.1498 0.2948
vn 0.0003 0.9808 -0.1951
vn 0.0015 0.1943 0.9809
vn -0.0000 -0.5555 -0.8315
vn -0.0000 -0.3828 -0.9238
vn -0.0000 -0.8315 -0.5555
vn 0.0003 -0.7071 0.7071
vn 0.0003 -1.0000 -0.0000
vn -0.0000 0.6347 -0.7728
vn -0.0000 0.6342 -0.7732
vn -0.0000 0.6343 -0.7731
vn -0.0000 0.5555 -0.8315
vn -0.0001 0.5556 0.8315
vn 0.0003 0.8315 0.5556
vn 0.0003 0.7071 -0.7071
vn 0.0003 -0.9808 -0.1952
vn 0.0027 -0.0000 -1.0000
vn -0.0000 0.9239 0.3826
vn -0.0001 -0.8315 0.5556
vn 0.0001 -0.9808 0.1951
vn 0.0003 -0.9239 0.3827
vn 0.0003 0.3827 -0.9239
vn -0.0001 0.5850 -0.8110
vn -0.0000 0.8315 -0.5555
vn -0.0000 -0.6343 -0.7731
vn 0.0001 -0.5850 -0.8111
vn 0.0003 -0.9808 0.1952
vn 0.0003 1.0000 -0.0000
vn 0.0015 -0.1944 -0.9809
vn 0.0001 0.8315 0.5556
vn 0.0003 0.8315 -0.5556
vn 0.0003 -0.5555 -0.8315
vn 0.0003 0.5556 0.8315
vn 0.0003 0.3827 0.9239
vn -0.0001 0.5556 0.8314
vn 0.0003 -0.3827 -0.9239
vn 0.0003 -0.8315 0.5555
vn 0.0001 -0.3827 0.9239
vn -0.0000 -0.6344 -0.7730
vn 0.0003 -0.5556 0.8315
vn -0.0000 -0.6342 -0.7732
vn 0.0003 -0.3827 0.9239
vn 0.0003 0.7071 0.7071
vn 0.0003 -0.7071 -0.7071
vn 0.0003 0.9808 0.1951
vn -0.0000 -0.8315 0.5555
vn -0.0000 0.9808 -0.1950
vn -0.0000 0.1950 0.9808
vn -0.0000 0.6344 -0.7730
vn -0.0000 0.8314 -0.5556
vn 0.0006 0.8315 -0.5555
vn 0.0006 0.9239 -0.3827
vn 0.0003 0.9239 -0.3827
vn 0.0006 0.5555 0.8315
vn 0.0006 0.9239 0.3827
vn 0.0003 0.9239 0.3827
vn 0.0006 -0.8315 0.5555
vn 0.0006 -0.3827 0.9239
vn 0.0006 -0.3827 -0.9239
vn 0.0006 0.1757 0.9844
vn 0.0008 -0.0000 -1.0000
vn 0.0006 -0.9239 -0.3827
vn 0.0006 -0.9239 0.3827
vn 0.0008 -0.0000 1.0000
vn 0.0006 0.1757 -0.9844
vn 0.0015 0.1944 -0.9809
vn 0.0006 0.5555 -0.8315
vn 0.0003 0.5555 -0.8315
vn 0.0006 -0.9808 -0.1951
vn 0.0006 0.3827 -0.9239
vn 0.0006 0.3827 0.9239
vn 0.0006 1.0000 -0.0000
vn 0.0006 -0.5555 -0.8315
vn 0.0006 -0.7071 0.7071
vn 0.0006 -0.7071 -0.7071
vn 0.0006 0.9808 0.1951
vn 0.0006 -0.1757 0.9844
vn 0.0006 0.8315 0.5555
vn 0.0006 -0.9808 0.1951
vn -0.0000 0.7730 0.6344
vn -0.0836 0.7926 0.6040
vn -0.0000 -0.7730 0.6344
vn -0.0590 0.7875 0.6135
vn -0.2227 0.8106 0.5416
vn -0.0590 -0.7875 0.6135
vn -0.0836 -0.7926 0.6040
vn -0.0000 -0.9808 0.1950
vn 0.0836 -0.7926 0.6040
vn 0.0590 -0.7875 0.6135
vn -0.0003 -0.7071 -0.7071
vn -0.0006 -0.5555 -0.8315
vn -0.0003 -0.5555 -0.8315
vn -0.0001 0.6344 0.7730
vn -0.0015 0.1943 0.9809
vn -0.0008 -0.0000 1.0000
vn -0.0027 -0.0000 1.0000
vn -0.0003 0.5555 -0.8315
vn -0.0006 0.3827 -0.9239
vn -0.0006 0.5555 -0.8315
vn -0.0015 -0.1943 0.9809
vn -0.0006 -0.1757 0.9844
vn -0.0003 0.9808 0.1951
vn -0.0006 0.9239 0.3827
vn -0.0003 0.9239 0.3827
vn -0.0003 0.5556 0.8315
vn -0.0006 0.3827 0.9239
vn -0.0003 0.3827 0.9239
vn -0.0003 -0.8315 0.5555
vn -0.0006 -0.9239 0.3827
vn -0.0003 -0.9239 0.3827
vn -0.0003 0.3827 -0.9239
vn -0.0006 0.1757 -0.9844
vn -0.0003 0.9808 -0.1951
vn -0.0006 1.0000 -0.0000
vn -0.0003 1.0000 -0.0000
vn -0.0003 -0.9808 0.1952
vn -0.0006 -0.9808 0.1951
vn -0.0003 -0.9808 -0.1952
vn -0.0006 -0.9239 -0.3827
vn -0.0003 -0.9239 -0.3827
vn -0.0003 -1.0000 -0.0000
vn -0.0006 -0.9808 -0.1951
vn -0.0003 0.7071 -0.7071
vn -0.0006 0.7071 -0.7071
vn 0.0001 0.5556 0.8315
vn -0.0003 -0.5556 0.8315
vn -0.9831 -0.1125 0.1444
vn -0.9437 -0.1498 0.2948
vn -0.9948 -0.0000 0.1016
vn -0.9948 -0.0000 -0.1016
vn -0.9991 0.0425 -0.0000
vn -0.0006 0.8315 -0.5555
vn -0.0003 0.8315 -0.5556
vn -0.0006 -0.3827 -0.9239
vn -0.0003 -0.3827 -0.9239
vn -0.0006 0.9239 -0.3827
vn -0.0006 0.9808 -0.1951
vn 0.0001 0.5556 0.8314
vn 0.0001 0.5850 -0.8110
vn -0.0001 0.8315 0.5556
vn -0.0003 0.8315 0.5556
vn -0.0001 -0.9808 0.1950
vn -0.0003 -0.7071 0.7071
vn -0.0001 -0.9808 0.1951
vn 0.0001 -0.9239 0.3827
vn -0.0001 -0.5850 -0.8111
vn 0.0001 -0.8314 0.5556
vn -0.0000 0.6346 -0.7729
vn -0.0015 -0.1944 -0.9809
vn -0.0027 -0.0000 -1.0000
vn -0.0015 0.1944 -0.9809
vn -0.0006 0.1757 0.9844
vn -0.0006 0.8315 0.5555
vn -0.0003 0.7071 0.7071
vn -0.0003 -0.8315 -0.5555
vn -0.0003 0.9239 -0.3827
vn -0.0006 -0.8315 0.5555
vn -0.0006 -0.3827 0.9239
vn -0.0006 -0.5555 0.8315
vn -0.0006 0.5555 0.8315
vn -0.0008 -0.0000 -1.0000
vn -0.0006 -0.1757 -0.9844
vn -0.0006 0.7071 0.7071
vn -0.0006 0.9808 0.1951
vn -0.0006 -0.8315 -0.5555
vn -0.0003 -0.3827 0.9239
vn 0.0590 0.7875 0.6135
vn 0.0836 0.7926 0.6040
vn -0.0006 -0.7071 -0.7071
vn -0.0006 -0.7071 0.7071
vn -0.0006 -1.0000 -0.0000
vn -0.0000 -0.7965 -0.6047
vn -0.0000 -0.6046 0.7965
vn -0.0000 -0.6046 0.7966
vn 0.8545 -0.3141 0.4137
vn 0.7463 -0.4025 0.5301
vn 0.8545 -0.3141 0.4138
vn -0.0000 -0.6047 0.7965
vn 0.9510 -0.1870 0.2463
vn 0.9511 -0.1869 0.2460
vn -0.0001 -0.7965 -0.6046
vn 0.6259 -0.4716 0.6212
vn 0.5597 -0.5011 0.6600
vn -0.6259 -0.4715 0.6212
vn -0.5594 -0.5012 0.6602
vn -0.6259 -0.4716 0.6212
vn -0.7463 -0.4024 0.5301
vn -0.8545 -0.3141 0.4138
vn -0.8545 -0.3141 0.4137
vn -0.9511 -0.1868 0.2460
vn -0.9511 -0.1868 0.2461
vn -0.9837 -0.1085 0.1431
vn -0.9837 -0.1086 0.1431
vn 0.9837 -0.1087 0.1432
vn 0.9837 -0.1086 0.1431
vn -0.0000 -0.6047 0.7964
vn -0.0002 0.7966 -0.6045
vn -0.0000 0.7964 -0.6048
vn -0.0000 0.6046 0.7965
vn -0.0001 0.6045 0.7966
vn 0.8545 0.3141 0.4138
vn 0.7463 0.4024 0.5301
vn 0.8544 0.3142 0.4138
vn 0.0001 0.6045 0.7966
vn 0.9511 0.1866 0.2461
vn 0.9511 0.1868 0.2460
vn 0.5594 0.5012 0.6602
vn 0.6259 0.4715 0.6212
vn 0.6259 0.4716 0.6212
vn -0.6259 0.4715 0.6212
vn -0.5597 0.5011 0.6600
vn -0.5595 0.5011 0.6602
vn -0.7463 0.4024 0.5301
vn -0.8544 0.3142 0.4138
vn -0.9511 0.1868 0.2461
vn -0.8545 0.3141 0.4138
vn -0.9837 0.1087 0.1432
vn -0.9511 0.1868 0.2460
vn 0.7463 0.4025 0.5301
vn 0.9837 0.1090 0.1432
vn 0.9837 0.1087 0.1432
vn -0.0000 -0.7963 -0.6050
vn -0.8544 -0.3142 0.4138
vn -0.7464 -0.4024 0.5300
vn -0.8545 -0.3140 0.4137
vn -0.9511 -0.1867 0.2461
vn -0.9511 -0.1869 0.2461
vn 0.5594 -0.5012 0.6602
vn 0.5595 -0.5011 0.6602
vn 0.7464 -0.4023 0.5300
vn 0.7463 -0.4024 0.5301
vn 0.9511 -0.1868 0.2461
vn 0.9837 -0.1086 0.1432
vn -0.7463 -0.4025 0.5301
vn -0.9837 -0.1087 0.1433
vn -0.9837 -0.1085 0.1432
vn -0.7464 0.4023 0.5301
vn -0.7463 0.4025 0.5301
vn -0.9510 0.1870 0.2462
vn -0.0000 0.7965 -0.6047
vn -0.0000 0.7969 -0.6041
vn -0.6259 0.4716 0.6212
vn -0.5594 0.5011 0.6602
vn -0.5594 0.5012 0.6602
vn 0.7464 0.4023 0.5301
vn 0.9511 0.1868 0.2461
vn 0.9837 0.1087 0.1433
vn -0.6260 0.4715 0.6212
vn -0.9837 0.1088 0.1431
vn -0.0000 0.6021 0.7984
vn -0.0000 0.6021 0.7985
vn -0.0000 -1.0000 0.0001
vn -0.0000 0.7268 0.6868
vn -0.0001 -0.0000 -1.0000
vn 0.0001 -0.0000 -1.0000
vn 0.0001 0.7268 0.6869
vn -0.0000 0.0001 1.0000
vn 0.0001 0.0001 1.0000
vn -0.0001 1.0000 -0.0000
vn -0.0000 0.7268 0.6869
vn -1.0000 -0.0000 -0.0002
vn -0.9979 0.0655 -0.0000
vn -0.9659 0.2588 -0.0000
vn -0.8661 0.4999 -0.0000
vn -0.7071 0.7071 -0.0000
vn -0.5000 0.8660 -0.0000
vn -0.2588 0.9659 -0.0000
vn 0.0001 1.0000 -0.0000
vn 0.9979 0.0655 -0.0000
vn -0.1951 0.6448 0.7390
vn -0.0000 0.6574 0.7536
vn -0.0000 0.6574 0.7535
vn 0.7071 0.4649 0.5328
vn 0.8314 0.3653 0.4187
vn 0.3827 -0.6073 -0.6962
vn 0.4714 -0.5798 -0.6646
vn 0.5556 -0.5466 -0.6265
vn 0.9808 0.1283 0.1470
vn 0.5865 -0.7918 0.1707
vn 0.4988 -0.8620 0.0901
vn 0.5865 -0.7917 0.1707
vn 0.0001 -0.7535 0.6575
vn 0.9808 -0.1283 -0.1470
vn 0.1951 -0.6447 -0.7391
vn -0.0000 -0.6576 -0.7534
vn 0.2076 -0.6430 -0.7372
vn 0.5556 0.5466 0.6265
vn 0.1376 -0.0792 0.9873
vn 0.2700 -0.1056 0.9571
vn 0.2699 -0.1056 0.9571
vn -0.5556 -0.5466 -0.6265
vn -0.7071 -0.4648 -0.5328
vn -0.7071 -0.4649 -0.5328
vn 0.3827 -0.6074 -0.6962
vn -0.9808 -0.1283 -0.1470
vn -0.9952 -0.0647 -0.0738
vn -0.9986 -0.0351 -0.0401
vn -0.8315 -0.3652 -0.4186
vn -0.8315 -0.3653 -0.4186
vn -0.9239 -0.2516 -0.2884
vn -0.9808 0.1282 0.1470
vn -0.9808 0.1283 0.1470
vn -0.9239 0.2516 0.2884
vn -0.8315 0.3653 0.4186
vn -0.7071 0.4649 0.5328
vn -0.5556 0.5466 0.6265
vn -0.3827 0.6073 0.6962
vn -0.3827 0.6074 0.6962
vn -0.1951 0.6448 0.7391
vn 0.6517 -0.7116 0.2626
vn 0.6919 -0.4436 0.5697
vn 0.7054 -0.5341 0.4660
vn 0.6918 -0.4436 0.5697
vn 0.6918 -0.6246 0.3623
vn 0.1951 -0.6448 -0.7390
vn 0.1951 -0.6448 -0.7391
vn -0.5833 0.5340 0.6120
vn 0.3827 0.6074 0.6962
vn -0.4050 0.6011 0.6890
vn 0.4049 -0.6011 -0.6890
vn 0.7071 -0.4649 -0.5328
vn 0.9808 -0.1282 -0.1470
vn -0.0000 -0.7535 0.6575
vn 0.8522 0.3440 0.3943
vn 0.9239 0.2516 0.2884
vn 0.9391 0.2260 0.2590
vn -0.0001 -0.7535 0.6574
vn 0.1951 0.6448 0.7390
vn -0.0001 0.6574 0.7535
vn -0.9239 0.2516 0.2883
vn -0.8564 0.3394 0.3890
vn -0.8315 0.3652 0.4186
vn -0.0000 -0.9978 -0.0656
vn 0.1376 -0.9889 -0.0554
vn -0.1376 -0.9889 -0.0553
vn -0.0000 -0.9979 -0.0655
vn -0.2700 -0.9625 -0.0251
vn -0.3919 -0.9197 0.0240
vn -0.3919 -0.9197 0.0241
vn -0.4988 -0.8620 0.0901
vn -0.4988 -0.8620 0.0902
vn -0.5865 -0.7918 0.1707
vn -0.6517 -0.7116 0.2626
vn -0.6918 -0.6246 0.3623
vn -0.7054 -0.5341 0.4660
vn -0.6918 -0.4436 0.5697
vn -0.6517 -0.3566 0.6694
vn -0.5865 -0.2765 0.7613
vn -0.4988 -0.2062 0.8418
vn -0.3919 -0.1485 0.9079
vn -0.2700 -0.1057 0.9571
vn -0.2699 -0.1056 0.9571
vn -0.1376 -0.0793 0.9873
vn -0.1376 -0.0792 0.9873
vn -0.0000 -0.0703 0.9975
vn -0.0000 -0.0704 0.9975
vn -0.0000 -0.7536 0.6574
vn 0.7304 0.4490 0.5147
vn 0.8315 0.3652 0.4186
vn 0.8315 -0.3653 -0.4186
vn -0.0000 -0.7535 0.6574
vn 0.9239 -0.2516 -0.2884
vn 0.6517 -0.3566 0.6694
vn -0.9896 0.0944 0.1082
vn 0.0001 -0.7535 0.6574
vn 0.9986 0.0350 0.0402
vn 0.9691 0.1622 0.1860
vn 0.4988 -0.8620 0.0902
vn 0.4987 -0.8621 0.0901
vn 0.8315 0.3653 0.4186
vn 0.0001 -0.7536 0.6574
vn 0.5865 -0.2765 0.7613
vn -0.0000 -0.6574 -0.7535
vn -0.1951 -0.6448 -0.7390
vn -0.9239 -0.2516 -0.2883
vn 0.2700 -0.9625 -0.0251
vn 0.3919 -0.1485 0.9079
vn 0.8661 0.4999 -0.0000
vn 0.9659 0.2588 -0.0000
vn -0.9808 -0.1282 -0.1470
vn 0.4988 -0.2062 0.8418
vn -0.8314 -0.3653 -0.4187
vn -0.0001 -0.7535 0.6575
vn 0.9808 0.1282 0.1470
vn -0.8314 0.3653 0.4187
vn -0.3827 -0.6074 -0.6962
vn 0.1376 -0.9889 -0.0553
vn -0.2699 -0.1057 0.9571
vn -0.6919 -0.4436 0.5697
vn -0.5866 -0.7917 0.1707
vn -0.4987 -0.8620 0.0902
vn -0.2700 -0.9625 -0.0252
vn -0.1376 -0.9889 -0.0554
vn 0.8315 -0.3652 -0.4186
vn 0.1376 -0.0793 0.9873
vn 0.2699 -0.1057 0.9571
vn 0.3919 -0.9197 0.0240
vn 0.3919 -0.9197 0.0241
vn 0.6919 -0.6246 0.3623
vn 0.2588 0.9659 -0.0000
vn 0.0001 -0.7536 0.6573
vn -0.0001 -0.7534 0.6575
vn -0.9979 0.0653 -0.0000
vn -0.0002 -0.7536 0.6574
vn 0.0001 -0.7534 0.6576
vn 0.5000 0.8660 -0.0000
vn -0.0001 -0.7537 0.6572
vn 0.0002 -0.7537 0.6573
vn -0.0000 -0.7534 0.6576
vn 0.2048 0.6435 0.7375
vn 0.4003 0.6025 0.6905
vn 0.2076 0.6431 0.7371
vn -0.7356 0.4454 0.5105
vn 0.9986 -0.0350 -0.0401
vn 0.9952 -0.0644 -0.0737
vn 0.9419 -0.2208 -0.2531
vn 0.8819 -0.3099 -0.3553
vn 0.9239 -0.2516 -0.2883
vn 0.4050 0.6011 0.6890
vn 0.5834 0.5340 0.6120
vn -0.0002 -0.7535 0.6574
vn 0.7356 0.4454 0.5105
vn 0.9239 0.2516 0.2883
vn 0.8564 0.3394 0.3890
vn 0.9419 0.2208 0.2531
vn 0.9896 0.0944 0.1082
vn -0.0000 -0.7536 0.6573
vn 0.8314 0.3653 0.4186
vn 0.7071 0.7071 -0.0000
vn -0.3826 -0.6074 -0.6962
vn 0.5779 0.5365 0.6150
vn 0.4714 0.5798 0.6645
vn -0.9419 0.2208 0.2531
vn -0.0000 0.3966 0.9180
vn -0.0000 0.5176 0.8556
vn -0.2076 0.6431 0.7371
vn 0.6919 -0.4436 0.5696
vn -0.8522 0.3440 0.3943
vn -0.9986 0.0350 0.0402
vn -0.9691 0.1622 0.1860
vn -0.9419 -0.2208 -0.2531
vn -0.8819 -0.3099 -0.3553
vn -0.4714 -0.5798 -0.6646
vn -0.3827 -0.6073 -0.6962
vn -0.2048 0.6435 0.7375
vn -0.2076 -0.6430 -0.7372
vn -0.4049 -0.6011 -0.6890
vn -0.1951 -0.6447 -0.7391
vn 0.5833 -0.5340 -0.6120
vn 0.7356 -0.4453 -0.5104
vn 0.8564 -0.3394 -0.3891
vn -0.4714 0.5798 0.6646
vn -0.7304 0.4490 0.5147
vn -0.9897 -0.0943 -0.1081
vn -0.8564 -0.3394 -0.3891
vn -0.5834 -0.5340 -0.6120
vn -0.7356 -0.4454 -0.5104
vn -0.0000 -0.4109 0.9117
vn -0.0000 0.7959 0.6055
vn -0.0000 0.7958 0.6055
vn 0.6344 0.5082 0.5825
vn 0.9897 -0.0943 -0.1081
vn -0.0000 -0.4430 -0.8965
vn -0.5779 0.5365 0.6150
vn -0.6344 0.5082 0.5825
vn -0.0000 0.6572 0.7537
vn -0.0000 0.1567 0.9877
vn -0.0000 0.2828 0.9592
vn -0.0000 0.2829 0.9592
vn -0.0001 -0.4108 0.9117
vn -0.0000 0.6195 0.7850
vn -0.0000 0.0438 0.9990
vn -0.0002 1.0000 -0.0000
vn -0.9979 0.0654 -0.0000
vn 0.1951 0.6448 0.7391
vn -0.3827 -0.6074 -0.6961
vn 0.9986 -0.0351 -0.0402
vn 0.9952 -0.0642 -0.0742
vn 0.7071 -0.4648 -0.5328
vn 0.3827 0.6073 0.6962
vn -0.5865 -0.7917 0.1707
vn -0.5866 -0.7917 0.1706
vn -0.6919 -0.6246 0.3623
vn 0.5833 0.5340 0.6120
vn -0.3827 0.6074 0.6961
vn -0.0001 -0.7536 0.6574
vn 0.9419 0.2209 0.2531
vn 1.0000 -0.0000 -0.0001
vn -0.6919 -0.4436 0.5696
vn 0.9897 0.0943 0.1081
vn -0.4989 -0.8619 0.0904
vn -0.5865 -0.2764 0.7613
vn -0.2700 -0.1056 0.9571
vn -0.8660 0.5001 -0.0000
vn -0.9239 0.2515 0.2883
vn 0.1377 -0.0792 0.9873
vn 0.3920 -0.1485 0.9079
vn 0.6517 -0.3567 0.6694
vn 0.5866 -0.7917 0.1706
vn 0.5866 -0.7917 0.1707
vn -0.7055 -0.5341 0.4660
vn -0.6919 -0.6246 0.3622
vn -0.6919 -0.6245 0.3622
vn -0.0001 -0.7534 0.6576
vn -0.0001 -0.7536 0.6573
vn -0.0002 -0.7534 0.6576
vn 0.0002 -0.7535 0.6574
vn -0.1951 -0.6448 -0.7391
vn -0.0000 -0.7534 0.6575
vn -0.9952 -0.0648 -0.0738
vn -0.9986 -0.0350 -0.0401
vn -0.8315 -0.3652 -0.4187
vn 0.0002 -0.7535 0.6575
vn -0.9896 0.0943 0.1081
vn 0.3827 0.6074 0.6961
vn -0.4714 0.5798 0.6645
vn 0.4050 -0.6010 -0.6890
vn -0.5833 -0.5340 -0.6120
vn -0.7356 -0.4453 -0.5104
vn 0.4714 0.5798 0.6646
vn 0.0003 -0.7536 0.6573
vn 0.7356 -0.4454 -0.5104
vn -0.0000 0.6573 0.7537
vn -0.4434 -0.5496 0.7081
vn 0.3659 -0.8910 0.2687
vn 0.2725 -0.9411 0.2001
vn 0.3868 -0.8773 0.2841
vn 0.7968 0.1506 0.5851
vn 0.8060 -0.0000 0.5919
vn -0.7071 -0.0000 0.7071
vn 0.7241 0.4392 0.5317
vn 0.7666 0.3090 0.5630
vn 0.7694 0.2981 0.5650
vn -0.4434 0.5496 0.7080
vn 0.1261 -0.9877 0.0926
vn 0.0444 -0.9985 0.0326
vn 0.1511 -0.9823 0.1110
vn -0.6247 0.3271 0.7090
vn -0.5378 0.4554 0.7095
vn 0.1511 0.9823 0.1110
vn 0.2491 0.9511 0.1829
vn 0.2725 0.9411 0.2001
vn 0.4913 0.7927 0.3608
vn 0.5700 0.7071 0.4186
vn 0.5837 0.6896 0.4286
vn -0.6806 0.1827 0.7095
vn -0.7043 0.0514 0.7080
vn 0.0316 -0.9992 0.0232
vn -0.7043 -0.0514 0.7080
vn 0.6521 0.5878 0.4789
vn 0.6618 0.5708 0.4860
vn 0.7968 -0.1506 0.5851
vn 0.7961 -0.1564 0.5846
vn -0.5378 -0.4554 0.7095
vn -0.6247 -0.3271 0.7090
vn -0.5919 -0.0000 0.8060
vn -0.4434 0.5496 0.7081
vn 0.2491 -0.9511 0.1829
vn 0.4738 -0.8090 0.3479
vn 0.4913 -0.7928 0.3608
vn 0.0316 0.9992 0.0232
vn 0.7181 -0.4541 0.5274
vn 0.6618 -0.5708 0.4860
vn 0.7241 -0.4392 0.5318
vn 0.0444 0.9985 0.0326
vn 0.1260 0.9877 0.0926
vn 0.1510 0.9823 0.1109
vn 0.7071 -0.0000 0.7071
vn 0.7182 -0.4540 0.5274
vn 0.6521 -0.5878 0.4789
vn 0.7666 -0.3090 0.5629
vn 0.7694 -0.2980 0.5650
vn -0.7043 0.0514 0.7081
vn 0.3659 0.8910 0.2687
vn 0.3868 0.8773 0.2841
vn 0.7241 -0.4392 0.5317
vn 0.4738 0.8090 0.3480
vn 0.4913 0.7928 0.3608
vn -0.7043 -0.0514 0.7081
vn 0.3868 0.8773 0.2840
vn 0.5836 -0.6897 0.4286
vn 0.5699 -0.7071 0.4185
vn -0.6806 -0.1827 0.7095
vn 0.1261 0.9877 0.0926
vn 0.7181 0.4540 0.5274
vn 0.6521 -0.5878 0.4788
vn 0.7961 0.1564 0.5846
vn 0.7182 0.4540 0.5274
vn 0.5836 0.6897 0.4286
vn 0.4738 -0.8090 0.3480
vn 0.4738 0.8090 0.3479
vn 0.5699 0.7072 0.4185
vn 0.7961 0.1564 0.5847
vn 0.4434 -0.5496 0.7081
vn -0.2725 -0.9411 0.2001
vn -0.3659 -0.8910 0.2687
vn -0.3868 -0.8773 0.2841
vn -0.8060 -0.0000 0.5919
vn -0.7968 0.1506 0.5851
vn -0.7241 0.4392 0.5317
vn -0.7666 0.3090 0.5630
vn -0.7181 0.4540 0.5274
vn 0.4434 0.5496 0.7081
vn -0.0444 -0.9985 0.0326
vn -0.1261 -0.9877 0.0926
vn -0.1511 -0.9823 0.1110
vn 0.6247 0.3271 0.7090
vn 0.5378 0.4554 0.7095
vn -0.2490 0.9511 0.1829
vn -0.1510 0.9823 0.1109
vn -0.2725 0.9411 0.2001
vn -0.4913 0.7927 0.3608
vn -0.5700 0.7071 0.4186
vn -0.4738 0.8090 0.3479
vn 0.6806 0.1827 0.7095
vn 0.7043 0.0514 0.7080
vn 0.7043 -0.0514 0.7080
vn -0.5837 0.6896 0.4286
vn -0.6521 0.5878 0.4789
vn 0.6247 0.3272 0.7090
vn -0.7968 -0.1506 0.5851
vn 0.5378 -0.4554 0.7095
vn 0.6247 -0.3271 0.7090
vn -0.7241 0.4392 0.5318
vn -0.7694 0.2981 0.5650
vn -0.7961 0.1564 0.5846
vn 0.5919 -0.0000 0.8060
vn 0.4434 0.5496 0.7080
vn -0.2491 -0.9511 0.1829
vn -0.4738 -0.8090 0.3479
vn -0.4913 -0.7928 0.3608
vn -0.0316 0.9992 0.0232
vn -0.6618 -0.5708 0.4860
vn -0.7181 -0.4541 0.5274
vn -0.7241 -0.4392 0.5318
vn -0.0444 0.9985 0.0326
vn -0.1260 0.9877 0.0926
vn -0.7182 -0.4540 0.5274
vn -0.7241 -0.4392 0.5317
vn -0.7666 -0.3090 0.5629
vn -0.7694 -0.2980 0.5650
vn 0.7043 0.0514 0.7081
vn -0.3659 0.8910 0.2687
vn -0.3868 0.8773 0.2840
vn -0.4913 0.7928 0.3608
vn -0.0316 -0.9992 0.0232
vn -0.2491 0.9511 0.1829
vn 0.7043 -0.0514 0.7081
vn -0.5836 -0.6897 0.4286
vn -0.6521 -0.5878 0.4789
vn 0.6806 -0.1827 0.7095
vn -0.7968 -0.1506 0.5852
vn -0.1260 0.9877 0.0925
vn -0.6618 0.5708 0.4860
vn -0.5699 -0.7071 0.4185
vn -0.6521 -0.5878 0.4788
vn -0.7182 0.4540 0.5274
vn -0.6521 0.5878 0.4788
vn -0.5837 0.6896 0.4287
vn -0.7961 -0.1564 0.5846
vn -0.5699 0.7071 0.4185
vn -0.4738 -0.8090 0.3480
vn -0.0964 -0.0000 0.9953
vn 0.9857 -0.1685 -0.0000
vn 0.9992 -0.0395 -0.0000
vn 0.9992 -0.0394 -0.0000
vn 0.9321 -0.3621 -0.0000
vn 0.9855 -0.1695 -0.0000
vn 0.8178 -0.5755 -0.0000
vn 0.9312 -0.3645 -0.0000
vn 0.6273 -0.7788 -0.0000
vn 0.8150 -0.5794 -0.0000
vn 0.3729 -0.9279 -0.0000
vn 0.6217 -0.7833 -0.0000
vn 0.0996 -0.9950 -0.0000
vn 0.3649 -0.9310 -0.0000
vn -0.1460 -0.9893 -0.0000
vn 0.0915 -0.9958 -0.0000
vn -0.3437 -0.9391 -0.0000
vn -0.1527 -0.9883 -0.0000
vn -0.4660 -0.8848 -0.0000
vn -0.3486 -0.9373 -0.0000
vn 0.0964 -0.0000 0.9953
vn -0.9992 -0.0395 -0.0000
vn -0.9857 -0.1685 -0.0000
vn -0.9992 -0.0394 -0.0000
vn -0.9855 -0.1694 -0.0000
vn -0.9321 -0.3621 -0.0000
vn -0.9312 -0.3645 -0.0000
vn -0.8178 -0.5755 -0.0000
vn -0.8150 -0.5794 -0.0000
vn -0.6273 -0.7788 -0.0000
vn -0.6217 -0.7833 -0.0000
vn -0.3728 -0.9279 -0.0000
vn -0.3649 -0.9310 -0.0000
vn -0.0996 -0.9950 -0.0000
vn -0.0914 -0.9958 -0.0000
vn 0.1460 -0.9893 -0.0000
vn 0.1527 -0.9883 -0.0000
vn 0.3437 -0.9391 -0.0000
vn 0.3486 -0.9373 -0.0000
vn 0.4660 -0.8848 -0.0000
vn 0.6273 0.7788 -0.0000
vn 0.8150 0.5794 -0.0000
vn 0.6217 0.7833 -0.0000
vn -0.3649 0.9310 -0.0000
vn -0.0995 0.9950 -0.0000
vn -0.0914 0.9958 -0.0000
vn 0.5024 -0.8646 -0.0000
vn 0.4679 -0.8838 -0.0000
vn -0.1460 0.9893 -0.0000
vn 0.0915 0.9958 -0.0000
vn -0.1527 0.9883 -0.0000
vn -0.6216 0.7833 -0.0000
vn -0.3728 0.9279 -0.0000
vn 0.0996 0.9950 -0.0000
vn 0.3649 0.9310 -0.0000
vn -0.9992 0.0394 -0.0000
vn 0.9321 0.3621 -0.0000
vn 0.9855 0.1694 -0.0000
vn 0.9312 0.3645 -0.0000
vn 0.8178 0.5755 -0.0000
vn -0.8150 0.5794 -0.0000
vn -0.6273 0.7788 -0.0000
vn -0.9312 0.3645 -0.0000
vn -0.8178 0.5755 -0.0000
vn -0.3437 0.9391 -0.0000
vn -0.3487 0.9373 -0.0000
vn 0.4679 0.8838 -0.0000
vn 0.5024 0.8646 -0.0000
vn -0.9855 0.1694 -0.0000
vn -0.9321 0.3622 -0.0000
vn 0.1460 0.9893 -0.0000
vn 0.1527 0.9883 -0.0000
vn -0.4660 0.8848 -0.0000
vn -0.4679 0.8838 -0.0000
vn 0.9992 0.0394 -0.0000
vn 0.9992 0.0395 -0.0000
vn 0.9857 0.1685 -0.0000
vn -0.4679 -0.8838 -0.0000
vn -0.5024 -0.8646 -0.0000
vn 0.3729 0.9279 -0.0000
vn 0.3486 0.9373 -0.0000
vn 0.4660 0.8848 -0.0000
vn -0.9857 0.1685 -0.0000
vn -0.5024 0.8646 -0.0000
vn 0.3437 0.9391 -0.0000
vn -0.8859 0.4639 -0.0000
vn -0.9658 0.2592 -0.0000
vn -0.9973 0.0728 -0.0000
vn -0.9658 -0.2592 -0.0000
vn -0.9973 -0.0728 -0.0000
vn 0.9973 0.0728 -0.0000
vn -0.7632 0.6462 -0.0000
vn -0.6279 0.7783 -0.0000
vn 0.6279 0.7783 -0.0000
vn -0.7632 -0.6462 0.0001
vn -0.6279 -0.7783 -0.0000
vn -0.7632 -0.6462 -0.0000
vn 0.9658 -0.2592 -0.0000
vn 0.9973 -0.0728 -0.0000
vn 0.8859 0.4639 -0.0000
vn 0.7632 0.6462 -0.0000
vn -0.8859 -0.4639 -0.0000
vn -0.6280 0.7783 -0.0000
vn 0.8859 -0.4639 -0.0000
vn 0.7632 -0.6462 -0.0000
vn -0.7632 -0.6462 -0.0001
vn 0.9658 0.2592 -0.0000
vn 0.6279 -0.7783 -0.0000
vn 0.7632 -0.6462 0.0001
vn 0.2589 0.9659 -0.0000
vn 0.7072 0.7071 -0.0000
vn 0.8661 0.5000 -0.0000
vn -0.7072 0.7071 -0.0000
vn -0.8660 0.5000 -0.0000
vn -0.2589 0.9659 -0.0000
vn 0.0002 1.0000 -0.0000
vn -1.0000 -0.0000 0.0001
vn -1.0000 -0.0000 -0.0001
vn -0.4828 0.5295 0.6975
vn -0.4104 -0.5514 0.7263
vn -0.3726 -0.5611 0.7391
vn -0.4109 -0.5510 0.7263
vn -0.1038 0.6014 0.7922
vn -0.1834 0.5944 0.7830
vn -0.1894 0.5937 0.7821
vn -0.6528 -0.4580 0.6034
vn -0.7725 -0.3840 0.5057
vn -0.4828 -0.5295 0.6975
vn 0.4828 -0.5295 0.6975
vn 0.6528 0.4580 0.6034
vn 0.7727 0.3838 0.5057
vn -0.6529 -0.4580 0.6033
vn -0.1002 -0.6016 0.7925
vn -0.0555 -0.6037 0.7953
vn -0.1036 -0.6014 0.7922
vn -0.7727 -0.3837 0.5057
vn -0.8802 -0.2869 0.3780
vn 0.1838 0.5944 0.7829
vn 0.1036 0.6014 0.7922
vn 0.1894 0.5937 0.7821
vn 0.7725 -0.3840 0.5057
vn 0.8803 -0.2868 0.3778
vn 0.9715 -0.1432 0.1888
vn -0.9716 -0.1430 0.1884
vn -0.9837 -0.1088 0.1432
vn 0.7726 0.3839 0.5056
vn 0.8802 0.2869 0.3780
vn 0.9715 -0.1433 0.1887
vn 0.9837 -0.1088 0.1432
vn -0.3726 0.5611 0.7392
vn -0.4108 0.5512 0.7263
vn -0.4108 0.5513 0.7262
vn 0.4828 0.5295 0.6975
vn 0.2642 0.5832 0.7682
vn 0.2727 0.5817 0.7663
vn 0.1002 0.6016 0.7925
vn 0.0555 0.6037 0.7953
vn 0.4109 0.5513 0.7262
vn 0.3726 0.5611 0.7392
vn 0.4108 0.5512 0.7262
vn -0.2641 0.5832 0.7682
vn -0.2726 0.5817 0.7664
vn -0.2725 0.5818 0.7664
vn -0.8804 0.2869 0.3777
vn -0.9715 0.1432 0.1887
vn -0.8802 -0.2870 0.3781
vn -0.9715 -0.1432 0.1887
vn 0.1894 -0.5937 0.7821
vn 0.2642 -0.5832 0.7682
vn 0.2727 -0.5817 0.7663
vn -0.3586 0.5645 0.7435
vn 0.3727 -0.5611 0.7391
vn 0.4104 -0.5513 0.7263
vn 0.4106 -0.5514 0.7262
vn -0.3584 -0.5645 0.7436
vn -0.2727 -0.5817 0.7663
vn -0.0555 0.6037 0.7953
vn -0.1002 0.6016 0.7925
vn -0.9837 -0.1088 0.1433
vn -0.6529 0.4580 0.6033
vn -0.7727 0.3838 0.5057
vn 0.8803 -0.2868 0.3779
vn 0.1895 0.5937 0.7820
vn 0.2728 0.5817 0.7663
vn -0.3584 -0.5644 0.7436
vn -0.2726 -0.5818 0.7663
vn -0.3727 -0.5611 0.7391
vn 0.3585 -0.5645 0.7436
vn -0.7726 0.3839 0.5056
vn -0.6528 0.4580 0.6033
vn 0.1893 -0.5937 0.7821
vn 0.1835 0.5943 0.7831
vn 0.1037 0.6014 0.7922
vn 0.1445 0.5982 0.7882
vn -0.2642 -0.5832 0.7682
vn -0.1894 -0.5937 0.7821
vn -0.8802 0.2870 0.3780
vn -0.9715 0.1432 0.1886
vn 0.4104 0.5513 0.7264
vn 0.3725 0.5611 0.7391
vn 0.4107 0.5513 0.7262
vn 0.7727 -0.3837 0.5057
vn -0.5594 -0.5009 0.6604
vn 0.8804 0.2867 0.3778
vn 0.9716 0.1430 0.1884
vn 0.6528 -0.4580 0.6034
vn 0.9715 0.1433 0.1888
vn 0.0555 -0.6037 0.7953
vn 0.1002 -0.6016 0.7925
vn 0.1036 -0.6014 0.7922
vn 0.3726 -0.5611 0.7391
vn 0.1837 -0.5943 0.7830
vn -0.4107 -0.5512 0.7263
vn -0.4108 -0.5513 0.7262
vn -0.1837 -0.5944 0.7829
vn 0.5595 -0.5008 0.6604
vn -0.3583 0.5645 0.7436
vn -0.3727 0.5607 0.7394
vn -0.4828 -0.5295 0.6976
vn 0.4104 -0.5514 0.7263
vn 0.4106 -0.5513 0.7263
vn 0.4828 -0.5295 0.6976
vn 0.3583 0.5645 0.7436
vn -0.1837 -0.5943 0.7830
vn -0.9837 0.1086 0.1433
vn 0.9837 0.1086 0.1432
vn -0.4107 0.5513 0.7263
vn -0.4107 0.5513 0.7262
vn -0.9837 0.1088 0.1433
vn 0.1837 -0.5944 0.7829
vn -0.1839 0.5943 0.7829
vn -0.0554 0.6037 0.7953
vn -0.1000 0.6016 0.7925
vn 0.1000 0.6016 0.7925
vn 0.0554 0.6037 0.7953
vn -0.2641 -0.5832 0.7682
vn 0.7709 -0.1849 0.6095
vn 0.9437 -0.1498 0.2948
vn 0.9831 -0.1125 0.1444
vn 0.9933 -0.0872 0.0761
vn 0.9967 -0.0696 0.0405
vn 0.9982 -0.0567 0.0199
vn 0.9989 -0.0468 0.0069
vn 0.9989 -0.0468 -0.0069
vn 0.9982 -0.0567 -0.0199
vn 0.9968 -0.0696 -0.0405
vn 0.9933 -0.0872 -0.0761
vn 0.9831 -0.1125 -0.1444
vn 0.9437 -0.1498 -0.2948
vn 0.7709 -0.1849 -0.6095
vn 0.7708 0.1849 0.6097
vn 0.9991 0.0425 -0.0000
vn 0.7708 0.1849 -0.6097
vn 0.9437 0.1498 -0.2948
vn 0.9831 0.1125 -0.1444
vn 0.9933 0.0872 -0.0761
vn 0.9967 0.0696 -0.0405
vn 0.9982 0.0567 -0.0199
vn 0.9989 0.0468 -0.0069
vn 0.9989 0.0468 0.0069
vn 0.9982 0.0567 0.0199
vn 0.9967 0.0696 0.0405
vn 0.9933 0.0872 0.0761
vn 0.0006 0.7071 -0.7071
vn 0.0006 0.9808 -0.1951
vn 0.0006 0.7071 0.7071
vn 0.0006 -0.5555 0.8315
vn 0.0006 -0.1757 -0.9844
vn 0.0006 -1.0000 -0.0000
vn 0.0006 -0.8315 -0.5555
vn -0.2226 -0.8106 0.5416
vn 0.2226 -0.8106 0.5416
vn -0.7709 -0.1849 0.6095
vn -0.9991 -0.0425 -0.0000
vn -0.7709 -0.1849 -0.6095
vn -0.9437 -0.1498 -0.2948
vn -0.9831 -0.1125 -0.1444
vn -0.9933 -0.0872 -0.0761
vn -0.9967 -0.0696 -0.0405
vn -0.9982 -0.0567 -0.0199
vn -0.9989 -0.0468 -0.0069
vn -0.9989 -0.0468 0.0069
vn -0.9982 -0.0567 0.0199
vn -0.9967 -0.0696 0.0405
vn -0.9933 -0.0872 0.0761
vn -0.7708 0.1849 0.6097
vn -0.9437 0.1498 0.2948
vn -0.9831 0.1125 0.1444
vn -0.9933 0.0872 0.0761
vn -0.9967 0.0696 0.0405
vn -0.9982 0.0567 0.0199
vn -0.9989 0.0468 0.0069
vn -0.9989 0.0468 -0.0069
vn -0.9982 0.0567 -0.0199
vn -0.9968 0.0696 -0.0405
vn -0.9933 0.0872 -0.0761
vn -0.9831 0.1125 -0.1444
vn -0.9437 0.1498 -0.2948
vn -0.7708 0.1849 -0.6097
vn 0.2227 0.8106 0.5416
vn 0.0001 -0.7965 -0.6046
vn -0.0002 -0.7968 -0.6043
vn -0.0006 -0.7963 -0.6049
vn -0.0000 -0.7967 -0.6044
vn 0.0002 -0.7964 -0.6048
vn 0.0003 -0.7971 -0.6038
vn 0.0002 -0.7966 -0.6045
vn 0.0001 -0.7972 -0.6037
vn -0.0001 -0.7971 -0.6038
vn 0.0001 -0.7964 -0.6047
vn -0.0000 -0.7960 -0.6053
vn -0.0000 -0.7966 -0.6046
vn -0.0002 -0.7978 -0.6029
vn -0.0002 -0.7964 -0.6048
vn 0.0001 -0.7967 -0.6044
vn 0.0005 -0.7962 -0.6050
vn 0.5594 -0.5011 0.6602
vn -0.5597 -0.5010 0.6601
vn 0.0001 0.7959 -0.6054
vn 0.0002 0.7956 -0.6058
vn 0.0002 0.7977 -0.6031
vn -0.0000 0.7967 -0.6044
vn 0.0001 0.7967 -0.6043
vn -0.0001 0.7966 -0.6045
vn -0.0002 0.7965 -0.6046
vn -0.0000 0.7967 -0.6043
vn -0.0005 0.7966 -0.6045
vn -0.0006 0.7965 -0.6046
vn -0.0002 0.7968 -0.6043
vn 0.0001 0.7966 -0.6045
vn -0.0001 0.7965 -0.6046
vn -0.0000 0.6047 0.7964
vn 0.0001 0.7965 -0.6046
vn 0.0002 0.7965 -0.6046
vn 0.0006 0.7965 -0.6046
vn -0.0000 0.7963 -0.6049
vn -0.0002 0.7972 -0.6037
vn -0.0002 0.7955 -0.6059
vn -0.0000 0.7964 -0.6047
vn -0.0001 0.7959 -0.6054
vn 0.0002 0.7966 -0.6045
vn 0.5597 0.5010 0.6601
vn -0.0000 -0.7972 -0.6037
vn -0.0000 -0.7962 -0.6050
vn 0.0001 -0.7955 -0.6059
vn -0.0000 -0.7966 -0.6045
vn -0.0000 -0.7967 -0.6043
vn -0.0004 -0.7963 -0.6049
vn 0.0001 -0.7965 -0.6047
vn 0.0004 -0.7962 -0.6050
vn -0.0001 -0.7963 -0.6049
vn -0.0000 -0.7969 -0.6042
vn -0.0001 -0.7964 -0.6047
vn -0.0000 -0.7964 -0.6048
vn -0.0001 -0.7969 -0.6041
vn -0.0002 -0.7976 -0.6032
vn -0.0004 0.7968 -0.6042
vn -0.0001 0.7965 -0.6047
vn -0.0000 0.7966 -0.6045
vn -0.0000 0.7968 -0.6042
vn 0.0004 0.7962 -0.6051
vn -0.0000 0.7970 -0.6039
vn -0.0000 0.7959 -0.6054
vn -0.0000 0.6047 0.7965
vn -0.0000 0.7960 -0.6053
vn 0.0002 0.7958 -0.6056
vn -0.0004 0.7963 -0.6049
vn -0.0000 0.7966 -0.6046
vn -0.0002 0.7963 -0.6049
vn -0.0001 0.7964 -0.6048
vn -0.0002 0.7965 -0.6047
vn 0.0004 0.7968 -0.6042
vn 0.5595 0.5011 0.6602
vn -0.0001 -0.0001 -1.0000
vn 0.0001 -0.0001 -1.0000
vn -0.0000 1.0000 -0.0001
vn 0.2700 -0.9625 -0.0252
vn 0.0002 -0.7536 0.6574
vn -0.0002 -0.7536 0.6573
vn 0.0002 -0.7534 0.6575
vn -0.0003 -0.7537 0.6573
vn 0.0001 -0.7534 0.6575
vn 0.0002 -0.7536 0.6573
vn -0.0002 -0.7534 0.6575
vn -0.9391 0.2260 0.2590
vn 0.9569 0.1908 0.2187
vn -0.4003 0.6025 0.6905
vn -0.4713 0.5798 0.6646
vn -0.0003 -0.7536 0.6573
vn -0.9570 0.1908 0.2187
vn -0.0000 -1.0000 0.0002
vn -0.0000 -1.0000 -0.0001
vn -0.0000 -0.4110 0.9117
vn -0.0000 -0.6575 -0.7535
vn 0.4988 -0.2061 0.8418
vn -0.0004 -0.7536 0.6574
vn -0.4003 0.6024 0.6905
vn -0.9569 0.1908 0.2187
vn 0.9570 0.1908 0.2187
vn -0.0002 -0.4111 0.9116
vn -0.6247 0.3272 0.7090
vn -0.5918 0.0001 0.8061
vn -0.5920 -0.0001 0.8059
vn -0.5922 0.0001 0.8058
vn -0.5919 0.0001 0.8060
vn -0.5920 0.0004 0.8059
vn -0.5919 -0.0001 0.8060
vn -0.5919 -0.0002 0.8060
vn -0.5918 -0.0002 0.8061
vn -0.5916 -0.0002 0.8063
vn -0.5918 -0.0000 0.8060
vn -0.5920 -0.0000 0.8059
vn -0.5918 -0.0001 0.8061
vn -0.5918 -0.0000 0.8061
vn -0.5920 -0.0000 0.8060
vn -0.5923 0.0004 0.8058
vn -0.5920 0.0001 0.8059
vn -0.5921 -0.0001 0.8059
vn -0.5917 -0.0001 0.8061
vn -0.5917 0.0002 0.8062
vn -0.5920 -0.0002 0.8060
vn 0.5917 -0.0001 0.8062
vn 0.5923 -0.0003 0.8057
vn 0.5920 -0.0001 0.8060
vn 0.5920 -0.0000 0.8060
vn 0.5920 -0.0001 0.8059
vn 0.5924 -0.0001 0.8057
vn 0.5918 -0.0000 0.8061
vn 0.5923 0.0002 0.8057
vn 0.5918 -0.0001 0.8061
vn 0.5920 0.0001 0.8059
vn 0.5921 0.0003 0.8059
vn 0.5916 -0.0005 0.8062
vn 0.5919 -0.0001 0.8060
vn 0.5920 0.0002 0.8059
vn 0.5922 0.0002 0.8058
vn 0.5919 0.0001 0.8060
vn 0.5920 0.0001 0.8060
vn 0.5920 -0.0000 0.8059
vn 0.5918 0.0004 0.8061
vn 0.5919 0.0002 0.8060
vn 0.5916 0.0002 0.8062
vn 0.5921 -0.0000 0.8059
vn 0.5922 0.0001 0.8058
vn 0.5918 0.0001 0.8061
vn -0.0965 0.0002 0.9953
vn -0.0964 0.0001 0.9953
vn -0.0964 -0.0001 0.9953
vn -0.0965 -0.0001 0.9953
vn -0.0965 -0.0002 0.9953
vn 0.0965 -0.0002 0.9953
vn 0.0965 -0.0001 0.9953
vn 0.0964 0.0001 0.9953
vn 0.0964 -0.0001 0.9953
vn 0.0965 0.0002 0.9953
vn -0.9992 0.0393 -0.0000
vn 1.0000 -0.0002 -0.0000
vn -1.0000 -0.0002 -0.0000
vn 1.0000 -0.0000 0.0002
vn -0.0557 -0.6037 0.7953
vn 0.0556 0.6038 0.7952
vn -0.0557 0.6037 0.7953
vn -0.0556 -0.6038 0.7952
vn 0.0557 -0.6037 0.7953
vn 0.0556 -0.6037 0.7952
vn -0.0553 0.6038 0.7952
vn 0.0553 0.6037 0.7953
vt 0.327950 0.190369
vt 0.323161 0.195162
vt 0.323849 0.196000
vt 0.664149 0.197267
vt 0.664837 0.196429
vt 0.660047 0.191636
vt 0.696151 0.198490
vt 0.698186 0.193552
vt 0.696151 0.193552
vt 0.411767 0.238382
vt 0.409985 0.236345
vt 0.409985 0.238382
vt 0.424884 0.193633
vt 0.420095 0.198426
vt 0.420783 0.199265
vt 0.618978 0.206272
vt 0.618140 0.205584
vt 0.613350 0.210377
vt 0.808277 0.169765
vt 0.810313 0.164827
vt 0.808277 0.164827
vt 0.504795 0.245722
vt 0.506577 0.247759
vt 0.506577 0.245722
vt 0.383888 0.164288
vt 0.385923 0.169226
vt 0.385923 0.164288
vt 0.513391 0.164060
vt 0.515426 0.168998
vt 0.515426 0.164060
vt 0.808277 0.163040
vt 0.810313 0.163040
vt 0.698186 0.191765
vt 0.739419 0.328707
vt 0.739419 0.330744
vt 0.744091 0.320028
vt 0.550537 0.163172
vt 0.552572 0.164959
vt 0.552572 0.163172
vt 0.727391 0.206659
vt 0.732180 0.201866
vt 0.731492 0.201027
vt 0.680074 0.241186
vt 0.681855 0.239149
vt 0.680074 0.239149
vt 0.638116 0.206417
vt 0.642906 0.201624
vt 0.642218 0.200785
vt 0.395510 0.206532
vt 0.394672 0.205844
vt 0.389882 0.210637
vt 0.407958 0.213409
vt 0.409740 0.211372
vt 0.407958 0.211372
vt 0.550537 0.164959
vt 0.552572 0.169898
vt 0.689952 0.195712
vt 0.690790 0.196400
vt 0.695580 0.191607
vt 0.790749 0.165188
vt 0.792784 0.170126
vt 0.792784 0.165188
vt 0.744091 0.391783
vt 0.739419 0.383103
vt 0.739419 0.387750
vt 0.792784 0.163401
vt 0.790749 0.163401
vt 0.577487 0.168904
vt 0.579522 0.163966
vt 0.577487 0.163966
vt 0.484337 0.168935
vt 0.486372 0.163996
vt 0.484337 0.163996
vt 0.262270 0.178197
vt 0.262270 0.165447
vt 0.255900 0.171823
vt 0.759050 0.165118
vt 0.752681 0.171493
vt 0.759050 0.177869
vt 0.391058 0.391289
vt 0.390313 0.328667
vt 0.390313 0.392035
vt 0.421675 0.392035
vt 0.420930 0.391289
vt 0.421675 0.328667
vt 0.424302 0.329412
vt 0.423557 0.392035
vt 0.424302 0.392035
vt 0.454919 0.328667
vt 0.454174 0.329412
vt 0.454919 0.392035
vt 0.454174 0.392035
vt 0.881468 0.725607
vt 0.878842 0.655877
vt 0.878842 0.728235
vt 0.660173 0.327263
vt 0.681350 0.267597
vt 0.660173 0.267562
vt 0.390008 0.264765
vt 0.411185 0.324458
vt 0.411185 0.264757
vt 0.878842 0.989977
vt 0.881468 0.920246
vt 0.878842 0.917618
vt 0.388719 0.340407
vt 0.367544 0.293257
vt 0.367544 0.340409
vt 0.407089 0.214106
vt 0.409715 0.235298
vt 0.409715 0.214106
vt 0.524101 0.388319
vt 0.502931 0.315962
vt 0.502925 0.388320
vt 0.554119 0.259618
vt 0.556745 0.238426
vt 0.554119 0.238426
vt 0.703798 0.327299
vt 0.682621 0.267590
vt 0.682621 0.327291
vt 0.879090 0.729652
vt 0.882011 0.727739
vt 0.881717 0.727024
vt 0.660173 0.391635
vt 0.681350 0.331899
vt 0.660173 0.331934
vt 0.881531 0.726297
vt 0.525406 0.388338
vt 0.546582 0.315979
vt 0.525406 0.315980
vt 0.570329 0.318669
vt 0.591510 0.388398
vt 0.591504 0.318669
vt 0.878905 0.728925
vt 0.367544 0.387561
vt 0.879385 0.730367
vt 0.882395 0.728394
vt 0.879769 0.731022
vt 0.882842 0.728944
vt 0.880695 0.731979
vt 0.883321 0.729351
vt 0.881531 0.919557
vt 0.881717 0.918830
vt 0.878905 0.916929
vt 0.882011 0.918115
vt 0.879090 0.916202
vt 0.882395 0.917460
vt 0.879385 0.915487
vt 0.882842 0.916910
vt 0.879769 0.914832
vt 0.880695 0.913875
vt 0.880215 0.914282
vt 0.942978 0.876451
vt 0.940832 0.873416
vt 0.940352 0.873823
vt 0.943905 0.875495
vt 0.943458 0.876044
vt 0.944288 0.874840
vt 0.941278 0.872867
vt 0.944583 0.874124
vt 0.941662 0.872212
vt 0.944768 0.873397
vt 0.941957 0.871496
vt 0.944831 0.872708
vt 0.942142 0.870769
vt 0.149024 0.970641
vt 0.148115 0.972303
vt 0.149713 0.970704
vt 0.148298 0.970456
vt 0.147427 0.972240
vt 0.147583 0.970161
vt 0.146701 0.972055
vt 0.146929 0.969777
vt 0.145986 0.971760
vt 0.146380 0.969330
vt 0.145332 0.971376
vt 0.144376 0.970449
vt 0.144783 0.970929
vt 0.105526 0.904731
vt 0.106436 0.903068
vt 0.104837 0.904667
vt 0.106252 0.904916
vt 0.107124 0.903132
vt 0.106967 0.905210
vt 0.107850 0.903317
vt 0.107621 0.905594
vt 0.108565 0.903611
vt 0.108170 0.906042
vt 0.109219 0.903995
vt 0.110175 0.904922
vt 0.109768 0.904443
vt 0.390008 0.324466
vt 0.411185 0.324938
vt 0.321333 0.390196
vt 0.300152 0.390747
vt 0.321327 0.390749
vt 0.321337 0.389539
vt 0.300157 0.390194
vt 0.321341 0.388822
vt 0.300162 0.389537
vt 0.321343 0.388094
vt 0.300166 0.388819
vt 0.321344 0.387404
vt 0.300168 0.388091
vt 0.660173 0.331454
vt 0.546565 0.391663
vt 0.525395 0.391118
vt 0.525389 0.391665
vt 0.546575 0.390464
vt 0.546570 0.391117
vt 0.546579 0.389751
vt 0.525400 0.390466
vt 0.546581 0.389026
vt 0.525403 0.389752
vt 0.546582 0.388337
vt 0.525406 0.389027
vt 0.388719 0.293254
vt 0.367545 0.292568
vt 0.388720 0.292565
vt 0.367547 0.291842
vt 0.388723 0.291840
vt 0.367551 0.291129
vt 0.388726 0.291127
vt 0.367556 0.290476
vt 0.388737 0.289928
vt 0.388731 0.290474
vt 0.681350 0.391600
vt 0.660173 0.392115
vt 0.681350 0.392080
vt 0.411185 0.264277
vt 0.591493 0.391743
vt 0.570323 0.391191
vt 0.570318 0.391743
vt 0.591498 0.391191
vt 0.570328 0.390534
vt 0.591503 0.390533
vt 0.570331 0.389817
vt 0.591507 0.389816
vt 0.570334 0.389089
vt 0.591509 0.389088
vt 0.570334 0.388399
vt 0.883321 0.916503
vt 0.636438 0.322015
vt 0.615262 0.391742
vt 0.636438 0.391744
vt 0.300169 0.387401
vt 0.321344 0.337623
vt 0.300169 0.337621
vt 0.944831 0.822927
vt 0.942205 0.870080
vt 0.942978 0.769402
vt 0.940831 0.772438
vt 0.943458 0.769809
vt 0.943905 0.770359
vt 0.941278 0.772987
vt 0.944288 0.771014
vt 0.941662 0.773642
vt 0.944583 0.771729
vt 0.941957 0.774358
vt 0.944768 0.772457
vt 0.942142 0.775085
vt 0.944831 0.773146
vt 0.250803 0.972303
vt 0.249893 0.970641
vt 0.249205 0.970704
vt 0.251491 0.972240
vt 0.250620 0.970456
vt 0.252218 0.972055
vt 0.251334 0.970161
vt 0.252932 0.971760
vt 0.251988 0.969777
vt 0.253586 0.971376
vt 0.252538 0.969330
vt 0.254542 0.970449
vt 0.252944 0.968850
vt 0.292483 0.903069
vt 0.293392 0.904731
vt 0.294080 0.904668
vt 0.291794 0.903132
vt 0.292665 0.904916
vt 0.291068 0.903317
vt 0.291951 0.905210
vt 0.290353 0.903612
vt 0.291297 0.905594
vt 0.289699 0.903996
vt 0.290747 0.906042
vt 0.288743 0.904923
vt 0.290341 0.906521
vt 0.681350 0.327298
vt 0.660173 0.327743
vt 0.681350 0.327778
vt 0.300152 0.284514
vt 0.321333 0.285062
vt 0.321327 0.284516
vt 0.300157 0.285061
vt 0.321337 0.285715
vt 0.300162 0.285713
vt 0.321341 0.286428
vt 0.300166 0.286427
vt 0.321343 0.287153
vt 0.300168 0.287152
vt 0.321344 0.287842
vt 0.703798 0.267598
vt 0.682621 0.267110
vt 0.524118 0.391665
vt 0.502937 0.391112
vt 0.502942 0.391664
vt 0.524112 0.391112
vt 0.502932 0.390455
vt 0.524107 0.390454
vt 0.502928 0.389738
vt 0.524104 0.389737
vt 0.502926 0.389010
vt 0.524102 0.389009
vt 0.388719 0.387560
vt 0.367545 0.388251
vt 0.388720 0.388250
vt 0.367547 0.388979
vt 0.388723 0.388978
vt 0.367551 0.389696
vt 0.388726 0.389695
vt 0.367556 0.390354
vt 0.388731 0.390352
vt 0.388737 0.390904
vt 0.703798 0.327779
vt 0.682621 0.327771
vt 0.660173 0.267082
vt 0.615245 0.318686
vt 0.636426 0.319234
vt 0.636421 0.318687
vt 0.615256 0.319884
vt 0.636431 0.319887
vt 0.615259 0.320598
vt 0.636435 0.320600
vt 0.615262 0.321323
vt 0.636437 0.321326
vt 0.615262 0.322012
vt 0.940352 0.772030
vt 0.300169 0.287841
vt 0.942205 0.775774
vt 0.944831 0.301731
vt 0.942205 0.371461
vt 0.944831 0.374089
vt 0.682621 0.391635
vt 0.703798 0.331899
vt 0.682621 0.331934
vt 0.726246 0.267598
vt 0.705068 0.327291
vt 0.726245 0.327299
vt 0.942205 0.566100
vt 0.944831 0.635831
vt 0.944831 0.563472
vt 0.345080 0.387577
vt 0.366255 0.340427
vt 0.345080 0.340425
vt 0.556745 0.215962
vt 0.554119 0.237154
vt 0.556745 0.237154
vt 0.480479 0.388319
vt 0.501648 0.315962
vt 0.480473 0.315962
vt 0.224256 0.244324
vt 0.221630 0.223132
vt 0.221630 0.244324
vt 0.412455 0.264765
vt 0.433632 0.324458
vt 0.433632 0.264757
vt 0.941662 0.373593
vt 0.944583 0.375506
vt 0.941956 0.372878
vt 0.705069 0.391600
vt 0.726246 0.331934
vt 0.705069 0.331899
vt 0.942142 0.372151
vt 0.547871 0.319306
vt 0.569046 0.391665
vt 0.569046 0.319307
vt 0.592781 0.388398
vt 0.613962 0.318669
vt 0.592787 0.318669
vt 0.944768 0.374779
vt 0.345080 0.293273
vt 0.941278 0.374248
vt 0.944288 0.376221
vt 0.940831 0.374798
vt 0.943905 0.376876
vt 0.942978 0.377833
vt 0.943458 0.377426
vt 0.942142 0.565411
vt 0.944768 0.562783
vt 0.941956 0.564684
vt 0.944583 0.562056
vt 0.941662 0.563969
vt 0.944288 0.561340
vt 0.941278 0.563314
vt 0.943905 0.560686
vt 0.940831 0.562764
vt 0.942978 0.559729
vt 0.940352 0.562357
vt 0.880695 0.522305
vt 0.882842 0.519270
vt 0.880215 0.521898
vt 0.879768 0.521349
vt 0.882395 0.518720
vt 0.879385 0.520694
vt 0.882011 0.518066
vt 0.879090 0.519978
vt 0.881717 0.517350
vt 0.878905 0.519251
vt 0.881531 0.516623
vt 0.878842 0.518562
vt 0.148115 0.421632
vt 0.149024 0.423295
vt 0.149713 0.423231
vt 0.147427 0.421696
vt 0.148298 0.423480
vt 0.146701 0.421881
vt 0.147583 0.423774
vt 0.145986 0.422176
vt 0.146929 0.424158
vt 0.145332 0.422559
vt 0.146380 0.424606
vt 0.144376 0.423486
vt 0.145973 0.425085
vt 0.106436 0.490867
vt 0.105526 0.489205
vt 0.104837 0.489268
vt 0.107124 0.490804
vt 0.106252 0.489020
vt 0.107851 0.490619
vt 0.106967 0.488725
vt 0.108565 0.490324
vt 0.107621 0.488341
vt 0.109219 0.489940
vt 0.108170 0.487894
vt 0.110175 0.489013
vt 0.108577 0.487414
vt 0.705068 0.267590
vt 0.726245 0.267118
vt 0.705068 0.267110
vt 0.343808 0.390747
vt 0.322627 0.390196
vt 0.322633 0.390749
vt 0.343803 0.390194
vt 0.322623 0.389539
vt 0.343798 0.389537
vt 0.322619 0.388822
vt 0.343794 0.388820
vt 0.322617 0.388094
vt 0.343792 0.388091
vt 0.322616 0.387404
vt 0.726246 0.391635
vt 0.705069 0.392080
vt 0.726246 0.392115
vt 0.547853 0.315979
vt 0.569034 0.316527
vt 0.569029 0.315981
vt 0.547859 0.316526
vt 0.569039 0.317179
vt 0.547864 0.317178
vt 0.569043 0.317892
vt 0.547867 0.317891
vt 0.569045 0.318618
vt 0.547870 0.318617
vt 0.366255 0.387580
vt 0.345081 0.388266
vt 0.366256 0.388269
vt 0.345083 0.388992
vt 0.366258 0.388994
vt 0.345087 0.389705
vt 0.366262 0.389708
vt 0.345091 0.390358
vt 0.366267 0.390360
vt 0.366272 0.390906
vt 0.705069 0.331419
vt 0.726246 0.331454
vt 0.726246 0.327779
vt 0.613974 0.391743
vt 0.592793 0.391191
vt 0.592798 0.391743
vt 0.613963 0.390534
vt 0.592788 0.390533
vt 0.613960 0.389817
vt 0.592784 0.389816
vt 0.613957 0.389089
vt 0.592782 0.389088
vt 0.613957 0.388399
vt 0.883321 0.519677
vt 0.637726 0.318687
vt 0.658902 0.388415
vt 0.658902 0.318686
vt 0.343791 0.387401
vt 0.322616 0.337623
vt 0.881468 0.515934
vt 0.878842 0.468781
vt 0.880695 0.415256
vt 0.882842 0.418292
vt 0.883321 0.417884
vt 0.879768 0.416213
vt 0.880215 0.415663
vt 0.879385 0.416868
vt 0.882395 0.418841
vt 0.879090 0.417583
vt 0.882011 0.419496
vt 0.878905 0.418310
vt 0.881717 0.420211
vt 0.878842 0.419000
vt 0.881531 0.420939
vt 0.249893 0.423295
vt 0.250803 0.421633
vt 0.249205 0.423231
vt 0.250620 0.423480
vt 0.251491 0.421696
vt 0.251334 0.423774
vt 0.252218 0.421881
vt 0.251988 0.424158
vt 0.252932 0.422176
vt 0.252538 0.424605
vt 0.253586 0.422560
vt 0.254542 0.423487
vt 0.254136 0.423007
vt 0.293392 0.489205
vt 0.292483 0.490867
vt 0.294080 0.489268
vt 0.292665 0.489020
vt 0.291794 0.490804
vt 0.291951 0.488725
vt 0.291068 0.490619
vt 0.291297 0.488341
vt 0.290354 0.490324
vt 0.290747 0.487894
vt 0.289699 0.489940
vt 0.288743 0.489013
vt 0.289150 0.489493
vt 0.682621 0.331454
vt 0.322627 0.285062
vt 0.343808 0.284514
vt 0.322633 0.284516
vt 0.322623 0.285715
vt 0.343803 0.285061
vt 0.322619 0.286428
vt 0.343798 0.285713
vt 0.322617 0.287153
vt 0.343794 0.286427
vt 0.322616 0.287842
vt 0.343792 0.287152
vt 0.412455 0.324466
vt 0.433632 0.324938
vt 0.501637 0.391665
vt 0.480467 0.391112
vt 0.480462 0.391665
vt 0.501647 0.390455
vt 0.501643 0.391112
vt 0.501651 0.389738
vt 0.480472 0.390454
vt 0.501653 0.389010
vt 0.480476 0.389737
vt 0.501654 0.388320
vt 0.480478 0.389009
vt 0.366255 0.293274
vt 0.345081 0.292583
vt 0.366256 0.292584
vt 0.345083 0.291855
vt 0.366258 0.291856
vt 0.345087 0.291138
vt 0.366262 0.291139
vt 0.345091 0.290480
vt 0.366272 0.289930
vt 0.366267 0.290482
vt 0.433632 0.264277
vt 0.412455 0.264285
vt 0.682621 0.392115
vt 0.703798 0.391600
vt 0.658890 0.391195
vt 0.637709 0.391744
vt 0.658885 0.391742
vt 0.637720 0.390545
vt 0.637715 0.391197
vt 0.658895 0.390543
vt 0.637723 0.389832
vt 0.658899 0.389830
vt 0.637726 0.389106
vt 0.658901 0.389104
vt 0.637726 0.388418
vt 0.940352 0.375205
vt 0.343791 0.287841
vt 0.343791 0.337621
vt 0.881468 0.421628
vt 0.972653 0.411088
vt 0.947563 0.982847
vt 0.972653 0.982847
vt 0.050567 0.722091
vt 0.050567 0.696968
vt 0.044240 0.747184
vt 0.098190 0.011151
vt 0.073102 0.382784
vt 0.098190 0.382786
vt 0.974158 0.982847
vt 0.999247 0.411088
vt 0.974158 0.411088
vt 0.124782 0.011149
vt 0.099695 0.382786
vt 0.124782 0.382784
vt 0.404795 0.411088
vt 0.776145 0.982847
vt 0.776145 0.411088
vt 0.011141 0.411088
vt 0.199459 0.421633
vt 0.105951 0.909150
vt 0.103947 0.910269
vt 0.104353 0.910749
vt 0.248708 0.967533
vt 0.247765 0.965550
vt 0.247111 0.965934
vt 0.104995 0.908223
vt 0.103397 0.909822
vt 0.152339 0.425860
vt 0.153249 0.427522
vt 0.153937 0.427458
vt 0.298304 0.485041
vt 0.366387 0.486640
vt 0.367985 0.485041
vt 0.294971 0.483667
vt 0.293923 0.485713
vt 0.295521 0.484114
vt 0.367985 0.490867
vt 0.296889 0.484793
vt 0.296018 0.486577
vt 0.297616 0.484978
vt 0.199459 0.425860
vt 0.199459 0.427458
vt 0.296706 0.907296
vt 0.297616 0.908958
vt 0.298304 0.908894
vt 0.248314 0.965103
vt 0.250318 0.966222
vt 0.248721 0.964623
vt 0.263289 0.942893
vt 0.102900 0.486577
vt 0.102029 0.484793
vt 0.101302 0.484978
vt 0.104995 0.485713
vt 0.103947 0.483667
vt 0.103397 0.484114
vt 0.105951 0.484786
vt 0.104353 0.483187
vt 0.103626 0.486392
vt 0.102743 0.484498
vt 0.296175 0.484498
vt 0.295292 0.486392
vt 0.151651 0.425923
vt 0.152522 0.427707
vt 0.153249 0.966414
vt 0.152339 0.968076
vt 0.153937 0.966477
vt 0.246578 0.968076
vt 0.245670 0.966414
vt 0.244981 0.966477
vt 0.295292 0.907544
vt 0.296175 0.909437
vt 0.296889 0.909143
vt 0.102211 0.486640
vt 0.100614 0.485041
vt 0.248314 0.428832
vt 0.249362 0.426786
vt 0.247765 0.428385
vt 0.199459 0.968076
vt 0.199459 0.966477
vt 0.135391 0.451399
vt 0.245670 0.427521
vt 0.246579 0.425860
vt 0.244981 0.427458
vt 0.199459 0.972303
vt 0.150604 0.965103
vt 0.149555 0.967149
vt 0.151154 0.965550
vt 0.148599 0.966222
vt 0.150198 0.964623
vt 0.271231 0.945555
vt 0.150604 0.428833
vt 0.148600 0.427714
vt 0.150198 0.429312
vt 0.247993 0.967828
vt 0.246396 0.966229
vt 0.366387 0.904668
vt 0.367985 0.908894
vt 0.367985 0.903069
vt 0.290341 0.487414
vt 0.248721 0.429312
vt 0.102029 0.909143
vt 0.102900 0.907359
vt 0.101302 0.908958
vt 0.296018 0.907359
vt 0.249362 0.967149
vt 0.032530 0.489268
vt 0.030933 0.485041
vt 0.030933 0.490867
vt 0.100614 0.908895
vt 0.032530 0.907295
vt 0.030933 0.908895
vt 0.150210 0.426403
vt 0.151154 0.428385
vt 0.151808 0.428002
vt 0.102211 0.907296
vt 0.149555 0.426787
vt 0.150210 0.967533
vt 0.151808 0.965934
vt 0.030933 0.903068
vt 0.102743 0.909438
vt 0.103626 0.907544
vt 0.252944 0.425085
vt 0.294565 0.483187
vt 0.104341 0.486097
vt 0.247111 0.428001
vt 0.247993 0.426108
vt 0.246396 0.427707
vt 0.152522 0.966229
vt 0.151651 0.968013
vt 0.248708 0.426403
vt 0.032530 0.486640
vt 0.150924 0.967828
vt 0.250318 0.427714
vt 0.294577 0.486097
vt 0.145973 0.968850
vt 0.294577 0.907839
vt 0.295521 0.909821
vt 0.104341 0.907839
vt 0.108577 0.906521
vt 0.247267 0.425923
vt 0.366387 0.907296
vt 0.296706 0.486640
vt 0.247267 0.968013
vt 0.293923 0.908223
vt 0.294971 0.910268
vt 0.127402 0.448807
vt 0.292967 0.484786
vt 0.292967 0.909150
vt 0.294565 0.910748
vt 0.150924 0.426108
vt 0.240986 0.882772
vt 0.242542 0.883189
vt 0.219302 0.869539
vt 0.432677 0.173880
vt 0.434161 0.180921
vt 0.434161 0.173880
vt 0.776159 0.187014
vt 0.774675 0.179972
vt 0.774675 0.187014
vt 0.245720 0.505221
vt 0.407339 0.188588
vt 0.407339 0.185870
vt 0.405856 0.185870
vt 0.776159 0.191760
vt 0.776159 0.187436
vt 0.774675 0.187436
vt 0.074783 0.483850
vt 0.072483 0.473353
vt 0.070380 0.473353
vt 0.072483 0.945797
vt 0.070380 0.947351
vt 0.070380 0.959655
vt 0.382513 0.982847
vt 0.256534 0.180459
vt 0.250514 0.180459
vt 0.250514 0.232962
vt 0.793486 0.190148
vt 0.793486 0.188212
vt 0.787466 0.201119
vt 0.244818 0.239066
vt 0.244818 0.181275
vt 0.238798 0.180459
vt 0.494317 0.180156
vt 0.488296 0.180156
vt 0.488296 0.232029
vt 0.500698 0.180156
vt 0.494678 0.180156
vt 0.494678 0.189673
vt 0.059949 0.973453
vt 0.058156 0.973453
vt 0.011141 0.982847
vt 0.812836 0.257235
vt 0.818856 0.257235
vt 0.818856 0.203157
vt 0.504643 0.301100
vt 0.503898 0.307124
vt 0.504643 0.307124
vt 0.256895 0.243081
vt 0.262916 0.243081
vt 0.262916 0.232573
vt 0.752309 0.200301
vt 0.746289 0.216094
vt 0.752309 0.202095
vt 0.215350 0.243081
vt 0.221371 0.243081
vt 0.221371 0.233480
vt 0.208969 0.239321
vt 0.214989 0.179691
vt 0.208969 0.181011
vt 0.074125 0.971011
vt 0.072639 0.971011
vt 0.074783 0.972708
vt 0.045378 0.444211
vt 0.048226 0.438515
vt 0.045378 0.427387
vt 0.044911 0.972708
vt 0.045378 0.949725
vt 0.045378 0.948058
vt 0.559398 0.175715
vt 0.565418 0.205609
vt 0.565418 0.175716
vt 0.504643 0.294714
vt 0.503898 0.300738
vt 0.504643 0.300738
vt 0.503898 0.307486
vt 0.504643 0.313510
vt 0.504643 0.307486
vt 0.503898 0.288328
vt 0.504643 0.294352
vt 0.504643 0.288328
vt 0.825238 0.176108
vt 0.819218 0.207492
vt 0.825238 0.207492
vt 0.072483 0.422925
vt 0.074125 0.422925
vt 0.074783 0.421228
vt 0.278001 0.218779
vt 0.277339 0.222819
vt 0.278001 0.223322
vt 0.278001 0.213964
vt 0.277339 0.218004
vt 0.278001 0.218506
vt 0.607048 0.213293
vt 0.607710 0.217333
vt 0.607710 0.212790
vt 0.831431 0.298796
vt 0.831431 0.302476
vt 0.835048 0.302476
vt 0.428749 0.172926
vt 0.428749 0.177082
vt 0.432366 0.177082
vt 0.271373 0.172609
vt 0.271373 0.176765
vt 0.274587 0.176765
vt 0.743872 0.308883
vt 0.744534 0.312923
vt 0.744534 0.308381
vt 0.484384 0.172997
vt 0.484384 0.177154
vt 0.488007 0.177154
vt 0.744534 0.274675
vt 0.743872 0.278715
vt 0.744534 0.279217
vt 0.831431 0.290013
vt 0.831431 0.294169
vt 0.835048 0.294169
vt 0.743872 0.279993
vt 0.744534 0.284032
vt 0.744534 0.279490
vt 0.329567 0.217072
vt 0.328906 0.221112
vt 0.329567 0.221614
vt 0.516880 0.166347
vt 0.516880 0.170026
vt 0.520090 0.170026
vt 0.744534 0.288345
vt 0.743872 0.284305
vt 0.743872 0.288847
vt 0.670746 0.172394
vt 0.670746 0.168714
vt 0.667531 0.168714
vt 0.515379 0.173061
vt 0.515379 0.169381
vt 0.511756 0.169381
vt 0.565951 0.179788
vt 0.565951 0.183467
vt 0.569573 0.183467
vt 0.278001 0.223594
vt 0.277339 0.227635
vt 0.278001 0.228137
vt 0.815209 0.173635
vt 0.815209 0.177791
vt 0.818831 0.177791
vt 0.834633 0.282183
vt 0.834633 0.278027
vt 0.831419 0.278027
vt 0.735297 0.168097
vt 0.735297 0.171776
vt 0.738506 0.171776
vt 0.743872 0.289623
vt 0.744534 0.293663
vt 0.744534 0.289120
vt 0.787382 0.165936
vt 0.787382 0.170093
vt 0.790592 0.170093
vt 0.744534 0.313196
vt 0.743872 0.317236
vt 0.744534 0.317739
vt 0.256957 0.287287
vt 0.256537 0.288106
vt 0.256834 0.287631
vt 0.689286 0.172365
vt 0.689286 0.168686
vt 0.686072 0.168686
vt 0.329434 0.459190
vt 0.329434 0.474825
vt 0.332992 0.474825
vt 0.359076 0.747184
vt 0.359076 0.646752
vt 0.294112 0.717082
vt 0.278068 0.232997
vt 0.277237 0.240833
vt 0.278068 0.240833
vt 0.328924 0.239560
vt 0.329755 0.231723
vt 0.328924 0.231723
vt 0.512674 0.264652
vt 0.511889 0.264424
vt 0.513106 0.264978
vt 0.245511 0.280427
vt 0.245511 0.283452
vt 0.257041 0.280427
vt 0.329755 0.240030
vt 0.328924 0.247866
vt 0.329755 0.247866
vt 0.659168 0.240411
vt 0.658338 0.248247
vt 0.659168 0.248247
vt 0.220831 0.286770
vt 0.209301 0.280427
vt 0.219440 0.289079
vt 0.329755 0.264949
vt 0.328924 0.272785
vt 0.329755 0.272785
vt 0.329755 0.281092
vt 0.328924 0.273256
vt 0.328924 0.281092
vt 0.328924 0.248336
vt 0.329755 0.256172
vt 0.329755 0.248336
vt 0.232935 0.246623
vt 0.232150 0.246395
vt 0.233367 0.246948
vt 0.329755 0.264479
vt 0.328924 0.256643
vt 0.328924 0.264479
vt 0.471933 0.166847
vt 0.471933 0.171004
vt 0.475142 0.171004
vt 0.743872 0.274402
vt 0.744534 0.270362
vt 0.743872 0.269859
vt 0.835043 0.169263
vt 0.835043 0.165584
vt 0.831425 0.165584
vt 0.744534 0.302791
vt 0.743872 0.298750
vt 0.743872 0.303293
vt 0.744534 0.293935
vt 0.743872 0.297975
vt 0.744534 0.298478
vt 0.501256 0.213665
vt 0.501918 0.217705
vt 0.501918 0.213162
vt 0.743872 0.304068
vt 0.744534 0.308108
vt 0.744534 0.303566
vt 0.468547 0.389787
vt 0.479143 0.391783
vt 0.470138 0.389844
vt 0.717089 0.191382
vt 0.723026 0.227260
vt 0.723026 0.191382
vt 0.468547 0.324060
vt 0.456538 0.324060
vt 0.468547 0.328707
vt 0.129931 0.711567
vt 0.140378 0.711567
vt 0.140378 0.682369
vt 0.470138 0.381028
vt 0.479148 0.389844
vt 0.479148 0.381028
vt 0.337456 0.182082
vt 0.343826 0.188457
vt 0.343826 0.175707
vt 0.492807 0.295411
vt 0.491729 0.295305
vt 0.503119 0.312511
vt 0.198876 0.283219
vt 0.197797 0.283326
vt 0.202172 0.294482
vt 0.470138 0.321966
vt 0.479148 0.330782
vt 0.479148 0.321966
vt 0.497182 0.273187
vt 0.492807 0.284343
vt 0.493886 0.284450
vt 0.208109 0.255158
vt 0.197797 0.272257
vt 0.198876 0.272364
vt 0.770121 0.177869
vt 0.770121 0.165118
vt 0.763751 0.171493
vt 0.717089 0.227260
vt 0.723026 0.263138
vt 0.321940 0.203881
vt 0.325429 0.207373
vt 0.322323 0.203676
vt 0.327950 0.207373
vt 0.323849 0.202150
vt 0.323161 0.202988
vt 0.310960 0.190368
vt 0.319251 0.193540
vt 0.310960 0.192891
vt 0.316179 0.194473
vt 0.317135 0.193962
vt 0.314449 0.196383
vt 0.314653 0.196000
vt 0.315341 0.195161
vt 0.324360 0.201193
vt 0.318172 0.193647
vt 0.324674 0.200155
vt 0.324780 0.199075
vt 0.320330 0.193647
vt 0.324674 0.197995
vt 0.321367 0.193962
vt 0.322323 0.194473
vt 0.324360 0.196957
vt 0.660047 0.208640
vt 0.662568 0.208640
vt 0.664149 0.203417
vt 0.666057 0.205148
vt 0.665675 0.204943
vt 0.664837 0.204255
vt 0.677038 0.194158
vt 0.677038 0.191635
vt 0.671819 0.195740
vt 0.668747 0.194808
vt 0.670863 0.195229
vt 0.669826 0.194914
vt 0.673345 0.197267
vt 0.673549 0.197650
vt 0.672657 0.196428
vt 0.663638 0.202460
vt 0.663323 0.201422
vt 0.663217 0.200342
vt 0.667668 0.194914
vt 0.663323 0.199262
vt 0.663638 0.198224
vt 0.666631 0.195229
vt 0.665675 0.195740
vt 0.698186 0.198490
vt 0.411767 0.236345
vt 0.418875 0.207145
vt 0.422364 0.210637
vt 0.419257 0.206941
vt 0.424884 0.210638
vt 0.420783 0.205414
vt 0.420095 0.206253
vt 0.407894 0.193632
vt 0.416185 0.196805
vt 0.407894 0.196155
vt 0.413113 0.197737
vt 0.414069 0.197226
vt 0.411383 0.199647
vt 0.411587 0.199264
vt 0.412275 0.198426
vt 0.421294 0.204457
vt 0.415106 0.196911
vt 0.421608 0.203419
vt 0.421715 0.202339
vt 0.417264 0.196911
vt 0.421608 0.201260
vt 0.418301 0.197226
vt 0.419257 0.197738
vt 0.421294 0.200222
vt 0.630342 0.210378
vt 0.630342 0.207855
vt 0.625122 0.206273
vt 0.626853 0.204363
vt 0.626648 0.204746
vt 0.625960 0.205585
vt 0.615871 0.193374
vt 0.613350 0.193374
vt 0.617452 0.198597
vt 0.616520 0.201671
vt 0.616941 0.199554
vt 0.616626 0.200592
vt 0.618977 0.197070
vt 0.619360 0.196866
vt 0.618140 0.197758
vt 0.624166 0.206784
vt 0.623129 0.207099
vt 0.622050 0.207205
vt 0.616626 0.202751
vt 0.620971 0.207099
vt 0.619934 0.206784
vt 0.616941 0.203789
vt 0.617452 0.204746
vt 0.810313 0.169765
vt 0.504795 0.247759
vt 0.383888 0.169226
vt 0.513391 0.168998
vt 0.696151 0.191765
vt 0.727382 0.320028
vt 0.739419 0.322024
vt 0.727382 0.322024
vt 0.727382 0.330744
vt 0.727382 0.355905
vt 0.744091 0.355905
vt 0.739419 0.324060
vt 0.727382 0.324060
vt 0.727382 0.328707
vt 0.733401 0.193147
vt 0.729912 0.189655
vt 0.733018 0.193351
vt 0.727391 0.189655
vt 0.731492 0.194878
vt 0.732180 0.194039
vt 0.744381 0.206660
vt 0.736090 0.203487
vt 0.744381 0.204137
vt 0.739162 0.202555
vt 0.738206 0.203066
vt 0.740892 0.200645
vt 0.740688 0.201028
vt 0.740000 0.201866
vt 0.730981 0.195835
vt 0.737169 0.203381
vt 0.730667 0.196873
vt 0.730561 0.197953
vt 0.735011 0.203381
vt 0.730667 0.199032
vt 0.733974 0.203066
vt 0.733018 0.202554
vt 0.730981 0.200070
vt 0.681855 0.241186
vt 0.644126 0.192905
vt 0.640637 0.189413
vt 0.643744 0.193109
vt 0.638116 0.189413
vt 0.642218 0.194636
vt 0.642906 0.193798
vt 0.655107 0.206418
vt 0.646816 0.203245
vt 0.655107 0.203895
vt 0.649888 0.202313
vt 0.648932 0.202824
vt 0.651618 0.200403
vt 0.651414 0.200786
vt 0.650726 0.201624
vt 0.641707 0.195593
vt 0.647895 0.203139
vt 0.641392 0.196631
vt 0.641286 0.197711
vt 0.645737 0.203139
vt 0.641392 0.198790
vt 0.644700 0.202824
vt 0.643744 0.202312
vt 0.641707 0.199829
vt 0.406874 0.210638
vt 0.406874 0.208115
vt 0.401655 0.206533
vt 0.403385 0.204623
vt 0.403180 0.205006
vt 0.402493 0.205844
vt 0.392403 0.193634
vt 0.389882 0.193633
vt 0.393984 0.198857
vt 0.393052 0.201931
vt 0.393473 0.199813
vt 0.393158 0.200851
vt 0.395510 0.197330
vt 0.395892 0.197125
vt 0.394672 0.198018
vt 0.400699 0.207044
vt 0.399661 0.207359
vt 0.398582 0.207465
vt 0.393158 0.203010
vt 0.397503 0.207359
vt 0.396466 0.207044
vt 0.393473 0.204049
vt 0.393984 0.205005
vt 0.409740 0.213409
vt 0.550537 0.169898
vt 0.678588 0.191606
vt 0.678588 0.194129
vt 0.683807 0.195711
vt 0.682077 0.197621
vt 0.682282 0.197238
vt 0.682969 0.196400
vt 0.693059 0.208610
vt 0.695580 0.208610
vt 0.691478 0.203387
vt 0.692410 0.200313
vt 0.691989 0.202431
vt 0.692304 0.201393
vt 0.689952 0.204914
vt 0.689570 0.205118
vt 0.690790 0.204226
vt 0.684763 0.195200
vt 0.685801 0.194885
vt 0.686880 0.194779
vt 0.692304 0.199233
vt 0.687959 0.194885
vt 0.688996 0.195200
vt 0.691989 0.198195
vt 0.691478 0.197239
vt 0.790749 0.170126
vt 0.739419 0.381067
vt 0.727382 0.381067
vt 0.727382 0.389787
vt 0.727382 0.391783
vt 0.739419 0.389787
vt 0.727382 0.383103
vt 0.727382 0.387750
vt 0.579522 0.168904
vt 0.486372 0.168935
vt 0.391058 0.328667
vt 0.420930 0.328667
vt 0.423557 0.328667
vt 0.881468 0.655877
vt 0.881468 0.989977
vt 0.407089 0.235298
vt 0.524107 0.315962
vt 0.556745 0.259618
vt 0.880215 0.731572
vt 0.390008 0.324945
vt 0.681350 0.331419
vt 0.367561 0.289930
vt 0.390008 0.264285
vt 0.942205 0.822927
vt 0.254135 0.970929
vt 0.289150 0.904443
vt 0.703798 0.267118
vt 0.367561 0.390906
vt 0.681350 0.267117
vt 0.615251 0.319232
vt 0.942205 0.301731
vt 0.942205 0.635831
vt 0.554119 0.215962
vt 0.224256 0.223132
vt 0.547871 0.391663
vt 0.943458 0.560136
vt 0.144783 0.423007
vt 0.109769 0.489493
vt 0.345097 0.390904
vt 0.705068 0.327771
vt 0.613968 0.391191
vt 0.881468 0.468781
vt 0.703798 0.331419
vt 0.412455 0.324945
vt 0.345097 0.289928
vt 0.703798 0.392080
vt 0.947563 0.411088
vt 0.044166 0.973453
vt 0.044166 0.919602
vt 0.044166 0.480113
vt 0.044166 0.421803
vt 0.044240 0.646752
vt 0.176132 0.464616
vt 0.154390 0.502059
vt 0.153620 0.503665
vt 0.153198 0.505221
vt 0.153137 0.506682
vt 0.153439 0.508002
vt 0.154094 0.509141
vt 0.159707 0.524397
vt 0.155083 0.510066
vt 0.176132 0.929320
vt 0.222786 0.929320
vt 0.154390 0.891876
vt 0.153198 0.888714
vt 0.153620 0.890271
vt 0.153137 0.887254
vt 0.153439 0.885934
vt 0.159706 0.869539
vt 0.154094 0.884794
vt 0.155083 0.883870
vt 0.044240 0.524397
vt 0.156376 0.510747
vt 0.044240 0.869539
vt 0.156376 0.883189
vt 0.157933 0.511164
vt 0.159707 0.511304
vt 0.157933 0.882772
vt 0.159706 0.882631
vt 0.076312 0.661090
vt 0.081654 0.646752
vt 0.073183 0.661090
vt 0.081654 0.747184
vt 0.073183 0.732845
vt 0.084510 0.746764
vt 0.089862 0.732845
vt 0.050567 0.661090
vt 0.087513 0.745568
vt 0.090206 0.743779
vt 0.050567 0.732845
vt 0.050567 0.663029
vt 0.050567 0.671845
vt 0.059576 0.671845
vt 0.059576 0.663029
vt 0.050567 0.730907
vt 0.059576 0.730907
vt 0.059576 0.722091
vt 0.073102 0.011149
vt 0.999247 0.982847
vt 0.099695 0.011151
vt 0.404795 0.982847
vt 0.044166 0.420482
vt 0.075528 0.420482
vt 0.075528 0.431977
vt 0.307599 0.423322
vt 0.382513 0.411088
vt 0.307599 0.459190
vt 0.307599 0.449074
vt 0.307599 0.438957
vt 0.318516 0.474825
vt 0.308337 0.474825
vt 0.307599 0.474825
vt 0.105544 0.908670
vt 0.293374 0.485266
vt 0.366387 0.489268
vt 0.199459 0.423231
vt 0.249911 0.966702
vt 0.105544 0.485266
vt 0.249911 0.427234
vt 0.199459 0.970704
vt 0.149006 0.966702
vt 0.149006 0.427234
vt 0.032530 0.904667
vt 0.293374 0.908670
vt 0.333926 0.897785
vt 0.358985 0.897785
vt 0.355756 0.897785
vt 0.350620 0.897785
vt 0.348809 0.897785
vt 0.347482 0.897785
vt 0.346118 0.897785
vt 0.333926 0.896884
vt 0.318360 0.896884
vt 0.318360 0.897785
vt 0.307429 0.886929
vt 0.307429 0.897785
vt 0.307429 0.895861
vt 0.318744 0.895861
vt 0.318744 0.893220
vt 0.307429 0.893220
vt 0.307429 0.882408
vt 0.307429 0.891450
vt 0.310507 0.891450
vt 0.310507 0.888650
vt 0.310869 0.891403
vt 0.310869 0.888698
vt 0.307429 0.888650
vt 0.311206 0.891263
vt 0.307429 0.877998
vt 0.311496 0.891040
vt 0.311718 0.890751
vt 0.311858 0.890413
vt 0.311906 0.890050
vt 0.311496 0.889060
vt 0.311858 0.889688
vt 0.311718 0.889350
vt 0.311206 0.888838
vt 0.307429 0.885208
vt 0.307429 0.880639
vt 0.245479 0.885934
vt 0.310507 0.885208
vt 0.310507 0.882408
vt 0.310869 0.885161
vt 0.245781 0.887254
vt 0.311206 0.885021
vt 0.311496 0.884798
vt 0.311718 0.884509
vt 0.311858 0.884171
vt 0.311906 0.883809
vt 0.311858 0.883446
vt 0.311206 0.882596
vt 0.311718 0.883108
vt 0.311496 0.882818
vt 0.310869 0.882456
vt 0.318744 0.880639
vt 0.318744 0.877998
vt 0.307429 0.876074
vt 0.244528 0.891876
vt 0.245298 0.890271
vt 0.245720 0.888714
vt 0.318360 0.876074
vt 0.318360 0.876975
vt 0.333926 0.876975
vt 0.333926 0.876074
vt 0.359076 0.869539
vt 0.201658 0.869539
vt 0.184013 0.869539
vt 0.239212 0.882631
vt 0.244824 0.884794
vt 0.243835 0.883870
vt 0.432677 0.180921
vt 0.776159 0.179972
vt 0.219302 0.524397
vt 0.359076 0.524397
vt 0.307429 0.517862
vt 0.358985 0.517862
vt 0.355756 0.517862
vt 0.350621 0.517862
vt 0.348809 0.517862
vt 0.347482 0.517862
vt 0.184014 0.524397
vt 0.201658 0.524397
vt 0.239212 0.511304
vt 0.346118 0.517862
vt 0.318360 0.517862
vt 0.333926 0.517862
vt 0.333926 0.516961
vt 0.318360 0.516961
vt 0.240986 0.511164
vt 0.242543 0.510747
vt 0.307429 0.515938
vt 0.318744 0.515938
vt 0.307429 0.513297
vt 0.318744 0.513297
vt 0.243835 0.510066
vt 0.307429 0.511527
vt 0.310507 0.511527
vt 0.310507 0.508727
vt 0.310869 0.511480
vt 0.310869 0.508775
vt 0.311207 0.511340
vt 0.244824 0.509141
vt 0.245479 0.508002
vt 0.311496 0.511117
vt 0.311718 0.510827
vt 0.311858 0.510490
vt 0.311906 0.510127
vt 0.311496 0.509137
vt 0.311858 0.509765
vt 0.311718 0.509427
vt 0.311207 0.508915
vt 0.307429 0.508727
vt 0.245781 0.506682
vt 0.307429 0.507006
vt 0.307429 0.505285
vt 0.310507 0.505285
vt 0.310507 0.502485
vt 0.310869 0.505238
vt 0.311207 0.505098
vt 0.311496 0.504875
vt 0.311718 0.504585
vt 0.311858 0.504248
vt 0.311906 0.503886
vt 0.311858 0.503523
vt 0.311718 0.503185
vt 0.311496 0.502895
vt 0.311207 0.502673
vt 0.310869 0.502533
vt 0.307429 0.502485
vt 0.307429 0.500716
vt 0.318744 0.500716
vt 0.318744 0.498075
vt 0.307429 0.498075
vt 0.307429 0.496151
vt 0.245298 0.503665
vt 0.244528 0.502059
vt 0.222786 0.464616
vt 0.318360 0.496151
vt 0.318360 0.497052
vt 0.333926 0.497052
vt 0.333926 0.496151
vt 0.342526 0.496151
vt 0.405856 0.192912
vt 0.407339 0.192912
vt 0.774675 0.194478
vt 0.776159 0.194478
vt 0.072483 0.430989
vt 0.070381 0.430307
vt 0.070381 0.431302
vt 0.061468 0.431302
vt 0.049480 0.431302
vt 0.049480 0.434281
vt 0.072483 0.448139
vt 0.070381 0.434281
vt 0.061468 0.434281
vt 0.070380 0.461997
vt 0.074125 0.431522
vt 0.074125 0.448139
vt 0.074783 0.431736
vt 0.074125 0.473353
vt 0.075528 0.483850
vt 0.044166 0.483850
vt 0.062315 0.473353
vt 0.044911 0.479835
vt 0.044911 0.483850
vt 0.049480 0.464976
vt 0.061468 0.464976
vt 0.049480 0.461997
vt 0.070380 0.464976
vt 0.061468 0.461997
vt 0.045867 0.449693
vt 0.061468 0.449693
vt 0.045867 0.446585
vt 0.070380 0.449693
vt 0.061468 0.446585
vt 0.045378 0.446585
vt 0.045378 0.449693
vt 0.070380 0.446585
vt 0.044166 0.910086
vt 0.044911 0.910086
vt 0.044911 0.920205
vt 0.052637 0.920582
vt 0.045378 0.920582
vt 0.075528 0.910086
vt 0.075528 0.919375
vt 0.072639 0.920582
vt 0.074783 0.919687
vt 0.072483 0.920582
vt 0.074783 0.910086
vt 0.062315 0.920582
vt 0.070380 0.920582
vt 0.070380 0.928959
vt 0.061468 0.928959
vt 0.061468 0.931939
vt 0.049480 0.928959
vt 0.049480 0.931939
vt 0.070380 0.931939
vt 0.072483 0.971011
vt 0.063821 0.972708
vt 0.070380 0.971011
vt 0.061886 0.972708
vt 0.049480 0.962634
vt 0.061468 0.962634
vt 0.049480 0.959655
vt 0.070380 0.962634
vt 0.061468 0.959655
vt 0.070380 0.944243
vt 0.061468 0.944243
vt 0.061468 0.947351
vt 0.045867 0.944243
vt 0.045867 0.947351
vt 0.045378 0.947351
vt 0.045378 0.944243
vt 0.075528 0.973453
vt 0.346007 0.970613
vt 0.343909 0.970613
vt 0.332991 0.970613
vt 0.332991 0.966252
vt 0.329434 0.970613
vt 0.329434 0.965059
vt 0.318516 0.970613
vt 0.307599 0.970613
vt 0.307599 0.957742
vt 0.250514 0.243081
vt 0.256534 0.243081
vt 0.793486 0.171225
vt 0.787466 0.171225
vt 0.793486 0.201118
vt 0.244818 0.180459
vt 0.238798 0.243081
vt 0.244818 0.243081
vt 0.488296 0.243524
vt 0.494317 0.243524
vt 0.494678 0.243524
vt 0.500698 0.243524
vt 0.818856 0.193867
vt 0.812836 0.193867
vt 0.503898 0.301100
vt 0.262916 0.180459
vt 0.256895 0.180459
vt 0.752309 0.184711
vt 0.746289 0.184710
vt 0.752309 0.216095
vt 0.221371 0.180459
vt 0.215350 0.180459
vt 0.208969 0.243059
vt 0.214989 0.243059
vt 0.208969 0.179691
vt 0.074125 0.920582
vt 0.074125 0.945797
vt 0.052637 0.473353
vt 0.045378 0.473353
vt 0.045378 0.469967
vt 0.045378 0.468891
vt 0.045378 0.422925
vt 0.047625 0.422925
vt 0.044911 0.422044
vt 0.045378 0.426311
vt 0.045378 0.450400
vt 0.048226 0.468891
vt 0.048226 0.466963
vt 0.049480 0.466963
vt 0.049480 0.457763
vt 0.048226 0.457763
vt 0.048226 0.452067
vt 0.045378 0.452067
vt 0.045378 0.445878
vt 0.048226 0.429315
vt 0.048226 0.427387
vt 0.049480 0.429315
vt 0.049480 0.438515
vt 0.048226 0.444211
vt 0.045378 0.923969
vt 0.045378 0.925045
vt 0.052637 0.971011
vt 0.062315 0.971011
vt 0.045378 0.971011
vt 0.045378 0.941869
vt 0.048226 0.926972
vt 0.048226 0.925045
vt 0.045378 0.943535
vt 0.045378 0.967625
vt 0.045378 0.966549
vt 0.049480 0.926972
vt 0.049480 0.936173
vt 0.048226 0.936173
vt 0.048226 0.941869
vt 0.048226 0.966549
vt 0.048226 0.964621
vt 0.049480 0.964621
vt 0.049480 0.955420
vt 0.048226 0.955420
vt 0.048226 0.949725
vt 0.559398 0.205609
vt 0.503898 0.294714
vt 0.503898 0.313510
vt 0.503898 0.294352
vt 0.819218 0.176108
vt 0.044911 0.421228
vt 0.062315 0.422925
vt 0.052637 0.422925
vt 0.070381 0.422925
vt 0.277339 0.218779
vt 0.277339 0.213964
vt 0.607048 0.217333
vt 0.835048 0.294640
vt 0.831431 0.294640
vt 0.432366 0.169246
vt 0.428749 0.169246
vt 0.274587 0.168929
vt 0.271373 0.168929
vt 0.743872 0.312924
vt 0.488007 0.169318
vt 0.484384 0.169318
vt 0.743872 0.274675
vt 0.835048 0.286333
vt 0.831431 0.286333
vt 0.743872 0.284032
vt 0.328906 0.217072
vt 0.520090 0.162190
vt 0.516880 0.162190
vt 0.744534 0.284305
vt 0.667531 0.176550
vt 0.670746 0.176550
vt 0.511756 0.177217
vt 0.515379 0.177217
vt 0.569573 0.175631
vt 0.565951 0.175631
vt 0.277339 0.223594
vt 0.818831 0.169955
vt 0.815209 0.169955
vt 0.831419 0.285863
vt 0.834633 0.285863
vt 0.738506 0.163940
vt 0.735297 0.163940
vt 0.743872 0.293663
vt 0.790592 0.162256
vt 0.787382 0.162256
vt 0.743872 0.313196
vt 0.255650 0.289079
vt 0.245511 0.294227
vt 0.250247 0.294227
vt 0.251465 0.293673
vt 0.251032 0.293999
vt 0.250493 0.294200
vt 0.250763 0.294121
vt 0.251274 0.293844
vt 0.256693 0.287897
vt 0.256945 0.287336
vt 0.686072 0.176522
vt 0.689286 0.176522
vt 0.354827 0.423322
vt 0.351575 0.423322
vt 0.318516 0.423322
vt 0.327497 0.423322
vt 0.329434 0.423322
vt 0.332992 0.423322
vt 0.343909 0.423322
vt 0.334929 0.423322
vt 0.329434 0.438957
vt 0.329434 0.449074
vt 0.332992 0.438957
vt 0.332992 0.449074
vt 0.332992 0.459190
vt 0.354827 0.474825
vt 0.354089 0.474825
vt 0.343909 0.474825
vt 0.354827 0.438957
vt 0.354827 0.449074
vt 0.354827 0.459190
vt 0.354827 0.970613
vt 0.354827 0.934745
vt 0.354827 0.944862
vt 0.354827 0.954978
vt 0.343909 0.919110
vt 0.354089 0.919110
vt 0.354827 0.919110
vt 0.332991 0.919110
vt 0.346118 0.496151
vt 0.329434 0.919110
vt 0.347482 0.496151
vt 0.348809 0.496151
vt 0.349921 0.496151
vt 0.350621 0.496151
vt 0.358985 0.496151
vt 0.358985 0.507006
vt 0.332991 0.944862
vt 0.332991 0.934745
vt 0.329434 0.944862
vt 0.329434 0.934745
vt 0.329434 0.954978
vt 0.332991 0.954978
vt 0.307599 0.919110
vt 0.318516 0.919110
vt 0.307599 0.944862
vt 0.307599 0.934745
vt 0.307599 0.954978
vt 0.358985 0.886929
vt 0.358985 0.876074
vt 0.349921 0.876074
vt 0.350620 0.876074
vt 0.321662 0.646752
vt 0.294113 0.676854
vt 0.318806 0.647172
vt 0.315802 0.648367
vt 0.311138 0.652267
vt 0.313110 0.650157
vt 0.292141 0.678965
vt 0.292141 0.714971
vt 0.348809 0.876074
vt 0.346118 0.876074
vt 0.347482 0.876074
vt 0.289448 0.680754
vt 0.289448 0.713182
vt 0.273385 0.682369
vt 0.273385 0.671903
vt 0.262938 0.671903
vt 0.262938 0.682369
vt 0.219302 0.682369
vt 0.219302 0.711567
vt 0.201658 0.682369
vt 0.201658 0.711567
vt 0.184014 0.711567
vt 0.283589 0.682369
vt 0.273385 0.711567
vt 0.262938 0.711567
vt 0.184014 0.682369
vt 0.159706 0.682369
vt 0.159706 0.711567
vt 0.286445 0.681949
vt 0.283589 0.711567
vt 0.262938 0.722033
vt 0.273385 0.722033
vt 0.286445 0.711986
vt 0.318806 0.746764
vt 0.321662 0.747184
vt 0.315802 0.745568
vt 0.311138 0.741669
vt 0.313110 0.743779
vt 0.277237 0.232997
vt 0.329755 0.239560
vt 0.507153 0.312256
vt 0.511889 0.312256
vt 0.513106 0.311703
vt 0.512134 0.312229
vt 0.512405 0.312150
vt 0.512674 0.312028
vt 0.512916 0.311874
vt 0.517292 0.307109
vt 0.518179 0.306135
vt 0.518683 0.304799
vt 0.518335 0.305926
vt 0.518475 0.305660
vt 0.518587 0.305365
vt 0.507153 0.298456
vt 0.507153 0.278224
vt 0.507153 0.288340
vt 0.518683 0.288340
vt 0.518683 0.298456
vt 0.518658 0.305068
vt 0.518683 0.278224
vt 0.507153 0.264424
vt 0.512405 0.264530
vt 0.512134 0.264451
vt 0.512916 0.264807
vt 0.517292 0.269572
vt 0.518335 0.270754
vt 0.518179 0.270545
vt 0.518475 0.271020
vt 0.518683 0.271881
vt 0.518587 0.271315
vt 0.518658 0.271612
vt 0.257041 0.286770
vt 0.257017 0.287039
vt 0.257041 0.270311
vt 0.245511 0.270311
vt 0.257041 0.260194
vt 0.257041 0.253852
vt 0.245511 0.260194
vt 0.257017 0.253583
vt 0.256945 0.253286
vt 0.255651 0.251542
vt 0.256834 0.252990
vt 0.256537 0.252516
vt 0.256693 0.252725
vt 0.251465 0.246948
vt 0.251274 0.246777
vt 0.251032 0.246623
vt 0.250763 0.246501
vt 0.250248 0.246395
vt 0.250493 0.246422
vt 0.245511 0.246395
vt 0.328924 0.240030
vt 0.658338 0.240411
vt 0.214037 0.246395
vt 0.209301 0.246395
vt 0.215254 0.246948
vt 0.209301 0.260194
vt 0.209301 0.270311
vt 0.220831 0.270311
vt 0.209301 0.294227
vt 0.215254 0.293673
vt 0.214037 0.294227
vt 0.214822 0.246623
vt 0.214552 0.246501
vt 0.214282 0.246422
vt 0.215064 0.246777
vt 0.219440 0.251542
vt 0.220483 0.252725
vt 0.220327 0.252516
vt 0.220623 0.252990
vt 0.220831 0.253852
vt 0.220735 0.253286
vt 0.220806 0.253583
vt 0.220831 0.260194
vt 0.220831 0.280427
vt 0.220735 0.287336
vt 0.220806 0.287039
vt 0.220483 0.287897
vt 0.220623 0.287631
vt 0.220327 0.288106
vt 0.215064 0.293844
vt 0.214822 0.293999
vt 0.214552 0.294121
vt 0.214282 0.294200
vt 0.328924 0.264949
vt 0.329755 0.273256
vt 0.328924 0.256172
vt 0.227414 0.294227
vt 0.228099 0.294227
vt 0.227414 0.280427
vt 0.232150 0.294227
vt 0.233367 0.293673
vt 0.232395 0.294200
vt 0.232665 0.294121
vt 0.232935 0.293999
vt 0.233177 0.293844
vt 0.237553 0.289079
vt 0.238440 0.288106
vt 0.238944 0.286770
vt 0.238596 0.287897
vt 0.238736 0.287631
vt 0.238848 0.287336
vt 0.238919 0.287039
vt 0.238944 0.280427
vt 0.227414 0.260194
vt 0.227414 0.270311
vt 0.238944 0.270311
vt 0.238944 0.260194
vt 0.238944 0.253852
vt 0.238919 0.253583
vt 0.238848 0.253286
vt 0.238736 0.252990
vt 0.238440 0.252516
vt 0.238596 0.252725
vt 0.237553 0.251542
vt 0.233177 0.246777
vt 0.227414 0.246395
vt 0.232665 0.246501
vt 0.232395 0.246422
vt 0.329755 0.256643
vt 0.475142 0.163168
vt 0.471933 0.163168
vt 0.744534 0.274402
vt 0.831425 0.173420
vt 0.835043 0.173420
vt 0.744534 0.298750
vt 0.743872 0.293935
vt 0.501256 0.217705
vt 0.743872 0.308108
vt 0.479143 0.381028
vt 0.479143 0.355905
vt 0.456538 0.355905
vt 0.468547 0.381067
vt 0.456538 0.381067
vt 0.468547 0.383103
vt 0.456538 0.383103
vt 0.456538 0.387750
vt 0.468547 0.387750
vt 0.456538 0.389787
vt 0.456538 0.391783
vt 0.479143 0.389844
vt 0.479143 0.330782
vt 0.470138 0.330782
vt 0.479143 0.321966
vt 0.479143 0.320028
vt 0.468547 0.330744
vt 0.468547 0.322024
vt 0.456538 0.320028
vt 0.456538 0.330744
vt 0.456538 0.322024
vt 0.456538 0.328707
vt 0.084510 0.647172
vt 0.089862 0.661090
vt 0.089862 0.696968
vt 0.109203 0.676854
vt 0.109203 0.717082
vt 0.092178 0.741668
vt 0.087513 0.648367
vt 0.090206 0.650157
vt 0.092178 0.652267
vt 0.111175 0.678965
vt 0.111175 0.714971
vt 0.113868 0.680754
vt 0.113868 0.713182
vt 0.116871 0.681949
vt 0.116871 0.711986
vt 0.119727 0.682369
vt 0.119727 0.711567
vt 0.140378 0.671903
vt 0.129931 0.671903
vt 0.129931 0.682369
vt 0.129931 0.722033
vt 0.140378 0.722033
vt 0.503119 0.289878
vt 0.496718 0.293791
vt 0.498337 0.289878
vt 0.498231 0.290957
vt 0.497916 0.291996
vt 0.487384 0.290956
vt 0.487278 0.289877
vt 0.480504 0.289876
vt 0.487699 0.291995
vt 0.497405 0.292952
vt 0.488210 0.292952
vt 0.488897 0.293790
vt 0.495880 0.294479
vt 0.489735 0.294478
vt 0.494924 0.294990
vt 0.493886 0.295305
vt 0.490691 0.294990
vt 0.208109 0.280922
vt 0.208109 0.277791
vt 0.203221 0.278871
vt 0.203327 0.277791
vt 0.208109 0.294482
vt 0.200870 0.282393
vt 0.201708 0.281704
vt 0.192374 0.278872
vt 0.192268 0.277792
vt 0.185494 0.277793
vt 0.192689 0.279910
vt 0.202906 0.279909
vt 0.202395 0.280866
vt 0.193200 0.280866
vt 0.193887 0.281705
vt 0.194725 0.282393
vt 0.199914 0.282904
vt 0.195681 0.282905
vt 0.196719 0.283219
vt 0.503119 0.273187
vt 0.497405 0.286803
vt 0.495880 0.285276
vt 0.497916 0.287760
vt 0.487384 0.288797
vt 0.487699 0.287759
vt 0.498231 0.288798
vt 0.488210 0.286802
vt 0.488897 0.285964
vt 0.496718 0.285964
vt 0.489735 0.285276
vt 0.490691 0.284764
vt 0.491729 0.284449
vt 0.494924 0.284765
vt 0.192374 0.276712
vt 0.192689 0.275674
vt 0.203221 0.276711
vt 0.201708 0.273878
vt 0.202906 0.275673
vt 0.202395 0.274717
vt 0.193200 0.274717
vt 0.193887 0.273879
vt 0.194725 0.273190
vt 0.200870 0.273190
vt 0.195681 0.272679
vt 0.196719 0.272364
vt 0.199914 0.272678
vt 0.717089 0.263138
vt 0.483953 0.197965
vt 0.485033 0.198365
vt 0.485033 0.197965
vt 0.804571 0.314419
vt 0.803492 0.313853
vt 0.803492 0.314419
vt 0.483953 0.194257
vt 0.446706 0.214892
vt 0.447785 0.214492
vt 0.446706 0.214492
vt 0.440530 0.259778
vt 0.441486 0.256070
vt 0.440530 0.256070
vt 0.482875 0.194257
vt 0.481841 0.197965
vt 0.482875 0.197965
vt 0.437335 0.255104
vt 0.436297 0.255670
vt 0.437335 0.255670
vt 0.801377 0.314819
vt 0.802414 0.318527
vt 0.802414 0.314819
vt 0.438414 0.255104
vt 0.438414 0.255670
vt 0.486074 0.197965
vt 0.485033 0.194257
vt 0.482875 0.198931
vt 0.483953 0.198365
vt 0.482875 0.198365
vt 0.448821 0.214892
vt 0.449777 0.214492
vt 0.448821 0.214492
vt 0.442323 0.255670
vt 0.442323 0.256070
vt 0.434502 0.259778
vt 0.435341 0.256070
vt 0.434502 0.256070
vt 0.438414 0.259778
vt 0.439493 0.256070
vt 0.438414 0.256070
vt 0.804571 0.314819
vt 0.803492 0.314819
vt 0.443136 0.217339
vt 0.442793 0.215457
vt 0.442793 0.217339
vt 0.443136 0.214892
vt 0.442793 0.214492
vt 0.442793 0.214892
vt 0.801377 0.314419
vt 0.487035 0.198365
vt 0.487035 0.197965
vt 0.805610 0.314819
vt 0.806567 0.318527
vt 0.806567 0.314819
vt 0.443632 0.214492
vt 0.442793 0.210784
vt 0.439493 0.259778
vt 0.445627 0.210784
vt 0.445627 0.214492
vt 0.486074 0.198365
vt 0.487035 0.198931
vt 0.806567 0.314419
vt 0.805610 0.313853
vt 0.805610 0.314419
vt 0.800422 0.313853
vt 0.800422 0.314419
vt 0.436297 0.255104
vt 0.435341 0.255670
vt 0.441486 0.255104
vt 0.440530 0.255670
vt 0.441486 0.255670
vt 0.436297 0.259778
vt 0.437335 0.256070
vt 0.436297 0.256070
vt 0.444589 0.210784
vt 0.444589 0.214492
vt 0.443632 0.214892
vt 0.443136 0.215457
vt 0.443632 0.215457
vt 0.447785 0.214892
vt 0.481841 0.198365
vt 0.802414 0.313853
vt 0.802414 0.314419
vt 0.440530 0.255104
vt 0.439493 0.255670
vt 0.439493 0.255104
vt 0.800422 0.314819
vt 0.445627 0.214892
vt 0.804571 0.313853
vt 0.449777 0.214892
vt 0.450271 0.214892
vt 0.442323 0.255104
vt 0.799586 0.313853
vt 0.799586 0.314419
vt 0.444589 0.214892
vt 0.437335 0.259778
vt 0.799586 0.314819
vt 0.803492 0.318527
vt 0.447785 0.210784
vt 0.807407 0.314419
vt 0.806567 0.313853
vt 0.801377 0.318527
vt 0.480060 0.198365
vt 0.480891 0.197965
vt 0.480060 0.197965
vt 0.449777 0.210784
vt 0.487881 0.197965
vt 0.487035 0.194257
vt 0.480891 0.198931
vt 0.480891 0.198365
vt 0.486074 0.198931
vt 0.804571 0.318527
vt 0.486074 0.194257
vt 0.480060 0.198931
vt 0.487881 0.198931
vt 0.487881 0.198365
vt 0.441486 0.259778
vt 0.448821 0.210784
vt 0.435341 0.259778
vt 0.481841 0.198931
vt 0.449777 0.215457
vt 0.800422 0.318527
vt 0.450613 0.214492
vt 0.480891 0.194257
vt 0.807407 0.314819
vt 0.450271 0.217339
vt 0.450613 0.215457
vt 0.450271 0.215457
vt 0.481841 0.194257
vt 0.435341 0.255104
vt 0.434502 0.255670
vt 0.807407 0.318527
vt 0.450613 0.210784
vt 0.443632 0.210784
vt 0.485033 0.198931
vt 0.805610 0.318527
vt 0.801377 0.313853
vt 0.435341 0.253223
vt 0.483953 0.200812
vt 0.483953 0.198931
vt 0.440530 0.235281
vt 0.441486 0.253223
vt 0.441486 0.235281
vt 0.480891 0.218754
vt 0.480060 0.200812
vt 0.480060 0.218754
vt 0.803492 0.294030
vt 0.804571 0.311972
vt 0.804571 0.294030
vt 0.434502 0.253223
vt 0.434502 0.255104
vt 0.487881 0.218754
vt 0.487035 0.200812
vt 0.487035 0.218754
vt 0.802414 0.311972
vt 0.800422 0.311972
vt 0.485033 0.218754
vt 0.483953 0.218754
vt 0.438414 0.235281
vt 0.439493 0.253223
vt 0.439493 0.235281
vt 0.482875 0.218754
vt 0.481841 0.200812
vt 0.481841 0.218754
vt 0.437335 0.253223
vt 0.436297 0.253223
vt 0.803492 0.311972
vt 0.807407 0.313853
vt 0.806567 0.311972
vt 0.799586 0.311972
vt 0.801377 0.294030
vt 0.802414 0.294030
vt 0.443632 0.217339
vt 0.485033 0.200812
vt 0.436297 0.235281
vt 0.437335 0.235281
vt 0.805610 0.294030
vt 0.806567 0.294030
vt 0.449777 0.217339
vt 0.438414 0.253223
vt 0.442323 0.253223
vt 0.442323 0.235281
vt 0.434502 0.235281
vt 0.435341 0.235281
vt 0.480891 0.200812
vt 0.440530 0.253223
vt 0.800422 0.294030
vt 0.801377 0.311972
vt 0.807407 0.311972
vt 0.807407 0.294030
vt 0.805610 0.311972
vt 0.486074 0.200812
vt 0.486074 0.218754
vt 0.482875 0.200812
vt 0.443632 0.235281
vt 0.443136 0.235281
vt 0.450271 0.235281
vt 0.449777 0.235281
vt 0.799586 0.294030
vt 0.487881 0.200812
vt 0.799586 0.318527
vt 0.800422 0.329907
vt 0.801999 0.325874
vt 0.801999 0.321228
vt 0.487881 0.194257
vt 0.487035 0.193593
vt 0.806567 0.319191
vt 0.435341 0.260442
vt 0.481841 0.193593
vt 0.480891 0.193593
vt 0.448821 0.199403
vt 0.485033 0.193593
vt 0.446706 0.199403
vt 0.446706 0.210784
vt 0.439908 0.262479
vt 0.439493 0.267126
vt 0.439908 0.267126
vt 0.805610 0.319191
vt 0.436297 0.260442
vt 0.482875 0.193593
vt 0.444589 0.199403
vt 0.442793 0.199403
vt 0.439493 0.260442
vt 0.443632 0.199403
vt 0.447785 0.199403
vt 0.483953 0.193593
vt 0.486074 0.193593
vt 0.803492 0.319191
vt 0.437335 0.260442
vt 0.449777 0.199403
vt 0.480060 0.193593
vt 0.480060 0.194257
vt 0.442323 0.271159
vt 0.442323 0.259778
vt 0.804571 0.319191
vt 0.445627 0.199403
vt 0.807407 0.319191
vt 0.441486 0.271159
vt 0.801377 0.329907
vt 0.438414 0.260442
vt 0.206457 0.237905
vt 0.205636 0.238305
vt 0.206457 0.238305
vt 0.519939 0.206703
vt 0.520759 0.206138
vt 0.519938 0.206138
vt 0.205636 0.242013
vt 0.815822 0.274808
vt 0.815001 0.275209
vt 0.815822 0.275209
vt 0.804113 0.198748
vt 0.804841 0.195040
vt 0.804113 0.195040
vt 0.463212 0.168833
vt 0.471515 0.169152
vt 0.467527 0.164793
vt 0.204026 0.238305
vt 0.204816 0.242013
vt 0.204816 0.238305
vt 0.801682 0.199148
vt 0.800893 0.199714
vt 0.801682 0.199714
vt 0.470766 0.171462
vt 0.471182 0.170751
vt 0.519117 0.202030
vt 0.518328 0.205738
vt 0.519118 0.205738
vt 0.802502 0.199714
vt 0.802502 0.199148
vt 0.206457 0.242013
vt 0.207246 0.238305
vt 0.204816 0.237905
vt 0.205636 0.237339
vt 0.204815 0.237339
vt 0.813477 0.274808
vt 0.814209 0.275209
vt 0.814209 0.274808
vt 0.804841 0.198748
vt 0.805480 0.199148
vt 0.805480 0.198748
vt 0.800166 0.198748
vt 0.799530 0.195040
vt 0.799530 0.198748
vt 0.803323 0.198748
vt 0.802502 0.195040
vt 0.802502 0.198748
vt 0.519938 0.205738
vt 0.520759 0.205738
vt 0.818784 0.277655
vt 0.818544 0.275774
vt 0.818544 0.277655
vt 0.818544 0.275209
vt 0.818784 0.274808
vt 0.818152 0.274808
vt 0.518328 0.206138
vt 0.207973 0.237905
vt 0.207973 0.238305
vt 0.522275 0.202030
vt 0.521549 0.205738
vt 0.522275 0.205738
vt 0.818784 0.271101
vt 0.521548 0.206138
vt 0.803323 0.195040
vt 0.816642 0.274808
vt 0.815823 0.271101
vt 0.207246 0.237339
vt 0.207246 0.237905
vt 0.521548 0.206703
vt 0.522276 0.206138
vt 0.517600 0.206703
vt 0.517600 0.206138
vt 0.800166 0.199148
vt 0.800892 0.199148
vt 0.804841 0.199148
vt 0.804113 0.199714
vt 0.804842 0.199714
vt 0.801681 0.198748
vt 0.800893 0.195040
vt 0.800892 0.198748
vt 0.817429 0.271101
vt 0.817429 0.274808
vt 0.818152 0.275209
vt 0.815001 0.274808
vt 0.204025 0.237905
vt 0.804113 0.199148
vt 0.519117 0.206703
vt 0.519118 0.206138
vt 0.803323 0.199148
vt 0.803323 0.199714
vt 0.517600 0.205738
vt 0.817429 0.275209
vt 0.520759 0.206703
vt 0.813079 0.275209
vt 0.813477 0.275209
vt 0.805480 0.199714
vt 0.516962 0.206703
vt 0.516962 0.206138
vt 0.801681 0.195040
vt 0.516962 0.205738
vt 0.519939 0.202030
vt 0.815000 0.271101
vt 0.522276 0.206703
vt 0.522913 0.206138
vt 0.517600 0.202030
vt 0.203298 0.238305
vt 0.202659 0.237905
vt 0.202659 0.238305
vt 0.813477 0.271101
vt 0.207973 0.242013
vt 0.208609 0.238305
vt 0.203298 0.237339
vt 0.203298 0.237905
vt 0.207246 0.242013
vt 0.202659 0.237339
vt 0.208609 0.237905
vt 0.207973 0.237339
vt 0.814209 0.271101
vt 0.800166 0.195040
vt 0.204026 0.237339
vt 0.816642 0.275209
vt 0.813079 0.275774
vt 0.813578 0.275774
vt 0.812834 0.274808
vt 0.812834 0.275209
vt 0.203298 0.242013
vt 0.522913 0.205738
vt 0.812834 0.277655
vt 0.813079 0.277655
vt 0.204026 0.242013
vt 0.799530 0.199148
vt 0.800166 0.199714
vt 0.522913 0.202030
vt 0.812834 0.271101
vt 0.205636 0.237905
vt 0.520759 0.202030
vt 0.800166 0.201595
vt 0.205636 0.235458
vt 0.804841 0.201595
vt 0.804113 0.219537
vt 0.804841 0.219537
vt 0.202659 0.235458
vt 0.203298 0.217516
vt 0.202659 0.217516
vt 0.520759 0.208585
vt 0.519938 0.226527
vt 0.520759 0.226527
vt 0.799530 0.201595
vt 0.799530 0.199714
vt 0.207973 0.235458
vt 0.208609 0.217516
vt 0.207973 0.217516
vt 0.519117 0.208585
vt 0.517600 0.208585
vt 0.518328 0.206703
vt 0.206457 0.217516
vt 0.205636 0.217516
vt 0.803323 0.201595
vt 0.802502 0.219537
vt 0.803323 0.219537
vt 0.204026 0.235458
vt 0.204815 0.217516
vt 0.204026 0.217516
vt 0.800893 0.201595
vt 0.519939 0.208585
vt 0.522913 0.208585
vt 0.522913 0.206703
vt 0.518328 0.226527
vt 0.519117 0.226527
vt 0.818053 0.275774
vt 0.206457 0.235458
vt 0.206457 0.237339
vt 0.812834 0.275774
vt 0.801682 0.201595
vt 0.800893 0.219537
vt 0.801682 0.219537
vt 0.522275 0.208585
vt 0.521548 0.226527
vt 0.522275 0.226527
vt 0.805480 0.201595
vt 0.802502 0.201595
vt 0.818784 0.275774
vt 0.805480 0.219537
vt 0.799530 0.219537
vt 0.800166 0.219537
vt 0.203298 0.235458
vt 0.804113 0.201595
vt 0.518328 0.208585
vt 0.517600 0.226527
vt 0.522913 0.226527
vt 0.521548 0.208585
vt 0.207246 0.235458
vt 0.207246 0.217516
vt 0.204815 0.235458
vt 0.818053 0.295598
vt 0.818544 0.295598
vt 0.813578 0.277655
vt 0.813079 0.295598
vt 0.813578 0.295598
vt 0.516962 0.226527
vt 0.208609 0.235458
vt 0.208609 0.237339
vt 0.517604 0.192129
vt 0.516962 0.202030
vt 0.518330 0.192129
vt 0.518328 0.202030
vt 0.207969 0.251914
vt 0.208609 0.242013
vt 0.521546 0.192129
vt 0.521548 0.202030
vt 0.800169 0.185139
vt 0.204028 0.251914
vt 0.814211 0.261199
vt 0.206456 0.251914
vt 0.815822 0.261370
vt 0.804111 0.185139
vt 0.800895 0.185139
vt 0.205636 0.251744
vt 0.816641 0.261199
vt 0.816642 0.271101
vt 0.818149 0.261199
vt 0.818152 0.271101
vt 0.803322 0.185139
vt 0.817427 0.261199
vt 0.207244 0.251914
vt 0.519938 0.192129
vt 0.813480 0.261199
vt 0.202663 0.251914
vt 0.202659 0.242013
vt 0.805476 0.185139
vt 0.805480 0.195040
vt 0.520758 0.192129
vt 0.204817 0.251914
vt 0.522272 0.192129
vt 0.801682 0.185139
vt 0.815582 0.164343
vt 0.817192 0.164122
vt 0.816093 0.163386
vt 0.454728 0.287211
vt 0.455745 0.285329
vt 0.454728 0.285329
vt 0.815267 0.165381
vt 0.816483 0.166461
vt 0.816564 0.165639
vt 0.816093 0.169536
vt 0.816804 0.168072
vt 0.815582 0.168579
vt 0.816804 0.164850
vt 0.815267 0.167541
vt 0.815161 0.166461
vt 0.816564 0.167282
vt 0.658062 0.314705
vt 0.659078 0.312824
vt 0.658062 0.312824
vt 0.659078 0.294881
vt 0.658062 0.294881
vt 0.454728 0.284764
vt 0.455827 0.284764
vt 0.658062 0.315271
vt 0.659078 0.314705
vt 0.806567 0.325874
vt 0.807407 0.321228
vt 0.806567 0.321228
vt 0.806567 0.329907
vt 0.807407 0.327911
vt 0.806567 0.327911
vt 0.770451 0.174121
vt 0.775095 0.175200
vt 0.775095 0.174121
vt 0.834790 0.281968
vt 0.836784 0.283047
vt 0.836784 0.281968
vt 0.770451 0.177185
vt 0.775095 0.178016
vt 0.775095 0.177185
vt 0.834790 0.285032
vt 0.836784 0.285863
vt 0.836784 0.285032
vt 0.437335 0.267126
vt 0.438414 0.262479
vt 0.437335 0.262479
vt 0.437335 0.271159
vt 0.438414 0.269162
vt 0.437335 0.269162
vt 0.770451 0.171037
vt 0.775095 0.171999
vt 0.775095 0.171037
vt 0.834790 0.278883
vt 0.836784 0.279846
vt 0.836784 0.278883
vt 0.434502 0.267126
vt 0.435341 0.262479
vt 0.434502 0.262479
vt 0.434502 0.271159
vt 0.435341 0.269162
vt 0.434502 0.269162
vt 0.804571 0.325874
vt 0.805610 0.321228
vt 0.804571 0.321228
vt 0.804571 0.329907
vt 0.805610 0.327911
vt 0.804571 0.327911
vt 0.802414 0.321228
vt 0.803492 0.325874
vt 0.803492 0.321228
vt 0.802414 0.329907
vt 0.803492 0.327911
vt 0.802414 0.327911
vt 0.770451 0.176234
vt 0.775095 0.176234
vt 0.834790 0.284081
vt 0.836784 0.284081
vt 0.438414 0.267126
vt 0.439493 0.262479
vt 0.438414 0.271159
vt 0.439493 0.269162
vt 0.436297 0.267126
vt 0.436297 0.262479
vt 0.436297 0.271159
vt 0.436297 0.269162
vt 0.435341 0.267126
vt 0.435341 0.271159
vt 0.770451 0.173040
vt 0.775095 0.173040
vt 0.834790 0.280887
vt 0.836784 0.280887
vt 0.803492 0.329907
vt 0.834790 0.283047
vt 0.805610 0.325874
vt 0.805610 0.329907
vt 0.770451 0.171999
vt 0.770451 0.170190
vt 0.775095 0.170190
vt 0.834790 0.278037
vt 0.836784 0.278037
vt 0.454728 0.305153
vt 0.455745 0.287211
vt 0.450613 0.217339
vt 0.805610 0.266832
vt 0.804571 0.262185
vt 0.804571 0.266832
vt 0.659078 0.275058
vt 0.658062 0.274492
vt 0.658062 0.275058
vt 0.644016 0.165517
vt 0.646011 0.164555
vt 0.644016 0.164555
vt 0.812834 0.320095
vt 0.813480 0.329996
vt 0.813477 0.320095
vt 0.803492 0.262185
vt 0.803492 0.266832
vt 0.802414 0.266832
vt 0.802414 0.262185
vt 0.804571 0.274206
vt 0.805610 0.273641
vt 0.804571 0.273641
vt 0.801377 0.269533
vt 0.800422 0.273240
vt 0.801377 0.273240
vt 0.435341 0.217339
vt 0.805610 0.274206
vt 0.806567 0.273641
vt 0.443632 0.255104
vt 0.443136 0.253223
vt 0.443136 0.255104
vt 0.805610 0.276087
vt 0.487881 0.239144
vt 0.487035 0.239544
vt 0.487881 0.239544
vt 0.487035 0.236697
vt 0.486074 0.238578
vt 0.487035 0.238578
vt 0.436297 0.215457
vt 0.435341 0.215457
vt 0.437335 0.217339
vt 0.438414 0.215457
vt 0.437335 0.215457
vt 0.804571 0.276087
vt 0.435341 0.214892
vt 0.436297 0.214892
vt 0.444589 0.259778
vt 0.445627 0.256070
vt 0.444589 0.256070
vt 0.438414 0.217339
vt 0.439493 0.215457
vt 0.487035 0.239144
vt 0.486074 0.239544
vt 0.481841 0.239144
vt 0.480891 0.238578
vt 0.480891 0.239144
vt 0.799586 0.274206
vt 0.800422 0.273641
vt 0.799586 0.273641
vt 0.442793 0.259778
vt 0.443632 0.256070
vt 0.442793 0.256070
vt 0.803492 0.273641
vt 0.804571 0.273240
vt 0.803492 0.273240
vt 0.807407 0.276087
vt 0.443136 0.255670
vt 0.482875 0.236697
vt 0.481841 0.238578
vt 0.482875 0.238578
vt 0.481841 0.236697
vt 0.807407 0.269533
vt 0.806567 0.273240
vt 0.807407 0.273240
vt 0.800422 0.269533
vt 0.799586 0.273240
vt 0.485033 0.238578
vt 0.483953 0.239144
vt 0.485033 0.239144
vt 0.800422 0.276087
vt 0.801377 0.274206
vt 0.800422 0.274206
vt 0.482875 0.239144
vt 0.442793 0.255670
vt 0.442793 0.255104
vt 0.439493 0.217339
vt 0.440530 0.215457
vt 0.449777 0.256070
vt 0.450271 0.255670
vt 0.449777 0.255670
vt 0.804571 0.269533
vt 0.801377 0.273641
vt 0.445627 0.255670
vt 0.443632 0.255670
vt 0.802414 0.274206
vt 0.802414 0.273641
vt 0.480891 0.239544
vt 0.480060 0.239144
vt 0.480060 0.239544
vt 0.446706 0.255670
vt 0.446706 0.256070
vt 0.483953 0.236697
vt 0.483953 0.238578
vt 0.805610 0.273240
vt 0.803492 0.269533
vt 0.802414 0.273240
vt 0.450613 0.256070
vt 0.450613 0.255670
vt 0.440530 0.214892
vt 0.441486 0.215457
vt 0.441486 0.214892
vt 0.480060 0.238578
vt 0.438414 0.214492
vt 0.439493 0.214892
vt 0.439493 0.214492
vt 0.447785 0.259778
vt 0.447785 0.256070
vt 0.442323 0.217339
vt 0.442323 0.215457
vt 0.442323 0.214892
vt 0.485033 0.236697
vt 0.801377 0.276087
vt 0.486074 0.236697
vt 0.487881 0.238578
vt 0.438414 0.214892
vt 0.803492 0.276087
vt 0.480891 0.236697
vt 0.443632 0.259778
vt 0.802414 0.276087
vt 0.450271 0.255104
vt 0.449777 0.253223
vt 0.449777 0.255104
vt 0.806567 0.274206
vt 0.807407 0.273641
vt 0.436297 0.214492
vt 0.437335 0.214892
vt 0.437335 0.214492
vt 0.806567 0.269533
vt 0.442323 0.214492
vt 0.441486 0.210784
vt 0.441486 0.214492
vt 0.441486 0.217339
vt 0.482875 0.239544
vt 0.483953 0.243251
vt 0.483953 0.239544
vt 0.434502 0.217339
vt 0.434502 0.215457
vt 0.444589 0.255670
vt 0.481841 0.243251
vt 0.481841 0.239544
vt 0.440530 0.217339
vt 0.436297 0.210784
vt 0.438414 0.210784
vt 0.435341 0.214492
vt 0.434502 0.210784
vt 0.434502 0.214492
vt 0.806567 0.276087
vt 0.803492 0.274206
vt 0.448821 0.256070
vt 0.447785 0.255670
vt 0.450613 0.255104
vt 0.485033 0.239544
vt 0.449777 0.259778
vt 0.805610 0.269533
vt 0.445627 0.259778
vt 0.450271 0.253223
vt 0.450613 0.253223
vt 0.487035 0.243251
vt 0.448821 0.259778
vt 0.486074 0.239144
vt 0.450613 0.259778
vt 0.807407 0.274206
vt 0.802414 0.269533
vt 0.434502 0.214892
vt 0.486074 0.243251
vt 0.480060 0.236697
vt 0.440530 0.214492
vt 0.482875 0.243251
vt 0.448821 0.255670
vt 0.480891 0.243251
vt 0.485033 0.243251
vt 0.439493 0.210784
vt 0.440530 0.210784
vt 0.435341 0.210784
vt 0.799586 0.276087
vt 0.206457 0.193019
vt 0.205636 0.183288
vt 0.205636 0.193019
vt 0.745768 0.212447
vt 0.741125 0.211413
vt 0.741125 0.212447
vt 0.439493 0.201399
vt 0.438414 0.199403
vt 0.438414 0.201399
vt 0.803492 0.260148
vt 0.802414 0.258152
vt 0.802414 0.260148
vt 0.818152 0.320095
vt 0.817427 0.329996
vt 0.818149 0.329996
vt 0.646011 0.163708
vt 0.644016 0.163708
vt 0.204816 0.193019
vt 0.204817 0.183117
vt 0.437335 0.201399
vt 0.436297 0.199403
vt 0.436297 0.201399
vt 0.745768 0.213526
vt 0.741125 0.214606
vt 0.745768 0.214606
vt 0.644016 0.170704
vt 0.646011 0.169752
vt 0.644016 0.169752
vt 0.646011 0.166559
vt 0.646011 0.165517
vt 0.520759 0.251024
vt 0.521546 0.260925
vt 0.521548 0.251024
vt 0.207973 0.193019
vt 0.207244 0.183117
vt 0.207246 0.193019
vt 0.435341 0.208083
vt 0.436297 0.203436
vt 0.435341 0.203436
vt 0.800166 0.244034
vt 0.800895 0.253935
vt 0.800893 0.244034
vt 0.817429 0.320095
vt 0.816641 0.329996
vt 0.745768 0.216610
vt 0.741125 0.217456
vt 0.745768 0.217456
vt 0.806567 0.266832
vt 0.805610 0.262185
vt 0.439493 0.208083
vt 0.438414 0.203436
vt 0.438414 0.208083
vt 0.519117 0.251024
vt 0.519938 0.260925
vt 0.519938 0.251024
vt 0.801681 0.244034
vt 0.801682 0.253935
vt 0.806567 0.260148
vt 0.805610 0.258152
vt 0.805610 0.260148
vt 0.437335 0.208083
vt 0.436297 0.208083
vt 0.803323 0.244034
vt 0.804111 0.253935
vt 0.804113 0.244034
vt 0.812834 0.313540
vt 0.813079 0.313540
vt 0.802502 0.244034
vt 0.803322 0.253935
vt 0.818784 0.320095
vt 0.818780 0.329996
vt 0.435341 0.199403
vt 0.435341 0.201399
vt 0.207246 0.196726
vt 0.207973 0.197127
vt 0.207973 0.196726
vt 0.804113 0.239926
vt 0.803323 0.240326
vt 0.804113 0.240326
vt 0.803323 0.239361
vt 0.802502 0.237479
vt 0.802502 0.239361
vt 0.520759 0.246916
vt 0.519938 0.246351
vt 0.519938 0.246916
vt 0.204815 0.197692
vt 0.205636 0.199573
vt 0.205636 0.197692
vt 0.445627 0.271159
vt 0.446706 0.259778
vt 0.818544 0.313540
vt 0.520759 0.247316
vt 0.520759 0.244469
vt 0.804841 0.239926
vt 0.804841 0.240326
vt 0.818784 0.315421
vt 0.818544 0.315987
vt 0.818784 0.315987
vt 0.203298 0.193019
vt 0.202659 0.196726
vt 0.203298 0.196726
vt 0.462073 0.171194
vt 0.462433 0.170453
vt 0.462642 0.168835
vt 0.454339 0.169155
vt 0.458331 0.164793
vt 0.206457 0.199573
vt 0.206457 0.197692
vt 0.516962 0.251024
vt 0.517604 0.260925
vt 0.517600 0.251024
vt 0.442323 0.199403
vt 0.442323 0.210784
vt 0.522275 0.247316
vt 0.521548 0.246916
vt 0.521549 0.247316
vt 0.481841 0.243916
vt 0.803492 0.268868
vt 0.521548 0.246351
vt 0.522275 0.244469
vt 0.521548 0.244469
vt 0.814211 0.329996
vt 0.814209 0.320095
vt 0.449777 0.271159
vt 0.518330 0.260925
vt 0.519119 0.260925
vt 0.203298 0.197692
vt 0.204026 0.199573
vt 0.204026 0.197692
vt 0.208609 0.197127
vt 0.207973 0.197692
vt 0.208609 0.197692
vt 0.814209 0.316387
vt 0.813477 0.316387
vt 0.818152 0.316387
vt 0.818152 0.315987
vt 0.204026 0.196726
vt 0.522913 0.246916
vt 0.522276 0.246351
vt 0.522276 0.246916
vt 0.800893 0.237479
vt 0.801682 0.237479
vt 0.804113 0.239361
vt 0.803323 0.237479
vt 0.522275 0.251024
vt 0.517600 0.247316
vt 0.518328 0.246916
vt 0.517600 0.246916
vt 0.815822 0.316387
vt 0.815001 0.315987
vt 0.815001 0.316387
vt 0.519118 0.247316
vt 0.518328 0.247316
vt 0.801682 0.239926
vt 0.802502 0.239926
vt 0.799530 0.244034
vt 0.800166 0.240326
vt 0.799530 0.240326
vt 0.801681 0.240326
vt 0.800892 0.239926
vt 0.800892 0.240326
vt 0.437335 0.210120
vt 0.437335 0.210784
vt 0.813477 0.315987
vt 0.813079 0.315421
vt 0.813079 0.315987
vt 0.807407 0.268868
vt 0.800166 0.239361
vt 0.800166 0.239926
vt 0.208609 0.196726
vt 0.204816 0.196726
vt 0.520759 0.246351
vt 0.818784 0.316387
vt 0.799530 0.237479
vt 0.799530 0.239361
vt 0.804841 0.237479
vt 0.804113 0.237479
vt 0.517600 0.244469
vt 0.817429 0.315987
vt 0.817429 0.316387
vt 0.802502 0.240326
vt 0.818544 0.315421
vt 0.818784 0.313540
vt 0.519117 0.244469
vt 0.519117 0.246351
vt 0.800166 0.237479
vt 0.815000 0.320095
vt 0.518328 0.246351
vt 0.516962 0.246351
vt 0.516962 0.244469
vt 0.805480 0.239926
vt 0.805480 0.240326
vt 0.804571 0.268868
vt 0.480060 0.243916
vt 0.480060 0.243251
vt 0.801682 0.239361
vt 0.800893 0.239361
vt 0.208609 0.199573
vt 0.818053 0.315421
vt 0.818053 0.313540
vt 0.519938 0.247316
vt 0.522913 0.247316
vt 0.816642 0.316387
vt 0.815823 0.320095
vt 0.816642 0.320095
vt 0.202659 0.197127
vt 0.203298 0.197127
vt 0.206456 0.183117
vt 0.518328 0.244469
vt 0.486074 0.243916
vt 0.483953 0.243916
vt 0.804842 0.239361
vt 0.522913 0.244469
vt 0.799530 0.239926
vt 0.519938 0.244469
vt 0.522272 0.260925
vt 0.204025 0.197127
vt 0.206457 0.196726
vt 0.205636 0.196726
vt 0.522913 0.251024
vt 0.487881 0.236697
vt 0.435341 0.210120
vt 0.444589 0.271159
vt 0.812834 0.316387
vt 0.447785 0.271159
vt 0.519118 0.246916
vt 0.204816 0.197127
vt 0.801377 0.258152
vt 0.448821 0.271159
vt 0.803323 0.239926
vt 0.516962 0.247316
vt 0.516962 0.246916
vt 0.816642 0.315987
vt 0.815822 0.315987
vt 0.436297 0.210120
vt 0.804841 0.244034
vt 0.206457 0.197127
vt 0.482875 0.243916
vt 0.801999 0.266832
vt 0.801999 0.262185
vt 0.439493 0.210120
vt 0.806567 0.268868
vt 0.518328 0.251024
vt 0.805610 0.268868
vt 0.443632 0.271159
vt 0.442793 0.271159
vt 0.441486 0.199403
vt 0.207246 0.197692
vt 0.207246 0.197127
vt 0.800422 0.258152
vt 0.799586 0.269533
vt 0.485033 0.243916
vt 0.205636 0.197127
vt 0.517600 0.246351
vt 0.487035 0.243916
vt 0.487881 0.243251
vt 0.439908 0.203436
vt 0.439908 0.208083
vt 0.438414 0.210120
vt 0.800169 0.253935
vt 0.805480 0.237479
vt 0.207973 0.199573
vt 0.813578 0.313540
vt 0.204815 0.199573
vt 0.204028 0.183117
vt 0.203301 0.183117
vt 0.207246 0.199573
vt 0.208609 0.193019
vt 0.207969 0.183117
vt 0.805480 0.239361
vt 0.202659 0.199573
vt 0.203298 0.199573
vt 0.202659 0.197692
vt 0.812834 0.315987
vt 0.436297 0.217339
vt 0.741125 0.215648
vt 0.745768 0.215648
vt 0.815822 0.329826
vt 0.815002 0.329996
vt 0.745768 0.210461
vt 0.745768 0.211413
vt 0.644016 0.167639
vt 0.644016 0.166559
vt 0.223255 0.180696
vt 0.222544 0.179232
vt 0.222033 0.180189
vt 0.522909 0.260925
vt 0.807407 0.266832
vt 0.806567 0.262185
vt 0.520758 0.260925
vt 0.804838 0.253935
vt 0.437335 0.203436
vt 0.222935 0.182307
vt 0.221718 0.181227
vt 0.221612 0.182307
vt 0.204026 0.193019
vt 0.741125 0.216610
vt 0.659078 0.276939
vt 0.658062 0.276939
vt 0.804571 0.258152
vt 0.804571 0.260148
vt 0.454728 0.325542
vt 0.455745 0.324977
vt 0.454728 0.324977
vt 0.807407 0.260148
vt 0.806567 0.258152
vt 0.223644 0.184646
vt 0.222033 0.184425
vt 0.222544 0.185382
vt 0.644016 0.168718
vt 0.646011 0.167639
vt 0.646011 0.168718
vt 0.805476 0.253935
vt 0.805480 0.244034
vt 0.202663 0.183117
vt 0.202659 0.193019
vt 0.745768 0.209630
vt 0.741125 0.210461
vt 0.454728 0.323095
vt 0.434502 0.199403
vt 0.434502 0.201399
vt 0.434502 0.203436
vt 0.434502 0.208083
vt 0.741125 0.213526
vt 0.802502 0.253935
vt 0.437335 0.199403
vt 0.223016 0.181486
vt 0.644016 0.171535
vt 0.646011 0.170704
vt 0.221718 0.183387
vt 0.803492 0.258152
vt 0.223016 0.183128
vt 0.442793 0.253223
vt 0.455745 0.323095
vt 0.814209 0.315987
vt 0.446706 0.271159
vt 0.263521 0.289755
vt 0.263521 0.294117
vt 0.277668 0.294117
vt 0.752777 0.222429
vt 0.762360 0.228772
vt 0.753020 0.221093
vt 0.375304 0.283518
vt 0.374810 0.269718
vt 0.374810 0.285353
vt 0.524241 0.288340
vt 0.523453 0.281903
vt 0.522925 0.281903
vt 0.752777 0.238888
vt 0.762360 0.249005
vt 0.762360 0.238888
vt 0.823168 0.223668
vt 0.819157 0.233785
vt 0.823168 0.233785
vt 0.655112 0.180337
vt 0.655275 0.172257
vt 0.655112 0.172256
vt 0.524241 0.271881
vt 0.522925 0.274067
vt 0.523453 0.274067
vt 0.375304 0.269718
vt 0.374810 0.259602
vt 0.388187 0.283518
vt 0.381746 0.285353
vt 0.388682 0.285353
vt 0.388187 0.235686
vt 0.388682 0.249485
vt 0.388682 0.233850
vt 0.654948 0.180336
vt 0.654948 0.172255
vt 0.823168 0.243901
vt 0.277668 0.242613
vt 0.263521 0.258249
vt 0.277668 0.258249
vt 0.753020 0.256683
vt 0.752777 0.255347
vt 0.752823 0.255913
vt 0.515696 0.264807
vt 0.522207 0.264978
vt 0.522137 0.264807
vt 0.375304 0.249485
vt 0.374810 0.249485
vt 0.522925 0.294777
vt 0.523453 0.294777
vt 0.388187 0.249485
vt 0.388682 0.259602
vt 0.522137 0.311874
vt 0.515765 0.311703
vt 0.515696 0.311874
vt 0.727284 0.172499
vt 0.727137 0.180582
vt 0.727284 0.180580
vt 0.727447 0.172498
vt 0.727447 0.180579
vt 0.727611 0.180578
vt 0.727611 0.172496
vt 0.727760 0.172496
vt 0.727760 0.180578
vt 0.735661 0.180578
vt 0.727760 0.184884
vt 0.730623 0.188659
vt 0.827350 0.228310
vt 0.823705 0.243945
vt 0.827350 0.243945
vt 0.524241 0.304799
vt 0.523453 0.302613
vt 0.522925 0.302613
vt 0.655422 0.180340
vt 0.655422 0.172259
vt 0.654799 0.184642
vt 0.654799 0.180336
vt 0.646898 0.180336
vt 0.735661 0.172497
vt 0.823705 0.264178
vt 0.827350 0.279813
vt 0.827350 0.264178
vt 0.375304 0.235686
vt 0.381746 0.233850
vt 0.374810 0.233850
vt 0.654799 0.172254
vt 0.646898 0.172255
vt 0.388187 0.269718
vt 0.388682 0.269718
vt 0.373970 0.233850
vt 0.359843 0.233850
vt 0.359843 0.239404
vt 0.507170 0.255433
vt 0.506927 0.254097
vt 0.506974 0.254663
vt 0.343536 0.277946
vt 0.337112 0.279782
vt 0.344029 0.279782
vt 0.262584 0.270311
vt 0.261272 0.276748
vt 0.261798 0.276748
vt 0.516497 0.227522
vt 0.506927 0.237638
vt 0.516497 0.237638
vt 0.827339 0.306709
vt 0.823334 0.296593
vt 0.823334 0.306709
vt 0.320057 0.173208
vt 0.319892 0.181291
vt 0.320057 0.181291
vt 0.516497 0.247755
vt 0.262584 0.286770
vt 0.261798 0.284584
vt 0.261272 0.284584
vt 0.344029 0.254030
vt 0.343536 0.264147
vt 0.344029 0.264147
vt 0.330688 0.277946
vt 0.330195 0.264147
vt 0.330195 0.279782
vt 0.330688 0.230114
vt 0.337112 0.228279
vt 0.330195 0.228279
vt 0.320221 0.173208
vt 0.320221 0.181290
vt 0.823334 0.316826
vt 0.359843 0.269718
vt 0.373970 0.285353
vt 0.373970 0.269718
vt 0.506927 0.221179
vt 0.507170 0.219843
vt 0.260541 0.293673
vt 0.254047 0.293844
vt 0.260471 0.293844
vt 0.343536 0.243914
vt 0.344029 0.243914
vt 0.261798 0.263874
vt 0.261272 0.263874
vt 0.330195 0.254030
vt 0.330688 0.243914
vt 0.330195 0.243914
vt 0.260471 0.246777
vt 0.254117 0.246948
vt 0.260541 0.246948
vt 0.283318 0.174691
vt 0.283466 0.182773
vt 0.283466 0.174691
vt 0.283153 0.174691
vt 0.283318 0.182773
vt 0.282988 0.174690
vt 0.283153 0.182773
vt 0.282840 0.174690
vt 0.282988 0.182772
vt 0.282840 0.187079
vt 0.282840 0.182772
vt 0.274939 0.182773
vt 0.831208 0.182696
vt 0.831208 0.169825
vt 0.827569 0.169825
vt 0.262584 0.253852
vt 0.261272 0.256038
vt 0.261798 0.256038
vt 0.319744 0.173209
vt 0.319892 0.173209
vt 0.328271 0.181291
vt 0.320370 0.185597
vt 0.323233 0.189372
vt 0.274939 0.174691
vt 0.827569 0.221328
vt 0.831208 0.205693
vt 0.827569 0.205693
vt 0.343536 0.230114
vt 0.344029 0.228279
vt 0.320370 0.173208
vt 0.320370 0.181290
vt 0.328271 0.173208
vt 0.330688 0.264147
vt 0.727305 0.316330
vt 0.741453 0.300695
vt 0.727305 0.300695
vt 0.707283 0.257734
vt 0.707040 0.256399
vt 0.707086 0.256964
vt 0.313309 0.277946
vt 0.306868 0.279782
vt 0.313804 0.279782
vt 0.226389 0.270311
vt 0.225073 0.276748
vt 0.225601 0.276748
vt 0.716623 0.229823
vt 0.707040 0.239939
vt 0.716623 0.239939
vt 0.819083 0.306709
vt 0.823094 0.316826
vt 0.823094 0.306709
vt 0.744386 0.188658
vt 0.744550 0.180575
vt 0.744386 0.180577
vt 0.716623 0.250056
vt 0.226389 0.286770
vt 0.225601 0.284584
vt 0.225073 0.284584
vt 0.313804 0.254030
vt 0.313309 0.264147
vt 0.313804 0.264147
vt 0.300426 0.277946
vt 0.299932 0.264147
vt 0.299932 0.279782
vt 0.300426 0.230114
vt 0.306868 0.228279
vt 0.299932 0.228279
vt 0.744222 0.180578
vt 0.744222 0.188659
vt 0.819083 0.296593
vt 0.741453 0.280462
vt 0.727305 0.264827
vt 0.727305 0.280462
vt 0.707040 0.223480
vt 0.707283 0.222144
vt 0.224285 0.293844
vt 0.217913 0.293673
vt 0.217844 0.293844
vt 0.313309 0.243914
vt 0.313804 0.243914
vt 0.225601 0.263874
vt 0.225073 0.263874
vt 0.299932 0.254030
vt 0.300426 0.243914
vt 0.299932 0.243914
vt 0.224285 0.246777
vt 0.217913 0.246948
vt 0.224355 0.246948
vt 0.638010 0.180333
vt 0.637862 0.188413
vt 0.638010 0.188415
vt 0.638173 0.188416
vt 0.638337 0.180336
vt 0.638337 0.188417
vt 0.638485 0.180336
vt 0.638485 0.188418
vt 0.638485 0.176030
vt 0.646387 0.180336
vt 0.831213 0.294647
vt 0.827569 0.279012
vt 0.827569 0.294647
vt 0.226389 0.253852
vt 0.225073 0.256038
vt 0.225601 0.256038
vt 0.744697 0.188655
vt 0.744550 0.188657
vt 0.736172 0.180578
vt 0.744074 0.176272
vt 0.741210 0.172496
vt 0.646387 0.188417
vt 0.827569 0.330515
vt 0.831213 0.314880
vt 0.827569 0.314880
vt 0.313309 0.230114
vt 0.313804 0.228279
vt 0.744074 0.180578
vt 0.744074 0.188659
vt 0.736172 0.188659
vt 0.300426 0.264147
vt 0.358995 0.249485
vt 0.344868 0.233850
vt 0.344868 0.249485
vt 0.762935 0.222429
vt 0.772504 0.228772
vt 0.763178 0.221093
vt 0.315128 0.277946
vt 0.314635 0.264147
vt 0.314635 0.279782
vt 0.244487 0.270311
vt 0.243701 0.263874
vt 0.243175 0.263874
vt 0.762935 0.238888
vt 0.772504 0.249005
vt 0.772504 0.238888
vt 0.304428 0.211499
vt 0.308434 0.201383
vt 0.304428 0.201383
vt 0.311019 0.189372
vt 0.310854 0.181290
vt 0.310854 0.189372
vt 0.244487 0.253852
vt 0.243175 0.256038
vt 0.243701 0.256038
vt 0.315128 0.264147
vt 0.314635 0.254030
vt 0.327976 0.277946
vt 0.321552 0.279782
vt 0.328469 0.279782
vt 0.327976 0.230114
vt 0.328469 0.243914
vt 0.328469 0.228279
vt 0.311183 0.189372
vt 0.311019 0.181290
vt 0.304428 0.191266
vt 0.344868 0.269718
vt 0.358995 0.285353
vt 0.358995 0.269718
vt 0.763178 0.256683
vt 0.762935 0.255347
vt 0.762981 0.255913
vt 0.242373 0.246777
vt 0.236019 0.246948
vt 0.242443 0.246948
vt 0.315128 0.243914
vt 0.314635 0.243914
vt 0.243175 0.276748
vt 0.243701 0.276748
vt 0.327976 0.243914
vt 0.328469 0.254030
vt 0.242373 0.293844
vt 0.236019 0.293673
vt 0.235949 0.293844
vt 0.717166 0.172581
vt 0.717315 0.180663
vt 0.717315 0.172581
vt 0.717479 0.180663
vt 0.717479 0.172581
vt 0.717644 0.172580
vt 0.717644 0.180662
vt 0.717792 0.172580
vt 0.717792 0.180662
vt 0.717792 0.184969
vt 0.720241 0.188198
vt 0.725693 0.180663
vt 0.831208 0.224418
vt 0.827569 0.240053
vt 0.831208 0.240053
vt 0.244487 0.286770
vt 0.243701 0.284584
vt 0.243175 0.284584
vt 0.310706 0.181290
vt 0.310706 0.189372
vt 0.311332 0.176984
vt 0.311332 0.181291
vt 0.319232 0.181290
vt 0.725693 0.172581
vt 0.827569 0.260286
vt 0.831208 0.275921
vt 0.831208 0.260286
vt 0.315128 0.230114
vt 0.321552 0.228279
vt 0.314635 0.228279
vt 0.311332 0.189373
vt 0.319232 0.189372
vt 0.327976 0.264147
vt 0.328469 0.264147
vt 0.702992 0.215074
vt 0.701439 0.218466
vt 0.702992 0.218466
vt 0.775990 0.254624
vt 0.774437 0.240314
vt 0.774437 0.254624
vt 0.772884 0.254624
vt 0.704544 0.218466
vt 0.820608 0.259293
vt 0.822161 0.264546
vt 0.822161 0.259293
vt 0.819056 0.264546
vt 0.819056 0.259293
vt 0.608881 0.218008
vt 0.610434 0.235960
vt 0.610434 0.218008
vt 0.452490 0.231109
vt 0.450937 0.242383
vt 0.452490 0.242383
vt 0.453914 0.242383
vt 0.453914 0.251302
vt 0.536075 0.188208
vt 0.542687 0.176461
vt 0.536075 0.176461
vt 0.471948 0.177788
vt 0.471948 0.181533
vt 0.475659 0.181533
vt 0.389950 0.255712
vt 0.404845 0.238477
vt 0.404285 0.236685
vt 0.586241 0.161980
vt 0.581860 0.161980
vt 0.581860 0.165724
vt 0.752803 0.182462
vt 0.754385 0.194224
vt 0.763247 0.182461
vt 0.813891 0.164885
vt 0.810507 0.169819
vt 0.813891 0.169819
vt 0.714365 0.168167
vt 0.714365 0.171115
vt 0.714932 0.171115
vt 0.586014 0.237251
vt 0.570260 0.237250
vt 0.570260 0.243244
vt 0.412398 0.255712
vt 0.412398 0.261707
vt 0.428152 0.261705
vt 0.709385 0.172466
vt 0.710654 0.172466
vt 0.710654 0.168167
vt 0.478786 0.197402
vt 0.477120 0.192467
vt 0.477120 0.197402
vt 0.595305 0.170295
vt 0.597631 0.164782
vt 0.595872 0.165216
vt 0.233687 0.194766
vt 0.235269 0.183004
vt 0.224825 0.183003
vt 0.589886 0.167879
vt 0.588304 0.165307
vt 0.588304 0.167879
vt 0.590325 0.176544
vt 0.591594 0.177943
vt 0.591594 0.176544
vt 0.595305 0.176544
vt 0.597631 0.177943
vt 0.597631 0.176544
vt 0.827111 0.214983
vt 0.826125 0.211816
vt 0.824701 0.211816
vt 0.837650 0.247512
vt 0.831501 0.241263
vt 0.831501 0.247511
vt 0.754570 0.178717
vt 0.835882 0.237518
vt 0.831501 0.237518
vt 0.630767 0.211124
vt 0.629466 0.211124
vt 0.629466 0.213448
vt 0.831501 0.187631
vt 0.837650 0.190798
vt 0.833823 0.184549
vt 0.711955 0.171115
vt 0.713380 0.171115
vt 0.831501 0.190798
vt 0.831501 0.194543
vt 0.835882 0.194543
vt 0.772881 0.239012
vt 0.774305 0.230093
vt 0.772881 0.230093
vt 0.641528 0.169758
vt 0.643777 0.171518
vt 0.643777 0.163141
vt 0.545111 0.171189
vt 0.543761 0.173439
vt 0.545111 0.173439
vt 0.199745 0.175444
vt 0.197496 0.174142
vt 0.197496 0.175444
vt 0.774305 0.218819
vt 0.408234 0.238477
vt 0.409216 0.237174
vt 0.409216 0.236685
vt 0.387398 0.188258
vt 0.388980 0.190018
vt 0.388980 0.188258
vt 0.312995 0.168164
vt 0.312995 0.163779
vt 0.310669 0.163779
vt 0.328909 0.212783
vt 0.329671 0.214770
vt 0.329671 0.212783
vt 0.775858 0.230093
vt 0.371870 0.194308
vt 0.373637 0.191962
vt 0.373637 0.190563
vt 0.831501 0.205137
vt 0.837650 0.198887
vt 0.831501 0.198888
vt 0.652566 0.211968
vt 0.654119 0.207126
vt 0.652566 0.207126
vt 0.352945 0.177015
vt 0.354208 0.177969
vt 0.354208 0.172441
vt 0.535511 0.183805
vt 0.535511 0.182406
vt 0.533743 0.180060
vt 0.741949 0.263429
vt 0.742655 0.268364
vt 0.742655 0.263429
vt 0.708912 0.165484
vt 0.706063 0.170418
vt 0.708912 0.172568
vt 0.350241 0.167194
vt 0.352568 0.164851
vt 0.350241 0.164851
vt 0.419416 0.193052
vt 0.420685 0.190709
vt 0.419416 0.190709
vt 0.235269 0.181605
vt 0.233502 0.179259
vt 0.234804 0.198648
vt 0.227451 0.203056
vt 0.237176 0.214802
vt 0.814966 0.164885
vt 0.814966 0.169819
vt 0.506492 0.195563
vt 0.504119 0.211717
vt 0.513845 0.199971
vt 0.609906 0.180531
vt 0.612754 0.185465
vt 0.612754 0.178382
vt 0.567647 0.165919
vt 0.569622 0.175120
vt 0.569622 0.165919
vt 0.411765 0.242418
vt 0.411765 0.238559
vt 0.409912 0.241019
vt 0.589815 0.206471
vt 0.590034 0.206471
vt 0.590034 0.202236
vt 0.327292 0.172447
vt 0.329267 0.163247
vt 0.327292 0.163247
vt 0.303934 0.176274
vt 0.302679 0.176274
vt 0.301958 0.177038
vt 0.526682 0.303818
vt 0.541087 0.312195
vt 0.543617 0.303818
vt 0.372055 0.178802
vt 0.373637 0.178801
vt 0.501496 0.208471
vt 0.501496 0.210024
vt 0.503679 0.212011
vt 0.660116 0.245483
vt 0.675010 0.262719
vt 0.661466 0.244741
vt 0.607329 0.235960
vt 0.607329 0.218008
vt 0.771717 0.169808
vt 0.775100 0.164873
vt 0.771717 0.164873
vt 0.223203 0.177640
vt 0.224466 0.173065
vt 0.222942 0.171915
vt 0.555061 0.173194
vt 0.552813 0.174496
vt 0.555061 0.174496
vt 0.738782 0.171760
vt 0.741031 0.171760
vt 0.741031 0.170000
vt 0.679381 0.264511
vt 0.679381 0.264022
vt 0.678399 0.262719
vt 0.476414 0.192467
vt 0.476414 0.197402
vt 0.524596 0.167809
vt 0.523246 0.165559
vt 0.523246 0.167809
vt 0.619404 0.167212
vt 0.620986 0.165452
vt 0.619404 0.165452
vt 0.432678 0.167940
vt 0.432678 0.173468
vt 0.433941 0.172515
vt 0.681931 0.241363
vt 0.680077 0.242762
vt 0.681931 0.245223
vt 0.479789 0.214777
vt 0.479026 0.212790
vt 0.479026 0.214777
vt 0.452362 0.198339
vt 0.453914 0.203181
vt 0.453914 0.198339
vt 0.776015 0.197962
vt 0.775029 0.194884
vt 0.775029 0.197962
vt 0.773605 0.194884
vt 0.773605 0.197962
vt 0.452362 0.203181
vt 0.450937 0.198339
vt 0.450937 0.203181
vt 0.814884 0.189277
vt 0.817133 0.190263
vt 0.817133 0.188709
vt 0.524506 0.219999
vt 0.523743 0.231273
vt 0.524724 0.231273
vt 0.599643 0.165095
vt 0.598060 0.167667
vt 0.599643 0.167667
vt 0.770641 0.169808
vt 0.770641 0.164873
vt 0.413640 0.178033
vt 0.414909 0.176634
vt 0.413640 0.176634
vt 0.313981 0.171112
vt 0.315405 0.171112
vt 0.409362 0.165306
vt 0.407603 0.164872
vt 0.409930 0.170385
vt 0.533929 0.195567
vt 0.525067 0.183804
vt 0.698100 0.219138
vt 0.704712 0.230884
vt 0.704712 0.219138
vt 0.468638 0.212505
vt 0.468638 0.218658
vt 0.469939 0.214829
vt 0.772036 0.194884
vt 0.771051 0.197962
vt 0.772036 0.197962
vt 0.806670 0.246453
vt 0.806670 0.234457
vt 0.805907 0.235179
vt 0.352863 0.165700
vt 0.354213 0.167949
vt 0.354213 0.165699
vt 0.316706 0.168164
vt 0.317975 0.172463
vt 0.317975 0.163779
vt 0.775858 0.239012
vt 0.774305 0.239012
vt 0.346980 0.164851
vt 0.349306 0.167194
vt 0.349306 0.164851
vt 0.686034 0.167592
vt 0.686755 0.168356
vt 0.688010 0.168356
vt 0.544806 0.201843
vt 0.544806 0.196315
vt 0.543543 0.197268
vt 0.407603 0.178033
vt 0.409930 0.176634
vt 0.407603 0.176634
vt 0.584182 0.171974
vt 0.588008 0.165725
vt 0.581860 0.168892
vt 0.833269 0.195143
vt 0.831501 0.197489
vt 0.419416 0.188226
vt 0.420685 0.190569
vt 0.420685 0.188226
vt 0.301832 0.176467
vt 0.299583 0.177892
vt 0.301832 0.177892
vt 0.744321 0.268364
vt 0.744321 0.263429
vt 0.544446 0.192615
vt 0.544446 0.188208
vt 0.542687 0.188208
vt 0.299583 0.178878
vt 0.555061 0.171924
vt 0.558803 0.162192
vt 0.552813 0.162192
vt 0.450937 0.251302
vt 0.452490 0.251302
vt 0.543617 0.270144
vt 0.541087 0.261767
vt 0.526682 0.270144
vt 0.775990 0.263542
vt 0.774437 0.263542
vt 0.814884 0.190263
vt 0.817133 0.191689
vt 0.389950 0.261707
vt 0.391300 0.256454
vt 0.700253 0.235292
vt 0.701328 0.238139
vt 0.704712 0.238139
vt 0.773460 0.194884
vt 0.773460 0.197962
vt 0.772884 0.263542
vt 0.193754 0.163140
vt 0.193754 0.172872
vt 0.197496 0.172872
vt 0.335752 0.168969
vt 0.337102 0.166719
vt 0.335752 0.166719
vt 0.660116 0.239489
vt 0.661466 0.239489
vt 0.655543 0.207126
vt 0.654119 0.211968
vt 0.655543 0.211968
vt 0.454113 0.274824
vt 0.438357 0.274824
vt 0.452762 0.283201
vt 0.706547 0.218851
vt 0.705061 0.218851
vt 0.705061 0.222364
vt 0.368645 0.167107
vt 0.369995 0.165464
vt 0.368645 0.165464
vt 0.310245 0.193004
vt 0.308603 0.184627
vt 0.308603 0.193004
vt 0.807350 0.185273
vt 0.805708 0.183719
vt 0.805708 0.185273
vt 0.432514 0.221567
vt 0.434156 0.205801
vt 0.432514 0.205801
vt 0.235632 0.194980
vt 0.237273 0.186603
vt 0.235632 0.186603
vt 0.368564 0.165464
vt 0.367213 0.167107
vt 0.368564 0.167107
vt 0.365701 0.167107
vt 0.364351 0.165464
vt 0.364351 0.167107
vt 0.272894 0.167179
vt 0.271252 0.165625
vt 0.271252 0.167179
vt 0.310245 0.205928
vt 0.308603 0.194926
vt 0.308603 0.205928
vt 0.805708 0.186827
vt 0.706703 0.222364
vt 0.705061 0.238130
vt 0.706703 0.238130
vt 0.617639 0.167215
vt 0.616289 0.165573
vt 0.616289 0.167215
vt 0.452762 0.313897
vt 0.454113 0.313897
vt 0.454113 0.312594
vt 0.308603 0.168328
vt 0.310245 0.166774
vt 0.308603 0.166774
vt 0.367132 0.167107
vt 0.365782 0.165464
vt 0.365782 0.167107
vt 0.805708 0.209988
vt 0.807350 0.198986
vt 0.805708 0.198986
vt 0.272894 0.168605
vt 0.271252 0.168605
vt 0.535741 0.167789
vt 0.534391 0.166146
vt 0.534391 0.167789
vt 0.310245 0.194926
vt 0.308603 0.193624
vt 0.805708 0.211291
vt 0.807350 0.209988
vt 0.434156 0.202288
vt 0.432670 0.202287
vt 0.310245 0.165348
vt 0.308603 0.165348
vt 0.701253 0.218466
vt 0.699700 0.215074
vt 0.699700 0.218466
vt 0.725235 0.241366
vt 0.723682 0.255675
vt 0.725235 0.255675
vt 0.726788 0.255675
vt 0.698147 0.215074
vt 0.698147 0.218466
vt 0.586274 0.217312
vt 0.587827 0.212059
vt 0.586274 0.212059
vt 0.589380 0.217312
vt 0.589380 0.212059
vt 0.586274 0.235960
vt 0.587827 0.218008
vt 0.586274 0.218008
vt 0.725103 0.231145
vt 0.726655 0.219871
vt 0.725103 0.219871
vt 0.723678 0.231145
vt 0.723678 0.240063
vt 0.469826 0.193018
vt 0.463214 0.181272
vt 0.463214 0.193018
vt 0.818922 0.184575
vt 0.817937 0.181408
vt 0.816513 0.181408
vt 0.590684 0.243244
vt 0.605578 0.260479
vt 0.592034 0.242502
vt 0.837650 0.220075
vt 0.837650 0.216330
vt 0.833269 0.216331
vt 0.443443 0.196785
vt 0.445025 0.185023
vt 0.434581 0.185023
vt 0.546384 0.169951
vt 0.549767 0.165017
vt 0.546384 0.165017
vt 0.607299 0.168584
vt 0.607299 0.172968
vt 0.609625 0.172968
vt 0.638185 0.256294
vt 0.638185 0.262289
vt 0.653939 0.262288
vt 0.743213 0.237510
vt 0.727459 0.237509
vt 0.727459 0.243503
vt 0.603588 0.168584
vt 0.602319 0.164285
vt 0.602319 0.172968
vt 0.387034 0.164292
vt 0.388700 0.169227
vt 0.388700 0.164292
vt 0.571660 0.165216
vt 0.569901 0.164782
vt 0.572227 0.170295
vt 0.346339 0.194141
vt 0.344757 0.182380
vt 0.344757 0.194141
vt 0.372294 0.164803
vt 0.373877 0.167375
vt 0.373877 0.164803
vt 0.575938 0.177943
vt 0.577207 0.176544
vt 0.575938 0.176544
vt 0.569901 0.177943
vt 0.572227 0.176544
vt 0.569901 0.176544
vt 0.597962 0.174293
vt 0.597962 0.178038
vt 0.601673 0.178038
vt 0.837650 0.205736
vt 0.831501 0.211986
vt 0.837650 0.211985
vt 0.445025 0.183624
vt 0.443258 0.181279
vt 0.835882 0.215730
vt 0.837650 0.213384
vt 0.824701 0.221536
vt 0.823400 0.219212
vt 0.823400 0.225365
vt 0.835328 0.173955
vt 0.831501 0.180204
vt 0.837650 0.177037
vt 0.606314 0.165636
vt 0.604889 0.165636
vt 0.833269 0.183949
vt 0.837650 0.183949
vt 0.837650 0.180204
vt 0.452490 0.263787
vt 0.453914 0.272705
vt 0.453914 0.263787
vt 0.653172 0.171518
vt 0.655420 0.171518
vt 0.655420 0.169758
vt 0.524596 0.170194
vt 0.523246 0.167944
vt 0.523246 0.170194
vt 0.833745 0.275795
vt 0.831497 0.277097
vt 0.833745 0.277097
vt 0.452490 0.252513
vt 0.609949 0.262272
vt 0.609949 0.261782
vt 0.608968 0.260480
vt 0.614470 0.165452
vt 0.612887 0.167212
vt 0.614470 0.167212
vt 0.322034 0.168078
vt 0.322034 0.165130
vt 0.321466 0.165130
vt 0.329671 0.214889
vt 0.328909 0.216876
vt 0.329671 0.216876
vt 0.450937 0.252513
vt 0.450937 0.263787
vt 0.709232 0.183513
vt 0.709232 0.182114
vt 0.707465 0.179768
vt 0.837650 0.236918
vt 0.831501 0.230669
vt 0.831501 0.236918
vt 0.675156 0.209348
vt 0.676708 0.214190
vt 0.676708 0.209348
vt 0.373456 0.176985
vt 0.373456 0.171458
vt 0.372193 0.172411
vt 0.772550 0.194223
vt 0.774317 0.190478
vt 0.763873 0.190479
vt 0.382090 0.169227
vt 0.381384 0.164292
vt 0.381384 0.169227
vt 0.655828 0.174223
vt 0.658677 0.179156
vt 0.658677 0.172073
vt 0.245610 0.178732
vt 0.247937 0.181075
vt 0.247937 0.178732
vt 0.419416 0.185743
vt 0.420685 0.188086
vt 0.420685 0.185743
vt 0.346525 0.178635
vt 0.344757 0.180980
vt 0.265838 0.194756
vt 0.263465 0.210910
vt 0.273191 0.199164
vt 0.545308 0.169951
vt 0.545308 0.165017
vt 0.340072 0.210010
vt 0.332719 0.214417
vt 0.342444 0.226164
vt 0.444705 0.166009
vt 0.441856 0.170942
vt 0.444705 0.173092
vt 0.503691 0.183305
vt 0.501716 0.192506
vt 0.503691 0.192506
vt 0.681863 0.210360
vt 0.680009 0.211759
vt 0.681863 0.214219
vt 0.501496 0.198718
vt 0.501496 0.200272
vt 0.503679 0.202259
vt 0.612781 0.177893
vt 0.610805 0.168693
vt 0.610805 0.177893
vt 0.704718 0.217414
vt 0.705439 0.218177
vt 0.706693 0.218177
vt 0.546736 0.303818
vt 0.549265 0.312195
vt 0.563671 0.303818
vt 0.707650 0.195275
vt 0.698788 0.183512
vt 0.223806 0.190076
vt 0.224024 0.190076
vt 0.224024 0.185842
vt 0.525331 0.253509
vt 0.540226 0.236273
vt 0.539666 0.234482
vt 0.589380 0.235960
vt 0.589380 0.218008
vt 0.793414 0.164838
vt 0.796798 0.169772
vt 0.796798 0.164838
vt 0.310124 0.174145
vt 0.310124 0.168617
vt 0.308861 0.169571
vt 0.343435 0.174955
vt 0.341187 0.173653
vt 0.341187 0.174955
vt 0.649070 0.164901
vt 0.646822 0.163141
vt 0.646822 0.171518
vt 0.543615 0.236273
vt 0.544597 0.234971
vt 0.544597 0.234481
vt 0.386328 0.169227
vt 0.386328 0.164292
vt 0.545111 0.173574
vt 0.543761 0.175824
vt 0.545111 0.175824
vt 0.619309 0.167212
vt 0.617727 0.165452
vt 0.617727 0.167212
vt 0.567113 0.184877
vt 0.565850 0.183923
vt 0.565850 0.189451
vt 0.506575 0.251796
vt 0.506575 0.247936
vt 0.504721 0.250397
vt 0.503879 0.272635
vt 0.504642 0.274622
vt 0.504642 0.272635
vt 0.676887 0.214190
vt 0.678440 0.209348
vt 0.676887 0.209348
vt 0.632626 0.192999
vt 0.631641 0.196076
vt 0.632626 0.196076
vt 0.634051 0.192999
vt 0.634051 0.196076
vt 0.679864 0.209348
vt 0.678440 0.214190
vt 0.679864 0.214190
vt 0.814749 0.190135
vt 0.812501 0.190135
vt 0.812501 0.191121
vt 0.344415 0.217187
vt 0.344415 0.205191
vt 0.343652 0.205913
vt 0.224401 0.167320
vt 0.222819 0.164748
vt 0.222819 0.167320
vt 0.797873 0.169772
vt 0.797873 0.164838
vt 0.399224 0.176635
vt 0.400493 0.178034
vt 0.400493 0.176635
vt 0.324443 0.165130
vt 0.323019 0.165130
vt 0.404204 0.170386
vt 0.406530 0.164873
vt 0.404771 0.165308
vt 0.772735 0.178717
vt 0.462712 0.181272
vt 0.456100 0.193018
vt 0.462712 0.193018
vt 0.707390 0.176794
vt 0.708815 0.176794
vt 0.709800 0.172965
vt 0.725086 0.204478
vt 0.726071 0.201401
vt 0.725086 0.201401
vt 0.805907 0.232480
vt 0.806670 0.221206
vt 0.805688 0.221206
vt 0.543761 0.171054
vt 0.545111 0.168804
vt 0.543761 0.168804
vt 0.327013 0.163779
vt 0.325745 0.163779
vt 0.325745 0.168078
vt 0.450937 0.272705
vt 0.452490 0.272705
vt 0.344514 0.164851
vt 0.346840 0.167194
vt 0.346840 0.164851
vt 0.669469 0.165218
vt 0.668215 0.165218
vt 0.667494 0.165982
vt 0.406075 0.184505
vt 0.407338 0.179931
vt 0.405814 0.178780
vt 0.404204 0.176635
vt 0.406530 0.178034
vt 0.406530 0.176635
vt 0.837650 0.223242
vt 0.831501 0.220075
vt 0.835328 0.226324
vt 0.835882 0.226924
vt 0.831501 0.226924
vt 0.419416 0.185603
vt 0.420685 0.183260
vt 0.419416 0.183260
vt 0.634190 0.194654
vt 0.636439 0.196079
vt 0.636439 0.194654
vt 0.383756 0.169227
vt 0.382090 0.164292
vt 0.467673 0.176864
vt 0.466598 0.174017
vt 0.463214 0.174017
vt 0.634190 0.193668
vt 0.636439 0.193100
vt 0.337445 0.162651
vt 0.337445 0.172383
vt 0.341187 0.172383
vt 0.726655 0.240063
vt 0.725103 0.240063
vt 0.563671 0.270144
vt 0.549265 0.261767
vt 0.546736 0.270144
vt 0.723682 0.264593
vt 0.725235 0.264593
vt 0.814749 0.188709
vt 0.590684 0.237250
vt 0.592034 0.237250
vt 0.462712 0.174017
vt 0.459329 0.174017
vt 0.458253 0.176864
vt 0.723661 0.201401
vt 0.723661 0.204478
vt 0.726788 0.264593
vt 0.833745 0.274526
vt 0.837487 0.264793
vt 0.831497 0.264793
vt 0.545111 0.168669
vt 0.543761 0.166419
vt 0.543761 0.168669
vt 0.525331 0.259503
vt 0.526682 0.254251
vt 0.675156 0.214190
vt 0.673731 0.209348
vt 0.673731 0.214190
vt 0.656101 0.303625
vt 0.657451 0.303625
vt 0.657451 0.302323
vt 0.310245 0.210389
vt 0.308603 0.206876
vt 0.308603 0.210389
vt 0.614558 0.167215
vt 0.615908 0.165572
vt 0.614558 0.165573
vt 0.308603 0.184124
vt 0.310245 0.175747
vt 0.308603 0.175747
vt 0.471686 0.197456
vt 0.473327 0.195902
vt 0.471686 0.195902
vt 0.434156 0.226237
vt 0.432514 0.242003
vt 0.434156 0.242003
vt 0.434156 0.189761
vt 0.432514 0.181384
vt 0.432514 0.189761
vt 0.491018 0.167026
vt 0.492368 0.165383
vt 0.491018 0.165384
vt 0.489506 0.167026
vt 0.488156 0.165383
vt 0.488156 0.167026
vt 0.825468 0.178789
vt 0.827109 0.177235
vt 0.825468 0.177235
vt 0.504714 0.263283
vt 0.506356 0.252281
vt 0.504714 0.252281
vt 0.471686 0.194349
vt 0.310245 0.226155
vt 0.308603 0.226155
vt 0.371426 0.167107
vt 0.370076 0.165464
vt 0.370076 0.167107
vt 0.657451 0.264552
vt 0.641696 0.264552
vt 0.656101 0.272929
vt 0.818891 0.190263
vt 0.817249 0.188709
vt 0.817249 0.190263
vt 0.364270 0.167107
vt 0.362920 0.165464
vt 0.362920 0.167107
vt 0.567495 0.203475
vt 0.565853 0.192473
vt 0.565853 0.203475
vt 0.827109 0.175810
vt 0.825468 0.175810
vt 0.490937 0.165383
vt 0.489587 0.167026
vt 0.490937 0.167026
vt 0.504714 0.264585
vt 0.506356 0.263283
vt 0.567495 0.192473
vt 0.565853 0.191171
vt 0.434156 0.222724
vt 0.432514 0.226237
vt 0.818891 0.191689
vt 0.817249 0.191689
vt 0.698189 0.168090
vt 0.696552 0.167730
vt 0.696551 0.168092
vt 0.698190 0.167728
vt 0.696553 0.167391
vt 0.698191 0.167389
vt 0.696555 0.167100
vt 0.248193 0.179106
vt 0.249831 0.179395
vt 0.249831 0.179106
vt 0.248193 0.179733
vt 0.249831 0.179733
vt 0.249831 0.180096
vt 0.589880 0.171159
vt 0.589884 0.168079
vt 0.588702 0.168976
vt 0.391838 0.170120
vt 0.390821 0.172188
vt 0.391972 0.172188
vt 0.819271 0.165646
vt 0.826962 0.166565
vt 0.826959 0.165646
vt 0.223883 0.205616
vt 0.222419 0.206483
vt 0.223248 0.207448
vt 0.580412 0.202308
vt 0.585141 0.204378
vt 0.585141 0.202307
vt 0.451449 0.193853
vt 0.447880 0.194366
vt 0.449087 0.195684
vt 0.346984 0.168769
vt 0.347414 0.167727
vt 0.346710 0.168074
vt 0.580412 0.200243
vt 0.585141 0.200243
vt 0.224274 0.203628
vt 0.224349 0.201560
vt 0.224040 0.203628
vt 0.819268 0.164887
vt 0.826957 0.164887
vt 0.671454 0.178678
vt 0.674837 0.177532
vt 0.671851 0.176690
vt 0.681148 0.238041
vt 0.680612 0.215028
vt 0.680612 0.238043
vt 0.374145 0.171560
vt 0.380353 0.170522
vt 0.374505 0.170522
vt 0.678385 0.215032
vt 0.677590 0.215032
vt 0.677531 0.215100
vt 0.379884 0.212926
vt 0.378349 0.211630
vt 0.378354 0.212926
vt 0.379874 0.210042
vt 0.378345 0.210042
vt 0.378341 0.208224
vt 0.379869 0.206244
vt 0.378339 0.206244
vt 0.379869 0.204179
vt 0.378339 0.204179
vt 0.379869 0.202109
vt 0.378339 0.202109
vt 0.379871 0.200113
vt 0.378341 0.200113
vt 0.378345 0.198267
vt 0.379879 0.196643
vt 0.378349 0.196643
vt 0.378354 0.195303
vt 0.390796 0.166300
vt 0.390290 0.168132
vt 0.391441 0.168132
vt 0.390687 0.170120
vt 0.657854 0.190237
vt 0.659430 0.190012
vt 0.658760 0.189535
vt 0.589824 0.199321
vt 0.587627 0.197650
vt 0.587628 0.199720
vt 0.587628 0.195585
vt 0.589825 0.194476
vt 0.587630 0.193606
vt 0.380575 0.169396
vt 0.374727 0.169396
vt 0.674415 0.238044
vt 0.673860 0.219274
vt 0.673860 0.238041
vt 0.690224 0.170055
vt 0.695643 0.171093
vt 0.696008 0.170055
vt 0.793813 0.187457
vt 0.794571 0.200961
vt 0.794571 0.187190
vt 0.223123 0.205616
vt 0.826959 0.174133
vt 0.819268 0.174867
vt 0.826956 0.174867
vt 0.826965 0.169913
vt 0.819277 0.171083
vt 0.826965 0.171083
vt 0.551225 0.206004
vt 0.550532 0.203435
vt 0.550009 0.205752
vt 0.572055 0.208220
vt 0.580414 0.206374
vt 0.570454 0.206375
vt 0.556732 0.202670
vt 0.554711 0.202097
vt 0.555855 0.203881
vt 0.395396 0.174255
vt 0.391838 0.174255
vt 0.795393 0.187026
vt 0.796248 0.200453
vt 0.796248 0.186970
vt 0.450464 0.196663
vt 0.675849 0.238047
vt 0.675086 0.217891
vt 0.675086 0.238045
vt 0.657038 0.185247
vt 0.655937 0.186418
vt 0.657112 0.186253
vt 0.483424 0.261071
vt 0.480527 0.259744
vt 0.480527 0.261071
vt 0.445701 0.184804
vt 0.448645 0.186871
vt 0.448766 0.185233
vt 0.446154 0.182815
vt 0.449125 0.183658
vt 0.449708 0.182206
vt 0.446890 0.180983
vt 0.450493 0.180934
vt 0.447880 0.179377
vt 0.449087 0.178059
vt 0.451449 0.179889
vt 0.450464 0.177080
vt 0.452540 0.179113
vt 0.724139 0.169872
vt 0.726336 0.170982
vt 0.726335 0.169413
vt 0.726334 0.167777
vt 0.724138 0.167808
vt 0.724139 0.165737
vt 0.726335 0.166137
vt 0.724141 0.163741
vt 0.726336 0.164556
vt 0.675627 0.190537
vt 0.676873 0.187727
vt 0.674421 0.189558
vt 0.673363 0.188240
vt 0.676035 0.186683
vt 0.675348 0.185410
vt 0.672496 0.186633
vt 0.674837 0.183959
vt 0.671851 0.184801
vt 0.674522 0.182383
vt 0.671454 0.182813
vt 0.671320 0.180745
vt 0.674416 0.180745
vt 0.545552 0.197163
vt 0.547520 0.196135
vt 0.545794 0.195538
vt 0.554825 0.190071
vt 0.553156 0.191824
vt 0.553975 0.192227
vt 0.573459 0.209844
vt 0.580418 0.208220
vt 0.585151 0.194857
vt 0.586676 0.196444
vt 0.586681 0.194857
vt 0.550009 0.189714
vt 0.549714 0.192467
vt 0.550532 0.191972
vt 0.557895 0.194856
vt 0.556342 0.196789
vt 0.558136 0.196453
vt 0.659328 0.205445
vt 0.656197 0.207166
vt 0.656197 0.209966
vt 0.547859 0.195031
vt 0.546268 0.193994
vt 0.554711 0.192838
vt 0.555855 0.190925
vt 0.556342 0.197963
vt 0.558136 0.198096
vt 0.760463 0.171930
vt 0.760275 0.172753
vt 0.763462 0.173609
vt 0.585143 0.198263
vt 0.586671 0.200243
vt 0.586673 0.198263
vt 0.551401 0.191694
vt 0.551225 0.189325
vt 0.747075 0.220997
vt 0.746234 0.222281
vt 0.747076 0.221969
vt 0.677531 0.238048
vt 0.676675 0.216081
vt 0.676675 0.238047
vt 0.548351 0.194027
vt 0.546957 0.192589
vt 0.556732 0.192038
vt 0.555338 0.193633
vt 0.580412 0.204378
vt 0.574457 0.202308
vt 0.572089 0.204378
vt 0.580414 0.198263
vt 0.552464 0.189255
vt 0.552287 0.191644
vt 0.657171 0.189491
vt 0.658173 0.188894
vt 0.580422 0.209844
vt 0.585156 0.211184
vt 0.585151 0.209844
vt 0.548977 0.193161
vt 0.547833 0.191378
vt 0.555830 0.194581
vt 0.557420 0.193365
vt 0.586676 0.208220
vt 0.585147 0.208220
vt 0.548351 0.201626
vt 0.546268 0.201894
vt 0.546957 0.203221
vt 0.553680 0.189507
vt 0.586673 0.206374
vt 0.586671 0.204378
vt 0.345116 0.170097
vt 0.345988 0.169796
vt 0.345539 0.169282
vt 0.548864 0.190407
vt 0.556169 0.195647
vt 0.586671 0.202307
vt 0.696233 0.166587
vt 0.690224 0.165461
vt 0.690449 0.166587
vt 0.559449 0.168393
vt 0.567138 0.167263
vt 0.559450 0.167263
vt 0.676873 0.173763
vt 0.675627 0.170954
vt 0.674421 0.171933
vt 0.374801 0.168225
vt 0.380575 0.167054
vt 0.374727 0.167054
vt 0.679955 0.215030
vt 0.679203 0.238046
vt 0.679955 0.238045
vt 0.559448 0.169566
vt 0.567137 0.168393
vt 0.567137 0.170735
vt 0.567137 0.169566
vt 0.657333 0.187221
vt 0.675348 0.176080
vt 0.672496 0.174857
vt 0.760130 0.168550
vt 0.761766 0.168214
vt 0.760128 0.168212
vt 0.559450 0.171856
vt 0.559449 0.170735
vt 0.673363 0.173251
vt 0.559452 0.172886
vt 0.567138 0.171856
vt 0.723379 0.193936
vt 0.724490 0.195107
vt 0.724555 0.194101
vt 0.348160 0.177817
vt 0.347582 0.176850
vt 0.347413 0.177578
vt 0.586686 0.211184
vt 0.586681 0.209844
vt 0.826964 0.167610
vt 0.819277 0.168741
vt 0.826965 0.168741
vt 0.390796 0.178076
vt 0.390290 0.176244
vt 0.389645 0.178076
vt 0.559454 0.173785
vt 0.567140 0.172886
vt 0.390687 0.174255
vt 0.567145 0.174519
vt 0.567142 0.173785
vt 0.761766 0.167851
vt 0.760128 0.167849
vt 0.559454 0.165298
vt 0.567145 0.164539
vt 0.559457 0.164539
vt 0.552464 0.205934
vt 0.551401 0.203615
vt 0.559452 0.166218
vt 0.567142 0.165298
vt 0.391441 0.176244
vt 0.374145 0.164891
vt 0.380353 0.165929
vt 0.379994 0.164891
vt 0.448766 0.188510
vt 0.445548 0.186871
vt 0.445701 0.188939
vt 0.374505 0.165929
vt 0.696008 0.165461
vt 0.689859 0.164424
vt 0.567140 0.166218
vt 0.723379 0.196278
vt 0.724555 0.196114
vt 0.723604 0.197404
vt 0.724749 0.197081
vt 0.723969 0.198442
vt 0.725062 0.197973
vt 0.725485 0.198754
vt 0.724460 0.199351
vt 0.725999 0.199396
vt 0.725059 0.200098
vt 0.726586 0.199873
vt 0.725742 0.200652
vt 0.502104 0.219263
vt 0.501263 0.217979
vt 0.501262 0.219109
vt 0.502104 0.220270
vt 0.501262 0.220282
vt 0.501262 0.221451
vt 0.502104 0.221275
vt 0.501263 0.222572
vt 0.502105 0.222238
vt 0.659430 0.180481
vt 0.657854 0.180256
vt 0.658760 0.180958
vt 0.657171 0.181003
vt 0.658173 0.181600
vt 0.656610 0.181912
vt 0.657691 0.182381
vt 0.657333 0.183273
vt 0.656193 0.182950
vt 0.655937 0.184076
vt 0.657112 0.184240
vt 0.655850 0.185247
vt 0.557895 0.199720
vt 0.555830 0.200228
vt 0.557420 0.201265
vt 0.545552 0.198806
vt 0.547347 0.197296
vt 0.394999 0.176244
vt 0.394354 0.178076
vt 0.585147 0.196444
vt 0.674522 0.179107
vt 0.346446 0.169215
vt 0.346077 0.168599
vt 0.585156 0.193561
vt 0.586686 0.193561
vt 0.724749 0.193134
vt 0.348160 0.167573
vt 0.348864 0.168379
vt 0.348921 0.167616
vt 0.553975 0.202791
vt 0.554825 0.204851
vt 0.549714 0.203032
vt 0.548864 0.205188
vt 0.547859 0.200678
vt 0.545794 0.200403
vt 0.747075 0.218985
vt 0.746233 0.219978
vt 0.747075 0.219990
vt 0.350097 0.168945
vt 0.351005 0.168877
vt 0.350372 0.168280
vt 0.690525 0.167758
vt 0.696309 0.167758
vt 0.352406 0.173439
vt 0.351827 0.172473
vt 0.351827 0.173331
vt 0.589825 0.200902
vt 0.587630 0.201717
vt 0.345116 0.174950
vt 0.345988 0.175349
vt 0.345629 0.174615
vt 0.351005 0.176834
vt 0.351093 0.175637
vt 0.350636 0.176218
vt 0.449708 0.191537
vt 0.446154 0.190927
vt 0.446890 0.192760
vt 0.747076 0.218022
vt 0.746233 0.218809
vt 0.348864 0.177090
vt 0.348217 0.177054
vt 0.349668 0.167855
vt 0.744409 0.208709
vt 0.742771 0.208346
vt 0.742771 0.208709
vt 0.346077 0.176556
vt 0.345539 0.175812
vt 0.351543 0.176151
vt 0.351453 0.174944
vt 0.589824 0.196045
vt 0.273452 0.167674
vt 0.274634 0.168572
vt 0.274630 0.165491
vt 0.348921 0.177860
vt 0.349499 0.176959
vt 0.547520 0.199612
vt 0.345255 0.172102
vt 0.344825 0.171013
vt 0.344676 0.171994
vt 0.585143 0.206374
vt 0.346710 0.177152
vt 0.346446 0.175981
vt 0.352257 0.174420
vt 0.351966 0.175336
vt 0.696233 0.168929
vt 0.344824 0.174001
vt 0.345255 0.172960
vt 0.344676 0.173003
vt 0.350372 0.177359
vt 0.349668 0.177705
vt 0.678385 0.238047
vt 0.744409 0.209046
vt 0.742771 0.209046
vt 0.346984 0.176488
vt 0.351701 0.174165
vt 0.449125 0.190085
vt 0.345381 0.173809
vt 0.350097 0.176664
vt 0.398732 0.174255
vt 0.398730 0.176244
vt 0.725059 0.190117
vt 0.725485 0.191460
vt 0.725999 0.190819
vt 0.762864 0.177910
vt 0.763462 0.177988
vt 0.676035 0.174808
vt 0.741889 0.218494
vt 0.742711 0.236164
vt 0.742711 0.218656
vt 0.548977 0.202421
vt 0.547833 0.204333
vt 0.724460 0.190863
vt 0.725062 0.192242
vt 0.797103 0.187026
vt 0.797103 0.200581
vt 0.674415 0.218651
vt 0.819274 0.166565
vt 0.188705 0.199451
vt 0.188764 0.199519
vt 0.189559 0.199520
vt 0.743566 0.218711
vt 0.744421 0.236164
vt 0.744421 0.218656
vt 0.579105 0.198263
vt 0.580416 0.197128
vt 0.190377 0.176505
vt 0.191129 0.199522
vt 0.191129 0.176507
vt 0.798683 0.187457
vt 0.797925 0.200961
vt 0.798683 0.201577
vt 0.743566 0.236219
vt 0.351093 0.170084
vt 0.351966 0.170483
vt 0.351543 0.169621
vt 0.553156 0.203287
vt 0.553680 0.205545
vt 0.797925 0.187190
vt 0.185589 0.176508
vt 0.185035 0.195278
vt 0.185589 0.195901
vt 0.187023 0.176505
vt 0.186260 0.196661
vt 0.187023 0.197529
vt 0.188705 0.176504
vt 0.187849 0.198471
vt 0.351701 0.171624
vt 0.352257 0.171432
vt 0.186260 0.176506
vt 0.190377 0.199521
vt 0.191786 0.176508
vt 0.191786 0.199524
vt 0.192322 0.199526
vt 0.192322 0.176511
vt 0.187849 0.176504
vt 0.741131 0.235739
vt 0.741889 0.236002
vt 0.744410 0.209336
vt 0.742771 0.209336
vt 0.394999 0.168132
vt 0.395396 0.170120
vt 0.394354 0.166300
vt 0.373620 0.196643
vt 0.373625 0.195303
vt 0.373616 0.198267
vt 0.373612 0.200113
vt 0.373610 0.202109
vt 0.373610 0.204179
vt 0.373610 0.206244
vt 0.373612 0.208224
vt 0.826963 0.172204
vt 0.745243 0.218494
vt 0.352406 0.172430
vt 0.657691 0.188112
vt 0.396098 0.178076
vt 0.396099 0.177461
vt 0.819275 0.172204
vt 0.826962 0.173234
vt 0.395530 0.172188
vt 0.675849 0.217023
vt 0.733750 0.171748
vt 0.733840 0.171742
vt 0.733840 0.167362
vt 0.616161 0.289604
vt 0.626108 0.289056
vt 0.616161 0.289056
vt 0.795393 0.200581
vt 0.488232 0.267232
vt 0.486421 0.262885
vt 0.486421 0.271255
vt 0.746233 0.221151
vt 0.656197 0.200924
vt 0.656197 0.203724
vt 0.478156 0.258616
vt 0.478156 0.257502
vt 0.475260 0.257503
vt 0.365252 0.198267
vt 0.728207 0.164926
vt 0.727591 0.165684
vt 0.367655 0.204179
vt 0.365287 0.202109
vt 0.384283 0.185200
vt 0.386917 0.187500
vt 0.386917 0.177614
vt 0.372303 0.208223
vt 0.373614 0.209359
vt 0.746001 0.235739
vt 0.746001 0.218231
vt 0.223248 0.195672
vt 0.222419 0.196638
vt 0.223883 0.197504
vt 0.398732 0.170120
vt 0.224040 0.199492
vt 0.223123 0.197504
vt 0.224274 0.199492
vt 0.398732 0.172188
vt 0.726586 0.190342
vt 0.584565 0.193561
vt 0.583050 0.194857
vt 0.581206 0.196445
vt 0.483424 0.262884
vt 0.480527 0.262884
vt 0.396099 0.166914
vt 0.366657 0.196643
vt 0.370023 0.206244
vt 0.345629 0.170489
vt 0.723604 0.192810
vt 0.350636 0.169452
vt 0.656610 0.188581
vt 0.374404 0.210042
vt 0.221634 0.195672
vt 0.222084 0.195672
vt 0.376248 0.211630
vt 0.480527 0.268023
vt 0.377763 0.212926
vt 0.371944 0.167560
vt 0.373866 0.171150
vt 0.373866 0.167560
vt 0.760132 0.168842
vt 0.761768 0.168552
vt 0.475260 0.267686
vt 0.478156 0.259316
vt 0.475260 0.259316
vt 0.475260 0.256175
vt 0.472339 0.230350
vt 0.472339 0.219494
vt 0.469961 0.225076
vt 0.344409 0.202582
vt 0.343228 0.204506
vt 0.344409 0.204506
vt 0.636488 0.178586
vt 0.626072 0.179767
vt 0.626072 0.183357
vt 0.819273 0.173234
vt 0.825463 0.189183
vt 0.826947 0.186476
vt 0.825463 0.186476
vt 0.470451 0.263664
vt 0.472263 0.259316
vt 0.470451 0.257503
vt 0.794853 0.170811
vt 0.793790 0.170390
vt 0.795832 0.173243
vt 0.246399 0.186599
vt 0.245663 0.187401
vt 0.249758 0.197287
vt 0.581564 0.165355
vt 0.579641 0.168945
vt 0.581564 0.168945
vt 0.328495 0.205901
vt 0.329676 0.207825
vt 0.329676 0.205901
vt 0.390610 0.187936
vt 0.390610 0.191525
vt 0.401027 0.192707
vt 0.577483 0.210458
vt 0.826947 0.190548
vt 0.825463 0.190548
vt 0.576825 0.200243
vt 0.348217 0.168343
vt 0.229000 0.174043
vt 0.226366 0.170595
vt 0.224723 0.174043
vt 0.809495 0.178206
vt 0.812129 0.185792
vt 0.812129 0.174758
vt 0.669573 0.168396
vt 0.671057 0.165619
vt 0.669573 0.165619
vt 0.375760 0.172411
vt 0.374127 0.183267
vt 0.375761 0.183267
vt 0.371307 0.195303
vt 0.370681 0.196029
vt 0.364797 0.170679
vt 0.371631 0.172746
vt 0.371631 0.167473
vt 0.473896 0.267686
vt 0.472263 0.267686
vt 0.484787 0.261071
vt 0.488232 0.261072
vt 0.221634 0.207448
vt 0.222084 0.207448
vt 0.375761 0.194123
vt 0.377124 0.183267
vt 0.364797 0.174814
vt 0.363998 0.176802
vt 0.371631 0.178020
vt 0.826947 0.181794
vt 0.825463 0.179087
vt 0.825463 0.181794
vt 0.473896 0.257503
vt 0.276788 0.210201
vt 0.277658 0.200114
vt 0.276174 0.209765
vt 0.374127 0.194123
vt 0.806318 0.188199
vt 0.805703 0.188635
vt 0.807187 0.198286
vt 0.484787 0.271255
vt 0.484787 0.262885
vt 0.264323 0.182178
vt 0.274356 0.178589
vt 0.264323 0.178588
vt 0.617183 0.278865
vt 0.617183 0.268457
vt 0.616161 0.278481
vt 0.377124 0.172411
vt 0.825463 0.183159
vt 0.826947 0.183159
vt 0.807852 0.173394
vt 0.807852 0.174759
vt 0.831082 0.165420
vt 0.829598 0.168196
vt 0.831082 0.168196
vt 0.616161 0.290828
vt 0.626108 0.290215
vt 0.616161 0.290215
vt 0.224723 0.175407
vt 0.231760 0.175408
vt 0.469961 0.235623
vt 0.469961 0.237108
vt 0.472339 0.241206
vt 0.241588 0.173830
vt 0.244222 0.170382
vt 0.241588 0.164180
vt 0.689337 0.189508
vt 0.679305 0.185919
vt 0.679305 0.189508
vt 0.473896 0.259316
vt 0.245865 0.175194
vt 0.238828 0.175195
vt 0.636055 0.289604
vt 0.636055 0.289056
vt 0.632394 0.278865
vt 0.626108 0.288624
vt 0.636055 0.288624
vt 0.636055 0.290828
vt 0.636055 0.290215
vt 0.479785 0.269003
vt 0.478884 0.292387
vt 0.479785 0.292387
vt 0.636495 0.306263
vt 0.636956 0.294041
vt 0.635893 0.303239
vt 0.626108 0.290828
vt 0.636055 0.291384
vt 0.454791 0.242611
vt 0.473896 0.254811
vt 0.626108 0.289604
vt 0.483424 0.259744
vt 0.484787 0.258379
vt 0.384283 0.174166
vt 0.388560 0.172802
vt 0.381523 0.172801
vt 0.330273 0.168519
vt 0.331625 0.168881
vt 0.332614 0.167892
vt 0.697011 0.170273
vt 0.343228 0.202471
vt 0.344409 0.200702
vt 0.343228 0.200702
vt 0.658266 0.249183
vt 0.659166 0.272567
vt 0.659166 0.249183
vt 0.615260 0.294041
vt 0.617302 0.300452
vt 0.618619 0.298009
vt 0.616161 0.291384
vt 0.616161 0.288624
vt 0.503892 0.246180
vt 0.476258 0.196043
vt 0.473461 0.196043
vt 0.474160 0.197255
vt 0.761770 0.164771
vt 0.760588 0.165669
vt 0.328495 0.200106
vt 0.329676 0.201876
vt 0.329676 0.200106
vt 0.222821 0.170598
vt 0.224459 0.170962
vt 0.224459 0.170600
vt 0.222821 0.170960
vt 0.224460 0.171301
vt 0.222822 0.171299
vt 0.224463 0.171592
vt 0.742673 0.209046
vt 0.741035 0.209336
vt 0.742673 0.209336
vt 0.742673 0.208709
vt 0.741034 0.209046
vt 0.741034 0.208346
vt 0.741034 0.208709
vt 0.431188 0.167991
vt 0.432370 0.168889
vt 0.432366 0.165808
vt 0.248675 0.172338
vt 0.247390 0.174406
vt 0.248541 0.174406
vt 0.274918 0.165605
vt 0.282608 0.164685
vt 0.274920 0.164685
vt 0.452545 0.203679
vt 0.451716 0.204645
vt 0.453180 0.205512
vt 0.600836 0.202437
vt 0.605566 0.200367
vt 0.600837 0.200367
vt 0.584218 0.175159
vt 0.587787 0.175671
vt 0.585425 0.173841
vt 0.618064 0.167855
vt 0.617260 0.168380
vt 0.617895 0.168583
vt 0.600837 0.204502
vt 0.605565 0.202437
vt 0.453646 0.209568
vt 0.453571 0.207500
vt 0.453336 0.207500
vt 0.282611 0.163926
vt 0.274923 0.163926
vt 0.356241 0.188283
vt 0.358912 0.185866
vt 0.355844 0.186295
vt 0.193793 0.199519
vt 0.194329 0.176506
vt 0.193793 0.176504
vt 0.282912 0.199220
vt 0.276704 0.198182
vt 0.277063 0.199220
vt 0.197410 0.176579
vt 0.197351 0.176511
vt 0.196556 0.176510
vt 0.469565 0.194117
vt 0.471089 0.195413
vt 0.471095 0.194117
vt 0.469560 0.195413
vt 0.471085 0.197000
vt 0.469552 0.198819
vt 0.469555 0.197001
vt 0.471080 0.200799
vt 0.471082 0.198819
vt 0.469550 0.200799
vt 0.471079 0.202863
vt 0.469550 0.204934
vt 0.469549 0.202864
vt 0.471082 0.206930
vt 0.471080 0.204934
vt 0.469552 0.206930
vt 0.471085 0.208776
vt 0.469560 0.210400
vt 0.469555 0.208776
vt 0.471095 0.211740
vt 0.471089 0.210400
vt 0.248144 0.176394
vt 0.246349 0.178227
vt 0.247500 0.178227
vt 0.246993 0.176394
vt 0.475524 0.182945
vt 0.473948 0.182720
vt 0.474854 0.183422
vt 0.554107 0.208968
vt 0.556302 0.211008
vt 0.556303 0.209368
vt 0.554109 0.215083
vt 0.556303 0.212644
vt 0.554107 0.213103
vt 0.282552 0.198182
vt 0.276482 0.197056
vt 0.200526 0.199522
vt 0.201080 0.180752
vt 0.200526 0.180129
vt 0.671619 0.169128
vt 0.677768 0.170166
vt 0.677403 0.169128
vt 0.771071 0.212612
vt 0.771829 0.199109
vt 0.771071 0.198492
vt 0.452420 0.205512
vt 0.274920 0.173172
vt 0.282611 0.173906
vt 0.282608 0.173172
vt 0.274914 0.168953
vt 0.282603 0.170122
vt 0.282602 0.168953
vt 0.335830 0.189342
vt 0.335138 0.191911
vt 0.336007 0.191731
vt 0.592479 0.196525
vt 0.600839 0.198371
vt 0.600842 0.196525
vt 0.341337 0.192676
vt 0.339316 0.193248
vt 0.339943 0.194114
vt 0.252099 0.170271
vt 0.252233 0.172338
vt 0.772651 0.213043
vt 0.773506 0.199616
vt 0.772651 0.199488
vt 0.588877 0.174895
vt 0.586801 0.172861
vt 0.199091 0.199525
vt 0.199855 0.179369
vt 0.199091 0.178501
vt 0.473131 0.187710
vt 0.472030 0.186539
vt 0.471944 0.187710
vt 0.682686 0.249645
vt 0.685583 0.250972
vt 0.685583 0.249644
vt 0.582038 0.184721
vt 0.584983 0.182653
vt 0.581885 0.182653
vt 0.582492 0.186709
vt 0.585104 0.184291
vt 0.586046 0.187318
vt 0.583228 0.188541
vt 0.584218 0.190147
vt 0.585425 0.191465
vt 0.586831 0.188591
vt 0.586801 0.192445
vt 0.587787 0.189635
vt 0.610460 0.196860
vt 0.608266 0.194421
vt 0.608264 0.196401
vt 0.608263 0.198465
vt 0.608264 0.200536
vt 0.610459 0.198495
vt 0.608266 0.202532
vt 0.610460 0.200136
vt 0.361263 0.177245
vt 0.360017 0.174436
vt 0.358811 0.175415
vt 0.357753 0.176733
vt 0.359737 0.179562
vt 0.356886 0.178339
vt 0.356241 0.180172
vt 0.358912 0.182589
vt 0.355844 0.182160
vt 0.355710 0.184227
vt 0.330399 0.199807
vt 0.331952 0.198050
vt 0.330157 0.198183
vt 0.339430 0.205275
vt 0.337761 0.203522
vt 0.338285 0.205839
vt 0.593883 0.194901
vt 0.600846 0.194901
vt 0.605575 0.209888
vt 0.607101 0.208301
vt 0.605571 0.208300
vt 0.334614 0.205631
vt 0.334319 0.202878
vt 0.333469 0.204938
vt 0.342742 0.198893
vt 0.340774 0.199699
vt 0.342500 0.200490
vt 0.505933 0.219691
vt 0.502803 0.215170
vt 0.502803 0.217970
vt 0.330874 0.201352
vt 0.332125 0.199211
vt 0.339316 0.202508
vt 0.340461 0.204420
vt 0.340947 0.197383
vt 0.342742 0.197250
vt 0.580176 0.177997
vt 0.580774 0.178075
vt 0.580774 0.173695
vt 0.607098 0.206482
vt 0.605566 0.204502
vt 0.605568 0.206482
vt 0.335830 0.206021
vt 0.335138 0.203374
vt 0.329754 0.223172
vt 0.328913 0.221888
vt 0.328911 0.223019
vt 0.197410 0.199526
vt 0.198266 0.177559
vt 0.331562 0.202757
vt 0.332464 0.200315
vt 0.339943 0.201713
vt 0.341337 0.203308
vt 0.594881 0.202437
vt 0.592514 0.200367
vt 0.600839 0.206482
vt 0.336892 0.203702
vt 0.337069 0.206091
vt 0.474266 0.184063
vt 0.473265 0.183466
vt 0.605580 0.193561
vt 0.600851 0.193561
vt 0.333583 0.202184
vt 0.332439 0.203968
vt 0.340435 0.200765
vt 0.342026 0.201981
vt 0.607101 0.196525
vt 0.605575 0.194901
vt 0.605571 0.196525
vt 0.331562 0.192125
vt 0.332464 0.194668
vt 0.332956 0.193720
vt 0.607098 0.198371
vt 0.605568 0.198371
vt 0.619400 0.168877
vt 0.619489 0.170085
vt 0.619939 0.169621
vt 0.607096 0.204502
vt 0.677178 0.165661
vt 0.671619 0.164535
vt 0.671394 0.165661
vt 0.354493 0.166293
vt 0.362182 0.167423
vt 0.362181 0.166293
vt 0.360017 0.194019
vt 0.361262 0.191209
vt 0.358811 0.193040
vt 0.276482 0.194714
vt 0.282256 0.195885
vt 0.282330 0.194714
vt 0.195738 0.199525
vt 0.194986 0.176508
vt 0.194986 0.199523
vt 0.354494 0.168596
vt 0.362183 0.168596
vt 0.607095 0.202437
vt 0.354494 0.169765
vt 0.362182 0.169765
vt 0.473426 0.185737
vt 0.473206 0.186704
vt 0.359737 0.188893
vt 0.359227 0.187441
vt 0.818941 0.166155
vt 0.817304 0.165818
vt 0.817303 0.166157
vt 0.354493 0.170886
vt 0.362181 0.170886
vt 0.357753 0.191722
vt 0.360425 0.190165
vt 0.362179 0.171916
vt 0.533542 0.173716
vt 0.532431 0.174887
vt 0.533608 0.174723
vt 0.618493 0.176665
vt 0.618064 0.177706
vt 0.618767 0.177360
vt 0.607105 0.194901
vt 0.274915 0.167780
vt 0.282604 0.166650
vt 0.274916 0.166650
vt 0.246349 0.166450
vt 0.248144 0.168283
vt 0.247500 0.166450
vt 0.354491 0.171916
vt 0.362177 0.172815
vt 0.248541 0.170271
vt 0.247524 0.172338
vt 0.354486 0.173549
vt 0.362174 0.173549
vt 0.818941 0.166517
vt 0.817303 0.166519
vt 0.362174 0.163569
vt 0.354489 0.164328
vt 0.362177 0.164328
vt 0.337069 0.189412
vt 0.336893 0.191781
vt 0.362179 0.165247
vt 0.247390 0.170271
vt 0.277063 0.192551
vt 0.282552 0.193588
vt 0.282912 0.192551
vt 0.582038 0.180585
vt 0.585104 0.181015
vt 0.677768 0.163497
vt 0.671984 0.163497
vt 0.533608 0.172710
vt 0.532355 0.173716
vt 0.533801 0.171743
vt 0.532431 0.172545
vt 0.534115 0.170851
vt 0.532656 0.171420
vt 0.534537 0.170069
vt 0.533021 0.170382
vt 0.534111 0.168726
vt 0.535051 0.169428
vt 0.534794 0.168171
vt 0.535638 0.168951
vt 0.328911 0.230220
vt 0.329755 0.231038
vt 0.329754 0.230067
vt 0.329753 0.229059
vt 0.328911 0.227878
vt 0.329754 0.228054
vt 0.329755 0.227091
vt 0.474854 0.191999
vt 0.474728 0.193255
vt 0.475524 0.192476
vt 0.474266 0.191357
vt 0.473948 0.192701
vt 0.472704 0.191045
vt 0.473785 0.190576
vt 0.472287 0.190007
vt 0.473426 0.189684
vt 0.472030 0.188881
vt 0.473206 0.188717
vt 0.342026 0.194081
vt 0.340774 0.196222
vt 0.342500 0.195625
vt 0.331952 0.196875
vt 0.330157 0.196540
vt 0.251702 0.168283
vt 0.251058 0.166450
vt 0.358806 0.184227
vt 0.618493 0.168945
vt 0.619032 0.169452
vt 0.282330 0.197056
vt 0.276407 0.195885
vt 0.607110 0.211184
vt 0.605581 0.211184
vt 0.533801 0.175690
vt 0.532656 0.176013
vt 0.615809 0.167728
vt 0.616613 0.168343
vt 0.616556 0.167573
vt 0.339430 0.190494
vt 0.340461 0.191465
vt 0.333469 0.190158
vt 0.334614 0.189594
vt 0.330874 0.193452
vt 0.332125 0.195734
vt 0.329753 0.224180
vt 0.328911 0.225360
vt 0.329754 0.225184
vt 0.613935 0.169282
vt 0.614842 0.169216
vt 0.614473 0.168599
vt 0.677102 0.166832
vt 0.671318 0.166832
vt 0.613220 0.174002
vt 0.613650 0.172961
vt 0.613072 0.173004
vt 0.554109 0.206972
vt 0.556304 0.207786
vt 0.620097 0.174166
vt 0.620362 0.175337
vt 0.620653 0.174421
vt 0.615106 0.177153
vt 0.614842 0.175982
vt 0.614473 0.176557
vt 0.583228 0.176765
vt 0.585463 0.179439
vt 0.586046 0.177988
vt 0.329755 0.226148
vt 0.328913 0.226482
vt 0.617260 0.177091
vt 0.617317 0.177861
vt 0.615380 0.168770
vt 0.615978 0.168475
vt 0.407856 0.212058
vt 0.406217 0.212421
vt 0.407855 0.212421
vt 0.619849 0.174945
vt 0.619939 0.176152
vt 0.613935 0.175813
vt 0.554106 0.211038
vt 0.763507 0.167851
vt 0.763511 0.164771
vt 0.762328 0.165669
vt 0.616613 0.177054
vt 0.616556 0.177818
vt 0.330399 0.194942
vt 0.620653 0.171433
vt 0.619849 0.170818
vt 0.620097 0.171625
vt 0.619032 0.176218
vt 0.619400 0.176835
vt 0.614384 0.175350
vt 0.613512 0.174950
vt 0.671394 0.168002
vt 0.677178 0.168002
vt 0.620223 0.172474
vt 0.620802 0.173440
vt 0.620802 0.172431
vt 0.615809 0.177579
vt 0.196556 0.199526
vt 0.195738 0.176509
vt 0.406217 0.211720
vt 0.407856 0.211720
vt 0.614024 0.174616
vt 0.582492 0.178597
vt 0.620223 0.173332
vt 0.615380 0.176489
vt 0.255435 0.170271
vt 0.534537 0.177364
vt 0.534111 0.178707
vt 0.535051 0.178005
vt 0.577775 0.172017
vt 0.577587 0.172840
vt 0.356886 0.190116
vt 0.504315 0.227323
vt 0.505137 0.244669
vt 0.505137 0.227161
vt 0.332439 0.191012
vt 0.334319 0.192314
vt 0.534115 0.176582
vt 0.533512 0.177960
vt 0.774361 0.213043
vt 0.773506 0.213099
vt 0.199855 0.199524
vt 0.282606 0.165605
vt 0.656454 0.212810
vt 0.655659 0.212810
vt 0.655600 0.212878
vt 0.503460 0.227378
vt 0.502605 0.244831
vt 0.503460 0.244886
vt 0.599529 0.206481
vt 0.600841 0.207617
vt 0.658024 0.235823
vt 0.657272 0.212809
vt 0.657272 0.235824
vt 0.775941 0.212612
vt 0.775183 0.199109
vt 0.775183 0.212879
vt 0.613220 0.171013
vt 0.614024 0.170490
vt 0.613512 0.170098
vt 0.338285 0.189801
vt 0.337761 0.192059
vt 0.774361 0.199488
vt 0.652484 0.235821
vt 0.651929 0.217052
vt 0.651929 0.235819
vt 0.653918 0.235825
vt 0.653155 0.215669
vt 0.653155 0.235823
vt 0.655600 0.235826
vt 0.654744 0.213859
vt 0.654744 0.235825
vt 0.613072 0.171995
vt 0.613777 0.171268
vt 0.652484 0.216429
vt 0.656454 0.235825
vt 0.658681 0.235821
vt 0.658024 0.212808
vt 0.659217 0.235819
vt 0.658681 0.212806
vt 0.586831 0.176715
vt 0.653918 0.214801
vt 0.505895 0.226898
vt 0.406218 0.211430
vt 0.407856 0.211430
vt 0.252099 0.174406
vt 0.251702 0.176394
vt 0.251058 0.178227
vt 0.464831 0.210400
vt 0.469565 0.211740
vt 0.464826 0.208776
vt 0.464823 0.206930
vt 0.464821 0.204934
vt 0.464820 0.202864
vt 0.464821 0.200799
vt 0.464823 0.198819
vt 0.274916 0.171243
vt 0.274915 0.170122
vt 0.501783 0.227161
vt 0.502605 0.227323
vt 0.194329 0.199522
vt 0.613650 0.172103
vt 0.473785 0.184845
vt 0.472704 0.184376
vt 0.252803 0.167065
vt 0.274918 0.172273
vt 0.282604 0.171243
vt 0.618767 0.168281
vt 0.198266 0.199526
vt 0.718237 0.165010
vt 0.717621 0.165768
vt 0.723870 0.167446
vt 0.467359 0.295877
vt 0.457411 0.295328
vt 0.457411 0.295877
vt 0.333583 0.192925
vt 0.771829 0.212879
vt 0.690392 0.243483
vt 0.688580 0.247831
vt 0.690392 0.249644
vt 0.340435 0.195118
vt 0.328911 0.224191
vt 0.502803 0.221412
vt 0.502803 0.224212
vt 0.616438 0.257935
vt 0.613541 0.256122
vt 0.613541 0.257935
vt 0.338580 0.192554
vt 0.456463 0.208776
vt 0.454863 0.206931
vt 0.282603 0.167780
vt 0.723779 0.171832
vt 0.723870 0.171826
vt 0.458865 0.202864
vt 0.456498 0.204934
vt 0.746885 0.173355
vt 0.749518 0.180941
vt 0.749519 0.169907
vt 0.463513 0.198819
vt 0.464825 0.197684
vt 0.501025 0.226898
vt 0.501783 0.244669
vt 0.453180 0.213623
vt 0.451716 0.214490
vt 0.452545 0.215456
vt 0.255435 0.174406
vt 0.255434 0.176394
vt 0.453336 0.211635
vt 0.452420 0.213623
vt 0.453571 0.211635
vt 0.255436 0.172338
vt 0.535638 0.178482
vt 0.534794 0.179261
vt 0.604989 0.211184
vt 0.603474 0.209888
vt 0.601631 0.208300
vt 0.682686 0.248531
vt 0.252802 0.178227
vt 0.252803 0.177612
vt 0.457868 0.210400
vt 0.461234 0.200799
vt 0.620362 0.170484
vt 0.533021 0.177051
vt 0.615106 0.168074
vt 0.614384 0.169797
vt 0.472287 0.185413
vt 0.465615 0.197001
vt 0.450931 0.215456
vt 0.451381 0.215456
vt 0.467459 0.195413
vt 0.682686 0.239461
vt 0.685583 0.247831
vt 0.685583 0.239461
vt 0.468974 0.194117
vt 0.428698 0.165313
vt 0.430621 0.168903
vt 0.430621 0.165313
vt 0.818942 0.165816
vt 0.817307 0.165527
vt 0.613541 0.263074
vt 0.616438 0.254794
vt 0.616438 0.256122
vt 0.628710 0.234242
vt 0.628710 0.235727
vt 0.631089 0.239825
vt 0.329676 0.205786
vt 0.328495 0.203862
vt 0.328495 0.205786
vt 0.504989 0.186959
vt 0.504989 0.190549
vt 0.515405 0.191730
vt 0.282606 0.172273
vt 0.826947 0.196572
vt 0.825463 0.193865
vt 0.825463 0.196572
vt 0.621246 0.262283
vt 0.619435 0.257935
vt 0.619435 0.266305
vt 0.834799 0.258970
vt 0.835534 0.258169
vt 0.831440 0.248282
vt 0.822116 0.280467
vt 0.823180 0.280888
vt 0.821138 0.278036
vt 0.501714 0.179332
vt 0.503637 0.182922
vt 0.503637 0.179332
vt 0.745675 0.209338
vt 0.744494 0.207414
vt 0.744494 0.209338
vt 0.581336 0.178755
vt 0.570920 0.179936
vt 0.570920 0.183526
vt 0.598533 0.193561
vt 0.597908 0.194287
vt 0.826947 0.197937
vt 0.825463 0.197937
vt 0.597250 0.204502
vt 0.617317 0.167616
vt 0.218140 0.173830
vt 0.220774 0.170382
vt 0.218140 0.164180
vt 0.548145 0.185925
vt 0.550779 0.188225
vt 0.550779 0.178339
vt 0.689597 0.165591
vt 0.688114 0.168368
vt 0.689597 0.168368
vt 0.715100 0.184233
vt 0.716734 0.173378
vt 0.715100 0.173378
vt 0.461892 0.211014
vt 0.490033 0.174733
vt 0.489233 0.176721
vt 0.496867 0.177939
vt 0.617801 0.257935
vt 0.617801 0.266305
vt 0.686947 0.249644
vt 0.450931 0.203679
vt 0.451381 0.203679
vt 0.713736 0.184233
vt 0.715100 0.195089
vt 0.490033 0.170598
vt 0.496867 0.172666
vt 0.496867 0.167392
vt 0.826947 0.205518
vt 0.825463 0.208225
vt 0.826947 0.208225
vt 0.617801 0.256122
vt 0.621246 0.256122
vt 0.388009 0.191350
vt 0.387395 0.191786
vt 0.388879 0.201437
vt 0.716734 0.195089
vt 0.433124 0.200430
vt 0.433993 0.190343
vt 0.432510 0.199994
vt 0.688580 0.239461
vt 0.686947 0.247831
vt 0.686947 0.239461
vt 0.432003 0.190068
vt 0.421970 0.186479
vt 0.421970 0.190069
vt 0.461073 0.306068
vt 0.467359 0.296309
vt 0.457411 0.296309
vt 0.713736 0.173378
vt 0.826947 0.204153
vt 0.825463 0.205518
vt 0.548146 0.174891
vt 0.552422 0.173527
vt 0.545386 0.173526
vt 0.487961 0.168999
vt 0.486477 0.166223
vt 0.486477 0.168999
vt 0.467359 0.294718
vt 0.457411 0.294104
vt 0.457411 0.294718
vt 0.617801 0.253430
vt 0.222417 0.175194
vt 0.215381 0.175195
vt 0.631089 0.228969
vt 0.631089 0.218113
vt 0.628710 0.223695
vt 0.204300 0.168617
vt 0.206934 0.172065
vt 0.208577 0.168617
vt 0.660764 0.181963
vt 0.670797 0.178374
vt 0.660764 0.178373
vt 0.208577 0.167253
vt 0.201540 0.167252
vt 0.477306 0.295328
vt 0.477306 0.295877
vt 0.476284 0.306068
vt 0.476284 0.316476
vt 0.477306 0.306451
vt 0.477306 0.294104
vt 0.477306 0.294718
vt 0.478884 0.293790
vt 0.479785 0.317173
vt 0.479785 0.293790
vt 0.478206 0.290892
vt 0.476164 0.284481
vt 0.474847 0.286924
vt 0.477306 0.293548
vt 0.467359 0.294104
vt 0.477306 0.296309
vt 0.636906 0.241230
vt 0.467359 0.295328
vt 0.745242 0.168543
vt 0.745242 0.169907
vt 0.775673 0.216707
vt 0.772875 0.216707
vt 0.773574 0.217919
vt 0.224463 0.167519
vt 0.223281 0.168417
vt 0.343228 0.198827
vt 0.344409 0.200596
vt 0.344409 0.198827
vt 0.479785 0.244216
vt 0.478884 0.267600
vt 0.479785 0.267600
vt 0.456971 0.278670
vt 0.456511 0.290892
vt 0.457574 0.281694
vt 0.457411 0.293548
vt 0.686947 0.252336
vt 0.706051 0.264536
vt 0.333239 0.168519
vt 0.334591 0.168881
vt 0.335580 0.167892
vt 0.817762 0.168700
vt 0.329676 0.201982
vt 0.328495 0.203751
vt 0.329676 0.203751
vt 0.562715 0.220111
vt 0.559707 0.250001
vt 0.565350 0.249908
vt 0.660676 0.220780
vt 0.673240 0.212179
vt 0.673240 0.211544
vt 0.416781 0.164174
vt 0.417334 0.178012
vt 0.417334 0.164171
vt 0.787456 0.284713
vt 0.793148 0.328343
vt 0.793148 0.284676
vt 0.784174 0.244592
vt 0.781319 0.226954
vt 0.781319 0.244610
vt 0.831922 0.317817
vt 0.832435 0.331549
vt 0.832435 0.317811
vt 0.867533 0.750211
vt 0.867479 0.750764
vt 0.874327 0.815358
vt 0.196457 0.210483
vt 0.199450 0.240360
vt 0.202085 0.210563
vt 0.661297 0.221627
vt 0.673240 0.213534
vt 0.673240 0.212848
vt 0.195331 0.248522
vt 0.199616 0.243245
vt 0.194050 0.244231
vt 0.238217 0.241262
vt 0.225955 0.232919
vt 0.238217 0.241931
vt 0.626546 0.238669
vt 0.613452 0.229569
vt 0.626546 0.239192
vt 0.867533 0.915819
vt 0.867479 0.916372
vt 0.874327 0.990548
vt 0.299292 0.209297
vt 0.291843 0.226954
vt 0.299292 0.226953
vt 0.035151 0.226951
vt 0.001024 0.209293
vt 0.001024 0.226951
vt 0.214653 0.165757
vt 0.208959 0.167187
vt 0.214650 0.167560
vt 0.955633 0.226954
vt 0.953793 0.226954
vt 0.953793 0.244611
vt 0.740583 0.211554
vt 0.728641 0.219647
vt 0.728968 0.220092
vt 0.949892 0.244611
vt 0.949892 0.384484
vt 0.951732 0.384484
vt 0.951732 0.069424
vt 0.949892 0.069424
vt 0.949892 0.209297
vt 0.552807 0.175293
vt 0.558496 0.185058
vt 0.558498 0.175258
vt 0.035151 0.209293
vt 0.001024 0.069418
vt 0.613239 0.229859
vt 0.626546 0.239639
vt 0.126374 0.384484
vt 0.154337 0.226951
vt 0.126374 0.226951
vt 0.200994 0.204580
vt 0.194833 0.205009
vt 0.195783 0.206758
vt 0.185902 0.165045
vt 0.193351 0.175500
vt 0.193351 0.165045
vt 0.270770 0.176687
vt 0.268941 0.166220
vt 0.263320 0.171846
vt 0.417885 0.164169
vt 0.417885 0.177985
vt 0.789821 0.815358
vt 0.858271 0.833015
vt 0.858271 0.815358
vt 0.035151 0.244608
vt 0.001024 0.384484
vt 0.035151 0.384484
vt 0.559602 0.251818
vt 0.564259 0.255891
vt 0.565184 0.252792
vt 0.415728 0.164185
vt 0.416241 0.177917
vt 0.416241 0.164179
vt 0.832975 0.317807
vt 0.833528 0.331645
vt 0.833528 0.317803
vt 0.516995 0.173665
vt 0.524013 0.173229
vt 0.523023 0.171659
vt 0.193822 0.240280
vt 0.335598 0.187738
vt 0.336880 0.186316
vt 0.330377 0.186720
vt 0.793250 0.921147
vt 0.817819 0.938185
vt 0.838803 0.912286
vt 0.452526 0.165724
vt 0.445077 0.176178
vt 0.452526 0.176179
vt 0.740583 0.210868
vt 0.728322 0.219212
vt 0.196353 0.208665
vt 0.660397 0.220399
vt 0.673241 0.210957
vt 0.614929 0.227555
vt 0.626545 0.231207
vt 0.626546 0.211725
vt 0.835127 0.331413
vt 0.835597 0.317804
vt 0.835127 0.317802
vt 0.626545 0.236092
vt 0.614602 0.228000
vt 0.626545 0.236778
vt 0.781147 0.244610
vt 0.778292 0.384465
vt 0.781147 0.384483
vt 0.419403 0.164172
vt 0.418933 0.177781
vt 0.419403 0.177610
vt 0.834617 0.331539
vt 0.834617 0.317801
vt 0.432155 0.197203
vt 0.426468 0.234681
vt 0.432160 0.234643
vt 0.225653 0.233332
vt 0.238218 0.242566
vt 0.418933 0.164169
vt 0.418423 0.177907
vt 0.225373 0.233713
vt 0.238218 0.243153
vt 0.299292 0.244610
vt 0.291843 0.244611
vt 0.740584 0.216439
vt 0.740586 0.235921
vt 0.781147 0.069424
vt 0.778292 0.209278
vt 0.781147 0.209297
vt 0.793148 0.249363
vt 0.787456 0.267056
vt 0.793148 0.267019
vt 0.614283 0.228435
vt 0.626545 0.237447
vt 0.478681 0.236244
vt 0.472995 0.198839
vt 0.472990 0.236691
vt 0.793148 0.205696
vt 0.787456 0.249399
vt 0.613980 0.228848
vt 0.626545 0.238082
vt 0.558581 0.211962
vt 0.562882 0.217226
vt 0.563807 0.214127
vt 0.740585 0.208454
vt 0.727280 0.217789
vt 0.727492 0.218079
vt 0.558083 0.255475
vt 0.559033 0.253726
vt 0.557072 0.220204
vt 0.557300 0.216252
vt 0.834080 0.317801
vt 0.558498 0.186858
vt 0.552804 0.185504
vt 0.552809 0.188360
vt 0.238217 0.240576
vt 0.226274 0.232484
vt 0.831447 0.317824
vt 0.831922 0.331428
vt 0.660149 0.220059
vt 0.673242 0.210434
vt 0.661624 0.222072
vt 0.673240 0.218419
vt 0.874327 0.833015
vt 0.126374 0.069418
vt 0.659937 0.219769
vt 0.673243 0.209988
vt 0.202085 0.249185
vt 0.197468 0.252456
vt 0.781319 0.209297
vt 0.784174 0.226935
vt 0.784174 0.209278
vt 0.784174 0.384465
vt 0.660979 0.221192
vt 0.832975 0.331622
vt 0.781147 0.226954
vt 0.778292 0.244592
vt 0.740583 0.210199
vt 0.728020 0.218799
vt 0.415253 0.164191
vt 0.415728 0.177796
vt 0.208962 0.177398
vt 0.214653 0.177360
vt 0.426464 0.196829
vt 0.432160 0.194341
vt 0.426470 0.192910
vt 0.953793 0.209297
vt 0.778292 0.226935
vt 0.238218 0.243676
vt 0.224911 0.234343
vt 0.238218 0.244123
vt 0.834080 0.331617
vt 0.422796 0.166537
vt 0.420967 0.166537
vt 0.420967 0.177004
vt 0.793250 0.744883
vt 0.790820 0.747784
vt 0.789821 0.751435
vt 0.740584 0.208977
vt 0.727741 0.218418
vt 0.613701 0.229229
vt 0.789821 0.850672
vt 0.858271 0.850672
vt 0.225124 0.234052
vt 0.565350 0.211285
vt 0.560718 0.208027
vt 0.238218 0.235691
vt 0.226601 0.232039
vt 0.874327 0.850672
vt 0.478686 0.239100
vt 0.740584 0.209564
vt 0.416781 0.177990
vt 0.784174 0.069405
vt 0.418423 0.164169
vt 0.548058 0.216759
vt 0.551066 0.246649
vt 0.553701 0.216852
vt 0.695688 0.235679
vt 0.683124 0.227079
vt 0.695688 0.236315
vt 0.833528 0.303126
vt 0.832975 0.316964
vt 0.833528 0.316968
vt 0.799180 0.205733
vt 0.793489 0.249363
vt 0.799180 0.249399
vt 0.946896 0.226935
vt 0.949751 0.209297
vt 0.946896 0.209278
vt 0.401966 0.192692
vt 0.402479 0.178960
vt 0.401966 0.179081
vt 0.867533 0.581849
vt 0.867479 0.582402
vt 0.874327 0.656578
vt 0.190692 0.213834
vt 0.187699 0.243712
vt 0.193327 0.243631
vt 0.695687 0.234325
vt 0.683745 0.226232
vt 0.695687 0.235011
vt 0.186572 0.205673
vt 0.190858 0.210950
vt 0.191783 0.207851
vt 0.455534 0.224310
vt 0.467796 0.215967
vt 0.467796 0.215298
vt 0.276802 0.213287
vt 0.263708 0.222388
vt 0.263958 0.222727
vt 0.867533 0.416241
vt 0.867479 0.416794
vt 0.874327 0.481388
vt 0.283946 0.209296
vt 0.291396 0.226954
vt 0.291396 0.209297
vt 0.071326 0.226951
vt 0.037199 0.244608
vt 0.071326 0.244608
vt 0.502987 0.176432
vt 0.497293 0.175002
vt 0.497297 0.177863
vt 0.776312 0.209297
vt 0.776312 0.226954
vt 0.778152 0.226954
vt 0.651309 0.232132
vt 0.639366 0.224039
vt 0.651309 0.232818
vt 0.951842 0.384484
vt 0.953682 0.384484
vt 0.953682 0.244611
vt 0.953682 0.209297
vt 0.953682 0.069424
vt 0.951842 0.069424
vt 0.237833 0.168600
vt 0.232145 0.178365
vt 0.237836 0.178400
vt 0.037199 0.384484
vt 0.071326 0.384484
vt 0.276802 0.212764
vt 0.263496 0.222097
vt 0.156014 0.226951
vt 0.183977 0.384484
vt 0.183977 0.226951
vt 0.186075 0.249185
vt 0.192235 0.249615
vt 0.187025 0.247436
vt 0.543497 0.165123
vt 0.536047 0.175578
vt 0.543497 0.175577
vt 0.509595 0.177139
vt 0.511424 0.177139
vt 0.511424 0.166672
vt 0.834080 0.316970
vt 0.858271 0.516702
vt 0.789821 0.499045
vt 0.789821 0.516702
vt 0.071326 0.209293
vt 0.037199 0.069418
vt 0.037199 0.209293
vt 0.547953 0.214942
vt 0.552610 0.210869
vt 0.547384 0.213034
vt 0.832435 0.303222
vt 0.831922 0.316954
vt 0.832435 0.316960
vt 0.403019 0.192702
vt 0.403572 0.178864
vt 0.403019 0.178887
vt 0.691332 0.172400
vt 0.690050 0.173826
vt 0.696553 0.173404
vt 0.185064 0.213915
vt 0.185291 0.209963
vt 0.602312 0.176642
vt 0.608339 0.174620
vt 0.604240 0.174102
vt 0.793250 0.410913
vt 0.790820 0.413814
vt 0.789821 0.417466
vt 0.300881 0.165264
vt 0.308330 0.175718
vt 0.308330 0.165263
vt 0.639048 0.224474
vt 0.651309 0.233487
vt 0.187594 0.245529
vt 0.193161 0.246516
vt 0.682845 0.227460
vt 0.695689 0.236901
vt 0.276802 0.220750
vt 0.265186 0.224401
vt 0.276802 0.240231
vt 0.405641 0.192705
vt 0.405171 0.179096
vt 0.405171 0.192707
vt 0.276802 0.215864
vt 0.264859 0.223956
vt 0.784345 0.069424
vt 0.787200 0.209278
vt 0.787200 0.069405
vt 0.835597 0.316967
vt 0.835127 0.303358
vt 0.835127 0.316969
vt 0.404661 0.178970
vt 0.404661 0.192708
vt 0.387175 0.226759
vt 0.381488 0.189281
vt 0.381483 0.227132
vt 0.455231 0.223897
vt 0.467796 0.214662
vt 0.834617 0.303232
vt 0.834617 0.316970
vt 0.454952 0.223516
vt 0.467796 0.214076
vt 0.283946 0.244610
vt 0.283946 0.226953
vt 0.639693 0.223594
vt 0.651309 0.227247
vt 0.651312 0.207766
vt 0.787200 0.244592
vt 0.784345 0.384483
vt 0.787200 0.384465
vt 0.799180 0.267056
vt 0.793489 0.284676
vt 0.799180 0.284713
vt 0.276802 0.215178
vt 0.264540 0.223521
vt 0.637431 0.201781
vt 0.631745 0.239186
vt 0.637436 0.239222
vt 0.793489 0.328343
vt 0.799180 0.328380
vt 0.276802 0.214509
vt 0.264237 0.223108
vt 0.546932 0.254798
vt 0.551232 0.249534
vt 0.545650 0.250508
vt 0.651311 0.235232
vt 0.638006 0.225898
vt 0.651312 0.235679
vt 0.037199 0.226951
vt 0.546434 0.211285
vt 0.793489 0.267019
vt 0.545423 0.246556
vt 0.404123 0.192708
vt 0.403572 0.192706
vt 0.237836 0.166801
vt 0.232142 0.168155
vt 0.455853 0.224744
vt 0.467796 0.216653
vt 0.401491 0.192685
vt 0.401491 0.179247
vt 0.682597 0.227800
vt 0.695689 0.237424
vt 0.695688 0.229439
vt 0.684072 0.225786
vt 0.874327 0.516702
vt 0.858271 0.499045
vt 0.183977 0.069418
vt 0.682385 0.228090
vt 0.695690 0.237871
vt 0.193327 0.205009
vt 0.188710 0.201738
vt 0.949751 0.244610
vt 0.946896 0.244592
vt 0.949751 0.069424
vt 0.683427 0.226666
vt 0.402479 0.192698
vt 0.784345 0.209297
vt 0.787200 0.226935
vt 0.638745 0.224887
vt 0.651309 0.234123
vt 0.831922 0.303343
vt 0.831447 0.316947
vt 0.497295 0.164791
vt 0.502984 0.174629
vt 0.502987 0.164829
vt 0.387179 0.229620
vt 0.776312 0.244611
vt 0.784345 0.244610
vt 0.454490 0.222886
vt 0.467796 0.213553
vt 0.467796 0.213106
vt 0.404123 0.178892
vt 0.483795 0.177075
vt 0.481966 0.166609
vt 0.476345 0.172234
vt 0.793250 0.587177
vt 0.817819 0.604215
vt 0.838803 0.578316
vt 0.651310 0.234709
vt 0.638218 0.225608
vt 0.276802 0.213874
vt 0.789821 0.481388
vt 0.858271 0.481388
vt 0.454702 0.223176
vt 0.553701 0.255474
vt 0.549069 0.258733
vt 0.456180 0.225190
vt 0.467796 0.221538
vt 0.874327 0.499045
vt 0.631740 0.201335
vt 0.637436 0.198925
vt 0.631746 0.197423
vt 0.638466 0.225268
vt 0.832975 0.303149
vt 0.949751 0.384483
vt 0.834080 0.303154
vt 0.223632 0.299697
vt 0.186215 0.321462
vt 0.232870 0.305016
vt 0.812501 0.242370
vt 0.807783 0.244144
vt 0.812513 0.244144
vt 0.812466 0.240814
vt 0.807785 0.242370
vt 0.812409 0.239525
vt 0.807790 0.240815
vt 0.812331 0.238542
vt 0.807799 0.239526
vt 0.747940 0.219512
vt 0.752354 0.218378
vt 0.747833 0.218372
vt 0.748065 0.220832
vt 0.752351 0.219517
vt 0.748205 0.222293
vt 0.752348 0.220837
vt 0.748355 0.223850
vt 0.752347 0.222298
vt 0.748510 0.225455
vt 0.752346 0.223854
vt 0.274689 0.298926
vt 0.273085 0.299696
vt 0.282323 0.305018
vt 0.282965 0.207746
vt 0.278247 0.205971
vt 0.278235 0.207745
vt 0.282963 0.205972
vt 0.278282 0.204416
vt 0.282958 0.204417
vt 0.278339 0.203127
vt 0.282949 0.203128
vt 0.278417 0.202144
vt 0.250197 0.243619
vt 0.245784 0.242484
vt 0.245676 0.243624
vt 0.250194 0.242479
vt 0.245909 0.241164
vt 0.250192 0.241159
vt 0.246049 0.239703
vt 0.250190 0.239698
vt 0.246199 0.238147
vt 0.250190 0.238142
vt 0.246354 0.236541
vt 0.812331 0.329336
vt 0.807799 0.328340
vt 0.807810 0.329336
vt 0.304172 0.182012
vt 0.299888 0.183331
vt 0.304171 0.183332
vt 0.249987 0.199093
vt 0.250190 0.236536
vt 0.250197 0.199093
vt 0.808155 0.230562
vt 0.812297 0.232022
vt 0.812297 0.230561
vt 0.304173 0.180872
vt 0.299761 0.182011
vt 0.808014 0.232023
vt 0.812297 0.233342
vt 0.282965 0.287308
vt 0.812466 0.327042
vt 0.807785 0.325482
vt 0.807790 0.327043
vt 0.812409 0.328340
vt 0.282949 0.291942
vt 0.278417 0.292938
vt 0.282938 0.292938
vt 0.283324 0.294261
vt 0.283113 0.247574
vt 0.283113 0.294261
vt 0.282958 0.290644
vt 0.278339 0.291942
vt 0.659199 0.268406
vt 0.659410 0.315093
vt 0.659410 0.268406
vt 0.808305 0.229006
vt 0.812296 0.229004
vt 0.304171 0.187955
vt 0.303962 0.225398
vt 0.304173 0.225398
vt 0.282963 0.289084
vt 0.278282 0.290644
vt 0.300029 0.184791
vt 0.304171 0.184793
vt 0.808461 0.227400
vt 0.812296 0.227399
vt 0.812513 0.323705
vt 0.807783 0.323706
vt 0.812502 0.325482
vt 0.752346 0.225460
vt 0.752143 0.262903
vt 0.752354 0.262903
vt 0.807887 0.233343
vt 0.812298 0.234481
vt 0.304171 0.186349
vt 0.300335 0.187953
vt 0.278247 0.289083
vt 0.812087 0.189956
vt 0.812298 0.189956
vt 0.300180 0.186348
vt 0.565839 0.269013
vt 0.567656 0.272024
vt 0.567668 0.269011
vt 0.291843 0.268935
vt 0.411741 0.251679
vt 0.409912 0.248821
vt 0.409913 0.251683
vt 0.434125 0.256215
vt 0.432298 0.253354
vt 0.432297 0.256210
vt 0.614553 0.269075
vt 0.612690 0.306514
vt 0.614519 0.306515
vt 0.683923 0.176443
vt 0.685752 0.165977
vt 0.678302 0.170818
vt 0.387405 0.202633
vt 0.389234 0.204743
vt 0.389234 0.202632
vt 0.545120 0.206169
vt 0.543291 0.230755
vt 0.545119 0.230756
vt 0.565859 0.204709
vt 0.567689 0.206823
vt 0.567687 0.204712
vt 0.752266 0.390265
vt 0.749476 0.332867
vt 0.744816 0.351757
vt 0.681907 0.256117
vt 0.680101 0.245902
vt 0.680078 0.256113
vt 0.565824 0.274887
vt 0.567688 0.312326
vt 0.567653 0.274885
vt 0.291396 0.069424
vt 0.743764 0.276197
vt 0.741933 0.279055
vt 0.743762 0.279053
vt 0.612705 0.312388
vt 0.614553 0.315096
vt 0.614534 0.312390
vt 0.409920 0.245808
vt 0.411765 0.243098
vt 0.409936 0.243102
vt 0.757373 0.353291
vt 0.752713 0.356113
vt 0.760163 0.390265
vt 0.434150 0.261895
vt 0.432305 0.259208
vt 0.432321 0.261890
vt 0.543291 0.232866
vt 0.545120 0.232866
vt 0.697998 0.218001
vt 0.696146 0.207795
vt 0.696170 0.218005
vt 0.610582 0.190150
vt 0.612411 0.233817
vt 0.612411 0.190150
vt 0.387405 0.204743
vt 0.389234 0.229330
vt 0.775957 0.390265
vt 0.773167 0.332867
vt 0.768507 0.351757
vt 0.697982 0.201937
vt 0.696170 0.199259
vt 0.696153 0.201941
vt 0.543291 0.204058
vt 0.545119 0.204058
vt 0.697975 0.207790
vt 0.696145 0.204939
vt 0.504736 0.309627
vt 0.506584 0.312312
vt 0.506564 0.309629
vt 0.565859 0.231406
vt 0.567689 0.233520
vt 0.567687 0.231409
vt 0.434127 0.253359
vt 0.432321 0.243144
vt 0.680085 0.261988
vt 0.681905 0.258978
vt 0.680077 0.258974
vt 0.610582 0.251473
vt 0.612411 0.269131
vt 0.612411 0.251474
vt 0.411740 0.248817
vt 0.565827 0.272026
vt 0.629154 0.173015
vt 0.629154 0.177855
vt 0.636604 0.177855
vt 0.680101 0.264694
vt 0.681913 0.261992
vt 0.741968 0.316496
vt 0.743796 0.316494
vt 0.565860 0.235252
vt 0.567687 0.237359
vt 0.567689 0.235249
vt 0.506584 0.266335
vt 0.504721 0.303774
vt 0.506549 0.303776
vt 0.565859 0.266306
vt 0.567688 0.266305
vt 0.610582 0.233817
vt 0.741948 0.273202
vt 0.743777 0.273200
vt 0.565860 0.206819
vt 0.612693 0.309375
vt 0.614521 0.309377
vt 0.567689 0.261946
vt 0.565859 0.264060
vt 0.567687 0.264057
vt 0.411765 0.261889
vt 0.409936 0.261893
vt 0.387405 0.229330
vt 0.389234 0.231440
vt 0.741968 0.270519
vt 0.743796 0.270517
vt 0.610582 0.312797
vt 0.612411 0.312797
vt 0.612411 0.293455
vt 0.565859 0.237362
vt 0.291843 0.209297
vt 0.299292 0.069423
vt 0.291843 0.069424
vt 0.504723 0.306630
vt 0.506552 0.306632
vt 0.659761 0.171631
vt 0.659761 0.176471
vt 0.667211 0.176471
vt 0.434133 0.259212
vt 0.569627 0.248705
vt 0.567798 0.231048
vt 0.567798 0.248705
vt 0.569627 0.266362
vt 0.567798 0.266362
vt 0.567798 0.290686
vt 0.626878 0.177855
vt 0.628707 0.167389
vt 0.621257 0.172230
vt 0.283946 0.384483
vt 0.291396 0.384484
vt 0.291396 0.268935
vt 0.697974 0.204935
vt 0.765270 0.353291
vt 0.760610 0.356113
vt 0.768060 0.390265
vt 0.569627 0.231048
vt 0.567798 0.187382
vt 0.746174 0.236352
vt 0.747074 0.236352
vt 0.747074 0.224007
vt 0.406217 0.213121
vt 0.407856 0.212783
vt 0.406217 0.212783
vt 0.478884 0.216424
vt 0.479785 0.228769
vt 0.479785 0.215242
vt 0.825463 0.201254
vt 0.826947 0.201254
vt 0.502095 0.224534
vt 0.500914 0.222813
vt 0.500914 0.224534
vt 0.272996 0.164501
vt 0.274632 0.164790
vt 0.274634 0.164499
vt 0.588244 0.171858
vt 0.589884 0.172152
vt 0.589882 0.171860
vt 0.274356 0.177407
vt 0.263424 0.177406
vt 0.744409 0.207646
vt 0.742771 0.207356
vt 0.742771 0.207646
vt 0.545386 0.170627
vt 0.552422 0.170628
vt 0.224270 0.222080
vt 0.221630 0.208218
vt 0.221630 0.222080
vt 0.478156 0.254810
vt 0.478156 0.256175
vt 0.741034 0.207646
vt 0.742673 0.207356
vt 0.741035 0.207356
vt 0.682686 0.252337
vt 0.682686 0.250972
vt 0.607809 0.217054
vt 0.610448 0.203191
vt 0.607809 0.203191
vt 0.523225 0.193320
vt 0.524709 0.190421
vt 0.523225 0.190421
vt 0.588242 0.171520
vt 0.589880 0.171522
vt 0.407856 0.213410
vt 0.406218 0.213410
vt 0.511802 0.166160
vt 0.513286 0.169059
vt 0.513286 0.166160
vt 0.826947 0.186058
vt 0.825463 0.186058
vt 0.432003 0.191250
vt 0.421071 0.191251
vt 0.352725 0.168104
vt 0.354209 0.171003
vt 0.354209 0.168104
vt 0.423171 0.235232
vt 0.420411 0.234234
vt 0.422003 0.235042
vt 0.825463 0.193447
vt 0.826947 0.193447
vt 0.825463 0.200836
vt 0.826947 0.200836
vt 0.272994 0.164792
vt 0.274630 0.165129
vt 0.723668 0.204986
vt 0.726308 0.218849
vt 0.726308 0.204986
vt 0.742771 0.207984
vt 0.430732 0.164818
vt 0.432367 0.165107
vt 0.432370 0.164816
vt 0.249831 0.180458
vt 0.248193 0.180096
vt 0.248193 0.180458
vt 0.249831 0.181086
vt 0.248193 0.180796
vt 0.248193 0.181086
vt 0.523225 0.193494
vt 0.524709 0.196393
vt 0.524709 0.193494
vt 0.238828 0.178094
vt 0.245865 0.178093
vt 0.580299 0.213412
vt 0.570149 0.222271
vt 0.585714 0.235796
vt 0.453567 0.216225
vt 0.450927 0.230087
vt 0.453567 0.230087
vt 0.614078 0.183357
vt 0.624494 0.192448
vt 0.624494 0.178586
vt 0.381523 0.169902
vt 0.388560 0.169903
vt 0.658063 0.236619
vt 0.659244 0.238341
vt 0.659244 0.236619
vt 0.752278 0.165643
vt 0.745242 0.165644
vt 0.502095 0.226255
vt 0.500914 0.226255
vt 0.477360 0.190485
vt 0.487776 0.191667
vt 0.477360 0.186896
vt 0.249831 0.180796
vt 0.408622 0.191524
vt 0.419039 0.192705
vt 0.408622 0.187934
vt 0.430728 0.165448
vt 0.432366 0.165446
vt 0.670797 0.177192
vt 0.659866 0.177191
vt 0.479785 0.241927
vt 0.478884 0.229581
vt 0.478884 0.243109
vt 0.455622 0.269607
vt 0.454722 0.269607
vt 0.454722 0.281953
vt 0.480527 0.258379
vt 0.380021 0.183267
vt 0.380021 0.172411
vt 0.272992 0.165131
vt 0.742673 0.207984
vt 0.741034 0.207984
vt 0.761869 0.167849
vt 0.763507 0.168214
vt 0.807852 0.170495
vt 0.814889 0.173393
vt 0.814889 0.170495
vt 0.613541 0.253429
vt 0.613541 0.254794
vt 0.402750 0.235232
vt 0.399990 0.234234
vt 0.401581 0.235042
vt 0.761869 0.168212
vt 0.763508 0.168552
vt 0.744409 0.208346
vt 0.377124 0.194123
vt 0.380021 0.194123
vt 0.710839 0.184233
vt 0.710839 0.173378
vt 0.658063 0.238341
vt 0.659244 0.240062
vt 0.591344 0.183526
vt 0.601761 0.192616
vt 0.601761 0.178755
vt 0.231760 0.178307
vt 0.224723 0.178306
vt 0.600724 0.213412
vt 0.590573 0.222271
vt 0.606138 0.235796
vt 0.208577 0.164354
vt 0.205861 0.164354
vt 0.430729 0.165109
vt 0.710839 0.195089
vt 0.742673 0.207646
vt 0.215381 0.178094
vt 0.219701 0.178093
vt 0.761873 0.168842
vt 0.763511 0.168844
vt 0.689337 0.190690
vt 0.678406 0.190690
vt 0.406664 0.234585
vt 0.406883 0.223310
vt 0.405901 0.223310
vt 0.592033 0.274466
vt 0.592033 0.275891
vt 0.609949 0.273133
vt 0.238516 0.186089
vt 0.235668 0.181155
vt 0.235668 0.186089
vt 0.544597 0.250583
vt 0.426733 0.236685
vt 0.431663 0.243949
vt 0.431663 0.236685
vt 0.599749 0.167649
vt 0.601725 0.167650
vt 0.601725 0.165248
vt 0.805688 0.212287
vt 0.806670 0.212287
vt 0.609949 0.246170
vt 0.746724 0.255267
vt 0.741794 0.262530
vt 0.746724 0.262531
vt 0.523742 0.241447
vt 0.524724 0.250366
vt 0.524724 0.241447
vt 0.658567 0.193632
vt 0.655718 0.198565
vt 0.658567 0.198565
vt 0.746724 0.237510
vt 0.746724 0.245582
vt 0.610805 0.165920
vt 0.612781 0.168322
vt 0.612781 0.165157
vt 0.523120 0.170049
vt 0.520272 0.165115
vt 0.520272 0.170049
vt 0.805688 0.246453
vt 0.806670 0.255372
vt 0.523743 0.250366
vt 0.523743 0.261640
vt 0.523961 0.261640
vt 0.503879 0.288020
vt 0.504642 0.283786
vt 0.503879 0.283786
vt 0.437644 0.178380
vt 0.441559 0.180308
vt 0.439649 0.176393
vt 0.431663 0.253634
vt 0.431663 0.261705
vt 0.571610 0.275891
vt 0.570260 0.275891
vt 0.570260 0.277193
vt 0.827519 0.165783
vt 0.829494 0.168185
vt 0.829494 0.165020
vt 0.238556 0.205826
vt 0.238556 0.194551
vt 0.238338 0.194551
vt 0.679381 0.248409
vt 0.608968 0.237251
vt 0.609949 0.237251
vt 0.589525 0.237251
vt 0.589525 0.245322
vt 0.238556 0.214744
vt 0.237575 0.205825
vt 0.237575 0.214744
vt 0.571610 0.305033
vt 0.571610 0.306587
vt 0.586015 0.314964
vt 0.523742 0.240192
vt 0.592033 0.305033
vt 0.592033 0.306587
vt 0.606438 0.314964
vt 0.543615 0.259502
vt 0.544597 0.259502
vt 0.523743 0.206026
vt 0.524724 0.197107
vt 0.523742 0.197107
vt 0.534291 0.164579
vt 0.532316 0.164578
vt 0.532316 0.166980
vt 0.657450 0.254216
vt 0.657450 0.262287
vt 0.524506 0.217300
vt 0.524724 0.206026
vt 0.343433 0.226106
vt 0.344415 0.226106
vt 0.504642 0.283532
vt 0.503879 0.279297
vt 0.503879 0.283532
vt 0.804733 0.172640
vt 0.802727 0.176875
vt 0.806642 0.172640
vt 0.409216 0.252786
vt 0.530135 0.169159
vt 0.528129 0.173394
vt 0.532044 0.169159
vt 0.444705 0.175666
vt 0.441856 0.180600
vt 0.444705 0.180600
vt 0.678399 0.239490
vt 0.679381 0.239490
vt 0.405901 0.214392
vt 0.408234 0.261705
vt 0.409216 0.261705
vt 0.701850 0.167669
vt 0.701851 0.176870
vt 0.703856 0.171904
vt 0.589525 0.255008
vt 0.584595 0.262271
vt 0.589525 0.262272
vt 0.277235 0.232635
vt 0.277998 0.228400
vt 0.277235 0.228400
vt 0.652520 0.237267
vt 0.657450 0.244531
vt 0.657450 0.239516
vt 0.503879 0.274809
vt 0.504642 0.279043
vt 0.504642 0.274809
vt 0.823334 0.282793
vt 0.827339 0.296593
vt 0.827339 0.282793
vt 0.524057 0.306135
vt 0.244451 0.253286
vt 0.727137 0.184071
vt 0.727284 0.184261
vt 0.823168 0.257701
vt 0.819157 0.243901
vt 0.819157 0.257701
vt 0.522207 0.311703
vt 0.525275 0.233196
vt 0.533971 0.222020
vt 0.526818 0.216586
vt 0.515765 0.264978
vt 0.344966 0.212921
vt 0.353662 0.201746
vt 0.344966 0.195140
vt 0.319744 0.184780
vt 0.319892 0.184972
vt 0.753011 0.208434
vt 0.761707 0.213003
vt 0.761707 0.201828
vt 0.226380 0.287039
vt 0.744550 0.176894
vt 0.744386 0.176681
vt 0.823094 0.330625
vt 0.819083 0.316826
vt 0.819083 0.330625
vt 0.244451 0.287336
vt 0.823705 0.254062
vt 0.638010 0.176652
vt 0.638173 0.180335
vt 0.638173 0.176439
vt 0.638337 0.176225
vt 0.744222 0.176467
vt 0.831213 0.304763
vt 0.827569 0.195576
vt 0.831208 0.195576
vt 0.717315 0.184344
vt 0.717479 0.184558
vt 0.654948 0.184447
vt 0.262399 0.252516
vt 0.262399 0.288106
vt 0.727305 0.290578
vt 0.741453 0.290578
vt 0.244411 0.287631
vt 0.244478 0.287039
vt 0.244302 0.288106
vt 0.262508 0.252990
vt 0.359843 0.259602
vt 0.244411 0.252990
vt 0.304428 0.177467
vt 0.308434 0.191266
vt 0.308434 0.177467
vt 0.283153 0.186668
vt 0.282988 0.186884
vt 0.727447 0.184474
vt 0.727611 0.184689
vt 0.226313 0.252990
vt 0.262457 0.252725
vt 0.770403 0.213003
vt 0.770403 0.195223
vt 0.768860 0.196395
vt 0.533971 0.196566
vt 0.525275 0.201136
vt 0.533971 0.207741
vt 0.524057 0.270545
vt 0.524114 0.305926
vt 0.823094 0.296593
vt 0.819083 0.282793
vt 0.244478 0.253583
vt 0.310706 0.177801
vt 0.310854 0.177609
vt 0.655112 0.184232
vt 0.358995 0.259602
vt 0.262508 0.287631
vt 0.524232 0.305068
vt 0.226262 0.287897
vt 0.823334 0.330625
vt 0.827339 0.330625
vt 0.827339 0.319850
vt 0.254117 0.293673
vt 0.524114 0.270754
vt 0.362358 0.212921
vt 0.362358 0.208351
vt 0.361770 0.207905
vt 0.283318 0.186454
vt 0.283466 0.186262
vt 0.524165 0.271020
vt 0.353661 0.220595
vt 0.362356 0.231770
vt 0.362356 0.213988
vt 0.262549 0.287336
vt 0.524165 0.305660
vt 0.311019 0.177394
vt 0.311183 0.181290
vt 0.311183 0.177179
vt 0.254047 0.246777
vt 0.717166 0.184152
vt 0.235949 0.246777
vt 0.380791 0.213990
vt 0.372095 0.225165
vt 0.380791 0.231772
vt 0.827350 0.254062
vt 0.827569 0.250170
vt 0.655275 0.184019
vt 0.320057 0.185186
vt 0.320221 0.185402
vt 0.373970 0.249485
vt 0.359843 0.249485
vt 0.655422 0.183829
vt 0.655275 0.180339
vt 0.224355 0.293673
vt 0.226205 0.288106
vt 0.637862 0.176843
vt 0.542666 0.233197
vt 0.542666 0.228627
vt 0.540076 0.226659
vt 0.717644 0.184774
vt 0.524232 0.271612
vt 0.716389 0.200844
vt 0.707693 0.196274
vt 0.707693 0.207449
vt 0.226262 0.252725
vt 0.524206 0.271315
vt 0.319667 0.219594
vt 0.310972 0.208418
vt 0.310972 0.226200
vt 0.542667 0.196566
vt 0.542667 0.214347
vt 0.524206 0.305365
vt 0.217844 0.246777
vt 0.244359 0.252725
vt 0.277668 0.278482
vt 0.263521 0.268365
vt 0.263521 0.278481
vt 0.819157 0.209869
vt 0.819157 0.223668
vt 0.226205 0.252516
vt 0.744697 0.177085
vt 0.262457 0.287897
vt 0.308434 0.225299
vt 0.308434 0.211499
vt 0.226354 0.287336
vt 0.831208 0.250170
vt 0.242443 0.293673
vt 0.244302 0.252516
vt 0.827569 0.185460
vt 0.831208 0.185460
vt 0.226380 0.253583
vt 0.277668 0.268365
vt 0.244359 0.287897
vt 0.363400 0.213988
vt 0.363400 0.218559
vt 0.363988 0.219005
vt 0.226354 0.253286
vt 0.353661 0.231771
vt 0.351990 0.221864
vt 0.698997 0.196274
vt 0.698997 0.214055
vt 0.262549 0.253286
vt 0.262575 0.253583
vt 0.262575 0.287039
vt 0.226313 0.287631
vt 0.319667 0.208417
vt 0.327775 0.213434
vt 0.344868 0.259602
vt 0.450613 0.214892
vt 0.799586 0.329907
vt 0.802414 0.319191
vt 0.801999 0.319191
vt 0.801999 0.327911
vt 0.802414 0.325874
vt 0.487881 0.193593
vt 0.434502 0.260442
vt 0.439908 0.260442
vt 0.439493 0.271159
vt 0.439908 0.269162
vt 0.440530 0.271159
vt 0.450613 0.199403
vt 0.471515 0.168333
vt 0.471306 0.167535
vt 0.470946 0.166794
vt 0.470448 0.166137
vt 0.469832 0.165590
vt 0.469122 0.165174
vt 0.468343 0.164905
vt 0.466705 0.164842
vt 0.465908 0.165051
vt 0.465168 0.165411
vt 0.464511 0.165909
vt 0.463965 0.166525
vt 0.463549 0.167237
vt 0.463280 0.168016
vt 0.471451 0.169972
vt 0.467204 0.173195
vt 0.463217 0.169655
vt 0.463425 0.170453
vt 0.463785 0.171194
vt 0.464283 0.171851
vt 0.464899 0.172398
vt 0.465610 0.172814
vt 0.466388 0.173083
vt 0.468026 0.173146
vt 0.468823 0.172937
vt 0.469563 0.172577
vt 0.470220 0.172079
vt 0.818784 0.275209
vt 0.516962 0.208585
vt 0.818053 0.277655
vt 0.516967 0.192129
vt 0.519119 0.192129
vt 0.208605 0.251914
vt 0.799534 0.185139
vt 0.203301 0.251914
vt 0.815002 0.261199
vt 0.818780 0.261199
vt 0.802502 0.185139
vt 0.812838 0.261199
vt 0.804838 0.185139
vt 0.522909 0.192129
vt 0.817192 0.168800
vt 0.659160 0.315271
vt 0.807407 0.325874
vt 0.807407 0.329907
vt 0.770451 0.175200
vt 0.770451 0.178016
vt 0.834790 0.285863
vt 0.834790 0.279846
vt 0.812834 0.295598
vt 0.818784 0.295598
vt 0.455745 0.305153
vt 0.450613 0.235281
vt 0.442793 0.235281
vt 0.659160 0.274492
vt 0.812838 0.329996
vt 0.443632 0.253223
vt 0.439493 0.199403
vt 0.439493 0.203436
vt 0.462642 0.169655
vt 0.458654 0.173195
vt 0.454407 0.169972
vt 0.454676 0.170751
vt 0.455092 0.171462
vt 0.455638 0.172079
vt 0.456295 0.172577
vt 0.457036 0.172937
vt 0.457832 0.173146
vt 0.459470 0.173083
vt 0.460249 0.172814
vt 0.460959 0.172398
vt 0.461576 0.171851
vt 0.462579 0.168016
vt 0.462309 0.167237
vt 0.461893 0.166525
vt 0.461347 0.165909
vt 0.460690 0.165411
vt 0.459950 0.165051
vt 0.459153 0.164842
vt 0.457515 0.164905
vt 0.456737 0.165174
vt 0.456026 0.165590
vt 0.455410 0.166137
vt 0.454912 0.166794
vt 0.454552 0.167535
vt 0.454344 0.168333
vt 0.516967 0.260925
vt 0.802414 0.268868
vt 0.450613 0.271159
vt 0.522913 0.246351
vt 0.813578 0.315421
vt 0.480891 0.243916
vt 0.434502 0.210120
vt 0.801999 0.268868
vt 0.801999 0.260148
vt 0.440530 0.199403
vt 0.799586 0.258152
vt 0.812834 0.315421
vt 0.487881 0.243916
vt 0.439908 0.201399
vt 0.439908 0.210120
vt 0.799534 0.253935
vt 0.208605 0.183117
vt 0.223644 0.179968
vt 0.807407 0.262185
vt 0.455827 0.325542
vt 0.807407 0.258152
vt 0.223255 0.183918
vt 0.741125 0.209630
vt 0.646011 0.171535
vt 0.752777 0.228772
vt 0.762360 0.214972
vt 0.756055 0.214972
vt 0.755468 0.215526
vt 0.755937 0.214999
vt 0.755806 0.215078
vt 0.755676 0.215200
vt 0.755560 0.215355
vt 0.752945 0.221302
vt 0.752877 0.221568
vt 0.752823 0.221863
vt 0.752789 0.222160
vt 0.381746 0.283518
vt 0.524241 0.278224
vt 0.523453 0.278224
vt 0.522925 0.278224
vt 0.752777 0.249005
vt 0.375304 0.259602
vt 0.381746 0.235686
vt 0.263521 0.242613
vt 0.752789 0.255616
vt 0.752877 0.256208
vt 0.752945 0.256474
vt 0.755468 0.262251
vt 0.762360 0.262804
vt 0.755560 0.262422
vt 0.756055 0.262804
vt 0.755676 0.262576
vt 0.755806 0.262698
vt 0.755937 0.262777
vt 0.523453 0.298456
vt 0.524241 0.298456
vt 0.522925 0.298456
vt 0.388187 0.259602
vt 0.727137 0.172501
vt 0.735661 0.188659
vt 0.823705 0.228310
vt 0.646898 0.188418
vt 0.651936 0.188417
vt 0.823705 0.279813
vt 0.506927 0.247755
vt 0.506939 0.254366
vt 0.507027 0.254959
vt 0.507095 0.255224
vt 0.509614 0.261001
vt 0.516497 0.261554
vt 0.509706 0.261172
vt 0.510200 0.261554
vt 0.509822 0.261326
vt 0.509952 0.261449
vt 0.510082 0.261527
vt 0.337112 0.277946
vt 0.261798 0.280427
vt 0.262584 0.280427
vt 0.261272 0.280427
vt 0.506927 0.227522
vt 0.343536 0.254030
vt 0.337112 0.230114
vt 0.827339 0.316826
vt 0.359843 0.285353
vt 0.516497 0.213722
vt 0.510200 0.213722
vt 0.509614 0.214276
vt 0.510082 0.213750
vt 0.509952 0.213828
vt 0.509822 0.213951
vt 0.509706 0.214105
vt 0.507095 0.220052
vt 0.507027 0.220318
vt 0.506974 0.220613
vt 0.506939 0.220910
vt 0.262584 0.260194
vt 0.261798 0.260194
vt 0.261272 0.260194
vt 0.330688 0.254030
vt 0.274939 0.190855
vt 0.279976 0.190854
vt 0.319744 0.181291
vt 0.328271 0.189373
vt 0.831208 0.221328
vt 0.741453 0.316330
vt 0.707040 0.250056
vt 0.707052 0.256667
vt 0.707140 0.257260
vt 0.707208 0.257525
vt 0.709730 0.263302
vt 0.716623 0.263855
vt 0.709822 0.263473
vt 0.710318 0.263855
vt 0.709939 0.263627
vt 0.710069 0.263750
vt 0.710199 0.263828
vt 0.306868 0.277946
vt 0.225601 0.280427
vt 0.226389 0.280427
vt 0.225073 0.280427
vt 0.707040 0.229823
vt 0.313309 0.254030
vt 0.306868 0.230114
vt 0.741453 0.264827
vt 0.716623 0.216023
vt 0.710318 0.216023
vt 0.709730 0.216577
vt 0.710199 0.216051
vt 0.710069 0.216129
vt 0.709939 0.216252
vt 0.709822 0.216406
vt 0.707208 0.222353
vt 0.707140 0.222619
vt 0.707086 0.222915
vt 0.707052 0.223211
vt 0.226389 0.260194
vt 0.225601 0.260194
vt 0.225073 0.260194
vt 0.300426 0.254030
vt 0.637862 0.180331
vt 0.646387 0.172254
vt 0.641349 0.172255
vt 0.831213 0.279012
vt 0.744697 0.180573
vt 0.736172 0.172496
vt 0.831213 0.330515
vt 0.358995 0.233850
vt 0.762935 0.228772
vt 0.772504 0.214972
vt 0.766208 0.214972
vt 0.765621 0.215526
vt 0.766090 0.214999
vt 0.765960 0.215078
vt 0.765830 0.215200
vt 0.765713 0.215355
vt 0.763103 0.221302
vt 0.763035 0.221568
vt 0.762981 0.221863
vt 0.762947 0.222160
vt 0.321552 0.277946
vt 0.244487 0.260194
vt 0.243701 0.260194
vt 0.243175 0.260194
vt 0.762935 0.249005
vt 0.315128 0.254030
vt 0.321552 0.230114
vt 0.344868 0.285353
vt 0.762947 0.255616
vt 0.763035 0.256209
vt 0.763103 0.256474
vt 0.765621 0.262251
vt 0.772504 0.262804
vt 0.765713 0.262422
vt 0.766208 0.262804
vt 0.765830 0.262576
vt 0.765960 0.262698
vt 0.766090 0.262777
vt 0.243701 0.280427
vt 0.244487 0.280427
vt 0.243175 0.280427
vt 0.327976 0.254030
vt 0.717166 0.180663
vt 0.720656 0.188744
vt 0.725693 0.188745
vt 0.827569 0.224418
vt 0.319232 0.173208
vt 0.314195 0.173208
vt 0.827569 0.275921
vt 0.701439 0.215074
vt 0.775990 0.240314
vt 0.772884 0.240314
vt 0.704544 0.215074
vt 0.820608 0.264546
vt 0.608881 0.235960
vt 0.450937 0.231109
vt 0.453914 0.231109
vt 0.475659 0.177788
vt 0.475659 0.171539
vt 0.474357 0.174621
vt 0.474357 0.171539
vt 0.472933 0.174621
vt 0.471948 0.174621
vt 0.588008 0.164326
vt 0.752803 0.194224
vt 0.810507 0.164885
vt 0.714932 0.172466
vt 0.716691 0.172466
vt 0.716691 0.163782
vt 0.714365 0.163782
vt 0.579122 0.255007
vt 0.421260 0.243949
vt 0.710654 0.163782
vt 0.709385 0.163782
vt 0.478786 0.192467
vt 0.590325 0.164782
vt 0.591594 0.170295
vt 0.592895 0.165216
vt 0.592895 0.164782
vt 0.594320 0.165216
vt 0.595872 0.164782
vt 0.235269 0.194766
vt 0.589886 0.165307
vt 0.590325 0.177943
vt 0.595305 0.177943
vt 0.823400 0.208734
vt 0.823400 0.214983
vt 0.823400 0.218728
vt 0.827111 0.218728
vt 0.827111 0.211816
vt 0.824701 0.208734
vt 0.837650 0.241263
vt 0.763247 0.178716
vt 0.752803 0.181063
vt 0.837650 0.239864
vt 0.627057 0.213448
vt 0.627057 0.217277
vt 0.628042 0.213448
vt 0.630767 0.217277
vt 0.837650 0.184549
vt 0.711955 0.172466
vt 0.837650 0.192197
vt 0.637786 0.163141
vt 0.637786 0.169758
vt 0.641528 0.171518
vt 0.543761 0.171189
vt 0.199745 0.174142
vt 0.772881 0.218819
vt 0.387398 0.190018
vt 0.310669 0.172463
vt 0.312428 0.172463
vt 0.312428 0.171112
vt 0.312995 0.171112
vt 0.328909 0.214770
vt 0.775858 0.218819
vt 0.363193 0.190564
vt 0.363193 0.194309
vt 0.837650 0.205136
vt 0.352683 0.171290
vt 0.352683 0.177362
vt 0.525067 0.180059
vt 0.741949 0.268364
vt 0.706063 0.165484
vt 0.352568 0.167194
vt 0.420685 0.193052
vt 0.224825 0.179258
vt 0.224881 0.198648
vt 0.224881 0.203056
vt 0.227451 0.214802
vt 0.236469 0.195801
vt 0.234804 0.195801
vt 0.237176 0.195801
vt 0.516415 0.199971
vt 0.516415 0.195563
vt 0.506492 0.192717
vt 0.504826 0.192717
vt 0.504119 0.192717
vt 0.513845 0.211717
vt 0.609906 0.185465
vt 0.567647 0.175120
vt 0.587633 0.211437
vt 0.590034 0.211437
vt 0.589815 0.209450
vt 0.590034 0.209450
vt 0.589815 0.207896
vt 0.587634 0.202236
vt 0.329267 0.172447
vt 0.301958 0.179440
vt 0.303934 0.179440
vt 0.543617 0.288535
vt 0.543617 0.286981
vt 0.526682 0.286981
vt 0.526682 0.288535
vt 0.525331 0.288535
vt 0.525331 0.299537
vt 0.544598 0.300839
vt 0.544598 0.288535
vt 0.543617 0.302265
vt 0.526682 0.302265
vt 0.543617 0.300839
vt 0.526682 0.300839
vt 0.525331 0.300839
vt 0.525331 0.303818
vt 0.525331 0.312195
vt 0.544598 0.312195
vt 0.544598 0.303818
vt 0.501278 0.210024
vt 0.501278 0.212011
vt 0.503678 0.202811
vt 0.501496 0.207045
vt 0.501278 0.202811
vt 0.501278 0.207045
vt 0.674451 0.264511
vt 0.775100 0.169808
vt 0.222942 0.177987
vt 0.224466 0.178593
vt 0.552813 0.173194
vt 0.744773 0.170000
vt 0.744773 0.163383
vt 0.738782 0.163383
vt 0.524596 0.165559
vt 0.620986 0.167212
vt 0.434203 0.172862
vt 0.434203 0.166790
vt 0.479789 0.212790
vt 0.776015 0.194884
vt 0.814884 0.188709
vt 0.524724 0.219999
vt 0.523743 0.219277
vt 0.598060 0.165095
vt 0.414909 0.178033
vt 0.316706 0.172463
vt 0.315405 0.172463
vt 0.414909 0.164872
vt 0.412339 0.164872
vt 0.412339 0.165306
vt 0.410915 0.165306
vt 0.413640 0.170385
vt 0.409362 0.164872
vt 0.535511 0.195567
vt 0.698100 0.230884
vt 0.472349 0.218658
vt 0.472349 0.214829
vt 0.471364 0.214829
vt 0.469939 0.212505
vt 0.771051 0.194884
vt 0.805689 0.235179
vt 0.352863 0.167949
vt 0.316706 0.163779
vt 0.346980 0.167194
vt 0.688010 0.165190
vt 0.686034 0.165190
vt 0.543282 0.196921
vt 0.543282 0.202993
vt 0.409930 0.178033
vt 0.588008 0.171974
vt 0.837650 0.195143
vt 0.419416 0.190569
vt 0.299583 0.176467
vt 0.540534 0.192615
vt 0.536075 0.195462
vt 0.539459 0.195462
vt 0.540534 0.195462
vt 0.299583 0.179446
vt 0.301832 0.179446
vt 0.558803 0.171924
vt 0.543617 0.285427
vt 0.544598 0.285427
vt 0.544598 0.273123
vt 0.543617 0.273123
vt 0.543617 0.271697
vt 0.526682 0.273123
vt 0.526682 0.271697
vt 0.526682 0.285427
vt 0.525331 0.274425
vt 0.525331 0.285427
vt 0.525331 0.273123
vt 0.544598 0.270144
vt 0.544598 0.261767
vt 0.525331 0.261767
vt 0.525331 0.270144
vt 0.814884 0.191689
vt 0.391300 0.261706
vt 0.696341 0.230884
vt 0.696341 0.235292
vt 0.700253 0.238139
vt 0.199745 0.163140
vt 0.337102 0.168969
vt 0.434846 0.300038
vt 0.452762 0.300038
vt 0.452762 0.298485
vt 0.454113 0.298485
vt 0.454113 0.287482
vt 0.454113 0.286180
vt 0.452762 0.286180
vt 0.452762 0.284755
vt 0.434846 0.274824
vt 0.454113 0.283201
vt 0.706703 0.218851
vt 0.369995 0.167107
vt 0.310245 0.184627
vt 0.807350 0.183719
vt 0.434156 0.221567
vt 0.237273 0.194980
vt 0.367213 0.165464
vt 0.365701 0.165464
vt 0.272894 0.165625
vt 0.807350 0.186827
vt 0.617639 0.165572
vt 0.452762 0.301592
vt 0.434846 0.325253
vt 0.438357 0.325253
vt 0.454113 0.325253
vt 0.452762 0.316876
vt 0.454113 0.316876
vt 0.452762 0.315322
vt 0.454113 0.301592
vt 0.310245 0.168328
vt 0.367132 0.165464
vt 0.535741 0.166146
vt 0.310245 0.193624
vt 0.807350 0.211291
vt 0.432514 0.202287
vt 0.701253 0.215074
vt 0.723682 0.241366
vt 0.726788 0.241366
vt 0.587827 0.217312
vt 0.587827 0.235960
vt 0.726655 0.231145
vt 0.723678 0.219871
vt 0.469826 0.181272
vt 0.815211 0.178326
vt 0.815211 0.184575
vt 0.815211 0.188320
vt 0.818922 0.188320
vt 0.818922 0.181408
vt 0.816513 0.178326
vt 0.605019 0.262271
vt 0.831501 0.218676
vt 0.445025 0.196785
vt 0.549767 0.169951
vt 0.609625 0.164285
vt 0.607866 0.164285
vt 0.607866 0.165636
vt 0.607299 0.165636
vt 0.647047 0.244532
vt 0.736321 0.255266
vt 0.603588 0.172968
vt 0.603588 0.164285
vt 0.387034 0.169227
vt 0.577207 0.164782
vt 0.574637 0.164782
vt 0.574637 0.165216
vt 0.573213 0.165216
vt 0.575938 0.170295
vt 0.571660 0.164782
vt 0.355201 0.182379
vt 0.372294 0.167375
vt 0.577207 0.177943
vt 0.572227 0.177943
vt 0.601673 0.174293
vt 0.601673 0.168044
vt 0.600371 0.171126
vt 0.600371 0.168044
vt 0.598947 0.171126
vt 0.597962 0.171126
vt 0.831501 0.205737
vt 0.434581 0.181278
vt 0.831501 0.215731
vt 0.827111 0.225365
vt 0.827111 0.221536
vt 0.826125 0.221536
vt 0.824701 0.219212
vt 0.831501 0.173955
vt 0.604889 0.164285
vt 0.831501 0.181603
vt 0.659162 0.169758
vt 0.659162 0.163141
vt 0.653172 0.163141
vt 0.524596 0.167944
vt 0.831497 0.275795
vt 0.453914 0.252513
vt 0.612887 0.165452
vt 0.321466 0.163779
vt 0.319707 0.163779
vt 0.319707 0.172463
vt 0.322034 0.172463
vt 0.328909 0.214889
vt 0.698788 0.179768
vt 0.837650 0.230669
vt 0.371932 0.172064
vt 0.371932 0.178136
vt 0.763873 0.194224
vt 0.774317 0.191877
vt 0.655828 0.179156
vt 0.245610 0.181075
vt 0.419416 0.188086
vt 0.355201 0.178634
vt 0.275761 0.199164
vt 0.275761 0.194756
vt 0.265838 0.191910
vt 0.264172 0.191910
vt 0.263465 0.191910
vt 0.273191 0.210910
vt 0.330149 0.210010
vt 0.330149 0.214417
vt 0.332719 0.226164
vt 0.341737 0.207163
vt 0.340072 0.207163
vt 0.342444 0.207163
vt 0.441856 0.166009
vt 0.501716 0.183305
vt 0.501278 0.200272
vt 0.501278 0.202259
vt 0.503678 0.193058
vt 0.501496 0.197293
vt 0.501278 0.193058
vt 0.501278 0.197293
vt 0.612781 0.168693
vt 0.706693 0.215011
vt 0.704718 0.215011
vt 0.563671 0.286981
vt 0.546736 0.286981
vt 0.546736 0.288535
vt 0.545754 0.288535
vt 0.545754 0.300839
vt 0.546736 0.300839
vt 0.546736 0.302265
vt 0.563671 0.300839
vt 0.563671 0.302265
vt 0.563671 0.288535
vt 0.565021 0.299537
vt 0.565021 0.288535
vt 0.565021 0.300839
vt 0.545754 0.303818
vt 0.545754 0.304813
vt 0.545754 0.312195
vt 0.565021 0.312195
vt 0.565021 0.303818
vt 0.709232 0.195275
vt 0.221623 0.195043
vt 0.224024 0.195043
vt 0.223806 0.193056
vt 0.224024 0.193056
vt 0.223806 0.191502
vt 0.221624 0.185842
vt 0.793414 0.169772
vt 0.308599 0.169224
vt 0.308599 0.175296
vt 0.343435 0.173653
vt 0.652812 0.171518
vt 0.652812 0.164901
vt 0.649070 0.163141
vt 0.543761 0.173574
vt 0.619309 0.165452
vt 0.567374 0.190602
vt 0.567374 0.184530
vt 0.503879 0.274622
vt 0.631641 0.192999
vt 0.812501 0.191689
vt 0.814749 0.191689
vt 0.343433 0.205913
vt 0.343433 0.217187
vt 0.224401 0.164748
vt 0.399224 0.178034
vt 0.324443 0.163779
vt 0.399224 0.164873
vt 0.400493 0.170386
vt 0.401794 0.165308
vt 0.401794 0.164873
vt 0.403218 0.165308
vt 0.404771 0.164873
vt 0.774317 0.178716
vt 0.456100 0.181272
vt 0.709800 0.176794
vt 0.706089 0.172965
vt 0.706089 0.179118
vt 0.707390 0.179118
vt 0.726071 0.204478
vt 0.805688 0.232480
vt 0.806670 0.233202
vt 0.545111 0.171054
vt 0.325745 0.172463
vt 0.327013 0.172463
vt 0.344514 0.167194
vt 0.667494 0.168384
vt 0.669469 0.168384
vt 0.405814 0.184852
vt 0.407338 0.185459
vt 0.404204 0.178034
vt 0.831501 0.226324
vt 0.837650 0.229270
vt 0.420685 0.185603
vt 0.634190 0.196079
vt 0.383756 0.164292
vt 0.471585 0.181272
vt 0.471585 0.176864
vt 0.467673 0.174017
vt 0.634190 0.193100
vt 0.343435 0.162651
vt 0.546736 0.285427
vt 0.563671 0.285427
vt 0.565021 0.285427
vt 0.565021 0.274425
vt 0.545754 0.273123
vt 0.545754 0.285427
vt 0.546736 0.273123
vt 0.546736 0.271697
vt 0.563671 0.271697
vt 0.563671 0.273123
vt 0.565021 0.273123
vt 0.565021 0.270144
vt 0.565021 0.261767
vt 0.545754 0.261767
vt 0.545754 0.270144
vt 0.812501 0.188709
vt 0.458253 0.174017
vt 0.454342 0.181272
vt 0.454342 0.176864
vt 0.837487 0.274526
vt 0.545111 0.166419
vt 0.526682 0.259503
vt 0.656101 0.291321
vt 0.656101 0.289767
vt 0.638185 0.289767
vt 0.638185 0.314981
vt 0.641696 0.314981
vt 0.657451 0.314981
vt 0.656101 0.306604
vt 0.657451 0.306604
vt 0.656101 0.305050
vt 0.657451 0.291321
vt 0.310245 0.206876
vt 0.615908 0.167215
vt 0.310245 0.184124
vt 0.473327 0.197456
vt 0.434156 0.181384
vt 0.492368 0.167026
vt 0.489506 0.165383
vt 0.827109 0.178789
vt 0.473327 0.194349
vt 0.371426 0.165464
vt 0.656101 0.288213
vt 0.657451 0.288213
vt 0.657451 0.277211
vt 0.657451 0.275909
vt 0.656101 0.275909
vt 0.656101 0.274483
vt 0.638185 0.272617
vt 0.638185 0.264552
vt 0.657451 0.272929
vt 0.818891 0.188709
vt 0.364270 0.165464
vt 0.489587 0.165383
vt 0.506356 0.264585
vt 0.567495 0.191171
vt 0.432514 0.222724
vt 0.698193 0.167098
vt 0.248193 0.179395
vt 0.588245 0.168976
vt 0.588242 0.171157
vt 0.450493 0.192809
vt 0.347582 0.168474
vt 0.224406 0.201560
vt 0.681148 0.215026
vt 0.379994 0.171560
vt 0.379879 0.211630
vt 0.379871 0.208224
vt 0.379874 0.198267
vt 0.379884 0.195303
vt 0.389645 0.166300
vt 0.658634 0.190792
vt 0.589823 0.197680
vt 0.689859 0.171093
vt 0.793813 0.201577
vt 0.819271 0.174133
vt 0.819277 0.169913
vt 0.555338 0.201232
vt 0.452540 0.194629
vt 0.724141 0.171852
vt 0.677828 0.188503
vt 0.655740 0.205445
vt 0.655740 0.207166
vt 0.655740 0.211736
vt 0.659328 0.211736
vt 0.655740 0.209966
vt 0.760212 0.173609
vt 0.763462 0.169229
vt 0.762864 0.169307
vt 0.762246 0.169557
vt 0.761676 0.169962
vt 0.761177 0.170507
vt 0.760767 0.171172
vt 0.580427 0.211184
vt 0.677828 0.172987
vt 0.380650 0.168225
vt 0.679203 0.215031
vt 0.656193 0.187544
vt 0.723303 0.195107
vt 0.819275 0.167610
vt 0.559457 0.174519
vt 0.552287 0.203565
vt 0.695643 0.164424
vt 0.502105 0.218291
vt 0.658634 0.179702
vt 0.556169 0.199124
vt 0.547347 0.198470
vt 0.746234 0.217688
vt 0.349499 0.168582
vt 0.272992 0.165493
vt 0.272995 0.167674
vt 0.345381 0.171268
vt 0.690449 0.168929
vt 0.760275 0.174464
vt 0.760463 0.175287
vt 0.760767 0.176045
vt 0.761177 0.176710
vt 0.761676 0.177255
vt 0.762246 0.177660
vt 0.723969 0.191773
vt 0.189559 0.176504
vt 0.351453 0.170818
vt 0.185034 0.176510
vt 0.741131 0.218231
vt 0.745243 0.236002
vt 0.398729 0.177461
vt 0.727084 0.167362
vt 0.727591 0.169041
vt 0.727212 0.168218
vt 0.728207 0.169799
vt 0.729036 0.170464
vt 0.730046 0.171009
vt 0.731199 0.171414
vt 0.732449 0.171664
vt 0.655740 0.203724
vt 0.659328 0.199155
vt 0.655740 0.199155
vt 0.655740 0.200924
vt 0.363652 0.200112
vt 0.570177 0.206056
vt 0.727212 0.166507
vt 0.733840 0.162983
vt 0.733750 0.162977
vt 0.732449 0.163061
vt 0.731199 0.163311
vt 0.730046 0.163716
vt 0.729036 0.164261
vt 0.388560 0.176873
vt 0.388560 0.174166
vt 0.398730 0.168132
vt 0.725742 0.189562
vt 0.398729 0.166914
vt 0.396098 0.166300
vt 0.480527 0.271254
vt 0.483424 0.271255
vt 0.363375 0.200431
vt 0.371944 0.171150
vt 0.761770 0.168844
vt 0.478156 0.267686
vt 0.468316 0.225076
vt 0.468316 0.230350
vt 0.468316 0.219494
vt 0.469961 0.223591
vt 0.468316 0.223591
vt 0.343228 0.202582
vt 0.636488 0.192448
vt 0.625173 0.178585
vt 0.826947 0.189183
vt 0.793790 0.186062
vt 0.797884 0.186062
vt 0.797884 0.176176
vt 0.797149 0.175374
vt 0.794757 0.170390
vt 0.245663 0.197287
vt 0.249758 0.181615
vt 0.247716 0.184468
vt 0.248791 0.181615
vt 0.248695 0.182036
vt 0.579641 0.165355
vt 0.328495 0.207825
vt 0.401027 0.178845
vt 0.389712 0.192707
vt 0.573988 0.210458
vt 0.578109 0.211184
vt 0.229000 0.164393
vt 0.226366 0.162093
vt 0.224723 0.171336
vt 0.807852 0.177465
vt 0.809495 0.188092
vt 0.671057 0.168396
vt 0.374127 0.172411
vt 0.367186 0.196029
vt 0.363135 0.167473
vt 0.363998 0.168690
vt 0.365068 0.172746
vt 0.363135 0.178020
vt 0.826947 0.179087
vt 0.277658 0.211149
vt 0.276174 0.200114
vt 0.805703 0.198286
vt 0.807187 0.187251
vt 0.274356 0.190934
vt 0.615260 0.268457
vt 0.615260 0.278481
vt 0.619822 0.278865
vt 0.626108 0.268457
vt 0.619822 0.268457
vt 0.829598 0.165420
vt 0.468316 0.235623
vt 0.468316 0.237108
vt 0.468316 0.241206
vt 0.245865 0.173830
vt 0.245865 0.171123
vt 0.244222 0.161880
vt 0.689337 0.177163
vt 0.636055 0.278481
vt 0.636956 0.278481
vt 0.636956 0.268457
vt 0.635033 0.268457
vt 0.635033 0.278865
vt 0.632394 0.268457
vt 0.478884 0.269003
vt 0.636055 0.294041
vt 0.631027 0.295219
vt 0.626108 0.291384
vt 0.628174 0.293597
vt 0.630161 0.294514
vt 0.626108 0.293287
vt 0.631992 0.296004
vt 0.636956 0.315095
vt 0.636699 0.309408
vt 0.633597 0.298009
vt 0.636495 0.312553
vt 0.635989 0.315095
vt 0.634914 0.300451
vt 0.635282 0.301499
vt 0.478156 0.242609
vt 0.454791 0.263665
vt 0.332662 0.167529
vt 0.332662 0.165348
vt 0.329864 0.165348
vt 0.329864 0.167529
vt 0.329911 0.167892
vt 0.330051 0.168229
vt 0.330563 0.168741
vt 0.330900 0.168881
vt 0.331263 0.168929
vt 0.331962 0.168741
vt 0.332252 0.168519
vt 0.332474 0.168229
vt 0.696554 0.170273
vt 0.698193 0.171171
vt 0.344409 0.202471
vt 0.658266 0.272567
vt 0.624042 0.293597
vt 0.616161 0.294041
vt 0.621189 0.295219
vt 0.622055 0.294514
vt 0.615260 0.315095
vt 0.615517 0.309408
vt 0.616227 0.315095
vt 0.615721 0.312553
vt 0.615721 0.306263
vt 0.616323 0.303239
vt 0.616934 0.301499
vt 0.620224 0.296004
vt 0.503892 0.267233
vt 0.480527 0.246178
vt 0.476258 0.193861
vt 0.473461 0.193861
vt 0.473508 0.196405
vt 0.473648 0.196742
vt 0.473870 0.197032
vt 0.474497 0.197394
vt 0.474859 0.197442
vt 0.475222 0.197394
vt 0.475559 0.197255
vt 0.475849 0.197032
vt 0.476071 0.196742
vt 0.476211 0.196405
vt 0.760131 0.165668
vt 0.328495 0.201876
vt 0.222825 0.171590
vt 0.742673 0.208346
vt 0.430728 0.165810
vt 0.430731 0.167991
vt 0.453703 0.209568
vt 0.474728 0.182165
vt 0.556304 0.214212
vt 0.201080 0.199520
vt 0.671984 0.170166
vt 0.274923 0.173906
vt 0.590878 0.198370
vt 0.585463 0.185866
vt 0.588877 0.190411
vt 0.610461 0.195291
vt 0.610461 0.201717
vt 0.362218 0.176470
vt 0.360425 0.178290
vt 0.359227 0.181014
vt 0.338580 0.203119
vt 0.607105 0.209888
vt 0.340947 0.198557
vt 0.502346 0.217970
vt 0.502346 0.219691
vt 0.505933 0.213401
vt 0.502346 0.213401
vt 0.502346 0.215170
vt 0.577524 0.173695
vt 0.577587 0.174551
vt 0.577775 0.175373
vt 0.578079 0.176132
vt 0.578489 0.176796
vt 0.578988 0.177342
vt 0.579558 0.177747
vt 0.336007 0.203652
vt 0.329755 0.222201
vt 0.332956 0.201319
vt 0.607096 0.200367
vt 0.677403 0.164535
vt 0.354494 0.167423
vt 0.362218 0.191985
vt 0.617895 0.176959
vt 0.607110 0.193561
vt 0.246993 0.168283
vt 0.354488 0.172815
vt 0.354486 0.163569
vt 0.354491 0.165247
vt 0.276704 0.193588
vt 0.533512 0.169472
vt 0.328913 0.231350
vt 0.328911 0.229048
vt 0.328913 0.226757
vt 0.473265 0.191954
vt 0.613777 0.173809
vt 0.406217 0.212058
vt 0.619489 0.175638
vt 0.761871 0.165668
vt 0.615978 0.176851
vt 0.255434 0.168283
vt 0.580774 0.169315
vt 0.580176 0.169394
vt 0.579558 0.169643
vt 0.578988 0.170049
vt 0.578489 0.170594
vt 0.578079 0.171259
vt 0.504315 0.244831
vt 0.775941 0.198492
vt 0.659217 0.212804
vt 0.505895 0.244406
vt 0.464836 0.211740
vt 0.255432 0.167065
vt 0.252802 0.166450
vt 0.717241 0.166591
vt 0.717113 0.167446
vt 0.723870 0.163067
vt 0.723779 0.163061
vt 0.722479 0.163145
vt 0.721228 0.163395
vt 0.720076 0.163800
vt 0.719066 0.164345
vt 0.502346 0.221412
vt 0.502346 0.225981
vt 0.505933 0.225981
vt 0.502346 0.224212
vt 0.590601 0.198689
vt 0.717621 0.169125
vt 0.717241 0.168302
vt 0.718237 0.169883
vt 0.719066 0.170548
vt 0.720076 0.171093
vt 0.721228 0.171498
vt 0.722479 0.171748
vt 0.745242 0.172614
vt 0.746885 0.183241
vt 0.501025 0.244406
vt 0.682686 0.247831
vt 0.255432 0.177612
vt 0.454586 0.206612
vt 0.428698 0.168903
vt 0.818945 0.165525
vt 0.613541 0.266305
vt 0.616438 0.266305
vt 0.627066 0.228969
vt 0.627066 0.234242
vt 0.627066 0.235727
vt 0.627066 0.239825
vt 0.329676 0.203862
vt 0.515405 0.177868
vt 0.504090 0.191731
vt 0.826947 0.193865
vt 0.835534 0.248282
vt 0.831440 0.263954
vt 0.833482 0.261101
vt 0.832407 0.263954
vt 0.832503 0.263533
vt 0.823180 0.265216
vt 0.819085 0.265216
vt 0.819085 0.275103
vt 0.819821 0.275904
vt 0.822212 0.280888
vt 0.501714 0.182922
vt 0.745675 0.207414
vt 0.581336 0.192616
vt 0.570021 0.178754
vt 0.594412 0.194287
vt 0.222417 0.173830
vt 0.222417 0.171123
vt 0.220774 0.161880
vt 0.552422 0.177598
vt 0.552422 0.174891
vt 0.688114 0.165591
vt 0.716734 0.184233
vt 0.458397 0.211014
vt 0.462517 0.211740
vt 0.488370 0.177939
vt 0.490303 0.172666
vt 0.713736 0.195089
vt 0.488370 0.167392
vt 0.489233 0.168610
vt 0.387395 0.201437
vt 0.388879 0.190402
vt 0.433994 0.201378
vt 0.432510 0.190343
vt 0.432003 0.177723
vt 0.457411 0.306451
vt 0.456511 0.306451
vt 0.456511 0.316476
vt 0.458433 0.316476
vt 0.458433 0.306068
vt 0.461073 0.316476
vt 0.467359 0.316476
vt 0.825463 0.204153
vt 0.487961 0.166223
vt 0.627066 0.223695
vt 0.627066 0.218113
vt 0.628710 0.222211
vt 0.627066 0.222211
vt 0.204300 0.178267
vt 0.206934 0.180567
vt 0.208577 0.171324
vt 0.670797 0.190719
vt 0.478206 0.316476
vt 0.478206 0.306451
vt 0.473644 0.306068
vt 0.473644 0.316476
vt 0.478884 0.317173
vt 0.467359 0.293548
vt 0.469425 0.291336
vt 0.477306 0.290892
vt 0.472278 0.289714
vt 0.471411 0.290419
vt 0.478206 0.269838
vt 0.477949 0.275524
vt 0.477239 0.269838
vt 0.477746 0.272379
vt 0.467359 0.291646
vt 0.477746 0.278670
vt 0.477143 0.281694
vt 0.473242 0.288929
vt 0.476532 0.283433
vt 0.636906 0.262284
vt 0.613541 0.241228
vt 0.752278 0.168542
vt 0.775673 0.214525
vt 0.772875 0.214525
vt 0.772923 0.217069
vt 0.773063 0.217406
vt 0.773285 0.217696
vt 0.773912 0.218058
vt 0.774274 0.218106
vt 0.774637 0.218058
vt 0.774974 0.217919
vt 0.775263 0.217696
vt 0.775486 0.217406
vt 0.775625 0.217069
vt 0.222824 0.168417
vt 0.343228 0.200596
vt 0.478884 0.244216
vt 0.457411 0.290892
vt 0.462440 0.289714
vt 0.465292 0.291336
vt 0.463306 0.290419
vt 0.461475 0.288929
vt 0.456511 0.269838
vt 0.456768 0.275524
vt 0.459870 0.286924
vt 0.456971 0.272379
vt 0.457478 0.269838
vt 0.458553 0.284481
vt 0.458185 0.283433
vt 0.682686 0.264538
vt 0.706051 0.243482
vt 0.682686 0.255932
vt 0.335627 0.167529
vt 0.335627 0.165348
vt 0.332830 0.165348
vt 0.332830 0.167529
vt 0.332877 0.167892
vt 0.333017 0.168229
vt 0.333529 0.168741
vt 0.333866 0.168881
vt 0.334229 0.168929
vt 0.334928 0.168741
vt 0.335218 0.168519
vt 0.335440 0.168229
vt 0.817306 0.168700
vt 0.818945 0.169598
vt 0.328495 0.201982
vt 0.787456 0.328380
vt 0.874327 0.675482
vt 0.858271 0.675482
vt 0.863838 0.746721
vt 0.858271 0.746678
vt 0.863153 0.746678
vt 0.858271 0.753744
vt 0.863153 0.753744
vt 0.863838 0.753701
vt 0.864506 0.746851
vt 0.864506 0.753571
vt 0.865141 0.747063
vt 0.865727 0.747353
vt 0.865141 0.753359
vt 0.865727 0.753070
vt 0.866250 0.747713
vt 0.866696 0.748134
vt 0.866250 0.752709
vt 0.866696 0.752288
vt 0.867056 0.748607
vt 0.867319 0.749119
vt 0.867056 0.751815
vt 0.867319 0.751303
vt 0.867479 0.749658
vt 0.200542 0.246344
vt 0.863838 0.912329
vt 0.858271 0.912286
vt 0.863153 0.912286
vt 0.858271 0.919352
vt 0.858271 0.990548
vt 0.863153 0.919352
vt 0.863838 0.919309
vt 0.864506 0.912459
vt 0.864506 0.919179
vt 0.865141 0.912671
vt 0.865727 0.912960
vt 0.865141 0.918967
vt 0.865727 0.918677
vt 0.866250 0.913320
vt 0.866696 0.913742
vt 0.866250 0.918317
vt 0.866696 0.917896
vt 0.867056 0.914215
vt 0.867319 0.914727
vt 0.867056 0.917423
vt 0.867319 0.916911
vt 0.867479 0.915266
vt 0.208963 0.164326
vt 0.953793 0.384484
vt 0.955633 0.384484
vt 0.951732 0.226954
vt 0.949892 0.226954
vt 0.035151 0.069417
vt 0.154337 0.384484
vt 0.199450 0.201738
vt 0.185902 0.175499
vt 0.263320 0.176687
vt 0.270770 0.166220
vt 0.789821 0.833015
vt 0.001024 0.244608
vt 0.518451 0.171363
vt 0.518030 0.171653
vt 0.518923 0.171130
vt 0.517670 0.171992
vt 0.517380 0.172373
vt 0.517168 0.172785
vt 0.517039 0.173220
vt 0.516996 0.189495
vt 0.524057 0.189504
vt 0.524057 0.173674
vt 0.523884 0.172794
vt 0.523672 0.172381
vt 0.523382 0.172000
vt 0.522601 0.171368
vt 0.521078 0.170858
vt 0.522129 0.171134
vt 0.521617 0.170963
vt 0.520526 0.170822
vt 0.519974 0.170856
vt 0.519435 0.170960
vt 0.330666 0.187101
vt 0.331026 0.187442
vt 0.331447 0.187733
vt 0.331919 0.187967
vt 0.332431 0.188138
vt 0.332970 0.188243
vt 0.333522 0.188279
vt 0.334075 0.188245
vt 0.334613 0.188141
vt 0.335125 0.187971
vt 0.336019 0.187448
vt 0.336379 0.187109
vt 0.336668 0.186728
vt 0.337010 0.185881
vt 0.337053 0.185436
vt 0.337053 0.169606
vt 0.329992 0.169597
vt 0.329992 0.185427
vt 0.330035 0.185872
vt 0.330165 0.186307
vt 0.825412 0.990548
vt 0.825412 0.952696
vt 0.838803 0.919352
vt 0.824837 0.948780
vt 0.823183 0.944619
vt 0.820708 0.940888
vt 0.794658 0.894340
vt 0.789821 0.894340
vt 0.794658 0.904794
vt 0.789821 0.904794
vt 0.789821 0.914594
vt 0.790085 0.916396
vt 0.790820 0.918245
vt 0.791921 0.919904
vt 0.445077 0.165723
vt 0.201919 0.207679
vt 0.835597 0.331242
vt 0.778292 0.069405
vt 0.478686 0.198804
vt 0.787456 0.205733
vt 0.740586 0.208007
vt 0.562715 0.258733
vt 0.831447 0.331262
vt 0.673243 0.237901
vt 0.154337 0.069418
vt 0.781319 0.384483
vt 0.415253 0.177630
vt 0.955633 0.069424
vt 0.953793 0.069424
vt 0.428417 0.177004
vt 0.428417 0.172163
vt 0.825412 0.713334
vt 0.825412 0.675482
vt 0.838803 0.746678
vt 0.824837 0.717250
vt 0.838803 0.753744
vt 0.817819 0.727845
vt 0.823183 0.721411
vt 0.820708 0.725142
vt 0.794658 0.771690
vt 0.789821 0.771690
vt 0.789821 0.761235
vt 0.794658 0.761235
vt 0.790085 0.749634
vt 0.791921 0.746126
vt 0.238218 0.216209
vt 0.472997 0.240603
vt 0.781319 0.069424
vt 0.793489 0.205696
vt 0.949751 0.226953
vt 0.863838 0.578359
vt 0.858271 0.578316
vt 0.863153 0.578316
vt 0.858271 0.585382
vt 0.858271 0.656578
vt 0.863153 0.585382
vt 0.863838 0.585339
vt 0.864506 0.578489
vt 0.864506 0.585209
vt 0.865141 0.578701
vt 0.865727 0.578990
vt 0.865141 0.584997
vt 0.865727 0.584707
vt 0.866250 0.579350
vt 0.866696 0.579772
vt 0.866250 0.584347
vt 0.866696 0.583926
vt 0.867055 0.580245
vt 0.867319 0.580757
vt 0.867055 0.583453
vt 0.867319 0.582941
vt 0.867479 0.581296
vt 0.874327 0.341512
vt 0.858271 0.341512
vt 0.863838 0.412751
vt 0.858271 0.412708
vt 0.863153 0.412708
vt 0.858271 0.419774
vt 0.863153 0.419774
vt 0.863838 0.419731
vt 0.864506 0.412881
vt 0.864506 0.419601
vt 0.865141 0.413093
vt 0.865727 0.413383
vt 0.865141 0.419389
vt 0.865727 0.419100
vt 0.866250 0.413743
vt 0.866696 0.414164
vt 0.866250 0.418739
vt 0.866696 0.418318
vt 0.867055 0.414637
vt 0.867319 0.415149
vt 0.867055 0.417845
vt 0.867319 0.417333
vt 0.867479 0.415688
vt 0.778152 0.069424
vt 0.776312 0.069424
vt 0.953682 0.226954
vt 0.951842 0.226954
vt 0.276802 0.212318
vt 0.156014 0.384484
vt 0.190692 0.252456
vt 0.536047 0.165123
vt 0.503974 0.166672
vt 0.503974 0.171513
vt 0.071326 0.069418
vt 0.553535 0.213968
vt 0.696264 0.173024
vt 0.695904 0.172684
vt 0.695483 0.172395
vt 0.695010 0.172162
vt 0.693408 0.171853
vt 0.694499 0.171991
vt 0.693960 0.171888
vt 0.692855 0.171889
vt 0.692317 0.171994
vt 0.691805 0.172166
vt 0.690911 0.172691
vt 0.690551 0.173031
vt 0.690262 0.173412
vt 0.689920 0.174260
vt 0.689877 0.174706
vt 0.689877 0.190536
vt 0.696938 0.190527
vt 0.696938 0.174697
vt 0.696895 0.174251
vt 0.696765 0.173817
vt 0.603767 0.174336
vt 0.603346 0.174627
vt 0.602986 0.174967
vt 0.602697 0.175348
vt 0.602485 0.175761
vt 0.602355 0.176196
vt 0.602312 0.192472
vt 0.609373 0.192462
vt 0.609373 0.176632
vt 0.609330 0.176187
vt 0.609200 0.175753
vt 0.608988 0.175340
vt 0.608699 0.174959
vt 0.607918 0.174330
vt 0.606395 0.173824
vt 0.607445 0.174097
vt 0.606934 0.173927
vt 0.605843 0.173789
vt 0.605290 0.173825
vt 0.604752 0.173930
vt 0.825412 0.379364
vt 0.825412 0.341512
vt 0.838803 0.412708
vt 0.824837 0.383280
vt 0.838803 0.419774
vt 0.817819 0.393875
vt 0.823183 0.387441
vt 0.820708 0.391172
vt 0.794658 0.437720
vt 0.789821 0.437720
vt 0.789821 0.427265
vt 0.794658 0.427265
vt 0.790085 0.415664
vt 0.791921 0.412156
vt 0.300881 0.175718
vt 0.405641 0.179266
vt 0.835597 0.303529
vt 0.387179 0.189318
vt 0.291396 0.244611
vt 0.552158 0.252633
vt 0.551066 0.208027
vt 0.232146 0.165299
vt 0.695690 0.209958
vt 0.156014 0.069418
vt 0.946896 0.069405
vt 0.784345 0.226954
vt 0.831447 0.303509
vt 0.381490 0.231052
vt 0.776312 0.384484
vt 0.778152 0.384484
vt 0.476345 0.177075
vt 0.483795 0.166609
vt 0.825412 0.656578
vt 0.825412 0.618726
vt 0.838803 0.585382
vt 0.824837 0.614810
vt 0.823183 0.610649
vt 0.820708 0.606918
vt 0.794658 0.560370
vt 0.789821 0.560370
vt 0.794658 0.570824
vt 0.789821 0.570824
vt 0.789821 0.580624
vt 0.790085 0.582426
vt 0.790820 0.584275
vt 0.791921 0.585934
vt 0.467796 0.241019
vt 0.946896 0.384465
vt 0.186216 0.368150
vt 0.232870 0.384580
vt 0.223632 0.389901
vt 0.225236 0.390672
vt 0.226791 0.391093
vt 0.232729 0.386355
vt 0.228251 0.391154
vt 0.232313 0.387913
vt 0.229570 0.390852
vt 0.231632 0.389206
vt 0.230708 0.390196
vt 0.232729 0.303241
vt 0.225236 0.298927
vt 0.232313 0.301683
vt 0.226791 0.298504
vt 0.231632 0.300390
vt 0.228251 0.298443
vt 0.230708 0.299400
vt 0.229570 0.298745
vt 0.807810 0.238542
vt 0.235669 0.321447
vt 0.235669 0.368135
vt 0.273085 0.389900
vt 0.282323 0.384581
vt 0.274689 0.390671
vt 0.276245 0.391093
vt 0.282183 0.386356
vt 0.277704 0.391154
vt 0.281766 0.387914
vt 0.279023 0.390852
vt 0.280162 0.390197
vt 0.281086 0.389207
vt 0.282183 0.303243
vt 0.276245 0.298504
vt 0.281766 0.301685
vt 0.281086 0.300391
vt 0.277704 0.298443
vt 0.280162 0.299401
vt 0.279023 0.298745
vt 0.282938 0.202144
vt 0.299651 0.180871
vt 0.278235 0.287307
vt 0.283324 0.247574
vt 0.659199 0.315093
vt 0.807777 0.234482
vt 0.291843 0.384484
vt 0.299292 0.384483
vt 0.612725 0.269073
vt 0.685752 0.176443
vt 0.678302 0.165977
vt 0.543291 0.206168
vt 0.752266 0.267910
vt 0.744816 0.267910
vt 0.744816 0.302062
vt 0.747636 0.304884
vt 0.749476 0.304884
vt 0.747636 0.332867
vt 0.744816 0.335688
vt 0.750437 0.390265
vt 0.744816 0.384639
vt 0.681930 0.245906
vt 0.565859 0.312328
vt 0.283946 0.069423
vt 0.741936 0.276199
vt 0.612725 0.315094
vt 0.411748 0.245804
vt 0.760163 0.267910
vt 0.757373 0.325308
vt 0.758334 0.267910
vt 0.752713 0.273535
vt 0.752713 0.306418
vt 0.752713 0.322486
vt 0.755533 0.325308
vt 0.752713 0.390265
vt 0.755533 0.353291
vt 0.775957 0.267910
vt 0.768507 0.267910
vt 0.768507 0.302062
vt 0.771327 0.304884
vt 0.773167 0.304884
vt 0.771327 0.332867
vt 0.768507 0.335688
vt 0.774128 0.390265
vt 0.768507 0.384639
vt 0.697998 0.199255
vt 0.504756 0.312310
vt 0.565860 0.233517
vt 0.434150 0.243148
vt 0.610582 0.269130
vt 0.636604 0.167389
vt 0.634775 0.167389
vt 0.681930 0.264698
vt 0.504756 0.266333
vt 0.565860 0.261949
vt 0.387405 0.231441
vt 0.667211 0.166005
vt 0.665382 0.166005
vt 0.567798 0.310029
vt 0.569627 0.310029
vt 0.628707 0.177855
vt 0.621257 0.167389
vt 0.768060 0.267910
vt 0.765270 0.325308
vt 0.766231 0.267910
vt 0.760610 0.273535
vt 0.760610 0.306418
vt 0.760610 0.322486
vt 0.763430 0.325308
vt 0.760610 0.390265
vt 0.763430 0.353291
vt 0.569627 0.187382
vt 0.747074 0.222825
vt 0.746174 0.222825
vt 0.407856 0.213121
vt 0.478884 0.215242
vt 0.478884 0.228769
vt 0.502095 0.222813
vt 0.588246 0.172150
vt 0.744410 0.207356
vt 0.224270 0.208218
vt 0.610448 0.217054
vt 0.524709 0.193320
vt 0.511802 0.169059
vt 0.352725 0.171003
vt 0.425826 0.211850
vt 0.410260 0.211849
vt 0.410260 0.225376
vt 0.420843 0.234543
vt 0.421392 0.234821
vt 0.425826 0.235232
vt 0.422616 0.235183
vt 0.723668 0.218849
vt 0.744409 0.207984
vt 0.523225 0.196393
vt 0.570149 0.235797
vt 0.585714 0.212414
vt 0.583060 0.212414
vt 0.582504 0.212463
vt 0.581891 0.212605
vt 0.581280 0.212826
vt 0.580732 0.213104
vt 0.450927 0.216225
vt 0.613179 0.178585
vt 0.614078 0.179767
vt 0.476461 0.191667
vt 0.487776 0.177805
vt 0.407723 0.192706
vt 0.419039 0.178844
vt 0.479785 0.243109
vt 0.479785 0.229581
vt 0.454722 0.283135
vt 0.455622 0.283135
vt 0.405405 0.211850
vt 0.389839 0.211849
vt 0.389839 0.225376
vt 0.400422 0.234543
vt 0.400971 0.234821
vt 0.405405 0.235232
vt 0.402195 0.235183
vt 0.761870 0.168550
vt 0.658063 0.240062
vt 0.590445 0.178754
vt 0.591344 0.179936
vt 0.590573 0.235797
vt 0.606138 0.212414
vt 0.603484 0.212414
vt 0.602928 0.212463
vt 0.602315 0.212605
vt 0.601704 0.212826
vt 0.601156 0.213104
vt 0.201540 0.164353
vt 0.222417 0.178093
vt 0.405901 0.235306
vt 0.406883 0.234585
vt 0.609949 0.264535
vt 0.606438 0.264535
vt 0.590682 0.264535
vt 0.592033 0.272912
vt 0.590682 0.272912
vt 0.609949 0.289749
vt 0.592033 0.288196
vt 0.592033 0.289749
vt 0.590682 0.277193
vt 0.590682 0.288196
vt 0.590682 0.275891
vt 0.238516 0.179006
vt 0.543615 0.250583
vt 0.601004 0.164484
vt 0.599749 0.164484
vt 0.608968 0.246170
vt 0.655718 0.191482
vt 0.611526 0.165157
vt 0.610805 0.168322
vt 0.523120 0.162966
vt 0.805688 0.255372
vt 0.524724 0.262362
vt 0.504642 0.288020
vt 0.434480 0.178380
vt 0.434480 0.180308
vt 0.441559 0.176393
vt 0.439649 0.174839
vt 0.439649 0.173414
vt 0.441559 0.173414
vt 0.437643 0.169180
vt 0.441559 0.163484
vt 0.434480 0.163484
vt 0.434480 0.169180
vt 0.589526 0.289749
vt 0.589526 0.264535
vt 0.586015 0.264535
vt 0.570260 0.264535
vt 0.571610 0.272912
vt 0.570260 0.272912
vt 0.571610 0.274466
vt 0.571610 0.289749
vt 0.571610 0.288196
vt 0.570260 0.288196
vt 0.828240 0.165020
vt 0.827519 0.168185
vt 0.237575 0.193829
vt 0.678399 0.248409
vt 0.589526 0.314964
vt 0.571610 0.291303
vt 0.570260 0.291303
vt 0.570260 0.302305
vt 0.571610 0.303608
vt 0.570260 0.306587
vt 0.570260 0.314964
vt 0.570260 0.303608
vt 0.524724 0.240192
vt 0.609949 0.314964
vt 0.592033 0.291303
vt 0.590682 0.291303
vt 0.590682 0.302305
vt 0.592033 0.303608
vt 0.590682 0.306587
vt 0.590682 0.314964
vt 0.590682 0.303608
vt 0.533037 0.167744
vt 0.534291 0.167744
vt 0.523743 0.218022
vt 0.524724 0.217300
vt 0.504642 0.279297
vt 0.799564 0.165746
vt 0.799564 0.167674
vt 0.802727 0.167674
vt 0.799564 0.176875
vt 0.799564 0.182570
vt 0.806642 0.165746
vt 0.806642 0.182570
vt 0.806642 0.169661
vt 0.804733 0.169661
vt 0.804733 0.171215
vt 0.408234 0.252786
vt 0.524966 0.162265
vt 0.524966 0.164193
vt 0.528130 0.164193
vt 0.524966 0.173394
vt 0.524966 0.179089
vt 0.532044 0.162265
vt 0.532044 0.179089
vt 0.532044 0.166180
vt 0.530135 0.166180
vt 0.530135 0.167734
vt 0.441856 0.173517
vt 0.406883 0.214392
vt 0.698687 0.176870
vt 0.698687 0.178798
vt 0.705766 0.178798
vt 0.705766 0.174883
vt 0.703856 0.174883
vt 0.703856 0.173329
vt 0.698687 0.161974
vt 0.698687 0.167669
vt 0.705766 0.171904
vt 0.705766 0.161974
vt 0.277998 0.232635
vt 0.657450 0.237267
vt 0.503879 0.279043
vt 0.525275 0.215414
vt 0.533971 0.233196
vt 0.353662 0.212921
vt 0.753011 0.213004
vt 0.827569 0.304763
vt 0.373970 0.259602
vt 0.525275 0.196566
vt 0.823094 0.282793
vt 0.372095 0.213989
vt 0.716389 0.196274
vt 0.823168 0.209869
vt 0.304428 0.225299
vt 0.344966 0.227201
vt 0.344966 0.231772
vt 0.328362 0.212987
vt 0.328362 0.208417
s 0
usemtl Material.001
f 1/1/1 2/2/1 3/3/1
f 4/4/2 5/5/2 6/6/2
f 7/7/3 8/8/3 9/9/3
f 10/10/4 11/11/4 12/12/4
f 13/13/1 14/14/1 15/15/1
f 16/16/2 17/17/2 18/18/2
f 19/19/3 20/20/3 21/21/3
f 22/22/4 23/23/4 24/24/4
f 25/25/3 26/26/3 27/27/3
f 28/28/3 29/29/3 30/30/3
f 31/31/5 32/20/5 33/32/5
f 34/33/5 35/9/5 36/8/5
f 37/34/5 38/35/5 39/36/5
f 40/37/5 41/38/5 42/39/5
f 43/40/1 44/41/1 45/42/1
f 46/43/4 47/44/4 48/45/4
f 49/46/1 50/47/1 51/48/1
f 52/49/2 53/50/2 54/51/2
f 55/52/4 56/53/4 57/54/4
f 58/55/3 59/56/3 60/38/3
f 61/57/2 62/58/2 63/59/2
f 64/60/3 65/61/3 66/62/3
f 67/63/5 68/64/5 69/65/5
f 70/60/5 71/66/5 72/67/5
f 73/68/3 74/69/3 75/70/3
f 76/71/3 77/72/3 78/73/3
f 79/74/2 80/75/2 81/76/2
f 82/77/1 83/78/1 84/79/1
f 85/80/3 86/81/3 87/82/3
f 85/80/3 88/83/3 89/84/3
f 90/85/3 89/84/3 88/83/3
f 91/86/3 92/87/3 93/88/3
f 94/89/3 91/86/3 95/90/3
f 96/91/3 95/90/3 97/92/3
f 98/93/3 99/94/3 100/95/3
f 101/96/6 102/97/6 103/98/6
f 104/99/7 105/100/7 106/101/7
f 107/102/3 108/103/3 109/104/3
f 110/105/1 111/106/1 112/107/1
f 113/108/8 114/109/8 115/110/8
f 116/111/1 117/112/1 118/113/1
f 119/114/9 120/115/9 121/116/9
f 122/117/10 123/118/10 124/119/10
f 125/120/3 126/121/3 127/122/3
f 128/123/11 129/124/11 130/125/11
f 100/95/3 131/126/3 98/93/3
f 132/127/1 133/128/1 134/129/1
f 135/130/2 136/131/2 137/132/2
f 138/133/3 127/122/3 131/126/3
f 139/134/1 110/105/1 112/107/1
f 140/135/3 141/136/3 126/121/3
f 142/137/3 143/138/3 141/136/3
f 143/138/3 144/139/3 145/140/3
f 146/141/3 109/104/3 108/103/3
f 147/142/3 148/143/3 146/141/3
f 149/144/3 150/145/3 147/142/3
f 151/146/3 152/147/3 149/144/3
f 153/148/3 154/149/3 151/146/3
f 153/148/3 155/150/3 156/151/3
f 157/152/3 158/153/3 159/154/3
f 160/155/3 158/153/3 161/156/3
f 162/157/3 163/158/3 160/155/3
f 164/159/3 165/160/3 162/157/3
f 166/161/3 167/162/3 164/159/3
f 168/163/3 169/164/3 166/161/3
f 170/165/12 171/166/12 172/167/12
f 173/168/13 174/169/13 175/165/13
f 176/170/14 177/171/14 178/168/14
f 179/172/15 180/173/15 181/170/15
f 182/174/16 183/175/16 184/172/16
f 185/174/17 186/176/17 187/177/17
f 188/178/18 189/179/18 190/180/18
f 191/181/19 192/182/19 193/178/19
f 194/183/20 195/184/20 196/181/20
f 197/185/21 198/186/21 199/183/21
f 200/187/22 201/188/22 202/185/22
f 203/187/23 204/189/23 205/190/23
s 1
f 206/191/24 207/192/24 208/100/24
s 0
f 209/193/25 210/194/25 211/195/25
f 212/196/26 213/197/26 214/193/26
f 215/198/27 216/199/27 217/196/27
f 218/200/28 219/201/28 220/198/28
f 221/202/29 222/203/29 223/200/29
f 224/124/30 225/204/30 226/125/30
f 227/205/31 228/206/31 229/207/31
f 230/208/32 231/206/32 232/209/32
f 233/210/33 234/211/33 235/208/33
f 236/212/34 237/213/34 238/210/34
f 239/214/35 240/215/35 241/212/35
f 242/216/36 243/217/36 244/106/36
f 245/218/37 246/219/37 247/217/37
f 248/220/38 249/221/38 250/219/38
f 251/222/39 252/223/39 253/221/39
f 254/224/31 255/223/31 256/225/31
f 257/226/40 258/227/40 259/228/40
f 260/229/24 261/99/24 262/101/24
f 263/230/25 264/231/25 265/232/25
f 266/233/41 267/234/41 268/231/41
f 269/235/42 270/236/42 271/234/42
f 272/237/43 273/238/43 274/236/43
f 275/239/44 276/240/44 277/238/44
f 278/241/3 159/154/3 155/150/3
f 279/242/2 280/243/2 281/244/2
f 282/245/2 283/246/2 284/247/2
f 285/248/3 286/249/3 168/163/3
f 287/250/3 288/251/3 289/252/3
f 288/251/3 290/253/3 289/252/3
f 291/254/3 292/255/3 290/253/3
f 293/256/3 294/257/3 292/255/3
f 295/258/3 296/259/3 294/257/3
f 297/260/3 298/261/3 296/259/3
f 299/262/45 300/263/45 301/264/45
f 302/265/46 303/266/46 304/263/46
f 305/267/47 306/268/47 307/266/47
f 308/269/48 309/270/48 310/268/48
f 311/271/49 312/272/49 313/270/49
f 314/272/50 315/273/50 316/274/50
f 317/275/51 318/276/51 319/277/51
f 320/278/52 321/279/52 322/276/52
f 323/280/53 324/281/53 325/279/53
f 326/282/54 327/283/54 328/281/54
f 329/284/55 330/285/55 331/283/55
f 332/285/56 333/286/56 334/287/56
f 335/288/57 336/289/57 337/290/57
f 338/291/58 339/292/58 340/293/58
f 341/294/59 342/295/59 343/292/59
f 344/296/60 345/297/60 346/295/60
f 347/298/61 348/299/61 349/297/61
f 350/300/62 351/301/62 352/299/62
s 1
f 353/302/63 354/303/63 355/118/63
s 0
f 356/304/64 357/305/64 358/306/64
f 359/307/65 360/308/65 361/305/65
f 362/309/66 363/310/66 364/308/66
f 365/311/67 366/312/67 367/310/67
f 368/313/68 369/113/68 370/312/68
f 371/314/68 372/315/68 373/316/68
f 374/316/69 375/317/69 376/318/69
f 377/318/70 378/319/70 379/320/70
f 380/320/65 381/321/65 382/322/65
f 383/321/64 384/323/64 385/322/64
f 386/324/71 387/119/71 388/325/71
f 389/97/57 390/326/57 391/98/57
f 392/327/72 393/328/72 394/329/72
f 395/328/73 396/330/73 397/331/73
f 398/331/74 399/332/74 400/333/74
f 401/333/61 402/334/61 403/335/61
f 404/335/62 405/336/62 406/242/62
f 145/140/3 407/337/3 287/250/3
f 408/338/2 283/246/2 409/301/2
f 410/339/3 285/248/3 298/261/3
f 411/340/3 412/341/3 413/342/3
f 414/343/11 415/344/11 416/345/11
f 417/346/10 418/347/10 419/348/10
f 420/349/3 421/350/3 422/351/3
f 423/352/2 424/353/2 425/354/2
f 426/355/8 427/356/8 428/357/8
f 429/358/2 430/359/2 431/360/2
f 432/361/9 433/362/9 434/363/9
f 435/364/7 436/365/7 437/366/7
f 438/367/3 439/368/3 440/369/3
f 441/370/6 442/371/6 443/372/6
f 444/373/3 413/342/3 412/341/3
f 445/374/2 446/375/2 447/376/2
f 448/377/1 449/378/1 450/379/1
f 440/369/3 451/380/3 444/373/3
f 424/353/2 452/381/2 425/354/2
f 453/382/3 454/383/3 438/367/3
f 455/384/3 456/385/3 453/382/3
f 455/384/3 457/386/3 458/387/3
f 422/351/3 459/388/3 420/349/3
f 460/389/3 461/390/3 459/388/3
f 462/391/3 463/392/3 461/390/3
f 464/393/3 465/394/3 463/392/3
f 466/395/3 467/396/3 465/394/3
f 467/396/3 468/397/3 469/398/3
f 470/399/3 471/400/3 472/401/3
f 471/400/3 473/402/3 472/401/3
f 474/403/3 475/404/3 473/402/3
f 476/405/3 477/406/3 475/404/3
f 478/407/3 479/408/3 477/406/3
f 480/409/3 481/410/3 479/408/3
f 482/411/75 483/412/75 484/413/75
f 485/414/52 486/415/52 487/412/52
f 488/416/76 489/417/76 490/415/76
f 491/418/77 492/419/77 493/417/77
f 494/420/78 495/421/78 496/419/78
f 497/421/79 498/422/79 499/423/79
f 500/424/45 501/425/45 502/426/45
f 503/427/80 504/428/80 505/425/80
f 506/429/47 507/430/47 508/428/47
f 509/431/48 510/432/48 511/430/48
f 512/433/49 513/434/49 514/432/49
f 515/434/50 516/435/50 517/436/50
f 518/437/81 519/438/81 520/439/81
f 521/440/82 522/441/82 523/442/82
f 524/443/65 525/444/65 526/441/65
f 527/445/66 528/446/66 529/444/66
f 530/447/83 531/448/83 532/446/83
f 533/449/68 534/450/68 535/448/68
f 536/451/84 537/452/84 538/453/84
f 539/454/85 540/455/85 541/456/85
f 542/457/86 543/458/86 544/455/86
f 545/459/87 546/460/87 547/458/87
f 548/461/88 549/462/88 550/460/88
f 551/463/89 552/376/89 553/462/89
f 554/464/62 555/465/62 556/466/62
f 557/466/90 558/467/90 559/468/90
f 560/468/60 561/469/60 562/470/60
f 563/470/91 564/471/91 565/472/91
f 566/471/85 567/473/85 568/472/85
f 569/474/57 570/371/57 571/475/57
f 572/347/81 573/476/81 574/348/81
f 575/477/64 576/478/64 577/479/64
f 578/478/92 579/480/92 580/481/92
f 581/481/93 582/482/93 583/483/93
f 584/483/83 585/484/83 586/485/83
f 587/485/94 588/486/94 589/377/94
f 469/398/3 590/487/3 470/399/3
f 591/488/1 592/489/1 593/490/1
f 594/491/1 595/492/1 596/450/1
f 597/493/3 598/494/3 481/410/3
f 599/495/3 600/496/3 601/497/3
f 602/498/3 600/496/3 603/499/3
f 604/500/3 605/501/3 602/498/3
f 606/502/3 607/503/3 604/500/3
f 608/504/3 609/505/3 606/502/3
f 610/506/3 611/507/3 608/504/3
f 612/508/18 613/509/18 614/510/18
f 615/511/95 616/512/95 617/508/95
f 618/513/20 619/514/20 620/511/20
f 621/515/21 622/516/21 623/513/21
f 624/517/22 625/518/22 626/515/22
f 627/517/23 628/519/23 629/520/23
f 630/521/96 631/522/96 632/523/96
f 633/524/97 634/525/97 635/521/97
f 636/526/98 637/527/98 638/524/98
f 639/528/99 640/529/99 641/526/99
f 642/530/100 643/531/100 644/528/100
f 645/530/101 646/532/101 647/533/101
f 648/344/30 649/534/30 650/345/30
f 651/535/31 652/536/31 653/537/31
f 654/538/32 655/539/32 656/535/32
f 657/540/38 658/541/38 659/538/38
f 660/542/37 661/543/37 662/540/37
f 663/544/36 664/545/36 665/542/36
s 1
f 666/546/102 667/547/24 668/365/24
s 0
f 669/548/103 670/549/103 671/550/103
f 672/551/41 673/549/41 674/552/41
f 675/553/42 676/554/42 677/551/42
f 678/555/43 679/556/43 680/553/43
f 681/557/104 682/558/104 683/555/104
f 684/559/29 685/560/29 686/381/29
f 687/561/105 688/562/105 689/560/105
f 690/563/106 691/564/106 692/562/106
f 693/565/26 694/566/26 695/564/26
f 696/567/107 697/566/107 698/568/107
f 699/364/108 700/569/108 701/570/108
f 702/571/40 703/572/40 704/343/40
f 705/573/109 706/574/109 707/575/109
f 708/573/32 709/576/32 710/577/32
f 711/578/110 712/579/110 713/576/110
s 1
f 714/580/111 715/581/111 716/579/111
s 0
f 717/582/36 718/583/36 719/581/36
f 720/584/3 601/497/3 457/386/3
f 721/585/1 595/492/1 722/586/1
f 598/494/3 723/587/3 610/506/3
f 724/588/9 725/589/9 726/590/9
f 727/591/3 728/592/3 729/593/3
f 730/594/2 731/595/2 732/596/2
f 733/597/8 734/598/8 735/599/8
f 736/600/1 737/601/1 738/602/1
f 739/603/112 740/604/112 741/605/112
f 742/606/3 743/411/3 744/607/3
f 745/608/17 746/609/17 747/610/17
f 748/611/77 749/612/77 750/613/77
f 751/609/16 752/614/16 753/615/16
f 754/616/45 755/617/45 756/618/45
f 757/619/113 758/620/113 759/621/113
f 760/622/114 761/623/114 762/624/114
f 763/620/115 764/625/115 765/621/115
f 766/626/19 767/627/19 768/628/19
f 769/413/116 770/607/116 771/411/116
f 772/629/117 773/618/117 774/630/117
f 775/631/118 776/632/118 777/633/118
f 778/634/119 779/635/119 780/636/119
f 781/287/120 782/286/120 783/637/120
f 784/638/52 785/639/52 786/640/52
f 787/641/78 788/642/78 789/643/78
f 790/642/119 791/644/119 792/645/119
f 793/646/76 794/647/76 795/639/76
f 796/648/121 797/649/121 798/626/121
f 799/650/80 800/651/80 801/617/80
f 802/652/18 803/653/18 804/654/18
f 805/655/75 806/656/75 807/657/75
f 808/658/122 809/659/122 810/660/122
f 811/661/75 812/640/75 813/662/75
f 814/663/16 815/664/16 816/665/16
f 817/666/116 818/657/116 819/667/116
f 820/436/123 821/435/123 822/668/123
f 823/669/12 824/670/12 825/671/12
f 826/672/117 827/167/117 828/166/117
f 829/673/22 830/674/22 831/675/22
f 832/676/23 833/673/23 834/677/23
f 835/274/123 836/273/123 837/678/123
f 838/654/116 817/666/116 819/667/116
f 839/679/50 840/680/50 841/681/50
f 842/682/76 843/613/76 844/683/76
f 845/684/115 846/685/115 847/686/115
f 848/687/124 849/688/124 850/532/124
f 851/689/97 852/690/97 853/691/97
f 854/692/80 855/660/80 856/632/80
f 857/693/78 858/634/78 859/612/78
f 860/694/125 861/695/125 862/696/125
f 863/697/126 864/698/126 865/699/126
f 866/700/48 867/701/48 868/702/48
f 869/691/12 870/703/12 871/697/12
f 872/426/117 873/696/117 874/424/117
f 875/704/49 876/679/49 877/701/49
f 878/675/21 879/705/21 880/706/21
f 881/707/116 882/180/116 883/179/116
f 770/607/116 884/510/116 885/509/116
f 886/708/127 887/709/127 888/689/127
f 889/710/128 890/711/128 891/519/128
f 892/712/77 893/643/77 894/647/77
f 895/713/14 896/714/14 897/715/14
f 898/716/19 899/717/19 900/652/19
f 901/665/15 902/718/15 903/713/15
f 904/719/116 905/662/116 906/695/116
f 907/625/126 908/523/126 909/522/126
f 910/706/129 911/720/129 912/716/129
f 913/721/101 914/663/101 915/688/101
f 916/264/117 826/672/117 917/262/117
f 918/624/21 919/722/21 920/648/21
f 921/723/130 922/610/130 923/176/130
f 924/724/48 925/725/48 926/659/48
f 927/615/15 928/726/15 929/708/15
f 930/727/128 931/677/128 932/189/128
f 933/698/125 934/707/125 935/699/125
f 936/715/13 937/728/13 938/669/13
f 939/729/126 940/633/126 941/685/126
f 942/671/117 772/629/117 774/630/117
f 943/628/131 944/730/131 945/619/131
f 946/277/113 947/686/113 948/275/113
f 949/731/132 950/683/132 951/656/132
f 952/732/133 953/733/133 954/725/133
f 955/423/120 956/422/120 957/734/120
f 958/735/134 959/622/134 960/711/134
f 961/733/135 962/736/135 963/737/135
f 964/738/47 965/702/47 966/651/47
f 967/739/3 968/740/3 969/741/3
f 970/742/3 971/743/3 972/744/3
f 973/745/3 974/746/3 975/747/3
f 976/533/3 977/532/3 978/748/3
f 979/749/3 980/750/3 981/751/3
f 982/752/3 983/753/3 984/754/3
f 985/755/3 986/756/3 987/757/3
f 988/758/3 989/759/3 990/760/3
f 991/265/3 992/262/3 993/761/3
f 994/762/8 995/763/8 996/764/8
f 997/765/1 998/766/1 999/767/1
f 1000/768/8 1001/769/8 1002/770/8
f 1003/771/8 1004/772/8 1005/773/8
f 1006/774/9 1007/775/9 1008/776/9
f 1009/777/3 1010/778/3 1011/779/3
f 1012/780/8 1013/781/8 1014/782/8
f 1015/783/2 1016/784/2 1017/785/2
f 1018/786/9 1019/787/9 1020/788/9
f 1021/789/2 1022/790/2 1023/791/2
f 1024/792/9 1025/793/9 1026/794/9
f 1027/795/9 1028/796/9 1029/797/9
f 1030/798/3 1031/799/3 1032/800/3
f 1033/801/3 1034/802/3 1035/803/3
f 1036/804/3 1037/805/3 1038/806/3
f 1039/807/2 1040/808/2 1041/809/2
f 1042/810/2 1043/811/2 1044/812/2
f 1045/813/1 1046/814/1 1047/815/1
f 1048/816/1 1049/817/1 1050/818/1
f 1051/819/1 1052/820/1 1053/821/1
f 1054/822/3 1055/823/3 1056/824/3
f 1057/825/1 1058/826/1 1059/827/1
f 1060/828/2 1061/829/2 1062/830/2
f 1063/831/2 1064/832/2 1065/833/2
f 1066/834/136 1067/835/136 1068/836/136
f 1069/837/136 1070/838/136 1071/839/136
f 1072/840/137 1073/841/137 1074/842/137
f 1075/843/2 1076/844/2 1077/845/2
f 1078/846/138 1079/847/138 1080/848/138
f 1081/849/1 1082/850/1 1083/851/1
f 1084/852/136 1085/853/136 1086/854/136
f 1087/855/1 1088/856/1 1089/857/1
f 1090/858/2 1091/859/2 1092/860/2
f 1093/861/139 1094/862/139 1095/863/139
f 1096/864/1 1097/865/1 1098/866/1
f 1099/867/137 1100/868/137 1101/869/137
f 1102/870/138 1103/871/138 1104/872/138
f 1105/873/138 1106/874/138 1107/875/138
f 1108/876/1 1109/877/1 1110/878/1
f 1111/879/138 1112/880/138 1113/881/138
f 1114/882/137 1115/883/137 1116/884/137
f 1117/885/139 1118/886/139 1119/887/139
f 1120/888/2 1121/889/2 1122/890/2
f 1123/891/139 1124/892/139 1125/893/139
f 1126/894/2 1127/895/2 1128/896/2
f 1129/897/3 1130/898/3 1131/899/3
f 1132/900/137 1133/901/137 1134/902/137
f 1135/903/3 1136/904/3 1137/905/3
f 1138/906/3 1139/907/3 1140/908/3
f 1141/909/3 1142/910/3 1143/911/3
f 1144/912/3 1145/913/3 1146/914/3
f 1147/915/3 1148/916/3 1149/917/3
f 1150/918/3 1151/919/3 1152/920/3
f 1153/921/3 1154/922/3 1155/923/3
f 1156/924/3 1157/925/3 1158/926/3
f 1159/927/3 1160/928/3 1161/929/3
f 1162/930/3 1163/931/3 1164/932/3
f 1165/933/3 1166/934/3 1167/935/3
f 1168/936/3 1169/937/3 1170/938/3
f 1171/939/3 1172/940/3 1173/941/3
f 1174/942/3 1175/943/3 1176/944/3
f 1177/945/139 1178/946/139 1179/947/139
f 1180/948/1 1181/949/1 1182/950/1
f 1183/951/136 1184/952/136 1185/953/136
f 1186/954/2 1187/955/2 1188/956/2
f 1189/957/2 1190/958/2 1191/959/2
f 1192/960/1 1193/961/1 1194/962/1
f 1195/963/1 1196/964/1 1197/965/1
f 1198/966/140 1199/967/140 1200/968/140
f 1201/969/8 1202/970/8 1203/971/8
f 1204/972/4 1205/973/4 1206/974/4
f 1207/975/3 1208/976/3 1209/977/3
f 1210/978/9 1211/979/9 1212/980/9
f 1213/981/2 1214/982/2 1215/983/2
f 1216/984/2 1217/985/2 1218/986/2
f 1219/987/1 1220/988/1 1221/989/1
f 1222/990/9 1223/991/9 1224/992/9
f 1225/993/2 1226/994/2 1227/995/2
f 1228/996/1 1229/997/1 1230/998/1
f 1231/999/1 1232/1000/1 1233/1001/1
f 1234/1002/8 1235/1003/8 1202/970/8
f 1236/1004/1 1237/1005/1 1238/1006/1
f 1237/1005/141 1239/1007/141 1240/1008/141
f 1238/1006/141 1237/1005/141 1241/1009/141
f 1/1/1 1242/1010/1 1243/1011/1
f 1242/1010/1 1244/1012/1 1245/1013/1
f 1246/1014/1 1242/1010/1 1245/1013/1
f 1244/1012/1 1247/1015/1 1248/1016/1
f 1244/1012/1 1248/1016/1 1249/1017/1
f 1241/1009/142 1237/1005/142 1240/1008/142
f 1244/1012/1 1249/1017/1 1245/1013/1
f 1250/1018/1 1240/1008/1 1239/1007/1
f 1242/1010/1 1246/1014/1 1251/1019/1
f 1242/1010/1 1251/1019/1 1243/1011/1
f 1250/1018/1 1239/1007/1 1252/1020/1
f 1239/1007/1 1/1/1 1253/1021/1
f 1252/1020/1 1239/1007/1 1253/1021/1
f 1/1/1 1243/1011/1 1254/1022/1
f 1255/1023/1 1253/1021/1 1/1/1
f 1/1/1 1254/1022/1 1256/1024/1
f 1/1/143 1256/1024/143 1257/1025/143
f 1258/1026/1 1255/1023/1 1/1/1
f 3/3/1 1258/1026/1 1/1/1
f 1/1/1 1257/1025/1 2/2/1
f 1259/1027/2 1260/1028/2 1261/1029/2
f 1260/1028/2 1262/1030/2 1263/1031/2
f 1260/1028/2 1263/1031/2 1264/1032/2
f 1265/1033/2 1266/1034/2 1267/1035/2
f 1266/1034/2 6/6/2 1268/1036/2
f 1269/1037/2 1266/1034/2 1270/1038/2
f 1271/1039/2 1272/1040/2 1265/1033/2
f 1273/1041/2 1271/1039/2 1265/1033/2
f 1260/1028/2 1264/1032/2 1261/1029/2
f 1267/1035/2 1273/1041/2 1265/1033/2
f 1269/1037/2 1267/1035/2 1266/1034/2
f 1259/1027/2 1261/1029/2 1274/1042/2
f 1259/1027/2 1274/1042/2 1275/1043/2
f 1270/1038/2 1266/1034/2 1268/1036/2
f 6/6/2 1259/1027/2 1276/1044/2
f 1259/1027/2 1275/1043/2 1276/1044/2
f 1277/1045/2 1268/1036/2 6/6/2
f 6/6/2 1276/1044/2 1278/1046/2
f 6/6/2 1278/1046/2 1279/1047/2
f 1280/1048/2 1277/1045/2 6/6/2
f 1281/1049/2 1280/1048/2 6/6/2
f 6/6/2 1279/1047/2 4/4/2
f 5/5/2 1281/1049/2 6/6/2
f 7/7/3 1282/1050/3 8/8/3
f 10/10/4 1283/1051/4 11/11/4
f 1284/1052/1 1285/1053/1 1286/1054/1
f 1285/1053/1 1287/1055/1 1288/1056/1
f 1286/1054/1 1285/1053/1 1289/1057/1
f 13/13/1 1290/1058/1 1291/1059/1
f 1290/1058/1 1292/1060/1 1293/1061/1
f 1294/1062/1 1290/1058/1 1293/1061/1
f 1292/1060/1 1295/1063/1 1296/1064/1
f 1292/1060/1 1296/1064/1 1297/1065/1
f 1289/1057/1 1285/1053/1 1288/1056/1
f 1292/1060/1 1297/1065/1 1293/1061/1
f 1298/1066/1 1288/1056/1 1287/1055/1
f 1290/1058/1 1294/1062/1 1299/1067/1
f 1290/1058/1 1299/1067/1 1291/1059/1
f 1298/1066/1 1287/1055/1 1300/1068/1
f 1287/1055/1 13/13/1 1301/1069/1
f 1300/1068/1 1287/1055/1 1301/1069/1
f 13/13/1 1291/1059/1 1302/1070/1
f 1303/1071/1 1301/1069/1 13/13/1
f 13/13/1 1302/1070/1 1304/1072/1
f 13/13/1 1304/1072/1 1305/1073/1
f 1306/1074/1 1303/1071/1 13/13/1
f 15/15/1 1306/1074/1 13/13/1
f 13/13/1 1305/1073/1 14/14/1
f 1307/1075/2 1308/1076/2 1309/1077/2
f 1308/1076/2 1310/1078/2 1311/1079/2
f 1308/1076/2 1311/1079/2 1312/1080/2
f 1313/1081/2 1314/1082/2 1315/1083/2
f 1314/1082/2 18/18/2 1316/1084/2
f 1317/1085/2 1314/1082/2 1318/1086/2
f 1319/1087/2 1320/1088/2 1313/1081/2
f 1321/1089/2 1319/1087/2 1313/1081/2
f 1308/1076/2 1312/1080/2 1309/1077/2
f 1315/1083/2 1321/1089/2 1313/1081/2
f 1317/1085/2 1315/1083/2 1314/1082/2
f 1307/1075/2 1309/1077/2 1322/1090/2
f 1307/1075/2 1322/1090/2 1323/1091/2
f 1318/1086/2 1314/1082/2 1316/1084/2
f 18/18/2 1307/1075/2 1324/1092/2
f 1307/1075/2 1323/1091/2 1324/1092/2
f 1325/1093/2 1316/1084/2 18/18/2
f 18/18/2 1324/1092/2 1326/1094/2
f 18/18/2 1326/1094/2 1327/1095/2
f 1328/1096/2 1325/1093/2 18/18/2
f 1329/1097/2 1328/1096/2 18/18/2
f 18/18/2 1327/1095/2 16/16/2
f 17/17/2 1329/1097/2 18/18/2
f 19/19/3 1330/1098/3 20/20/3
f 22/22/4 1331/1099/4 23/23/4
f 25/25/3 1332/1100/3 26/26/3
f 28/28/3 1333/1101/3 29/29/3
f 31/31/5 1334/21/5 32/20/5
f 34/33/5 1335/1102/5 35/9/5
f 39/36/5 1336/1103/5 1337/1104/5
f 1336/1103/5 1338/1105/5 1337/1104/5
f 1339/1106/5 1340/1107/5 38/35/5
f 1340/1107/5 1341/1108/5 38/35/5
f 1341/1108/5 39/36/5 38/35/5
f 39/36/5 1337/1104/5 1342/1109/5
f 1342/1109/5 1343/1110/5 37/34/5
f 1343/1110/5 1344/1111/5 37/34/5
f 39/36/5 1342/1109/5 37/34/5
f 40/37/5 1345/55/5 41/38/5
f 1346/1112/1 1347/1113/1 1348/1114/1
f 1347/1113/1 1349/1115/1 1350/1116/1
f 1348/1114/1 1347/1113/1 1351/1117/1
f 43/40/1 1352/1118/1 1353/1119/1
f 1352/1118/1 1354/1120/1 1355/1121/1
f 1356/1122/1 1352/1118/1 1355/1121/1
f 1354/1120/1 1357/1123/1 1358/1124/1
f 1354/1120/1 1358/1124/1 1359/1125/1
f 1351/1117/1 1347/1113/1 1350/1116/1
f 1354/1120/1 1359/1125/1 1355/1121/1
f 1360/1126/1 1350/1116/1 1349/1115/1
f 1352/1118/1 1356/1122/1 1361/1127/1
f 1352/1118/1 1361/1127/1 1353/1119/1
f 1360/1126/1 1349/1115/1 1362/1128/1
f 1349/1115/1 43/40/1 1363/1129/1
f 1362/1128/1 1349/1115/1 1363/1129/1
f 43/40/1 1353/1119/1 1364/1130/1
f 1365/1131/1 1363/1129/1 43/40/1
f 43/40/1 1364/1130/1 1366/1132/1
f 43/40/1 1366/1132/1 1367/1133/1
f 1368/1134/1 1365/1131/1 43/40/1
f 45/42/1 1368/1134/1 43/40/1
f 43/40/1 1367/1133/1 44/41/1
f 46/43/4 1369/1135/4 47/44/4
f 1370/1136/1 1371/1137/1 1372/1138/1
f 1371/1137/1 1373/1139/1 1374/1140/1
f 1372/1138/1 1371/1137/1 1375/1141/1
f 49/46/1 1376/1142/1 1377/1143/1
f 1376/1142/1 1378/1144/1 1379/1145/1
f 1380/1146/1 1376/1142/1 1379/1145/1
f 1378/1144/1 1381/1147/1 1382/1148/1
f 1378/1144/1 1382/1148/1 1383/1149/1
f 1375/1141/1 1371/1137/1 1374/1140/1
f 1378/1144/1 1383/1149/1 1379/1145/1
f 1384/1150/1 1374/1140/1 1373/1139/1
f 1376/1142/1 1380/1146/1 1385/1151/1
f 1376/1142/1 1385/1151/1 1377/1143/1
f 1384/1150/1 1373/1139/1 1386/1152/1
f 1373/1139/1 49/46/1 1387/1153/1
f 1386/1152/1 1373/1139/1 1387/1153/1
f 49/46/1 1377/1143/1 1388/1154/1
f 1389/1155/1 1387/1153/1 49/46/1
f 49/46/1 1388/1154/1 1390/1156/1
f 49/46/1 1390/1156/1 1391/1157/1
f 1392/1158/1 1389/1155/1 49/46/1
f 51/48/1 1392/1158/1 49/46/1
f 49/46/1 1391/1157/1 50/47/1
f 1393/1159/2 1394/1160/2 1395/1161/2
f 1394/1160/2 1396/1162/2 1397/1163/2
f 1394/1160/2 1397/1163/2 1398/1164/2
f 1399/1165/2 1400/1166/2 1401/1167/2
f 1400/1166/2 54/51/2 1402/1168/2
f 1403/1169/2 1400/1166/2 1404/1170/2
f 1405/1171/2 1406/1172/2 1399/1165/2
f 1407/1173/2 1405/1171/2 1399/1165/2
f 1394/1160/2 1398/1164/2 1395/1161/2
f 1401/1167/2 1407/1173/2 1399/1165/2
f 1403/1169/2 1401/1167/2 1400/1166/2
f 1393/1159/2 1395/1161/2 1408/1174/2
f 1393/1159/2 1408/1174/2 1409/1175/2
f 1404/1170/2 1400/1166/2 1402/1168/2
f 54/51/2 1393/1159/2 1410/1176/2
f 1393/1159/2 1409/1175/2 1410/1176/2
f 1411/1177/2 1402/1168/2 54/51/2
f 54/51/2 1410/1176/2 1412/1178/2
f 54/51/2 1412/1178/2 1413/1179/2
f 1414/1180/2 1411/1177/2 54/51/2
f 1415/1181/2 1414/1180/2 54/51/2
f 54/51/2 1413/1179/2 52/49/2
f 53/50/2 1415/1181/2 54/51/2
f 55/52/4 1416/1182/4 56/53/4
f 58/55/3 1417/1183/3 59/56/3
f 1418/1184/2 1419/1185/2 1420/1186/2
f 1419/1185/2 1421/1187/2 1422/1188/2
f 1419/1185/2 1422/1188/2 1423/1189/2
f 1424/1190/2 1425/1191/2 1426/1192/2
f 1425/1191/2 63/59/2 1427/1193/2
f 1428/1194/2 1425/1191/2 1429/1195/2
f 1430/1196/2 1431/1197/2 1424/1190/2
f 1432/1198/2 1430/1196/2 1424/1190/2
f 1419/1185/2 1423/1189/2 1420/1186/2
f 1426/1192/2 1432/1198/2 1424/1190/2
f 1428/1194/2 1426/1192/2 1425/1191/2
f 1418/1184/2 1420/1186/2 1433/1199/2
f 1418/1184/2 1433/1199/2 1434/1200/2
f 1429/1195/2 1425/1191/2 1427/1193/2
f 63/59/2 1418/1184/2 1435/1201/2
f 1418/1184/2 1434/1200/2 1435/1201/2
f 1436/1202/2 1427/1193/2 63/59/2
f 63/59/2 1435/1201/2 1437/1203/2
f 63/59/2 1437/1203/2 1438/1204/2
f 1439/1205/2 1436/1202/2 63/59/2
f 1440/1206/2 1439/1205/2 63/59/2
f 63/59/2 1438/1204/2 61/57/2
f 62/58/2 1440/1206/2 63/59/2
f 64/60/3 1441/1207/3 65/61/3
f 1341/1108/5 1340/1107/5 1442/1208/5
f 1340/1107/5 1443/1209/5 1442/1208/5
f 1444/1210/5 1445/1211/5 1446/1212/5
f 1445/1211/5 67/63/5 1446/1212/5
f 67/63/5 1341/1108/5 1442/1208/5
f 68/64/5 1447/1213/5 1448/1214/5
f 67/63/5 1442/1208/5 68/64/5
f 69/65/5 1446/1212/5 67/63/5
f 68/64/5 1448/1214/5 69/65/5
f 70/60/5 1449/62/5 71/66/5
f 73/68/3 1450/1215/3 74/69/3
f 76/71/3 1451/1216/3 77/72/3
f 85/80/3 1452/1217/3 86/81/3
f 85/80/3 87/82/3 88/83/3
f 90/85/3 1453/1218/3 89/84/3
f 91/86/3 1454/1219/3 92/87/3
f 94/89/3 1454/1219/3 91/86/3
f 96/91/3 94/89/3 95/90/3
f 98/93/3 1455/1220/3 99/94/3
f 101/96/6 1456/288/6 102/97/6
f 104/99/7 1457/191/7 105/100/7
f 107/102/3 1458/1221/3 108/103/3
f 110/105/1 1459/216/1 111/106/1
f 113/108/8 1460/1222/8 114/109/8
f 116/111/1 1461/1223/1 117/112/1
f 119/114/9 1462/1224/9 120/115/9
f 122/117/10 1463/302/10 123/118/10
f 125/120/3 140/135/3 126/121/3
f 128/123/11 1464/226/11 129/124/11
f 100/95/3 138/133/3 131/126/3
f 132/127/1 1465/214/1 133/128/1
f 135/130/2 1466/240/2 136/131/2
f 138/133/3 125/120/3 127/122/3
f 139/134/1 1467/314/1 110/105/1
f 140/135/3 142/137/3 141/136/3
f 142/137/3 1468/1225/3 143/138/3
f 143/138/3 1468/1225/3 144/139/3
f 146/141/3 148/143/3 109/104/3
f 147/142/3 150/145/3 148/143/3
f 149/144/3 152/147/3 150/145/3
f 151/146/3 154/149/3 152/147/3
f 153/148/3 156/151/3 154/149/3
f 153/148/3 278/241/3 155/150/3
f 157/152/3 161/156/3 158/153/3
f 160/155/3 163/158/3 158/153/3
f 162/157/3 165/160/3 163/158/3
f 164/159/3 167/162/3 165/160/3
f 166/161/3 169/164/3 167/162/3
f 168/163/3 286/249/3 169/164/3
f 170/165/12 1469/169/12 171/166/12
f 173/168/13 1470/171/13 174/169/13
f 176/170/14 1471/173/14 177/171/14
f 179/172/15 1472/175/15 180/173/15
f 182/174/16 1473/177/16 183/175/16
f 185/174/17 1474/723/17 186/176/17
f 188/178/18 1475/182/18 189/179/18
f 191/181/19 1476/184/19 192/182/19
f 194/183/129 1477/186/129 195/184/129
f 197/185/21 1478/188/21 198/186/21
f 200/187/22 1479/190/22 201/188/22
f 203/187/23 1480/727/23 204/189/23
f 1481/191/102 1482/1226/102 1483/192/102
f 209/193/25 1484/197/25 210/194/25
f 1485/196/144 1486/199/144 1487/197/144
f 1488/198/145 1489/201/145 1490/199/145
f 218/200/105 1491/203/105 219/201/105
f 221/202/29 1492/245/29 222/203/29
f 224/124/146 1493/1227/146 225/204/146
f 227/205/147 1494/209/147 228/206/147
f 1495/208/32 1496/211/32 1497/206/32
f 233/210/148 1498/213/148 234/211/148
f 1499/212/37 1500/215/37 1501/213/37
f 239/214/36 1502/127/36 240/215/36
f 242/216/36 1503/218/36 243/217/36
f 1504/218/37 1505/220/37 1506/219/37
f 1507/220/38 1508/222/38 1509/221/38
f 1510/222/32 1511/225/32 1512/223/32
f 254/224/31 1513/1228/31 255/223/31
f 257/226/146 1514/123/146 258/227/146
f 260/229/24 1515/1229/24 261/99/24
f 1516/230/25 1517/233/25 1518/231/25
f 1519/233/149 1520/235/149 1521/234/149
f 269/235/150 1522/237/150 270/236/150
f 1523/237/151 1524/239/151 1525/238/151
f 1526/239/152 1527/131/152 1528/240/152
f 278/241/3 157/152/3 159/154/3
f 279/242/2 1529/336/2 280/243/2
f 282/245/2 1530/202/2 283/246/2
f 285/248/3 1531/1230/3 286/249/3
f 287/250/3 407/337/3 288/251/3
f 288/251/3 291/254/3 290/253/3
f 291/254/3 293/256/3 292/255/3
f 293/256/3 295/258/3 294/257/3
f 295/258/3 297/260/3 296/259/3
f 297/260/3 410/339/3 298/261/3
f 299/262/45 1532/265/45 300/263/45
f 302/265/46 1533/267/46 303/266/46
f 1534/267/47 1535/269/47 1536/268/47
f 308/269/48 1537/271/48 309/270/48
f 311/271/49 1538/1231/49 312/272/49
f 314/272/50 1539/1231/50 315/273/50
f 317/275/51 1540/278/51 318/276/51
f 320/278/52 1541/280/52 321/279/52
f 323/280/53 1542/282/53 324/281/53
f 326/282/54 1543/284/54 327/283/54
f 329/284/78 1544/1232/78 330/285/78
f 332/285/56 1545/1232/56 333/286/56
f 1546/288/57 1547/96/57 1548/289/57
f 338/291/153 1549/294/153 339/292/153
f 341/294/154 1550/296/154 342/295/154
f 1551/296/60 1552/298/60 1553/297/60
f 1554/298/155 1555/300/155 1556/299/155
f 350/300/62 1557/338/62 351/301/62
f 1558/302/71 1559/1233/71 1560/303/71
f 1561/304/64 1562/307/64 1563/305/64
f 1564/307/92 1565/309/92 1566/308/92
f 1567/309/93 1568/311/93 1569/310/93
f 1570/311/83 1571/313/83 1572/312/83
f 368/313/68 1573/111/68 369/113/68
f 371/314/68 1574/134/68 372/315/68
f 374/316/69 1575/315/69 375/317/69
f 377/318/66 1576/317/66 378/319/66
f 1577/320/65 1578/319/65 1579/321/65
f 383/321/64 1580/1234/64 384/323/64
f 1581/324/71 1582/117/71 1583/119/71
f 1584/97/156 1585/1235/156 1586/326/156
f 1587/327/72 1588/1236/72 1589/328/72
f 1590/328/91 1591/1236/91 1592/330/91
f 398/331/60 1593/330/60 399/332/60
f 1594/333/88 1595/332/88 1596/334/88
f 404/335/62 1597/334/62 405/336/62
f 145/140/3 144/139/3 407/337/3
f 408/338/2 284/247/2 283/246/2
f 410/339/3 1531/1230/3 285/248/3
f 411/340/3 1598/1237/3 412/341/3
f 414/343/11 1599/572/11 415/344/11
f 417/346/10 1600/437/10 418/347/10
f 420/349/3 1601/1238/3 421/350/3
f 423/352/2 1602/464/2 424/353/2
f 426/355/8 1603/1239/8 427/356/8
f 429/358/2 1604/557/2 430/359/2
f 432/361/9 1605/1240/9 433/362/9
f 435/364/7 1606/546/7 436/365/7
f 438/367/3 454/383/3 439/368/3
f 441/370/6 1607/451/6 442/371/6
f 444/373/3 451/380/3 413/342/3
f 445/374/2 1608/1241/2 446/375/2
f 448/377/1 1609/486/1 449/378/1
f 440/369/3 439/368/3 451/380/3
f 424/353/2 1610/559/2 452/381/2
f 453/382/3 456/385/3 454/383/3
f 455/384/3 458/387/3 456/385/3
f 455/384/3 720/584/3 457/386/3
f 422/351/3 460/389/3 459/388/3
f 460/389/3 462/391/3 461/390/3
f 462/391/3 464/393/3 463/392/3
f 464/393/3 466/395/3 465/394/3
f 466/395/3 1611/1242/3 467/396/3
f 467/396/3 1611/1242/3 468/397/3
f 470/399/3 590/487/3 471/400/3
f 471/400/3 474/403/3 473/402/3
f 474/403/3 476/405/3 475/404/3
f 476/405/3 478/407/3 477/406/3
f 478/407/3 480/409/3 479/408/3
f 480/409/3 597/493/3 481/410/3
f 482/411/75 1612/414/75 483/412/75
f 485/414/52 1613/416/52 486/415/52
f 488/416/76 1614/418/76 489/417/76
f 491/418/77 1615/420/77 492/419/77
f 494/420/78 1616/1243/78 495/421/78
f 497/421/119 1617/1243/119 498/422/119
f 500/424/45 1618/427/45 501/425/45
f 503/427/80 1619/429/80 504/428/80
f 506/429/157 1620/431/157 507/430/157
f 509/431/48 1621/433/48 510/432/48
f 512/433/49 1622/1244/49 513/434/49
f 515/434/50 1623/1244/50 516/435/50
f 518/437/71 1624/346/71 519/438/71
f 1625/440/158 1626/443/158 1627/441/158
f 524/443/159 1628/445/159 525/444/159
f 1629/445/93 1630/447/93 1631/446/93
f 1632/447/83 1633/449/83 1634/448/83
f 1635/449/68 1636/491/68 1637/450/68
f 1638/451/160 1639/370/160 1640/452/160
f 539/454/72 1641/457/72 540/455/72
f 1642/457/91 1643/459/91 1644/458/91
f 1645/459/161 1646/461/161 1647/460/161
f 548/461/162 1648/463/162 549/462/162
f 551/463/62 1649/374/62 552/376/62
f 1650/464/62 1651/352/62 1652/465/62
f 557/466/162 1653/465/162 558/467/162
f 1654/468/60 1655/467/60 1656/469/60
f 1657/470/91 1658/469/91 1659/471/91
f 1660/471/153 1661/1245/153 1662/473/153
f 1663/474/84 1664/372/84 1665/371/84
f 1666/347/163 1667/1246/163 1668/476/163
f 1669/477/164 1670/1247/164 1671/478/164
f 1672/478/165 1673/1247/165 1674/480/165
f 1675/481/70 1676/480/70 1677/482/70
f 584/483/67 1678/482/67 585/484/67
f 587/485/68 1679/484/68 588/486/68
f 469/398/3 468/397/3 590/487/3
f 591/488/1 1680/583/1 592/489/1
f 594/491/1 722/586/1 595/492/1
f 597/493/3 1681/1248/3 598/494/3
f 599/495/3 603/499/3 600/496/3
f 602/498/3 605/501/3 600/496/3
f 604/500/3 607/503/3 605/501/3
f 606/502/3 609/505/3 607/503/3
f 608/504/3 611/507/3 609/505/3
f 610/506/3 723/587/3 611/507/3
f 612/508/18 1682/512/18 613/509/18
f 615/511/95 1683/514/95 616/512/95
f 618/513/20 1684/516/20 619/514/20
f 621/515/21 1685/518/21 622/516/21
f 624/517/22 1686/520/22 625/518/22
f 627/517/23 1687/710/23 628/519/23
f 630/521/166 1688/525/166 631/522/166
f 633/524/97 1689/527/97 634/525/97
f 636/526/98 1690/529/98 637/527/98
f 639/528/167 1691/531/167 640/529/167
f 642/530/100 1692/533/100 643/531/100
f 645/530/101 1693/687/101 646/532/101
f 1694/344/30 1695/1249/30 1696/534/30
f 651/535/31 1697/539/31 652/536/31
f 1698/538/32 1699/541/32 1700/539/32
f 1701/540/168 1702/543/168 1703/541/168
f 660/542/37 1704/545/37 661/543/37
f 663/544/36 1705/585/36 664/545/36
s 1
f 666/546/102 1706/1250/102 667/547/24
s 0
f 1707/548/25 1708/552/25 1709/549/25
f 1710/551/144 1711/554/144 1712/549/144
f 675/553/150 1713/556/150 676/554/150
f 1714/555/105 1715/558/105 1716/556/105
f 1717/557/44 1718/358/44 1719/558/44
f 684/559/29 1720/561/29 685/560/29
f 1721/561/105 1722/563/105 1723/562/105
f 690/563/42 1724/565/42 691/564/42
f 1725/565/26 1726/568/26 1727/566/26
f 696/567/25 1728/1251/25 697/566/25
f 1729/364/24 1730/366/24 1731/569/24
f 702/571/40 1732/1252/40 703/572/40
f 705/573/31 1733/577/31 706/574/31
f 1734/573/169 1735/578/169 1736/576/169
f 1737/578/33 1738/580/33 1739/579/33
f 714/580/170 1740/582/170 715/581/170
f 717/582/36 1741/489/36 718/583/36
f 720/584/3 599/495/3 601/497/3
f 721/585/1 1742/544/1 595/492/1
f 598/494/3 1681/1248/3 723/587/3
f 724/588/9 1743/1253/9 725/589/9
f 1011/779/3 1010/778/3 1744/1254/3
f 1744/1254/3 1745/1255/3 1011/779/3
f 1745/1255/3 1746/699/3 1011/779/3
f 1747/1256/3 1748/1257/3 1749/695/3
f 1748/1257/3 742/606/3 1749/695/3
f 742/606/3 1011/779/3 1750/1258/3
f 1011/779/3 1746/699/3 1751/707/3
f 1011/779/3 1751/707/3 729/593/3
f 1750/1258/3 1011/779/3 729/593/3
f 1752/696/3 1749/695/3 742/606/3
f 1752/696/3 742/606/3 1750/1258/3
f 1753/1259/3 1754/668/3 1755/1260/3
f 1754/668/3 1756/435/3 1755/1260/3
f 1755/1260/3 1756/435/3 1757/1261/3
f 1756/435/3 1758/1244/3 1759/1262/3
f 1757/1261/3 1756/435/3 1759/1262/3
f 1758/1244/3 1760/433/3 1761/1263/3
f 1759/1262/3 1758/1244/3 1761/1263/3
f 1760/433/3 1762/431/3 1763/1264/3
f 1761/1263/3 1760/433/3 1763/1264/3
f 1762/431/3 1764/429/3 1763/1264/3
f 1763/1264/3 1764/429/3 1765/1265/3
f 1764/429/3 1766/427/3 1767/1266/3
f 1765/1265/3 1764/429/3 1767/1266/3
f 1766/427/3 1768/424/3 1767/1266/3
f 1769/1267/3 1765/1265/3 1767/1266/3
f 1770/189/3 1771/677/3 1772/1268/3
f 1771/677/3 1773/673/3 1774/675/3
f 1772/1268/3 1771/677/3 1775/654/3
f 1774/675/3 1776/706/3 1771/677/3
f 1776/706/3 1777/716/3 1771/677/3
f 1777/716/3 1778/652/3 1775/654/3
f 1771/677/3 1777/716/3 1775/654/3
f 1775/654/3 1779/667/3 1772/1268/3
f 1779/667/3 1780/657/3 1781/1269/3
f 1780/657/3 1782/656/3 1783/683/3
f 1781/1269/3 1780/657/3 1784/636/3
f 1783/683/3 1785/613/3 1784/636/3
f 1785/613/3 1786/612/3 1784/636/3
f 1786/612/3 1787/634/3 1784/636/3
f 1784/636/3 1788/637/3 1781/1269/3
f 1781/1269/3 1772/1268/3 1779/667/3
f 1780/657/3 1783/683/3 1784/636/3
f 1770/189/3 1772/1268/3 1789/1270/3
f 1790/190/3 1770/189/3 1791/1271/3
f 1770/189/3 1789/1270/3 1792/1272/3
f 1770/189/3 1792/1272/3 1791/1271/3
f 1793/188/3 1790/190/3 1794/1273/3
f 1790/190/3 1791/1271/3 1794/1273/3
f 1795/186/3 1793/188/3 1796/1274/3
f 1793/188/3 1794/1273/3 1796/1274/3
f 1797/184/3 1795/186/3 1796/1274/3
f 1798/182/3 1797/184/3 1799/1275/3
f 1797/184/3 1796/1274/3 1800/1276/3
f 1797/184/3 1800/1276/3 1799/1275/3
f 1801/179/3 1798/182/3 1799/1275/3
f 1800/1276/3 1802/1277/3 1799/1275/3
f 1768/424/3 1752/696/3 1803/1278/3
f 1804/1279/3 1769/1267/3 1767/1266/3
f 1768/424/3 1803/1278/3 1767/1266/3
f 1751/707/3 1801/179/3 1805/1280/3
f 1805/1280/3 1801/179/3 1799/1275/3
f 1802/1277/3 1806/1281/3 1799/1275/3
f 1807/1282/3 1804/1279/3 1767/1266/3
f 1767/1266/3 1808/1283/3 1807/1282/3
f 1806/1281/3 1809/1284/3 1799/1275/3
f 1809/1284/3 1810/1285/3 1799/1275/3
f 1811/1286/3 1812/1287/3 1813/1288/3
f 1812/1287/3 1750/1258/3 1813/1288/3
f 1750/1258/3 1803/1278/3 1752/696/3
f 729/593/3 1814/1289/3 1815/1290/3
f 1814/1289/3 1816/1291/3 1817/1292/3
f 1815/1290/3 1814/1289/3 1817/1292/3
f 1751/707/3 1805/1280/3 729/593/3
f 1818/1293/3 1813/1288/3 1750/1258/3
f 1816/1291/3 1819/1294/3 1817/1292/3
f 1819/1294/3 1820/1295/3 1817/1292/3
f 1815/1290/3 1821/1296/3 729/593/3
f 1818/1293/3 1750/1258/3 1822/1297/3
f 1750/1258/3 729/593/3 728/592/3
f 1822/1297/3 1750/1258/3 1823/1298/3
f 1824/1299/3 1825/1300/3 1822/1297/3
f 1826/1301/3 1827/1302/3 1828/1303/3
f 729/593/3 1821/1296/3 1826/1301/3
f 1823/1298/3 1824/1299/3 1822/1297/3
f 728/592/3 1823/1298/3 1750/1258/3
f 1826/1301/3 1828/1303/3 727/591/3
f 1826/1301/3 727/591/3 729/593/3
f 730/594/2 1829/1304/2 731/595/2
f 733/597/8 1830/1305/8 734/598/8
f 736/600/1 1831/1306/1 737/601/1
f 739/603/112 1832/1307/112 740/604/112
f 742/606/3 1748/1257/3 1833/1308/3
f 1834/1309/3 1835/1310/3 1836/734/3
f 742/606/3 1833/1308/3 1834/1309/3
f 1837/1311/3 1838/1312/3 1839/512/3
f 1838/1312/3 742/606/3 744/607/3
f 1840/509/3 1838/1312/3 744/607/3
f 1841/1313/3 1842/1314/3 1843/519/3
f 1842/1314/3 1844/1315/3 1843/519/3
f 1843/519/3 1844/1315/3 1837/1311/3
f 1834/1309/3 1836/734/3 1845/422/3
f 1834/1309/3 1845/422/3 1846/1243/3
f 1843/519/3 1837/1311/3 1847/520/3
f 1848/1316/3 1849/1317/3 1850/619/3
f 1849/1317/3 1851/1318/3 1850/619/3
f 1850/619/3 1852/711/3 1853/626/3
f 1136/904/3 1848/1316/3 1850/619/3
f 1852/711/3 1850/619/3 1851/1318/3
f 1854/628/3 1850/619/3 1853/626/3
f 1855/648/3 1853/626/3 1852/711/3
f 1856/622/3 1857/624/3 1852/711/3
f 1857/624/3 1855/648/3 1852/711/3
f 1843/519/3 1852/711/3 1841/1313/3
f 1841/1313/3 1852/711/3 1851/1318/3
f 742/606/3 1834/1309/3 743/411/3
f 1834/1309/3 1846/1243/3 1858/420/3
f 1834/1309/3 1858/420/3 1859/418/3
f 1860/518/3 1847/520/3 1837/1311/3
f 1834/1309/3 1859/418/3 1861/416/3
f 1834/1309/3 1861/416/3 1862/414/3
f 1863/516/3 1860/518/3 1837/1311/3
f 1864/514/3 1863/516/3 1837/1311/3
f 1834/1309/3 1862/414/3 743/411/3
f 1839/512/3 1864/514/3 1837/1311/3
f 1840/509/3 1839/512/3 1838/1312/3
f 745/608/17 1865/1319/17 746/609/17
f 748/611/77 1866/693/77 749/612/77
f 751/609/16 1867/1319/16 752/614/16
f 754/616/45 1868/650/45 755/617/45
f 757/619/113 1869/730/113 758/620/113
f 760/622/114 1870/1320/114 761/623/114
f 763/620/115 1871/1321/115 764/625/115
f 766/626/19 1872/649/19 767/627/19
f 769/413/116 1873/1322/116 770/607/116
f 772/629/117 1874/616/117 773/618/117
f 775/631/118 1875/692/118 776/632/118
f 778/634/119 1876/1323/119 779/635/119
f 783/637/120 1877/636/120 1878/635/120
f 1878/635/120 781/287/120 783/637/120
f 784/638/52 1879/646/52 785/639/52
f 787/641/78 1880/1324/78 788/642/78
f 790/642/119 1881/1324/119 791/644/119
f 793/646/76 1882/712/76 794/647/76
f 796/648/121 1883/722/121 797/649/121
f 799/650/80 1884/738/80 800/651/80
f 802/652/18 1885/717/18 803/653/18
f 805/655/75 1886/731/75 806/656/75
f 808/658/122 1887/724/122 809/659/122
f 811/661/75 1888/638/75 812/640/75
f 814/663/16 1889/1325/16 815/664/16
f 817/666/116 1890/655/116 818/657/116
f 822/668/123 1891/681/123 1892/680/123
f 1892/680/123 820/436/123 822/668/123
f 823/669/12 1893/728/12 824/670/12
f 826/672/117 1894/1326/117 827/167/117
f 829/673/22 1895/1327/22 830/674/22
f 832/676/134 1896/1327/134 833/673/134
f 837/678/171 1897/737/171 1898/736/171
f 1898/736/123 835/274/123 837/678/123
f 838/654/116 1899/653/116 817/666/116
f 839/679/50 1900/1328/50 840/680/50
f 842/682/76 1901/611/76 843/613/76
f 845/684/115 1902/729/115 846/685/115
f 848/687/130 1903/721/130 849/688/130
f 851/689/97 1904/709/97 852/690/97
f 854/692/80 1905/658/80 855/660/80
f 857/693/78 1906/1323/78 858/634/78
f 860/694/125 1907/719/125 861/695/125
f 863/697/117 1908/703/117 864/698/117
f 866/700/48 1909/704/48 867/701/48
f 869/691/12 1910/690/12 870/703/12
f 872/426/126 1911/694/126 873/696/126
f 875/704/49 1912/1328/49 876/679/49
f 878/675/21 1913/674/21 879/705/21
f 881/707/116 1914/1329/116 882/180/116
f 770/607/116 1873/1322/116 884/510/116
f 886/708/127 1915/726/127 887/709/127
f 889/710/172 1916/735/172 890/711/172
f 892/712/77 1917/641/77 893/643/77
f 895/713/14 1918/718/14 896/714/14
f 898/716/19 1919/720/19 899/717/19
f 901/665/15 1920/664/15 902/718/15
f 904/719/116 1921/661/116 905/662/116
f 907/625/126 1922/1321/126 908/523/126
f 910/706/20 1923/705/20 911/720/20
f 913/721/17 1924/1325/17 914/663/17
f 916/264/117 1894/1326/117 826/672/117
f 918/624/21 1925/623/21 919/722/21
f 921/723/130 1926/608/130 922/610/130
f 924/724/173 1927/732/173 925/725/173
f 927/615/15 1928/614/15 928/726/15
f 930/727/128 1929/676/128 931/677/128
f 933/698/125 1930/1329/125 934/707/125
f 936/715/13 1931/714/13 937/728/13
f 939/729/126 1932/631/126 940/633/126
f 942/671/117 1933/670/117 772/629/117
f 943/628/131 1934/627/131 944/730/131
f 946/277/113 1935/684/113 947/686/113
f 949/731/132 1936/682/132 950/683/132
f 952/732/133 1937/1330/133 953/733/133
f 957/734/120 1938/645/120 1939/644/120
f 1939/644/120 955/423/120 957/734/120
f 958/735/134 1940/1320/134 959/622/134
f 961/733/135 1941/1330/135 962/736/135
f 964/738/157 1942/700/157 965/702/157
f 1943/275/3 1944/686/3 1945/1331/3
f 1944/686/3 1946/1332/3 1947/1333/3
f 1948/1334/3 1944/686/3 1947/1333/3
f 1948/1334/3 1949/1335/3 1944/686/3
f 1949/1335/3 1950/1336/3 1944/686/3
f 1950/1336/3 1951/1337/3 1944/686/3
f 1951/1337/3 1945/1331/3 1944/686/3
f 1945/1331/3 1952/1338/3 1953/1339/3
f 1945/1331/3 1953/1339/3 1954/1340/3
f 1955/278/3 1943/275/3 1956/1341/3
f 1943/275/3 1945/1331/3 1954/1340/3
f 1954/1340/3 1957/1342/3 1943/275/3
f 1943/275/3 1957/1342/3 1958/1343/3
f 1958/1343/3 1959/1344/3 1960/1345/3
f 1943/275/3 1958/1343/3 1961/1346/3
f 1962/280/3 1955/278/3 1963/1347/3
f 1943/275/3 1961/1346/3 1964/1348/3
f 1958/1343/3 1960/1345/3 1961/1346/3
f 1964/1348/3 1965/1349/3 1966/1350/3
f 1965/1349/3 1967/1351/3 1968/1352/3
f 1943/275/3 1964/1348/3 1969/1353/3
f 1965/1349/3 1968/1352/3 1966/1350/3
f 1967/1351/3 1970/1354/3 1968/1352/3
f 1943/275/3 1969/1353/3 1956/1341/3
f 1971/282/3 1962/280/3 1972/1355/3
f 1970/1354/3 1973/1356/3 1968/1352/3
f 1973/1356/3 1974/1357/3 1975/1358/3
f 1975/1358/3 1976/1359/3 1977/1360/3
f 1976/1359/3 1978/1361/3 1977/1360/3
f 1978/1361/3 1979/1362/3 1977/1360/3
f 1977/1360/3 1980/1363/3 1968/1352/3
f 1966/1350/3 1969/1353/3 1964/1348/3
f 1956/1341/3 1981/1364/3 1955/278/3
f 1962/280/3 1963/1347/3 1982/1365/3
f 1977/1360/3 1968/1352/3 1973/1356/3
f 1973/1356/3 1975/1358/3 1977/1360/3
f 1983/284/3 1971/282/3 1984/1366/3
f 1955/278/3 1981/1364/3 1963/1347/3
f 1981/1364/3 1985/1367/3 1986/1368/3
f 1985/1367/3 1987/1369/3 1986/1368/3
f 1988/1232/3 1983/284/3 1989/1370/3
f 1962/280/3 1982/1365/3 1972/1355/3
f 1987/1369/3 1990/1371/3 1986/1368/3
f 1990/1371/3 1991/1372/3 1992/1373/3
f 1992/1373/3 1993/1374/3 1990/1371/3
f 1993/1374/3 1994/1375/3 1990/1371/3
f 1994/1375/3 1995/1376/3 1996/1377/3
f 1995/1376/3 1997/1378/3 1996/1377/3
f 1997/1378/3 1998/1379/3 1996/1377/3
f 1996/1377/3 1999/1380/3 1986/1368/3
f 1996/1377/3 1986/1368/3 1994/1375/3
f 1986/1368/3 1963/1347/3 1981/1364/3
f 1994/1375/3 1986/1368/3 1990/1371/3
f 1982/1365/3 2000/1381/3 2001/1382/3
f 1982/1365/3 2001/1382/3 1972/1355/3
f 1971/282/3 2002/1383/3 1984/1366/3
f 1971/282/3 1972/1355/3 2002/1383/3
f 1781/1269/3 1788/637/3 2003/1384/3
f 1788/637/3 2004/286/3 2003/1384/3
f 2004/286/3 1988/1232/3 1989/1370/3
f 1983/284/3 1984/1366/3 1989/1370/3
f 2005/1385/3 2003/1384/3 2004/286/3
f 2005/1385/3 2004/286/3 2006/1386/3
f 2006/1386/3 2004/286/3 1989/1370/3
f 2007/1387/3 2008/1388/3 2009/1389/3
f 2007/1387/3 2009/1389/3 2010/1390/3
f 2002/1383/3 2007/1387/3 2011/1391/3
f 2007/1387/3 2010/1390/3 2011/1391/3
f 2011/1391/3 969/741/3 2002/1383/3
f 2012/1392/3 2013/1393/3 1810/1285/3
f 2013/1393/3 1799/1275/3 1810/1285/3
f 969/741/3 2012/1392/3 2014/1394/3
f 2002/1383/3 969/741/3 968/740/3
f 2015/1395/3 1984/1366/3 2002/1383/3
f 2012/1392/3 1810/1285/3 2014/1394/3
f 2016/1396/3 2015/1395/3 2002/1383/3
f 968/740/3 2016/1396/3 2002/1383/3
f 969/741/3 2014/1394/3 967/739/3
f 970/742/3 2017/1397/3 971/743/3
f 973/745/3 2018/1398/3 974/746/3
f 2019/1399/3 2020/1400/3 2021/1401/3
f 2020/1400/3 2022/1402/3 2023/1403/3
f 2023/1403/3 2024/1404/3 2020/1400/3
f 2024/1404/3 2025/1405/3 2020/1400/3
f 2020/1400/3 2025/1405/3 2026/1406/3
f 2027/1407/3 2028/1408/3 1808/1283/3
f 2028/1408/3 2019/1399/3 2029/1409/3
f 2030/1410/3 2020/1400/3 2026/1406/3
f 2020/1400/3 2031/1411/3 2021/1401/3
f 2020/1400/3 2030/1410/3 2032/1412/3
f 1808/1283/3 1767/1266/3 2027/1407/3
f 2029/1409/3 1808/1283/3 2028/1408/3
f 2020/1400/3 2032/1412/3 2031/1411/3
f 2032/1412/3 2033/1413/3 2034/1414/3
f 2035/1415/3 2029/1409/3 2019/1399/3
f 2032/1412/3 2034/1414/3 2031/1411/3
f 2019/1399/3 2021/1401/3 2036/1416/3
f 2035/1415/3 2019/1399/3 2036/1416/3
f 2037/1417/3 2038/1418/3 2039/1419/3
f 2038/1418/3 2040/1420/3 2039/1419/3
f 2021/1401/3 2037/1417/3 2041/529/3
f 2036/1416/3 2021/1401/3 2042/1421/3
f 2043/1422/3 2044/1423/3 2045/1424/3
f 2044/1423/3 2046/1425/3 2047/1426/3
f 2037/1417/3 2039/1419/3 2048/527/3
f 2044/1423/3 2047/1426/3 2045/1424/3
f 2046/1425/3 2049/1427/3 2047/1426/3
f 2042/1421/3 2021/1401/3 2050/1428/3
f 2039/1419/3 2043/1422/3 2048/527/3
f 2050/1428/3 2021/1401/3 2051/1429/3
f 2051/1429/3 2021/1401/3 2041/529/3
f 2049/1427/3 2052/1430/3 2047/1426/3
f 2052/1430/3 2053/1431/3 2054/1432/3
f 2054/1432/3 2055/1433/3 2056/1434/3
f 2055/1433/3 2057/1435/3 2056/1434/3
f 2057/1435/3 2058/1436/3 2056/1434/3
f 2056/1434/3 2059/1437/3 2047/1426/3
f 2045/1424/3 2060/1438/3 2043/1422/3
f 2056/1434/3 2047/1426/3 2052/1430/3
f 2052/1430/3 2054/1432/3 2056/1434/3
f 2041/529/3 2037/1417/3 2048/527/3
f 2061/1439/3 2051/1429/3 2062/531/3
f 2043/1422/3 2060/1438/3 2063/525/3
f 2060/1438/3 2064/1440/3 2063/525/3
f 2043/1422/3 2063/525/3 2048/527/3
f 2065/1441/3 2066/1442/3 2067/1443/3
f 2066/1442/3 2068/1444/3 2067/1443/3
f 2068/1444/3 2069/1445/3 2067/1443/3
f 2064/1440/3 2065/1441/3 2070/522/3
f 978/748/3 2061/1439/3 976/533/3
f 2069/1445/3 2071/1446/3 2067/1443/3
f 2071/1446/3 2072/1447/3 2073/1448/3
f 2073/1448/3 2074/1449/3 2075/1450/3
f 2075/1450/3 2076/1451/3 2077/1452/3
f 2077/1452/3 2078/1453/3 2079/1454/3
f 2079/1454/3 2067/1443/3 2071/1446/3
f 2067/1443/3 2080/1455/3 2065/1441/3
f 2081/1456/3 2082/1457/3 2083/1458/3
f 2077/1452/3 2079/1454/3 2075/1450/3
f 2075/1450/3 2079/1454/3 2073/1448/3
f 2081/1456/3 2083/1458/3 2084/1459/3
f 2073/1448/3 2079/1454/3 2071/1446/3
f 2081/1456/3 2084/1459/3 2070/522/3
f 2084/1459/3 2085/1460/3 2070/522/3
f 2080/1455/3 2081/1456/3 2070/522/3
f 2070/522/3 2065/1441/3 2080/1455/3
f 2064/1440/3 2070/522/3 2063/525/3
f 2051/1429/3 2041/529/3 2062/531/3
f 2086/1461/3 978/748/3 977/532/3
f 2087/1462/3 2086/1461/3 977/532/3
f 2061/1439/3 2062/531/3 976/533/3
f 1754/668/3 1753/1259/3 2088/681/3
f 1753/1259/3 2089/1463/3 2090/630/3
f 2088/681/3 1753/1259/3 2091/618/3
f 2092/1464/3 2093/1465/3 2094/1466/3
f 2095/1467/3 2096/1468/3 2097/625/3
f 2092/1464/3 2094/1466/3 2095/1467/3
f 2085/1460/3 2092/1464/3 2070/522/3
f 2092/1464/3 2095/1467/3 2070/522/3
f 2095/1467/3 2097/625/3 2070/522/3
f 2088/681/3 2091/618/3 2098/651/3
f 2099/701/3 2100/679/3 2088/681/3
f 2098/651/3 2101/702/3 2088/681/3
f 2101/702/3 2099/701/3 2088/681/3
f 2091/618/3 2102/617/3 2098/651/3
f 2103/669/3 2104/671/3 2105/715/3
f 2104/671/3 2090/630/3 2089/1463/3
f 2090/630/3 2091/618/3 1753/1259/3
f 2104/671/3 2089/1463/3 2106/688/3
f 2107/713/3 2105/715/3 2106/688/3
f 2106/688/3 2105/715/3 2104/671/3
f 2108/663/3 2109/665/3 2106/688/3
f 2109/665/3 2107/713/3 2106/688/3
f 977/532/3 2106/688/3 2089/1463/3
f 977/532/3 2089/1463/3 2087/1462/3
f 981/751/3 2110/1469/3 979/749/3
f 2110/1469/3 2111/1470/3 979/749/3
f 984/754/3 2112/1471/3 982/752/3
f 2112/1471/3 2113/1472/3 982/752/3
f 2114/1473/3 2115/1474/3 2116/1475/3
f 2117/1476/3 2118/1477/3 2119/1478/3
f 2120/1479/3 2114/1473/3 2121/1480/3
f 2114/1473/3 2116/1475/3 2121/1480/3
f 2116/1475/3 2117/1476/3 2122/1481/3
f 2117/1476/3 2119/1478/3 2122/1481/3
f 986/756/3 2120/1479/3 2123/1482/3
f 2124/1483/3 2125/1484/3 2126/1485/3
f 2125/1484/3 2127/1486/3 985/755/3
f 2126/1485/3 2125/1484/3 985/755/3
f 985/755/3 2127/1486/3 986/756/3
f 1836/734/3 1835/1310/3 2128/645/3
f 1835/1310/3 2129/1487/3 2130/662/3
f 2128/645/3 1835/1310/3 2130/662/3
f 2131/643/3 2132/642/3 2128/645/3
f 2133/639/3 2134/647/3 2128/645/3
f 2134/647/3 2131/643/3 2128/645/3
f 2130/662/3 2135/640/3 2133/639/3
f 2136/1488/3 1747/1256/3 1749/695/3
f 2137/1489/3 2138/1490/3 2139/1491/3
f 2139/1491/3 2136/1488/3 1749/695/3
f 1749/695/3 2130/662/3 985/755/3
f 2130/662/3 2133/639/3 2128/645/3
f 2140/755/3 2141/662/3 2142/1487/3
f 2139/1491/3 1749/695/3 985/755/3
f 987/757/3 2137/1489/3 985/755/3
f 2137/1489/3 2139/1491/3 985/755/3
f 2143/1492/3 2144/1493/3 2145/1494/3
f 2144/1493/3 2146/1495/3 2147/1496/3
f 2145/1494/3 2144/1493/3 2147/1496/3
f 2123/1482/3 2147/1496/3 2146/1495/3
f 2148/1497/3 2149/1498/3 2150/1499/3
f 2149/1498/3 2151/1500/3 2152/1501/3
f 2148/1497/3 2150/1499/3 2153/1502/3
f 2123/1482/3 2146/1495/3 986/756/3
f 2146/1495/3 987/757/3 986/756/3
f 2154/1503/3 2148/1497/3 2153/1502/3
f 2150/1499/3 2149/1498/3 2152/1501/3
f 2155/1504/3 2152/1501/3 2151/1500/3
f 2116/1475/3 2122/1481/3 2121/1480/3
f 2121/1480/3 2155/1504/3 2120/1479/3
f 2155/1504/3 2151/1500/3 2120/1479/3
f 2151/1500/3 2123/1482/3 2120/1479/3
f 1746/699/3 1745/1255/3 2156/1505/3
f 2157/1506/3 2158/1507/3 2159/1508/3
f 2158/1507/3 2160/1509/3 2159/1508/3
f 1746/699/3 2156/1505/3 2157/1506/3
f 2161/1510/3 2162/1511/3 2163/697/3
f 2164/1512/3 2165/1513/3 2166/1514/3
f 2165/1513/3 2167/1515/3 2166/1514/3
f 2168/1515/3 2169/1510/3 2170/697/3
f 2163/697/3 1746/699/3 2167/1515/3
f 1746/699/3 2157/1506/3 2167/1515/3
f 2159/1508/3 2171/1516/3 2157/1506/3
f 2171/1516/3 2172/1517/3 2167/1515/3
f 2157/1506/3 2171/1516/3 2167/1515/3
f 2166/1514/3 2167/1515/3 2172/1517/3
f 2173/1518/3 2174/1519/3 2175/1520/3
f 2174/1519/3 2176/1521/3 2177/1522/3
f 2174/1519/3 2177/1522/3 2175/1520/3
f 2166/1514/3 2172/1517/3 2173/1518/3
f 988/758/3 2166/1514/3 2178/1523/3
f 2166/1514/3 2173/1518/3 2178/1523/3
f 2173/1518/3 2175/1520/3 2178/1523/3
f 2179/1524/3 988/758/3 990/760/3
f 2180/1525/3 1031/799/3 2179/1524/3
f 2181/1526/3 2182/1527/3 2180/1525/3
f 2183/1528/3 2184/1529/3 2185/1530/3
f 2184/1529/3 2186/1531/3 2187/1532/3
f 2185/1530/3 2184/1529/3 2187/1532/3
f 2181/1526/3 2180/1525/3 2179/1524/3
f 2186/1531/3 2181/1526/3 2179/1524/3
f 988/758/3 2178/1523/3 2188/1533/3
f 2188/1533/3 2189/1534/3 2190/1535/3
f 2189/1534/3 2191/1536/3 2192/1537/3
f 2192/1537/3 2191/1536/3 2193/1538/3
f 988/758/3 2188/1533/3 989/759/3
f 2191/1536/3 2194/1539/3 2193/1538/3
f 2192/1537/3 2190/1535/3 2189/1534/3
f 2190/1535/3 989/759/3 2188/1533/3
f 990/760/3 2187/1532/3 2186/1531/3
f 990/760/3 2186/1531/3 2179/1524/3
f 2195/691/3 2163/697/3 2196/689/3
f 2163/697/3 2162/1511/3 2197/610/3
f 2198/708/3 2197/610/3 2199/615/3
f 2200/1540/3 1009/777/3 1011/779/3
f 2197/610/3 2198/708/3 2196/689/3
f 2162/1511/3 2200/1540/3 2197/610/3
f 2197/610/3 2196/689/3 2163/697/3
f 2201/609/3 2199/615/3 2197/610/3
f 2202/176/3 2197/610/3 2200/1540/3
f 2200/1540/3 1011/779/3 2203/166/3
f 1011/779/3 993/761/3 2204/672/3
f 993/761/3 2205/1541/3 2206/1542/3
f 2207/1543/3 2208/1544/3 2209/1545/3
f 2208/1544/3 2210/1546/3 2209/1545/3
f 993/761/3 2206/1542/3 2207/1543/3
f 2211/177/3 2202/176/3 2200/1540/3
f 2209/1545/3 2212/1547/3 993/761/3
f 2212/1547/3 2213/1548/3 993/761/3
f 993/761/3 2207/1543/3 2209/1545/3
f 2214/175/3 2211/177/3 2200/1540/3
f 2215/173/3 2214/175/3 2200/1540/3
f 2213/1548/3 2216/1549/3 2217/678/3
f 2213/1548/3 2217/678/3 2218/273/3
f 2219/171/3 2215/173/3 2200/1540/3
f 2220/169/3 2219/171/3 2200/1540/3
f 993/761/3 2213/1548/3 991/265/3
f 2213/1548/3 2218/273/3 2221/1231/3
f 2213/1548/3 2221/1231/3 2222/271/3
f 2203/166/3 2220/169/3 2200/1540/3
f 2204/672/3 2203/166/3 1011/779/3
f 2213/1548/3 2222/271/3 2223/269/3
f 2213/1548/3 2223/269/3 2224/267/3
f 992/262/3 2204/672/3 993/761/3
f 2213/1548/3 2224/267/3 991/265/3
f 996/764/8 2225/1550/8 2226/1551/8
f 2226/1551/8 994/762/8 996/764/8
f 998/766/1 2227/1552/1 2228/1553/1
f 2228/1553/1 999/767/1 998/766/1
f 999/767/1 2229/1554/1 997/765/1
f 1001/769/8 2230/1555/8 1002/770/8
f 1002/770/8 2231/1556/8 1000/768/8
f 2231/1556/8 2232/1557/8 1000/768/8
f 1005/773/8 2233/1558/8 2234/1559/8
f 2234/1559/8 1003/771/8 1005/773/8
f 1008/776/9 2235/1560/9 2236/1561/9
f 2236/1561/9 1006/774/9 1008/776/9
f 1014/782/8 2237/1562/8 2238/1563/8
f 2238/1563/8 1012/780/8 1014/782/8
f 1015/783/2 2239/1564/2 1016/784/2
f 1020/788/9 2240/1565/9 2241/1566/9
f 2241/1566/9 1018/786/9 1020/788/9
f 1021/789/2 2242/1567/2 2243/1568/2
f 2243/1568/2 1022/790/2 1021/789/2
f 1022/790/2 2244/1569/2 1023/791/2
f 1026/794/9 2245/1570/9 2246/1571/9
f 2246/1571/9 1024/792/9 1026/794/9
f 1027/795/9 2247/1572/9 2248/1573/9
f 2248/1573/9 1028/796/9 1027/795/9
f 1028/796/9 2249/1574/9 1029/797/9
f 1031/799/3 2180/1525/3 1032/800/3
f 2165/1513/3 2164/1512/3 2250/1575/3
f 2250/1575/3 2251/1576/3 2165/1513/3
f 2251/1576/3 1030/798/3 1032/800/3
f 1032/800/3 2165/1513/3 2251/1576/3
f 2138/1490/3 2137/1489/3 2252/1577/3
f 2253/1578/3 2254/1579/3 2138/1490/3
f 2254/1579/3 2255/1580/3 2138/1490/3
f 2138/1490/3 2252/1577/3 2253/1578/3
f 2256/1581/3 2257/1582/3 2258/1583/3
f 1035/803/3 2259/1584/3 2258/1583/3
f 2259/1584/3 2256/1581/3 2258/1583/3
f 1035/803/3 2258/1583/3 1033/801/3
f 2258/1583/3 2138/1490/3 2260/1585/3
f 2255/1580/3 2261/1586/3 2262/1587/3
f 2262/1587/3 2263/1588/3 2143/1492/3
f 2145/1494/3 2264/1589/3 2265/1590/3
f 2262/1587/3 2143/1492/3 2145/1494/3
f 2255/1580/3 2262/1587/3 2145/1494/3
f 2265/1590/3 2266/1591/3 2267/1592/3
f 2255/1580/3 2145/1494/3 2265/1590/3
f 1033/801/3 2258/1583/3 2268/1593/3
f 2269/1594/3 2270/1595/3 1035/803/3
f 2118/1477/3 2271/1596/3 2269/1594/3
f 1034/802/3 2272/1597/3 2119/1478/3
f 2119/1478/3 2118/1477/3 2269/1594/3
f 2255/1580/3 2265/1590/3 2267/1592/3
f 2260/1585/3 2154/1503/3 2258/1583/3
f 2154/1503/3 2153/1502/3 2258/1583/3
f 2138/1490/3 2255/1580/3 2267/1592/3
f 2153/1502/3 2268/1593/3 2258/1583/3
f 2138/1490/3 2267/1592/3 2260/1585/3
f 2119/1478/3 2269/1594/3 1035/803/3
f 1033/801/3 2273/1598/3 1034/802/3
f 1034/802/3 2119/1478/3 1035/803/3
f 2160/1509/3 2158/1507/3 2274/1599/3
f 2158/1507/3 1036/804/3 2193/1538/3
f 2274/1599/3 2158/1507/3 2275/1600/3
f 1036/804/3 2182/1527/3 2276/1601/3
f 2182/1527/3 2181/1526/3 2277/1602/3
f 2277/1602/3 2276/1601/3 2182/1527/3
f 2276/1601/3 2278/1603/3 1036/804/3
f 2275/1600/3 2158/1507/3 2279/1604/3
f 2280/1605/3 2281/1606/3 2275/1600/3
f 2279/1604/3 2158/1507/3 2282/1607/3
f 2278/1603/3 2283/1608/3 1036/804/3
f 2283/1608/3 2284/1609/3 1036/804/3
f 2176/1521/3 2285/1610/3 2280/1605/3
f 2286/1611/3 2177/1522/3 2287/1612/3
f 2177/1522/3 2176/1521/3 2280/1605/3
f 2287/1612/3 2177/1522/3 2275/1600/3
f 2279/1604/3 2288/1613/3 2287/1612/3
f 2275/1600/3 2177/1522/3 2280/1605/3
f 2284/1609/3 2289/1614/3 2290/1615/3
f 2290/1615/3 2291/1616/3 2183/1528/3
f 2185/1530/3 2292/1617/3 2293/1618/3
f 2290/1615/3 2183/1528/3 2185/1530/3
f 2284/1609/3 2290/1615/3 2185/1530/3
f 2293/1618/3 2294/1619/3 1037/805/3
f 2284/1609/3 2185/1530/3 2293/1618/3
f 2194/1539/3 2282/1607/3 2158/1507/3
f 2194/1539/3 2158/1507/3 2193/1538/3
f 2279/1604/3 2287/1612/3 2275/1600/3
f 2284/1609/3 2293/1618/3 1037/805/3
f 1038/806/3 2193/1538/3 1036/804/3
f 1036/804/3 2284/1609/3 1037/805/3
f 1039/807/2 2295/1620/2 1040/808/2
f 2296/810/2 2297/1621/2 2298/811/2
f 1045/813/1 2299/1622/1 1046/814/1
f 1048/816/1 2300/1623/1 1049/817/1
f 1051/819/1 2301/1624/1 1052/820/1
f 2124/1483/3 2126/1485/3 1055/823/3
f 2126/1485/3 1056/824/3 1055/823/3
f 1056/824/3 2302/1625/3 2303/1626/3
f 2302/1625/3 2258/1583/3 2257/1582/3
f 2304/1627/3 2302/1625/3 2257/1582/3
f 2304/1627/3 2303/1626/3 2302/1625/3
f 2303/1626/3 2305/1628/3 1056/824/3
f 2305/1628/3 2115/1474/3 1054/822/3
f 2115/1474/3 2114/1473/3 1054/822/3
f 2305/1628/3 1054/822/3 1056/824/3
f 2306/825/1 2307/1629/1 2308/826/1
f 2309/828/2 2310/1630/2 2311/829/2
f 1063/831/2 2312/1631/2 1064/832/2
f 1068/836/136 2313/1632/136 1066/834/136
f 2313/1632/136 2314/1633/136 1066/834/136
f 1071/839/136 2315/1634/136 1069/837/136
f 2315/1634/136 2316/1635/136 1069/837/136
f 1074/842/137 2317/1636/137 1072/840/137
f 2317/1636/137 2318/1637/137 1072/840/137
f 1075/843/2 2319/1638/2 1076/844/2
f 1080/848/138 2320/1639/138 1078/846/138
f 2320/1639/138 2321/1640/138 1078/846/138
f 1081/849/1 2322/1641/1 1082/850/1
f 1086/854/136 2323/1642/136 1084/852/136
f 2323/1642/136 2324/1643/136 1084/852/136
f 1087/855/1 2325/1644/1 1088/856/1
f 1090/858/2 2326/1645/2 1091/859/2
f 1095/863/139 2327/1646/139 1093/861/139
f 2327/1646/139 2328/1647/139 1093/861/139
f 1096/864/1 2329/1648/1 1097/865/1
f 1101/869/137 2330/1649/137 1099/867/137
f 2330/1649/137 2331/1650/137 1099/867/137
f 1104/872/138 2332/1651/138 1102/870/138
f 2332/1651/138 2333/1652/138 1102/870/138
f 1107/875/138 2334/1653/138 1105/873/138
f 2334/1653/138 2335/1654/138 1105/873/138
f 1108/876/1 2336/1655/1 1109/877/1
f 1113/881/138 2337/1656/138 1111/879/138
f 2337/1656/138 2338/1657/138 1111/879/138
f 1116/884/137 2339/1658/137 1114/882/137
f 2339/1658/137 2340/1659/137 1114/882/137
f 1119/887/139 2341/1660/139 1117/885/139
f 2341/1660/139 2342/1661/139 1117/885/139
f 1120/888/2 2343/1662/2 1121/889/2
f 1125/893/139 2344/1663/139 1123/891/139
f 2344/1663/139 2345/1664/139 1123/891/139
f 1126/894/2 2346/1665/2 1127/895/2
f 1129/897/3 1151/919/3 2347/1666/3
f 1151/919/3 2348/1667/3 2349/1668/3
f 2350/1669/3 2349/1668/3 2351/1670/3
f 2349/1668/3 2352/1671/3 2353/1672/3
f 1151/919/3 2349/1668/3 2350/1669/3
f 2353/1672/3 2351/1670/3 2349/1668/3
f 2351/1670/3 2354/1673/3 2350/1669/3
f 2350/1669/3 2347/1666/3 1151/919/3
f 2347/1666/3 1130/898/3 1129/897/3
f 1130/898/3 2355/1674/3 1131/899/3
f 2356/899/174 2357/1675/174 2358/897/174
f 1134/902/137 2359/1676/137 1132/900/137
f 2359/1676/137 2360/1677/137 1132/900/137
f 2361/1678/3 1838/1312/3 2362/1679/3
f 1838/1312/3 1837/1311/3 2363/1680/3
f 2363/1680/3 2364/1681/3 1838/1312/3
f 2364/1681/3 2365/1682/3 1838/1312/3
f 1838/1312/3 2365/1682/3 2366/1683/3
f 2367/1684/3 2362/1679/3 1838/1312/3
f 2366/1683/3 2368/1685/3 1838/1312/3
f 2368/1685/3 2367/1684/3 1838/1312/3
f 2369/1686/3 2370/1687/3 2371/1688/3
f 2370/1687/3 1135/903/3 2372/1689/3
f 2369/1686/3 2371/1688/3 2366/1683/3
f 2372/1689/3 2371/1688/3 2370/1687/3
f 1137/905/3 2373/1690/3 1135/903/3
f 2373/1690/3 2372/1689/3 1135/903/3
f 2374/1691/3 2375/1692/3 2376/621/3
f 2375/1692/3 2377/1693/3 2376/621/3
f 2376/621/3 2377/1693/3 1137/905/3
f 2376/621/3 1137/905/3 1850/619/3
f 1136/904/3 1850/619/3 1137/905/3
f 2365/1682/3 2369/1686/3 2366/1683/3
f 1838/1312/3 2361/1678/3 2378/1694/3
f 2379/1695/3 2380/1696/3 2376/621/3
f 2380/1696/3 2374/1691/3 2376/621/3
f 2379/1695/3 2376/621/3 1838/1312/3
f 1838/1312/3 2378/1694/3 2379/1695/3
f 2381/1697/3 2205/1541/3 993/761/3
f 2382/1698/3 2383/1699/3 2384/685/3
f 2383/1699/3 2385/1700/3 993/761/3
f 2385/1700/3 2381/1697/3 993/761/3
f 2383/1699/3 993/761/3 2384/685/3
f 2386/1701/3 2387/1702/3 2384/685/3
f 2387/1702/3 2388/1703/3 2384/685/3
f 2384/685/3 2389/1704/3 2386/1701/3
f 2388/1703/3 2382/1698/3 2384/685/3
f 993/761/3 1838/1312/3 1138/906/3
f 1838/1312/3 2376/621/3 2097/625/3
f 2097/625/3 2096/1468/3 2390/1705/3
f 1838/1312/3 2097/625/3 1139/907/3
f 1138/906/3 1838/1312/3 1139/907/3
f 2389/1704/3 2384/685/3 2391/633/3
f 2389/1704/3 2391/633/3 2392/1706/3
f 2097/625/3 2390/1705/3 2393/1707/3
f 2393/1707/3 2394/1708/3 2097/625/3
f 2394/1708/3 2395/1709/3 2097/625/3
f 2395/1709/3 2396/1710/3 2097/625/3
f 2396/1710/3 2397/1711/3 2097/625/3
f 2397/1711/3 2398/1712/3 2097/625/3
f 2398/1712/3 2022/1402/3 2097/625/3
f 2022/1402/3 2020/1400/3 2097/625/3
f 2399/1713/3 2400/1714/3 2401/1715/3
f 2400/1714/3 2389/1704/3 2402/1716/3
f 2399/1713/3 2401/1715/3 2403/1717/3
f 2210/1546/3 2208/1544/3 2404/1718/3
f 2404/1718/3 2399/1713/3 2403/1717/3
f 2403/1717/3 2210/1546/3 2404/1718/3
f 2402/1716/3 2401/1715/3 2400/1714/3
f 2405/1719/3 2406/1720/3 2391/633/3
f 2406/1720/3 2392/1706/3 2391/633/3
f 2405/1719/3 2391/633/3 2407/737/3
f 2392/1706/3 2402/1716/3 2389/1704/3
f 2408/1721/3 2409/1722/3 2217/678/3
f 2409/1722/3 2405/1719/3 2407/737/3
f 2217/678/3 2409/1722/3 2407/737/3
f 2410/1723/3 2408/1721/3 2217/678/3
f 2216/1549/3 2410/1723/3 2217/678/3
f 2411/725/3 2412/733/3 2407/737/3
f 2413/660/3 2414/659/3 2407/737/3
f 2414/659/3 2411/725/3 2407/737/3
f 2391/633/3 2415/632/3 2413/660/3
f 2391/633/3 2413/660/3 2407/737/3
f 2416/1724/3 1946/1332/3 1944/686/3
f 2417/1725/3 2416/1724/3 1944/686/3
f 1944/686/3 2384/685/3 993/761/3
f 1944/686/3 993/761/3 1138/906/3
f 2418/1726/3 2419/1727/3 2011/1391/3
f 2419/1727/3 2417/1725/3 2011/1391/3
f 2417/1725/3 1944/686/3 2011/1391/3
f 2011/1391/3 1944/686/3 1138/906/3
f 2097/625/3 2020/1400/3 1139/907/3
f 1139/907/3 2420/1728/3 2421/1729/3
f 2420/1728/3 2422/1730/3 2423/1731/3
f 2421/1729/3 2420/1728/3 2424/1732/3
f 2423/1731/3 2425/1733/3 2424/1732/3
f 2423/1731/3 2424/1732/3 2420/1728/3
f 1139/907/3 2421/1729/3 1140/908/3
f 2421/1729/3 2426/1734/3 2427/1735/3
f 2428/1736/3 2418/1726/3 2011/1391/3
f 2010/1390/3 2429/1737/3 2011/1391/3
f 2429/1737/3 2430/1738/3 2011/1391/3
f 2430/1738/3 2428/1736/3 2011/1391/3
f 2421/1729/3 2427/1735/3 1140/908/3
f 2426/1734/3 2431/1739/3 2432/1740/3
f 2433/1741/3 2434/1742/3 2435/1743/3
f 2436/1744/3 2437/1745/3 2438/1746/3
f 2437/1745/3 2439/1747/3 2440/1748/3
f 2440/1748/3 2439/1747/3 2441/1749/3
f 2433/1741/3 2435/1743/3 2436/1744/3
f 2442/1750/3 2433/1741/3 2443/1751/3
f 2433/1741/3 2436/1744/3 2444/1752/3
f 2438/1746/3 2437/1745/3 2440/1748/3
f 2439/1747/3 2445/1753/3 2441/1749/3
f 2445/1753/3 2446/1754/3 2441/1749/3
f 2446/1754/3 2447/1755/3 2441/1749/3
f 2433/1741/3 2444/1752/3 2443/1751/3
f 2438/1746/3 2444/1752/3 2436/1744/3
f 2448/1756/3 2442/1750/3 2449/1757/3
f 2444/1752/3 2450/1758/3 2451/1759/3
f 2444/1752/3 2451/1759/3 2443/1751/3
f 2431/1739/3 2448/1756/3 2452/1760/3
f 2442/1750/3 2443/1751/3 2449/1757/3
f 2426/1734/3 2432/1740/3 2427/1735/3
f 2448/1756/3 2449/1757/3 2452/1760/3
f 2431/1739/3 2452/1760/3 2432/1740/3
f 2453/1761/3 2454/1762/3 2455/1763/3
f 2454/1762/3 1138/906/3 1140/908/3
f 2456/1764/3 2454/1762/3 1140/908/3
f 2454/1762/3 2456/1764/3 2455/1763/3
f 2456/1764/3 2457/1765/3 2455/1763/3
f 1141/909/3 2458/1766/3 1142/910/3
f 1144/912/3 2459/1767/3 1145/913/3
f 2460/1768/3 2461/1769/3 2462/1770/3
f 2461/1769/3 2463/1771/3 2464/1772/3
f 2462/1770/3 2461/1769/3 2465/1773/3
f 2464/1772/3 2465/1773/3 2461/1769/3
f 2465/1773/3 2466/1774/3 2462/1770/3
f 2467/1775/3 2468/1776/3 2469/1777/3
f 2468/1776/3 2470/1778/3 2471/1779/3
f 2472/1780/3 2468/1776/3 2471/1779/3
f 2462/1770/3 2467/1775/3 2473/1781/3
f 2474/1782/3 2475/1783/3 2476/1784/3
f 2475/1783/3 2473/1781/3 2477/1785/3
f 2473/1781/3 2460/1768/3 2462/1770/3
f 2468/1776/3 2472/1780/3 2469/1777/3
f 2473/1781/3 2467/1775/3 2469/1777/3
f 2472/1780/3 2478/1786/3 2469/1777/3
f 2477/1785/3 2476/1784/3 2475/1783/3
f 2476/1784/3 2479/1787/3 2474/1782/3
f 2469/1777/3 2477/1785/3 2473/1781/3
f 1148/916/3 2480/1788/3 1149/917/3
f 2480/1788/3 2474/1782/3 1149/917/3
f 2481/1789/3 2482/1790/3 1148/916/3
f 2483/1791/3 1147/915/3 1149/917/3
f 1147/915/3 2481/1789/3 1148/916/3
f 2484/1792/3 1149/917/3 2474/1782/3
f 2485/1793/3 2486/1794/3 2487/1795/3
f 2486/1794/3 2484/1792/3 2488/1796/3
f 2489/1797/3 2486/1794/3 2488/1796/3
f 2489/1797/3 2487/1795/3 2486/1794/3
f 2488/1796/3 2490/1798/3 2489/1797/3
f 2479/1787/3 2488/1796/3 2474/1782/3
f 2474/1782/3 2488/1796/3 2484/1792/3
f 1151/919/3 1129/897/3 2491/1799/3
f 1129/897/3 2492/1800/3 2491/1799/3
f 2491/1799/3 1152/920/3 1151/919/3
f 1152/920/3 2493/1801/3 2494/1802/3
f 2493/1801/3 2495/1803/3 2494/1802/3
f 2495/1803/3 2496/1804/3 2497/1805/3
f 2496/1804/3 2498/1806/3 2499/1807/3
f 2497/1805/3 2496/1804/3 2500/1808/3
f 2499/1807/3 2501/1809/3 2502/1810/3
f 2501/1809/3 2503/1811/3 2502/1810/3
f 2502/1810/3 2500/1808/3 2496/1804/3
f 2500/1808/3 2504/1812/3 2497/1805/3
f 2504/1812/3 2505/1813/3 2506/1814/3
f 2506/1814/3 2507/1815/3 2508/1816/3
f 2507/1815/3 2509/1817/3 2508/1816/3
f 2508/1816/3 2510/1818/3 2504/1812/3
f 2497/1805/3 2494/1802/3 2495/1803/3
f 2494/1802/3 1150/918/3 1152/920/3
f 2508/1816/3 2504/1812/3 2506/1814/3
f 2510/1818/3 2497/1805/3 2504/1812/3
f 2502/1810/3 2496/1804/3 2499/1807/3
f 1153/921/3 2511/1819/3 1154/922/3
f 1156/924/3 2512/1820/3 1157/925/3
f 2513/1821/3 2514/1822/3 2515/1823/3
f 2514/1822/3 2516/1824/3 2515/1823/3
f 2517/1825/3 1160/928/3 2518/1826/3
f 1160/928/3 2519/1827/3 2520/1828/3
f 2520/1828/3 2519/1827/3 2521/1829/3
f 2516/1824/3 2517/1825/3 2518/1826/3
f 2515/1823/3 2522/1830/3 2513/1821/3
f 2523/1831/3 2524/1832/3 2513/1821/3
f 2525/1833/3 2522/1830/3 2515/1823/3
f 2522/1830/3 2523/1831/3 2513/1821/3
f 2526/1834/3 2515/1823/3 2516/1824/3
f 2527/1835/3 2528/1836/3 2529/1837/3
f 2530/1836/3 2526/1834/3 2531/1838/3
f 2532/1839/3 2530/1836/3 2531/1838/3
f 2532/1839/3 2533/1837/3 2530/1836/3
f 2531/1838/3 2534/1840/3 2532/1839/3
f 2518/1826/3 2535/1841/3 2516/1824/3
f 2535/1841/3 2531/1838/3 2516/1824/3
f 1159/927/3 2536/1842/3 1160/928/3
f 2536/1842/3 2518/1826/3 1160/928/3
f 2537/1843/3 2538/1844/3 1159/927/3
f 2539/1845/3 2540/1846/3 2541/1847/3
f 2540/1846/3 2537/1843/3 2541/1847/3
f 1161/929/3 2541/1847/3 1159/927/3
f 2542/1848/3 2520/1828/3 2543/1849/3
f 2520/1828/3 1161/929/3 1160/928/3
f 2544/1850/3 2543/1849/3 2521/1829/3
f 2521/1829/3 2543/1849/3 2520/1828/3
f 2521/1829/3 2545/1851/3 2544/1850/3
f 2526/1834/3 2516/1824/3 2531/1838/3
f 2537/1843/3 1159/927/3 2541/1847/3
f 1162/930/3 2546/1852/3 1163/931/3
f 1165/933/3 2547/1853/3 1166/934/3
f 1168/936/3 2548/1854/3 1169/937/3
f 2549/1855/3 2550/1856/3 2551/1857/3
f 2550/1856/3 2552/1858/3 2553/1859/3
f 2551/1857/3 2550/1856/3 2553/1859/3
f 2552/1858/3 2554/1860/3 2555/1861/3
f 2555/1861/3 2556/1862/3 2552/1858/3
f 2556/1862/3 2557/1863/3 2553/1859/3
f 2552/1858/3 2556/1862/3 2553/1859/3
f 2553/1859/3 2558/1864/3 2551/1857/3
f 2558/1864/3 2559/1865/3 2560/1866/3
f 2559/1865/3 2561/1867/3 2562/1868/3
f 2563/1869/3 2559/1865/3 2562/1868/3
f 2563/1869/3 2564/1870/3 2560/1866/3
f 2563/1869/3 2560/1866/3 2559/1865/3
f 2560/1866/3 2565/1871/3 2551/1857/3
f 2566/1872/3 2567/1873/3 2568/1874/3
f 2567/1873/3 2551/1857/3 2568/1874/3
f 2568/1874/3 2551/1857/3 2565/1871/3
f 2551/1857/3 2558/1864/3 2560/1866/3
f 2568/1874/3 2569/1875/3 2566/1872/3
f 2569/1875/3 2570/1876/3 2566/1872/3
f 2570/1876/3 2571/1877/3 2572/1878/3
f 2572/1878/3 2573/1879/3 2574/1880/3
f 2573/1879/3 2575/1881/3 2574/1880/3
f 2574/1880/3 2576/1882/3 2570/1876/3
f 2572/1878/3 2574/1880/3 2570/1876/3
f 2576/1882/3 1173/941/3 2566/1872/3
f 1173/941/3 2577/1883/3 1171/939/3
f 2566/1872/3 1173/941/3 2578/1884/3
f 1171/939/3 2579/1885/3 1172/940/3
f 2579/1885/3 2580/1886/3 1172/940/3
f 1172/940/3 2578/1884/3 1173/941/3
f 2566/1872/3 2570/1876/3 2576/1882/3
f 1174/942/3 2581/1887/3 1175/943/3
f 1179/947/139 2582/1888/139 1177/945/139
f 2582/1888/139 2583/1889/139 1177/945/139
f 2584/948/1 2585/1890/1 2586/949/1
f 1185/953/136 2587/1891/136 1183/951/136
f 2587/1891/136 2588/1892/136 1183/951/136
f 1186/954/2 2589/1893/2 1187/955/2
f 1189/957/2 2590/1894/2 1190/958/2
f 1192/960/1 2591/1895/1 1193/961/1
f 1195/963/1 2592/1896/1 1196/964/1
f 2593/1897/4 2594/1898/4 2595/978/4
f 2594/1898/4 2596/1899/4 2597/1900/4
f 2595/978/4 2594/1898/4 2597/1900/4
f 2596/1899/4 2598/1901/4 2597/1900/4
f 2599/1902/4 2600/1903/4 2601/1904/4
f 2599/1902/4 2601/1904/4 2602/1905/4
f 1198/966/4 2603/1906/4 2604/1907/4
f 2597/1900/4 2599/1902/4 2595/978/4
f 2599/1902/4 2602/1905/4 2595/978/4
f 2595/978/4 2602/1905/4 1200/968/4
f 1198/966/140 2604/1907/140 1199/967/140
f 2602/1905/4 1198/966/4 1200/968/4
f 1199/967/4 2605/1908/4 1200/968/4
f 1201/969/8 1234/1002/8 1202/970/8
f 2594/1898/4 2606/1909/4 2607/1910/4
f 2608/990/4 2609/1911/4 2610/1912/4
f 2596/1899/4 2594/1898/4 2611/1913/4
f 2594/1898/4 2607/1910/4 2611/1913/4
f 2608/990/175 2610/1912/175 2612/1914/175
f 2610/1912/175 2613/1915/175 2612/1914/175
f 2614/1916/4 2596/1899/4 2611/1913/4
f 2613/1915/4 2615/1917/4 2612/1914/4
f 2611/1913/4 2607/1910/4 1206/974/4
f 2607/1910/4 2608/990/4 1204/972/4
f 1206/974/4 2607/1910/4 1204/972/4
f 1205/973/4 2616/1918/4 1206/974/4
f 2608/990/4 2612/1914/4 1204/972/4
f 2617/1919/3 1812/1287/3 1811/1286/3
f 2618/1920/3 2619/1921/3 2620/1922/3
f 2619/1921/3 1817/1292/3 2621/1923/3
f 2622/1924/3 1817/1292/3 1820/1295/3
f 2617/1919/3 1811/1286/3 2623/1925/3
f 1811/1286/3 2618/1920/3 2623/1925/3
f 2624/1926/3 2623/1925/3 2618/1920/3
f 2620/1922/3 2625/1927/3 2618/1920/3
f 2625/1927/3 2624/1926/3 2618/1920/3
f 1817/1292/3 2622/1924/3 2621/1923/3
f 2626/1928/3 2620/1922/3 2619/1921/3
f 2619/1921/3 2621/1923/3 2627/1929/3
f 2626/1928/3 2619/1921/3 2628/1930/3
f 2619/1921/3 2627/1929/3 2629/1931/3
f 2628/1930/3 2619/1921/3 2629/1931/3
f 2630/1932/3 2628/1930/3 2629/1931/3
f 2630/1932/3 2629/1931/3 2631/1933/3
f 2632/1934/3 2630/1932/3 2633/1935/3
f 2630/1932/3 2631/1933/3 2633/1935/3
f 2634/1936/3 2635/1937/3 2636/1938/3
f 2636/1938/3 2632/1934/3 2633/1935/3
f 1207/975/3 2637/1939/3 2638/1940/3
f 2636/1938/3 2633/1935/3 1207/975/3
f 1209/977/3 2634/1936/3 2636/1938/3
f 2447/1755/3 2446/1754/3 1208/976/3
f 2446/1754/3 1209/977/3 1208/976/3
f 1207/975/3 2638/1940/3 1208/976/3
f 1209/977/3 2636/1938/3 1207/975/3
f 1210/978/9 2639/968/9 1211/979/9
f 1218/986/2 2640/1941/2 2641/1942/2
f 2640/1941/2 2642/1943/2 2643/1944/2
f 2640/1941/2 2643/1944/2 2644/1945/2
f 2645/1946/2 2646/1947/2 2647/1948/2
f 2648/1949/2 2645/1946/2 2647/1948/2
f 2640/1941/2 2644/1945/2 2649/1950/2
f 2640/1941/2 2649/1950/2 2641/1942/2
f 2650/1951/2 2648/1949/2 2647/1948/2
f 2651/1952/2 2650/1951/2 2647/1948/2
f 1218/986/2 2641/1942/2 2652/1953/2
f 2651/1952/2 2647/1948/2 2653/1954/2
f 2647/1948/2 1218/986/2 2653/1954/2
f 1218/986/2 2652/1953/2 2654/1955/2
f 1218/986/2 2654/1955/2 2655/1956/2
f 2656/1957/2 2653/1954/2 1218/986/2
f 1217/985/2 2656/1957/2 1218/986/2
f 1218/986/2 2655/1956/2 1216/984/2
f 2657/1958/1 2658/1959/1 2659/1960/1
f 2658/1959/1 2660/1961/1 2659/1960/1
f 1221/989/1 2661/1962/1 2662/1963/1
f 2661/1962/1 2657/1958/1 2662/1963/1
f 2662/1963/1 2657/1958/1 2663/1964/1
f 2664/1965/1 2665/1966/1 2666/1967/1
f 2667/1968/1 2664/1965/1 2666/1967/1
f 2657/1958/1 2659/1960/1 2668/1969/1
f 2657/1958/1 2668/1969/1 2669/1970/1
f 2670/1971/1 2667/1968/1 2666/1967/1
f 2671/1972/1 2670/1971/1 2666/1967/1
f 2657/1958/1 2669/1970/1 2663/1964/1
f 2671/1972/1 2666/1967/1 2672/1973/1
f 2666/1967/1 1221/989/1 2672/1973/1
f 1221/989/1 2662/1963/1 2673/1974/1
f 2674/1975/1 2672/1973/1 1221/989/1
f 2675/1976/1 2674/1975/1 1221/989/1
f 1221/989/1 2673/1974/1 1219/987/1
f 1220/988/1 2675/1976/1 1221/989/1
f 1222/990/9 2676/1910/9 1223/991/9
f 2640/1941/2 2677/1977/2 2678/1978/2
f 2677/1977/2 1225/993/2 2679/1979/2
f 2640/1941/2 2678/1978/2 2680/1980/2
f 2647/1948/2 2646/1947/2 2681/1981/2
f 2647/1948/2 2681/1981/2 2682/1982/2
f 2642/1943/2 2640/1941/2 2683/1983/2
f 2683/1983/2 2640/1941/2 2680/1980/2
f 2647/1948/2 2682/1982/2 2684/1984/2
f 2647/1948/2 2684/1984/2 2685/1985/2
f 2678/1978/2 2677/1977/2 2686/1986/2
f 2686/1986/2 2677/1977/2 2679/1979/2
f 1225/993/2 2647/1948/2 2687/1987/2
f 2647/1948/2 2685/1985/2 2687/1987/2
f 1225/993/2 2687/1987/2 2688/1988/2
f 1225/993/2 2688/1988/2 2689/1989/2
f 2690/1990/2 2679/1979/2 1225/993/2
f 1227/995/2 2690/1990/2 1225/993/2
f 1225/993/2 2689/1989/2 1226/994/2
f 2666/1967/1 2665/1966/1 2691/1991/1
f 2666/1967/1 2691/1991/1 2692/1992/1
f 2660/1961/1 2658/1959/1 2693/1993/1
f 2658/1959/1 1228/996/1 2694/1994/1
f 2693/1993/1 2658/1959/1 2695/1995/1
f 2695/1995/1 2658/1959/1 2696/1996/1
f 2666/1967/1 2692/1992/1 2697/1997/1
f 2666/1967/1 2697/1997/1 2698/1998/1
f 2696/1996/1 2658/1959/1 2694/1994/1
f 1228/996/1 2666/1967/1 2699/1999/1
f 2666/1967/1 2698/1998/1 2699/1999/1
f 2700/2000/1 2694/1994/1 1228/996/1
f 1228/996/1 2699/1999/1 2701/2001/1
f 1228/996/1 2701/2001/1 2702/2002/1
f 2703/2003/1 2700/2000/1 1228/996/1
f 1230/998/1 2703/2003/1 1228/996/1
f 1228/996/1 2702/2002/1 1229/997/1
f 1234/1002/8 2704/2004/8 1235/1003/8
s 1
f 2705/2005/112 2706/2006/176 2707/2007/176
f 2708/2008/177 2709/2009/8 2710/2010/8
f 2707/2007/176 2711/2011/112 2705/2005/112
f 2712/2012/3 2713/2013/178 2714/2014/3
f 2715/2015/179 2716/2016/180 2717/2017/179
f 2718/2018/181 2719/2019/182 2720/2020/181
f 2721/2021/183 2722/2022/184 2723/2023/183
f 2724/2024/185 2725/2025/186 2726/2026/186
f 2727/2027/9 2723/2023/183 2728/2028/9
f 2729/2029/187 2730/2030/176 2707/2007/176
f 2731/2031/181 2732/2032/112 2733/2033/181
f 2734/2034/188 2735/2035/189 2736/2036/188
f 2737/2037/4 2716/2016/180 2738/2038/4
f 2739/2039/190 2740/2040/191 2741/2041/190
f 2742/2042/9 2743/2043/192 2744/2044/9
f 2745/2045/177 2710/2010/8 2746/2046/8
f 2747/2047/193 2748/2048/5 2749/2049/5
f 2750/2050/193 2751/2051/5 2752/2052/5
f 2726/2026/186 2753/2053/185 2724/2024/185
f 2729/2029/187 2754/2054/194 2755/2055/195
f 2756/2056/196 2757/2057/197 2758/2058/197
f 2759/2059/198 2760/2060/5 2751/2051/5
f 2756/2056/196 2708/2008/177 2745/2045/177
f 2761/2061/192 2717/2017/179 2743/2043/192
f 2714/2014/3 2762/2062/199 2763/2063/199
f 2764/2064/187 2765/2065/195 2754/2054/194
f 2766/2066/197 2767/2067/196 2768/2068/196
f 2753/2053/185 2769/2069/200 2770/2070/200
f 2771/2071/184 2772/2072/191 2722/2022/184
f 2773/2073/180 2774/2074/179 2775/2075/180
f 2776/2076/184 2777/2077/183 2778/2078/184
f 2763/2063/199 2779/2079/201 2780/2080/201
f 2733/2033/181 2705/2005/112 2720/2020/181
f 2781/2081/202 2782/2082/193 2783/2083/193
f 2784/2084/178 2736/2036/188 2713/2013/178
f 2785/2085/182 2720/2020/181 2719/2019/182
f 2774/2074/179 2743/2043/192 2717/2017/179
f 2723/2023/183 2778/2078/184 2777/2077/183
f 2710/2010/8 2786/2086/186 2787/2087/186
f 2788/2088/179 2789/2089/192 2774/2074/179
f 2758/2058/197 2768/2068/196 2756/2056/196
f 2790/2090/192 2728/2028/9 2789/2089/192
f 2791/2091/200 2753/2053/185 2770/2070/200
f 2780/2080/201 2792/2092/199 2763/2063/199
f 2768/2068/196 2793/2093/177 2708/2008/177
f 2735/2035/189 2794/2094/203 2795/2095/204
f 2796/2096/4 2775/2075/180 2737/2037/4
f 2770/2070/200 2797/2097/5 2798/2098/5
f 2759/2059/198 2799/2099/201 2780/2080/201
f 2800/2100/183 2744/2044/9 2777/2077/183
f 2791/2091/200 2798/2098/5 2801/2101/5
f 2726/2026/186 2802/2102/8 2746/2046/8
f 2711/2011/112 2720/2020/181 2705/2005/112
f 2803/2103/178 2714/2014/3 2713/2013/178
f 2804/2104/205 2805/2105/197 2766/2066/197
f 2722/2022/184 2740/2040/191 2778/2078/184
f 2791/2091/200 2806/2106/185 2724/2024/185
f 2807/2107/190 2808/2108/206 2809/2109/190
f 2810/2110/189 2736/2036/188 2735/2035/189
f 2811/2111/205 2812/2112/194 2755/2055/195
f 2813/2113/206 2785/2085/182 2814/2114/206
f 2706/2006/176 2815/2115/187 2764/2064/187
f 2746/2046/8 2816/2116/177 2745/2045/177
f 2755/2055/195 2817/2117/187 2729/2029/187
f 2818/2118/190 2814/2114/206 2807/2107/190
f 2728/2028/9 2777/2077/183 2744/2044/9
f 2746/2046/8 2787/2087/186 2726/2026/186
f 2707/2007/176 2764/2064/187 2729/2029/187
f 2754/2054/194 2819/2119/205 2820/2120/205
f 2821/2121/180 2738/2038/4 2716/2016/180
f 2822/2122/188 2713/2013/178 2736/2036/188
f 2823/2123/191 2778/2078/184 2740/2040/191
f 2759/2059/198 2750/2050/193 2781/2081/202
f 2772/2072/191 2741/2041/190 2740/2040/191
f 2824/2124/182 2733/2033/181 2785/2085/182
f 2763/2063/199 2712/2012/3 2714/2014/3
f 2775/2075/180 2717/2017/179 2716/2016/180
f 2825/2125/207 2795/2095/204 2794/2094/203
f 2801/2101/5 2826/2126/200 2791/2091/200
f 2795/2095/204 2827/2127/4 2735/2035/189
f 2828/2128/206 2809/2109/190 2808/2108/206
f 2829/2129/205 2766/2066/197 2758/2058/197
f 2755/2055/195 2820/2120/205 2811/2111/205
f 2830/2130/208 2831/2131/4 2832/2132/208
f 2833/2133/182 2808/2108/206 2719/2019/182
f 2834/2134/191 2835/2135/190 2772/2072/191
f 2758/2058/197 2836/2136/205 2829/2129/205
f 2837/2137/4 2735/2035/189 2827/2127/4
f 2780/2080/201 2838/2138/198 2759/2059/198
f 2814/2114/206 2719/2019/182 2808/2108/206
f 2732/2032/112 2839/2139/176 2706/2006/176
f 2789/2089/192 2744/2044/9 2743/2043/192
f 2745/2045/177 2840/2140/196 2756/2056/196
f 2787/2087/186 2841/2141/185 2753/2053/185
f 2771/2071/184 2842/2142/191 2834/2134/191
f 2731/2031/181 2843/2143/112 2844/2144/112
f 2845/2145/179 2846/2146/180 2847/2147/180
f 2848/2148/206 2849/2149/190 2850/2150/190
f 2851/2151/8 2852/2152/177 2853/2153/177
f 2834/2134/191 2854/2154/190 2855/2155/190
f 2856/2156/205 2857/2157/194 2858/2158/195
f 2709/2009/8 2859/2159/186 2786/2086/186
f 2841/2141/185 2860/2160/200 2769/2069/200
f 2861/2161/176 2843/2143/112 2862/2162/112
f 2863/2163/9 2864/2164/192 2865/2165/192
f 2866/2166/181 2867/2167/182 2868/2168/182
f 2771/2071/184 2869/2169/183 2870/2170/184
f 2709/2009/8 2852/2152/177 2871/2171/8
f 2872/2172/205 2873/2173/197 2805/2105/197
f 2769/2069/200 2874/2174/5 2797/2097/5
f 2875/2175/185 2859/2159/186 2876/2176/186
s 0
f 2783/2083/193 2747/2047/193 2877/2177/193
s 1
f 2815/2115/187 2857/2157/194 2765/2065/195
f 2844/2144/112 2878/2178/176 2839/2139/176
f 2876/2176/186 2871/2171/8 2851/2151/8
f 2831/2131/4 2795/2095/204 2832/2132/208
f 2879/2179/184 2869/2169/183 2880/2180/183
f 2881/2181/196 2873/2173/197 2882/2182/197
s 0
f 2832/2132/207 2883/2183/207 2830/2130/207
s 1
f 2796/2096/4 2846/2146/180 2773/2073/180
f 2790/2090/192 2884/2184/9 2727/2027/9
f 2782/2082/193 2752/2052/5 2748/2048/5
f 2847/2147/180 2885/2185/4 2886/2186/4
f 2887/2187/190 2842/2142/191 2888/2188/191
f 2727/2027/9 2869/2169/183 2721/2021/183
f 2818/2118/190 2889/2189/206 2813/2113/206
f 2813/2113/206 2867/2167/182 2824/2124/182
f 2788/2088/179 2864/2164/192 2790/2090/192
f 2865/2165/192 2890/2190/179 2845/2145/179
f 2868/2168/182 2889/2189/206 2848/2148/206
f 2891/2191/200 2892/2192/185 2875/2175/185
f 2882/2182/197 2893/2193/205 2894/2194/205
f 2767/2067/196 2852/2152/177 2793/2093/177
f 2853/2153/177 2895/2195/196 2881/2181/196
f 2786/2086/186 2892/2192/185 2841/2141/185
f 2858/2158/195 2896/2196/187 2897/2197/187
f 2805/2105/197 2895/2195/196 2767/2067/196
f 2880/2180/183 2884/2184/9 2863/2163/9
f 2824/2124/182 2898/2198/181 2731/2031/181
f 2862/2162/112 2898/2198/181 2866/2166/181
s 0
f 2899/2199/193 2747/2047/193 2900/2200/193
s 1
f 2773/2073/180 2890/2190/179 2788/2088/179
s 0
f 2901/2201/207 2883/2183/207 2902/2202/207
s 1
f 2888/2188/191 2870/2170/184 2879/2179/184
f 2903/2203/5 2860/2160/200 2891/2191/200
f 2765/2065/195 2904/2204/205 2819/2119/205
f 2897/2197/187 2878/2178/176 2861/2161/176
f 2839/2139/176 2896/2196/187 2815/2115/187
f 2905/2205/5 2906/2206/200 2826/2126/200
f 2806/2106/185 2907/2207/209 2908/2208/209
f 2909/2209/205 2910/2210/195 2812/2112/194
f 2840/2140/196 2911/2211/197 2757/2057/197
f 2739/2039/190 2912/2212/191 2823/2123/191
f 2828/2128/206 2913/2213/182 2914/2214/206
f 2810/2110/189 2915/2215/188 2822/2122/188
f 2817/2117/187 2916/2216/176 2730/2030/176
f 2803/2103/178 2917/2217/3 2918/2218/3
f 2919/2219/210 2920/2220/211 2921/2221/210
f 2816/2116/177 2922/2222/196 2840/2140/196
f 2823/2123/191 2923/2223/184 2776/2076/184
f 2711/2011/112 2924/2224/181 2718/2018/181
f 2762/2062/199 2925/2225/201 2779/2079/201
f 2838/2138/198 2926/2226/5 2760/2060/5
f 2742/2042/9 2927/2227/211 2761/2061/192
f 2779/2079/201 2928/2228/198 2838/2138/198
f 2822/2122/188 2929/2229/178 2803/2103/178
f 2730/2030/176 2930/2230/112 2711/2011/112
f 2812/2112/194 2931/2231/187 2817/2117/187
f 2725/2025/186 2932/2232/8 2802/2102/8
f 2776/2076/184 2933/2233/183 2800/2100/183
f 2837/2137/4 2934/2234/189 2810/2110/189
f 2828/2128/206 2935/2235/190 2936/2236/190
f 2821/2121/180 2937/2237/4 2938/2238/4
f 2802/2102/8 2939/2239/177 2816/2116/177
f 2718/2018/181 2913/2213/182 2833/2133/182
f 2918/2218/3 2940/2240/199 2762/2062/199
f 2757/2057/197 2941/2241/205 2836/2136/205
f 2715/2015/179 2942/2242/180 2821/2121/180
f 2826/2126/200 2943/2243/185 2806/2106/185
f 2800/2100/183 2944/2244/9 2742/2042/9
f 2945/2245/178 2946/2246/3 2947/2247/178
f 2948/2248/212 2949/2249/211 2950/2250/9
f 2951/2251/213 2947/2247/178 2946/2246/3
f 2952/2252/112 2953/2253/176 2954/2254/112
f 2955/2255/196 2956/2256/214 2957/2257/215
f 2958/2258/216 2959/2259/217 2960/2260/218
f 2961/2261/219 2962/2262/220 2963/2263/221
f 2964/2264/186 2965/2265/222 2966/2266/186
f 2967/2267/223 2968/2268/224 2959/2259/217
f 2969/2269/225 2970/2270/184 2971/2271/183
f 2964/2264/186 2972/2272/8 2973/2273/8
f 2974/2274/226 2975/2275/188 2947/2247/178
f 2976/2276/221 2977/2277/3 2978/2278/199
f 2979/2279/227 2980/2280/228 2981/2281/187
f 2982/2282/229 2983/2283/205 2984/2284/205
f 2985/2285/200 2986/2286/230 2987/2287/5
f 2988/2288/177 2989/2289/231 2990/2290/8
f 2991/2291/9 2949/2249/211 2992/2292/192
f 2993/2293/190 2994/2294/232 2995/2295/233
f 2996/2296/234 2997/2297/190 2998/2298/235
f 2999/2299/184 2971/2271/183 2970/2270/184
f 3000/2300/236 2975/2275/188 3001/2301/189
f 3002/2302/237 3003/2303/179 3004/2304/180
f 3005/2305/238 2998/2298/235 2997/2297/190
f 2992/2292/192 3006/2306/179 3003/2303/179
f 2955/2255/196 3007/2307/239 2988/2288/177
f 3008/2308/181 3009/2309/240 2952/2252/112
f 3000/2300/236 3010/2310/188 3011/2311/188
f 3012/2312/241 3013/2313/180 3006/2306/179
f 3014/2314/191 2999/2299/184 3015/2315/191
f 3016/2316/242 2965/2265/222 3017/2317/222
f 3018/2318/229 3019/2319/196 3020/2320/197
f 3021/2321/243 3022/2322/244 3023/2323/185
f 3024/2324/245 3008/2308/181 3025/2325/182
f 2946/2246/3 2976/2276/221 2963/2263/221
f 3026/2326/246 2994/2294/232 2996/2296/234
f 2981/2281/187 2953/2253/176 3027/2327/176
f 2961/2261/219 2976/2276/221 3028/2328/201
f 2988/2288/177 3029/2329/196 2955/2255/196
f 3021/2321/243 3017/2317/222 2964/2264/186
f 3030/2330/183 2950/2250/9 3031/2331/183
f 3032/2332/177 3019/2319/196 3029/2329/196
f 3003/2303/179 3013/2313/180 3004/2304/180
f 2973/2273/8 3033/2333/177 3032/2332/177
f 3034/2334/247 2999/2299/184 2970/2270/184
f 3008/2308/181 3035/2335/182 3025/2325/182
f 3036/2336/211 3006/2306/179 2949/2249/211
f 2979/2279/227 3037/2337/248 3038/2338/249
f 2983/2283/205 3020/2320/197 3039/2339/205
f 3040/2340/190 3015/2315/191 3041/2341/190
f 3035/2335/182 2998/2298/235 3025/2325/182
f 3021/2321/243 2989/2289/231 3042/2342/250
f 3043/2343/190 3015/2315/191 3034/2334/247
f 3044/2344/251 2971/2271/183 2991/2291/9
f 2963/2263/221 2951/2251/213 2946/2246/3
f 3027/2327/176 3009/2309/240 3045/2345/252
f 3046/2346/253 3047/2347/4 3013/2313/180
f 2985/2285/200 3017/2317/222 3023/2323/185
f 2970/2270/184 3048/2348/254 3034/2334/247
f 3049/2349/198 3050/2350/5 3051/2351/5
f 2981/2281/187 3052/2352/255 2979/2279/227
f 3053/2353/256 3054/2354/4 3001/2301/189
f 3028/2328/201 3055/2355/198 3056/2356/198
f 3010/2310/188 2945/2245/178 3011/2311/188
f 2992/2292/192 3044/2344/251 2991/2291/9
f 3057/2357/257 3001/2301/189 2975/2275/188
f 3050/2350/5 3055/2355/198 3058/2358/5
f 2990/2290/8 2964/2264/186 2973/2273/8
f 3031/2331/183 2991/2291/9 2971/2271/183
f 3011/2311/188 2947/2247/178 2975/2275/188
f 3059/2359/4 3060/2360/258 3000/2300/236
f 2984/2284/205 2956/2256/214 2982/2282/229
f 2981/2281/187 3045/2345/252 3061/2361/259
f 3023/2323/185 3062/2362/260 2985/2285/200
f 2998/2298/235 3026/2326/246 2996/2296/234
f 2987/2287/5 3016/2316/242 2985/2285/200
f 2976/2276/221 3063/2363/261 3028/2328/201
f 2952/2252/112 3064/2364/181 3008/2308/181
f 2955/2255/196 3018/2318/229 2982/2282/229
f 3038/2338/249 3065/2365/248 3066/2366/262
f 3048/2348/254 3043/2343/190 3034/2334/247
f 3037/2337/248 3067/2367/205 3068/2368/205
f 3051/2351/5 3069/2369/263 3049/2349/198
f 3013/2313/180 3070/2370/4 3004/2304/180
f 3059/2359/4 3001/2301/189 3054/2354/4
f 3065/2365/248 3071/2371/205 3072/2372/264
f 2961/2261/219 3069/2369/263 3073/2373/265
f 3074/2374/5 3075/2375/200 3016/2316/242
f 3076/2376/266 3004/2304/180 3070/2370/4
f 2979/2279/227 3077/2377/267 3067/2367/205
f 2998/2298/235 3024/2324/245 3025/2325/182
f 3049/2349/198 3028/2328/201 3056/2356/198
f 2945/2245/178 2977/2277/3 3078/2378/3
f 2990/2290/8 3032/2332/177 2988/2288/177
f 3003/2303/179 3079/2379/268 2992/2292/192
f 2999/2299/184 3030/2330/183 3031/2331/183
f 3080/2380/269 2965/2265/222 3075/2375/200
f 3081/2381/3 2978/2278/199 2977/2277/3
f 3082/2382/229 3083/2383/196 3084/2384/229
f 3085/2385/5 3086/2386/198 3087/2387/5
f 3088/2388/192 3089/2389/9 3090/2390/192
f 3091/2391/5 3075/2375/200 3092/2392/5
f 3093/2393/189 3094/2394/4 3095/2395/189
f 3096/2396/270 2948/2248/212 3030/2330/183
f 3097/2397/191 3098/2398/184 3014/2314/191
f 3081/2381/3 3099/2399/271 3100/2400/3
f 3101/2401/177 3102/2402/8 3103/2403/177
f 3104/2404/201 3105/2405/199 3106/2406/201
f 3107/2407/185 2966/2266/186 2965/2265/222
f 3108/2408/9 3036/2336/211 2948/2248/212
f 3046/2346/253 3109/2409/4 3110/2410/4
f 3040/2340/190 3097/2397/191 3014/2314/191
f 3096/2396/270 3111/2411/184 3112/2412/270
s 0
f 3113/2413/272 2995/2295/272 2994/2294/272
s 1
f 3093/2393/189 3010/2310/188 3060/2360/258
f 3114/2414/271 2977/2277/3 3115/2415/178
f 3108/2408/9 3112/2412/270 3089/2389/9
f 3065/2365/248 3068/2368/205 3116/2416/205
f 3117/2417/186 3118/2418/185 3119/2419/186
f 3120/2420/180 3121/2421/179 3122/2422/180
s 0
f 3072/2372/262 3066/2366/262 3065/2365/262
s 1
f 3020/2320/197 3123/2423/205 3039/2339/205
f 3124/2424/8 3033/2333/177 2972/2272/8
f 3125/2425/190 2996/2296/234 2994/2294/232
f 3126/2426/205 3082/2382/229 3084/2384/229
f 3080/2380/269 3127/2427/5 3128/2428/269
f 3117/2417/186 2972/2272/8 2966/2266/186
f 3129/2429/198 3058/2358/5 3055/2355/198
f 3104/2404/201 3055/2355/198 3063/2363/261
f 3101/2401/177 3019/2319/196 3033/2333/177
f 3130/2430/196 3103/2403/177 3083/2383/196
f 3129/2429/198 3106/2406/201 3086/2386/198
f 3131/2431/184 3132/2432/273 3111/2411/184
f 3109/2409/4 3122/2422/180 3133/2433/4
f 3088/2388/192 3012/2312/241 3036/2336/211
f 3134/2434/179 3090/2390/192 3121/2421/179
f 3131/2431/184 3030/2330/183 3098/2398/184
f 3135/2435/188 3095/2395/189 3136/2436/188
f 3012/2312/241 3120/2420/180 3046/2346/253
f 3124/2424/8 3119/2419/186 3102/2402/8
f 3137/2437/199 3063/2363/261 2978/2278/199
f 3137/2437/199 3100/2400/3 3105/2405/199
s 0
f 2995/2295/272 3138/2438/272 3139/2439/272
s 1
f 3019/2319/196 3082/2382/229 3020/2320/197
s 0
f 3140/2440/262 3141/2441/262 3142/2442/262
s 1
f 3107/2407/185 3128/2428/269 3118/2418/185
f 3097/2397/191 3143/2443/190 3132/2432/273
f 3144/2444/4 3060/2360/258 3145/2445/4
f 3114/2414/271 3136/2436/188 3099/2399/271
f 3135/2435/188 3115/2415/178 3010/2310/188
f 3146/2446/274 3147/2447/238 3048/2348/254
f 2969/2269/225 3148/2448/275 3149/2449/276
f 3150/2450/277 3151/2451/266 3053/2353/256
f 3002/2302/237 3152/2452/278 3153/2453/279
f 3154/2454/280 2986/2286/230 3062/2362/260
f 3069/2369/263 3155/2455/281 3073/2373/265
f 3156/2456/282 3052/2352/255 3061/2361/259
f 3157/2457/283 3057/2357/257 2974/2274/226
f 3158/2458/284 3045/2345/252 3009/2309/240
f 3159/2459/285 3007/2307/239 2957/2257/215
f 3152/2452/278 3079/2379/268 3153/2453/279
f 3160/2460/286 3062/2362/260 3022/2322/244
f 2962/2262/220 3161/2461/287 2951/2251/213
f 3024/2324/245 3162/2462/288 3163/2463/289
f 3005/2305/238 3164/2464/290 3165/2465/291
f 3166/2466/292 2989/2289/231 3007/2307/239
f 3165/2465/291 3167/2467/293 3024/2324/245
f 3045/2345/252 3156/2456/282 3061/2361/259
f 3161/2461/287 2974/2274/226 2951/2251/213
f 3168/2468/294 3053/2353/256 3057/2357/257
f 3169/2469/295 2969/2269/225 3044/2344/251
f 3042/2342/250 3160/2460/286 3022/2322/244
f 3170/2470/296 3077/2377/267 3052/2352/255
f 3171/2471/297 3069/2369/263 3172/2472/230
f 3173/2473/298 2956/2256/214 3174/2474/267
f 3175/2475/299 3044/2344/251 3079/2379/268
f 3073/2373/265 3176/2476/300 2962/2262/220
f 3163/2463/289 3158/2458/284 3009/2309/240
f 3076/2376/266 3177/2477/301 3002/2302/237
f 2956/2256/214 3159/2459/285 2957/2257/215
f 3148/2448/275 3048/2348/254 3149/2449/276
f 2989/2289/231 3178/2478/302 3042/2342/250
s 0
f 3179/2479/1 3180/2480/1 3181/2481/1
s 1
f 3182/2482/303 3183/2483/304 3184/2484/303
s 0
f 3185/2485/1 3186/2486/1 3187/2487/1
f 3188/2488/1 3189/2489/1 3190/2490/1
f 3179/2479/1 3187/2487/1 3191/2491/1
f 3192/2492/1 3186/2486/1 3193/2493/1
f 3190/2490/1 3194/2494/1 3192/2492/1
f 3195/2495/305 3196/2496/305 3197/2497/305
f 3197/2497/305 3198/2498/305 3199/2499/305
s 1
f 3200/2500/306 3183/2483/304 3201/2501/307
f 3202/2502/308 3203/2503/309 3195/2495/305
f 3204/2504/197 3205/2505/205 3206/2506/197
f 3207/2507/197 3208/2508/205 3209/2509/197
f 3210/2510/112 3211/2511/181 3212/2512/112
f 3213/2513/112 3214/2514/181 3215/2515/112
f 3216/2516/206 3217/2517/190 3218/2518/206
f 3219/2519/206 3220/2520/190 3221/2521/206
f 3222/2522/183 3223/2523/9 3224/2524/183
f 3225/2525/183 3226/2526/9 3227/2527/183
f 3228/2528/195 3229/2529/187 3230/2530/194
f 3231/2531/195 3232/2532/187 3233/2533/195
f 3234/2534/190 3235/2535/191 3236/2536/190
f 3237/2537/190 3238/2538/191 3239/2539/190
f 3240/2540/177 3241/2541/196 3242/2542/177
f 3243/2543/177 3244/2544/196 3245/2545/177
f 3246/2546/310 3247/2547/8 3248/2548/8
f 3249/2549/186 3250/2550/8 3251/2551/310
f 3252/2552/182 3218/2518/206 3253/2553/182
f 3254/2554/182 3221/2521/206 3255/2555/182
f 3256/2556/9 3257/2557/211 3223/2523/9
f 3258/2558/9 3259/2559/211 3226/2526/9
f 3260/2560/184 3224/2524/183 3261/2561/184
f 3262/2562/184 3227/2527/183 3263/2563/184
f 3264/2564/191 3261/2561/184 3235/2535/191
f 3265/2565/191 3263/2563/184 3238/2538/191
f 3266/2566/176 3212/2512/112 3267/2567/176
f 3268/2568/176 3215/2515/112 3269/2569/176
f 3247/2547/8 3242/2542/177 3248/2548/8
f 3270/2570/8 3245/2545/177 3250/2550/8
f 3211/2511/181 3252/2552/182 3253/2553/182
f 3271/2571/181 3255/2555/182 3214/2514/181
f 3272/2572/196 3206/2506/197 3241/2541/196
f 3273/2573/196 3209/2509/197 3244/2544/196
f 3274/2574/187 3267/2567/176 3229/2529/187
f 3232/2532/187 3268/2568/176 3269/2569/176
f 3275/2575/205 3230/2530/194 3276/2576/205
f 3277/2577/205 3233/2533/195 3278/2578/205
f 3071/2371/205 3141/2441/264 3072/2372/264
f 3139/2439/233 2993/2293/190 2995/2295/233
s 0
f 3279/2579/303 3280/2580/303 3182/2482/303
s 1
f 2901/2201/207 3281/2581/4 2830/2130/208
f 2749/2049/5 2900/2200/193 2747/2047/193
f 3282/2582/196 3283/2583/177 3284/2584/177
f 3285/2585/311 3286/2586/312 3287/2587/305
f 3288/2588/187 3289/2589/195 3290/2590/195
f 3291/2591/313 3292/2592/314 3293/2593/315
f 3284/2584/177 3294/2594/8 3295/2595/8
f 3296/2596/310 3294/2594/8 3297/2597/310
f 3298/2598/177 3299/2599/196 3300/2600/177
f 3301/2601/185 3302/2602/200 3303/2603/185
f 3304/2604/191 2887/2187/190 2888/2188/191
f 3305/2605/196 3306/2606/197 3299/2599/196
s 0
f 3307/2607/193 3308/2608/193 3309/2609/193
s 1
f 3310/2610/196 2853/2153/177 2881/2181/196
f 3311/2611/205 3312/2612/195 3313/2613/205
f 3314/2614/194 3315/2615/187 3316/2616/195
f 3304/2604/191 3317/2617/184 3318/2618/191
f 3319/2619/183 3320/2620/9 3321/2621/183
f 3322/2622/177 2851/2151/8 2853/2153/177
f 3323/2623/191 3317/2617/184 3324/2624/184
f 3325/2625/201 3326/2626/199 3327/2627/201
f 3328/2628/9 3329/2629/192 3320/2620/9
f 3328/2628/9 2880/2180/183 2863/2163/9
f 3330/2630/194 3331/2631/187 3312/2612/195
f 3332/2632/182 3333/2633/206 3334/2634/206
f 3335/2635/5 3336/2636/200 3337/2637/5
f 3338/2638/5 3339/2639/198 3340/2640/5
f 3341/2641/8 3342/2642/177 3343/2643/8
f 3344/2644/205 2882/2182/197 2894/2194/205
s 0
f 3308/2608/193 2899/2199/193 2900/2200/193
s 1
f 3345/2645/193 3340/2640/5 3339/2639/198
f 3346/2646/181 3347/2647/182 3348/2648/181
f 3349/2649/182 3333/2633/206 3347/2647/182
f 3350/2650/205 3351/2651/197 3352/2652/205
f 3353/2653/200 3354/2654/5 3302/2602/200
f 3355/2655/176 3356/2656/112 3357/2657/176
f 3358/2658/200 3359/2659/185 3360/2660/200
f 3361/2661/181 3347/2647/182 3332/2632/182
f 3362/2662/5 3309/2609/193 3363/2663/5
f 3364/2664/192 3365/2665/179 3329/2629/192
f 3366/2666/189 3367/2667/316 3368/2668/203
f 3369/2669/177 3343/2643/8 3342/2642/177
f 3360/2660/200 3370/2670/185 3336/2636/200
f 3371/2671/199 3327/2627/201 3326/2626/199
f 3372/2672/202 3309/2609/193 3345/2645/193
f 3373/2673/186 3341/2641/8 3374/2674/186
f 3375/2675/206 3376/2676/190 3377/2677/190
f 3378/2678/3 3326/2626/199 3379/2679/3
f 3308/2608/193 3363/2663/5 3309/2609/193
f 3380/2680/112 3348/2648/181 3381/2681/112
f 3300/2600/177 3382/2682/196 3342/2642/177
f 3383/2683/8 3384/2684/186 3343/2643/8
f 3367/2667/316 3385/2685/4 3386/2686/4
f 3387/2687/179 3388/2688/180 3389/2689/180
f 3334/2634/206 3390/2690/190 3376/2676/190
f 3391/2691/9 3392/2692/192 3393/2693/192
f 3379/2679/3 3394/2694/178 3395/2695/178
f 3396/2696/4 2847/2147/180 2886/2186/4
f 3389/2689/180 3397/2697/4 3398/2698/4
f 3399/2699/176 3381/2681/112 3355/2655/176
f 3400/2700/185 3373/2673/186 3359/2659/185
f 3401/2701/187 2858/2158/195 2897/2197/187
f 3402/2702/205 3330/2630/194 3311/2611/205
f 3392/2692/192 3365/2665/179 3387/2687/179
f 3400/2700/185 2891/2191/200 2875/2175/185
f 3403/2703/9 3329/2629/192 3392/2692/192
f 3404/2704/8 2876/2176/186 2851/2151/8
f 3405/2705/206 3390/2690/190 3333/2633/206
f 3406/2706/198 3327/2627/201 3339/2639/198
f 3317/2617/184 3319/2619/183 3321/2621/183
f 3407/2707/186 2875/2175/185 2876/2176/186
s 0
f 3408/2708/207 3409/2709/207 3410/2710/207
s 1
f 3411/2711/197 3412/2712/205 3306/2606/197
f 3413/2713/184 3414/2714/183 3415/2715/183
f 3416/2716/197 3382/2682/196 3351/2651/197
f 3370/2670/185 3384/2684/186 3303/2603/185
f 3417/2717/4 3418/2718/180 3419/2719/180
f 3319/2619/183 2879/2179/184 2880/2180/183
f 3310/2610/196 3411/2711/197 3305/2605/196
f 3420/2720/180 3397/2697/4 3388/2688/180
f 3421/2721/181 3422/2722/112 3423/2723/112
f 3299/2599/196 3351/2651/197 3382/2682/196
f 3424/2724/190 3318/2618/191 3425/2725/190
f 3426/2726/201 3339/2639/198 3327/2627/201
f 3423/2723/112 3361/2661/181 3421/2721/181
f 3375/2675/206 3427/2727/182 3428/2728/182
f 3429/2729/179 3388/2688/180 3365/2665/179
f 3415/2715/183 3430/2730/184 3413/2713/184
f 3429/2729/179 2865/2165/192 2845/2145/179
f 3393/2693/192 3431/2731/9 3391/2691/9
f 3432/2732/191 3433/2733/190 3434/2734/190
f 3374/2674/186 3343/2643/8 3384/2684/186
f 3405/2705/206 2868/2168/182 2848/2148/206
f 3380/2680/112 2861/2161/176 2862/2162/112
f 3322/2622/177 3305/2605/196 3298/2598/177
f 3435/2735/197 2881/2181/196 2882/2182/197
f 3346/2646/181 2862/2162/112 2866/2166/181
f 3336/2636/200 3303/2603/185 3302/2602/200
f 3404/2704/8 3298/2598/177 3436/2736/8
f 3437/2737/188 3438/2738/178 3395/2695/178
f 3367/2667/316 3439/2739/4 3408/2708/208
f 3339/2639/198 3372/2672/202 3345/2645/193
f 3364/2664/192 2863/2163/9 2865/2165/192
f 3314/2614/194 2856/2156/205 2858/2158/195
f 3357/2657/176 3423/2723/112 3440/2740/176
f 3414/2714/183 3320/2620/9 3403/2703/9
f 3349/2649/182 2866/2166/181 2868/2168/182
f 3419/2719/180 3398/2698/4 3417/2717/4
f 3437/2737/188 3441/2741/189 3366/2666/189
f 3442/2742/196 3342/2642/177 3382/2682/196
f 3443/2743/199 3379/2679/3 3326/2626/199
f 3422/2722/112 3440/2740/176 3423/2723/112
f 3444/2744/208 3439/2739/4 3445/2745/4
f 3446/2746/194 3313/2613/205 3312/2612/195
f 3395/2695/178 3447/2747/188 3437/2737/188
f 3359/2659/185 3374/2674/186 3370/2670/185
f 3324/2624/184 3321/2621/183 3414/2714/183
f 3315/2615/187 3357/2657/176 3448/2748/187
f 3366/2666/189 3449/2749/4 3385/2685/4
f 3435/2735/197 3450/2750/205 3411/2711/197
f 3451/2751/186 3303/2603/185 3384/2684/186
f 3415/2715/183 3403/2703/9 3391/2691/9
f 3356/2656/112 3348/2648/181 3361/2661/181
f 3452/2752/190 3318/2618/191 3323/2623/191
f 3448/2748/187 3440/2740/176 3331/2631/187
f 3420/2720/180 2845/2145/179 2847/2147/180
f 3453/2753/187 3312/2612/195 3331/2631/187
f 3454/2754/190 2848/2148/206 2850/2150/190
f 3432/2732/191 3324/2624/184 3413/2713/184
f 3428/2728/182 3334/2634/206 3375/2675/206
f 3455/2755/179 3389/2689/180 3419/2719/180
f 3436/2736/8 3300/2600/177 3341/2641/8
f 3428/2728/182 3456/2756/181 3421/2721/181
f 3366/2666/189 3457/2757/188 3437/2737/188
f 3377/2677/190 3458/2758/206 3375/2675/206
f 3459/2759/176 3331/2631/187 3440/2740/176
f 3434/2734/190 3323/2623/191 3432/2732/191
f 3455/2755/179 3460/2760/192 3393/2693/192
f 3306/2606/197 3352/2652/205 3351/2651/197
f 3407/2707/186 3436/2736/8 3373/2673/186
f 3395/2695/178 3378/2678/3 3379/2679/3
f 3421/2721/181 3332/2632/182 3428/2728/182
f 3367/2667/316 3410/2710/207 3368/2668/203
f 3337/2637/5 3302/2602/200 3354/2654/5
f 3419/2719/180 3461/2761/179 3455/2755/179
f 3413/2713/184 3462/2762/191 3432/2732/191
f 3316/2616/195 3448/2748/187 3330/2630/194
f 3463/2763/5 3360/2660/200 3335/2635/5
f 3464/2764/317 3465/2765/318 3466/2766/319
f 3467/2767/181 3468/2768/182 3469/2769/181
f 3470/2770/211 3471/2771/9 3472/2772/9
f 3473/2773/8 3474/2774/186 3475/2775/310
f 3476/2776/320 3477/2777/321 3478/2778/322
f 3290/2590/195 3479/2779/205 3480/2780/205
f 3481/2781/323 3465/2765/318 3482/2782/324
f 3483/2783/183 3484/2784/184 3485/2785/184
f 3486/2786/112 3487/2787/176 3488/2788/176
f 3489/2789/206 3490/2790/182 3491/2791/182
f 3288/2588/187 3492/2792/176 3493/2793/187
f 3494/2794/325 3495/2795/326 3496/2796/327
f 3497/2797/328 3498/2798/329 3499/2799/330
f 3500/2800/191 3501/2801/184 3502/2802/191
f 3503/2803/331 3504/2804/332 3505/2805/333
f 3506/2806/334 3507/2807/335 3477/2777/321
f 3508/2808/194 3509/2809/205 3510/2810/205
f 3511/2811/197 3512/2812/196 3282/2582/196
f 3513/2813/211 3514/2814/9 3515/2815/9
f 3516/2816/336 3517/2817/337 3518/2818/338
f 3519/2819/339 3504/2804/332 3520/2820/340
f 3521/2821/197 3522/2822/196 3523/2823/196
f 3524/2824/183 3501/2801/184 3525/2825/184
f 3526/2826/341 3527/2827/342 3528/2828/343
f 3141/2441/264 3529/2829/205 3530/2830/264
f 3531/2831/344 3532/2832/345 3526/2826/341
f 3533/2833/346 3478/2778/322 3534/2834/347
f 3485/2785/184 3535/2835/191 3536/2836/191
f 3537/2837/188 3538/2838/348 3539/2839/189
f 3540/2840/196 3541/2841/177 3542/2842/196
f 3543/2843/177 3544/2844/8 3545/2845/8
f 3546/2846/211 3547/2847/212 3548/2848/9
f 3549/2849/199 3550/2850/3 3551/2851/3
f 3552/2852/199 3553/2853/3 3443/2743/199
s 0
f 3138/2438/272 3554/2854/272 3139/2439/272
s 1
f 3555/2855/192 3518/2818/338 3494/2794/325
s 0
f 3409/2709/207 2901/2201/207 2902/2202/207
s 1
f 3089/2389/9 3556/2856/192 3090/2390/192
f 3557/2857/229 3542/2842/196 3558/2858/229
f 3559/2859/190 3560/2860/234 3561/2861/190
f 3562/2862/349 3563/2863/5 3564/2864/198
f 3565/2865/350 3566/2866/351 3567/2867/352
f 3568/2868/353 3567/2867/352 3569/2869/354
f 3551/2851/3 3570/2870/271 3571/2871/178
f 3572/2872/346 3573/2873/355 3574/2874/356
f 3575/2875/4 3418/2718/180 3576/2876/4
f 3577/2877/180 3578/2878/241 3579/2879/179
f 3555/2855/192 3578/2878/241 3546/2846/211
f 3580/2880/182 3456/2756/181 3427/2727/182
f 3581/2881/8 3451/2751/186 3383/2683/8
f 3582/2882/241 3583/2883/180 3584/2884/179
f 3293/2593/315 3585/2885/357 3586/2886/358
f 3587/2887/189 3449/2749/4 3441/2741/189
f 3516/2816/336 3588/2888/359 3589/2889/360
f 3590/2890/198 3591/2891/201 3592/2892/219
f 3593/2893/4 3594/2894/361 3595/2895/4
f 3293/2593/315 3596/2896/187 3597/2897/195
f 3598/2898/235 3560/2860/234 3599/2899/362
f 3600/2900/261 3562/2862/349 3564/2864/198
f 3601/2901/4 3602/2902/363 3603/2903/180
f 3119/2419/186 3604/2904/185 3605/2905/186
f 3606/2906/196 3607/2907/177 3543/2843/177
f 3579/2879/179 3608/2908/364 3577/2877/180
f 3609/2909/247 3610/2910/184 3611/2911/191
f 3612/2912/112 3613/2913/176 3614/2914/176
f 3615/2915/183 3610/2910/184 3616/2916/184
f 3545/2845/8 3617/2917/365 3618/2918/8
f 3619/2919/366 3620/2920/200 3621/2921/5
f 3622/2922/367 3623/2923/368 3624/2924/185
f 3623/2923/368 3620/2920/200 3624/2924/185
f 3625/2925/183 3430/2730/184 3626/2926/183
f 3627/2927/369 3628/2928/248 3629/2929/248
f 3630/2930/205 3416/2716/197 3350/2650/205
f 3623/2923/368 3631/2931/200 3632/2932/370
f 3633/2933/4 3497/2797/328 3539/2839/189
f 3481/2781/323 3600/2900/261 3634/2934/221
f 3578/2878/241 3635/2935/211 3546/2846/211
f 3632/2932/370 3621/2921/5 3620/2920/200
f 3505/2805/333 3622/2922/367 3624/2924/185
f 3121/2421/179 3583/2883/180 3122/2422/180
f 3636/2936/190 3476/2776/320 3533/2833/346
f 3631/2931/200 3637/2937/5 3638/2938/5
f 3606/2906/196 3639/2939/229 3640/2940/196
f 3143/2443/190 3641/2941/191 3132/2432/273
f 3598/2898/235 3642/2942/182 3643/2943/182
f 3531/2831/344 3541/2841/177 3644/2944/8
f 3090/2390/192 3584/2884/179 3121/2421/179
f 3645/2945/371 3646/2946/190 3554/2854/233
f 3547/2847/212 3647/2947/270 3648/2948/183
f 3127/2427/5 3649/2949/269 3128/2428/269
f 3596/2896/187 3650/2950/372 3614/2914/176
f 3598/2898/235 3506/2806/334 3476/2776/320
f 3610/2910/184 3648/2948/183 3651/2951/184
f 3652/2952/190 3641/2941/191 3653/2953/190
f 3613/2913/176 3596/2896/187 3614/2914/176
f 3654/2954/205 3558/2858/229 3655/2955/205
f 3656/2956/177 3383/2683/8 3369/2669/177
f 3657/2957/190 3458/2758/206 3658/2958/190
f 3622/2922/367 3531/2831/344 3644/2944/8
f 3659/2959/186 3604/2904/185 3660/2960/368
f 3594/2894/361 3661/2961/4 3595/2895/4
s 0
f 3662/2962/272 3554/2854/272 3663/2963/272
s 1
f 3557/2857/229 3606/2906/196 3540/2840/196
f 3664/2964/9 3546/2846/211 3548/2848/9
f 3665/2965/4 3603/2903/180 3577/2877/180
f 3666/2966/181 3667/2967/373 3668/2968/374
f 3616/2916/184 3516/2816/336 3615/2915/183
f 3669/2969/5 3590/2890/198 3670/2970/198
f 3499/2799/330 3671/2971/375 3464/2764/317
f 3617/2917/365 3660/2960/368 3623/2923/368
f 3132/2432/273 3672/2972/184 3111/2411/184
f 3673/2973/187 3446/2746/194 3453/2753/187
f 3674/2974/112 3459/2759/176 3422/2722/112
f 3654/2954/205 3675/2975/197 3557/2857/229
f 3122/2422/180 3676/2976/4 3133/2433/4
f 3631/2931/200 3677/2977/5 3632/2932/370
f 3119/2419/186 3544/2844/8 3102/2402/8
f 3635/2935/211 3678/2978/9 3547/2847/212
f 3608/2908/364 3495/2795/326 3679/2979/376
f 3560/2860/234 3636/2936/190 3561/2861/190
f 3564/2864/198 3680/2980/201 3600/2900/261
f 3537/2837/188 3464/2764/317 3681/2981/178
f 3099/2399/271 3550/2850/3 3100/2400/3
f 3466/2766/319 3634/2934/221 3682/2982/3
f 3577/2877/180 3683/2983/377 3665/2965/4
f 3539/2839/189 3593/2893/4 3633/2933/4
f 3684/2984/205 3316/2616/195 3402/2702/205
f 3685/2985/191 3433/2733/190 3462/2762/191
f 3686/2986/201 3443/2743/199 3325/2625/201
f 3291/2591/313 3597/2897/195 3687/2987/205
f 3688/2988/178 3447/2747/188 3394/2694/178
f 3548/2848/9 3648/2948/183 3689/2989/183
f 3592/2892/219 3690/2990/221 3680/2980/201
f 3691/2991/185 3353/2653/200 3301/2601/185
f 3401/2701/187 3355/2655/176 3315/2615/187
f 3692/2992/188 3441/2741/189 3447/2747/188
f 3539/2839/189 3499/2799/330 3537/2837/188
f 3606/2906/196 3693/2993/177 3540/2840/196
f 3694/2994/190 3611/2911/191 3695/2995/190
f 3612/2912/112 3696/2996/181 3697/2997/112
f 3698/2998/184 3462/2762/191 3430/2730/184
f 3543/2843/177 3618/2918/8 3693/2993/177
f 3699/2999/378 3655/2955/205 3558/2858/229
f 3700/3000/178 3551/2851/3 3571/2871/178
f 3701/3001/181 3422/2722/112 3456/2756/181
f 3597/2897/195 3627/2927/369 3629/2929/248
f 3702/3002/209 3297/2597/310 3703/3003/209
f 3704/3004/211 3431/2731/9 3460/2760/192
f 3664/2964/9 3689/2989/183 3615/2915/183
f 3611/2911/191 3652/2952/190 3695/2995/190
f 3694/2994/190 3574/2874/356 3609/2909/247
f 3666/2966/181 3642/2942/182 3696/2996/181
f 3358/2658/200 2903/2203/5 2891/2191/200
f 3705/3005/197 3442/2742/196 3416/2716/197
f 3629/2929/248 3687/2987/205 3597/2897/195
f 3600/2900/261 3690/2990/221 3634/2934/221
f 3503/2803/331 3624/2924/185 3620/2920/200
f 3616/2916/184 3574/2874/356 3706/3006/379
f 3399/2699/176 2897/2197/187 2861/2161/176
f 3458/2758/206 3580/2880/182 3427/2727/182
f 3707/3007/196 3369/2669/177 3442/2742/196
f 3708/3008/198 3325/2625/201 3406/2706/198
f 3590/2890/198 3680/2980/201 3670/2970/198
f 3709/3009/5 3406/2706/198 3338/2638/5
f 3614/2914/176 3667/2967/373 3612/2912/112
f 3710/3010/180 3461/2761/179 3418/2718/180
f 3700/3000/178 3711/3011/188 3712/3012/188
f 3713/3013/200 3714/3014/5 3353/2653/200
f 3529/2829/205 3628/2928/248 3530/2830/264
f 3715/3015/176 3453/2753/187 3459/2759/176
f 3690/2990/221 3551/2851/3 3716/3016/3
f 3669/2969/5 3564/2864/198 3563/2863/5
f 3610/2910/184 3717/3017/191 3611/2911/191
f 3718/3018/195 3719/3019/205 3446/2746/194
f 3461/2761/179 3720/3020/210 3721/3021/210
f 3615/2915/183 3518/2818/338 3664/2964/9
f 3722/3022/9 3626/2926/183 3431/2731/9
f 3693/2993/177 3644/2944/8 3541/2841/177
f 3619/2919/366 3723/3023/380 3503/2803/331
f 3083/2383/196 3639/2939/229 3084/2384/229
f 3126/2426/205 3639/2939/229 3724/3024/205
f 3648/2948/183 3672/2972/184 3651/2951/184
f 3711/3011/188 3725/3025/189 3594/2894/361
f 3083/2383/196 3607/2907/177 3640/2940/196
f 3095/2395/189 3661/2961/4 3725/3025/189
s 0
f 3628/2928/262 3726/3026/262 3530/2830/262
f 3141/2441/262 3726/3026/262 3142/2442/262
s 1
f 3136/2436/188 3570/2870/271 3099/2399/271
f 3651/2951/184 3641/2941/191 3717/3017/191
f 3111/2411/184 3647/2947/270 3112/2412/270
f 3592/2892/219 3727/3027/199 3549/2849/199
f 3545/2845/8 3605/2905/186 3659/2959/186
f 3562/2862/349 3728/3028/381 3729/3029/382
f 3571/2871/178 3730/3030/188 3711/3011/188
f 3731/3031/377 3732/3032/383 3497/2797/328
f 3128/2428/269 3604/2904/185 3118/2418/185
f 3733/3033/205 3639/2939/229 3675/2975/197
f 3602/2902/363 3676/2976/4 3583/2883/180
f 3086/2386/198 3734/3034/5 3087/2387/5
f 3089/2389/9 3647/2947/270 3678/2978/9
f 3102/2402/8 3607/2907/177 3103/2403/177
f 3106/2406/201 3735/3035/198 3086/2386/198
f 3105/2405/199 3591/2891/201 3106/2406/201
f 3555/2855/192 3496/2796/327 3579/2879/179
f 3100/2400/3 3727/3027/199 3105/2405/199
f 3736/3036/5 3735/3035/198 3590/2890/198
f 3095/2395/189 3730/3030/188 3136/2436/188
f 3660/2960/368 3649/2949/269 3631/2931/200
f 3582/2882/241 3556/2856/192 3635/2935/211
f 3628/2928/248 3737/3037/205 3629/2929/248
f 3542/2842/196 3699/2999/378 3558/2858/229
f 3599/2899/362 3645/2945/371 3662/2962/272
f 3682/2982/3 3700/3000/178 3681/2981/178
f 3666/2966/181 3506/2806/334 3643/2943/182
f 3681/2981/178 3466/2766/319 3682/2982/3
f 3526/2826/341 3542/2842/196 3541/2841/177
f 3538/2838/348 3711/3011/188 3594/2894/361
f 3681/2981/178 3712/3012/188 3537/2837/188
f 3738/3038/184 2888/2188/191 2879/2179/184
f 3690/2990/221 3682/2982/3 3634/2934/221
f 3618/2918/8 3622/2922/367 3644/2944/8
f 3488/2788/176 3739/3039/187 3740/3040/187
f 3650/2950/372 3741/3041/384 3667/2967/373
f 3650/2950/372 3585/2885/357 3742/3042/385
f 3743/3043/206 3468/2768/182 3744/3044/182
f 3745/3045/112 3492/2792/176 3746/3046/176
s 0
f 3747/3047/2 3748/3048/2 3749/3049/2
s 1
f 3668/2968/374 3741/3041/384 3507/2807/335
f 3683/2983/377 3679/2979/376 3750/3050/386
f 3751/3051/205 3752/3052/197 3511/2811/197
f 3518/2818/338 3753/3053/387 3494/2794/325
f 3699/2999/378 3527/2827/342 3754/3054/388
f 3515/2815/9 3755/3055/183 3524/2824/183
s 0
f 3756/3056/2 3757/3057/2 3758/3058/2
s 1
f 3759/3059/389 3482/2782/324 3728/3028/381
f 3740/3040/187 3760/3060/195 3508/2808/194
s 0
f 3761/3061/305 3287/2587/305 3762/3062/305
s 1
f 3523/2823/196 3763/3063/177 3764/3064/177
f 3765/3065/390 3766/3066/391 3767/3067/303
f 3768/3068/205 3769/3069/197 3521/2821/197
s 0
f 3770/3070/2 3771/3071/2 3772/3072/2
s 1
f 3773/3073/181 3774/3074/112 3745/3045/112
f 3574/2874/356 3588/2888/359 3706/3006/379
f 3491/2791/182 3775/3075/181 3773/3073/181
f 3699/2999/378 3776/3076/392 3777/3077/313
f 3562/2862/349 3778/3078/393 3779/3079/366
f 3780/3080/190 3781/3081/206 3743/3043/206
f 3766/3066/391 3782/3082/303 3767/3067/303
f 3536/2836/191 3783/3083/190 3784/3084/190
s 0
f 3198/2498/305 3762/3062/305 3199/2499/305
s 1
f 3500/2800/191 3785/3085/190 3786/3086/190
f 3467/2767/181 3787/3087/112 3486/2786/112
f 3531/2831/344 3520/2820/340 3788/3088/394
f 3472/2772/9 3789/3089/183 3483/2783/183
s 0
f 3790/3090/2 3749/3049/2 3757/3057/2
s 1
f 3791/3091/190 3792/3092/206 3489/2789/206
s 0
f 3793/3093/2 3756/3056/2 3758/3058/2
s 1
f 3764/3064/177 3794/3094/8 3473/2773/8
s 0
f 3771/3071/2 3795/3095/2 3793/3093/2
s 1
f 3646/2946/190 3139/2439/233 3554/2854/233
f 3445/2745/4 2901/2201/207 3444/2744/208
f 2900/2200/193 3796/3096/5 3308/2608/193
s 0
f 3797/3097/303 3279/2579/303 3782/3082/303
s 1
f 3603/2903/180 3582/2882/241 3578/2878/241
f 3798/3098/228 3597/2897/195 3596/2896/187
f 3799/3099/3 3394/2694/178 3553/2853/3
f 3415/2715/183 3431/2731/9 3626/2926/183
f 3393/2693/192 3387/2687/179 3455/2755/179
s 0
f 3800/3100/137 3801/3101/137 3802/3102/137
f 3803/3103/395 3804/3104/395 3805/3105/395
f 3806/3106/396 3807/3107/396 3808/3108/396
f 3809/3109/397 3810/3110/397 3811/3111/397
f 3812/3112/138 3813/3113/138 3814/3114/138
f 3815/3115/137 3816/3116/137 3817/3117/137
s 1
f 3818/3118/398 3819/3119/399 3820/3120/400
s 0
f 3804/3104/138 3812/3112/138 3814/3114/138
f 3821/3121/396 3822/3122/396 3823/3123/396
f 3824/3124/396 3825/3125/396 3807/3107/396
f 3826/3126/396 3827/3127/396 3828/3128/396
f 3829/3129/401 3830/3130/401 3831/3131/401
s 1
f 3832/3132/402 3820/3120/400 3833/3133/403
s 0
f 3816/3116/137 3834/3134/137 3817/3117/137
f 3835/3135/137 3836/3136/137 3837/3137/137
f 3838/3138/404 3839/3139/404 3840/3140/404
s 1
f 3841/3141/405 3842/3142/406 3843/3143/405
s 0
f 3825/3125/396 3844/3144/396 3845/3145/396
f 3809/3109/397 3846/3146/397 3847/3147/397
f 3848/3148/401 3849/3149/401 3830/3130/401
s 1
f 3850/3150/407 3851/3151/408 3852/3152/409
f 3853/3153/410 3854/3154/409 3855/3155/410
f 3856/3156/411 3855/3155/410 3857/3157/412
f 3856/3156/411 3858/3158/413 3859/3159/414
f 3860/3160/415 3858/3158/413 3861/3161/416
s 0
f 3862/3162/2 3863/3163/2 3864/3164/2
f 3865/3165/138 3866/3166/138 3867/3167/138
f 3868/3168/396 3869/3169/396 3870/3170/396
s 1
f 3819/3119/399 3871/3171/405 3872/3172/405
s 0
f 3873/3173/1 3874/3174/1 3875/3175/1
f 3876/3160/2 3862/3162/2 3877/3176/2
f 3878/3177/138 3879/3178/138 3880/3179/138
f 3881/3180/396 3882/3181/396 3883/3182/396
s 1
f 3884/3174/417 3833/3133/403 3885/3183/418
s 0
f 3875/3175/1 3886/3183/1 3887/3184/1
f 3849/3149/419 3888/3185/419 3889/3186/419
f 3890/3187/139 3891/3188/139 3892/3189/139
s 1
f 3893/3190/136 3894/3191/420 3895/3192/421
s 0
f 3896/3193/422 3897/3194/422 3898/3195/422
f 3899/3196/423 3900/3197/423 3901/3198/423
f 3902/3199/136 3903/3200/136 3904/3201/136
f 3905/3202/139 3906/3203/139 3907/3204/139
s 1
f 3908/3205/424 3909/3206/425 3910/3207/426
s 0
f 3903/3200/136 3911/3208/136 3904/3201/136
f 3912/3209/427 3913/3210/427 3914/3211/427
f 3915/3212/422 3916/3213/422 3917/3214/422
f 3918/3215/422 3919/3216/422 3920/3217/422
f 3921/3218/422 3922/3219/422 3923/3220/422
s 1
f 3924/3221/428 3910/3207/426 3925/3222/429
s 0
f 3926/3223/139 3905/3202/139 3907/3204/139
f 3927/3224/139 3928/3225/139 3929/3226/139
f 3930/3227/136 3902/3199/136 3931/3228/136
s 1
f 3932/3229/430 3933/3230/431 3934/3231/432
s 0
f 3935/3232/422 3915/3212/422 3936/3233/422
f 3899/3196/427 3937/3234/427 3938/3235/427
f 3939/3236/422 3940/3237/422 3941/3238/422
s 1
f 3942/3239/433 3943/3240/434 3944/3241/435
f 3945/3242/436 3946/3243/433 3947/3244/433
f 3948/3245/437 3949/3246/436 3945/3242/436
f 3950/3247/438 3951/3248/439 3948/3245/437
f 3952/3249/440 3953/3250/441 3950/3247/438
s 0
f 3954/3251/2 3955/3252/2 3956/3253/2
f 3957/3254/136 3958/3255/136 3959/3256/136
f 3960/3257/423 3961/3258/423 3962/3259/423
s 1
f 3963/3260/432 3909/3206/425 3964/3261/442
s 0
f 3965/3262/1 3966/3263/1 3967/3264/1
f 3956/3253/2 3968/3249/2 3969/3265/2
f 3970/3266/136 3971/3267/136 3972/3268/136
f 3973/3269/422 3936/3233/422 3974/3270/422
s 1
f 3975/3271/443 3925/3222/429 3976/3272/444
s 0
f 3977/3271/1 3965/3262/1 3978/3273/1
f 3979/3274/422 3939/3236/422 3919/3216/422
f 3980/3275/137 3981/3276/137 3982/3277/137
f 3983/3278/404 3984/3279/404 3985/3280/445
f 3986/3281/396 3987/3282/396 3988/3283/396
f 3989/3284/397 3990/3285/397 3991/3286/397
f 3992/3287/138 3993/3288/138 3994/3289/138
f 3995/3290/137 3996/3291/137 3997/3292/137
s 1
f 3998/3293/446 3999/3294/447 4000/3295/448
s 0
f 3993/3288/138 4001/3296/138 3994/3289/138
f 4002/3297/396 4003/3298/396 4004/3299/396
f 4005/3300/396 4006/3301/396 4007/3302/396
f 4008/3303/401 4009/3304/401 4010/3305/401
f 4011/3306/396 4012/3307/396 4013/3308/396
s 1
f 3998/3293/446 4014/3309/449 4015/3310/450
s 0
f 3997/3292/137 4016/3311/137 3995/3290/137
f 4017/3312/137 4018/3313/137 4019/3314/137
f 4020/3315/395 3992/3287/395 4021/3316/395
s 1
f 4022/3317/409 4023/3318/408 4024/3319/407
s 0
f 4025/3320/396 4005/3300/396 4026/3321/396
f 3989/3284/397 4027/3322/397 4028/3323/397
f 4029/3324/401 4030/3325/401 4031/3326/401
s 1
f 4032/3327/405 4033/3328/451 4034/3329/452
f 4035/3330/453 4036/3331/405 4037/3332/454
f 4038/3333/400 4035/3330/453 4037/3332/454
f 4039/3334/455 4038/3333/400 4040/3335/455
f 4041/3336/456 4040/3335/455 4042/3337/417
s 0
f 4043/3338/1 4044/3336/1 4045/3339/1
f 4046/3340/138 4047/3341/138 4048/3342/138
f 4049/3343/396 4050/3344/396 4051/3345/396
s 1
f 4052/3346/409 3999/3294/447 4053/3347/457
s 0
f 4054/3348/2 4055/3349/2 4056/3350/2
f 4045/3339/1 4057/3337/1 4058/3351/1
f 4059/3352/138 4060/3353/138 4061/3354/138
f 4062/3355/396 4026/3321/396 4063/3356/396
s 1
f 4015/3310/450 4064/3357/458 4065/3358/459
s 0
f 4066/3358/2 4054/3348/2 4067/3359/2
f 4068/3360/419 4029/3324/419 4009/3304/419
f 4069/3361/139 4070/3362/139 4071/3363/139
f 4072/3364/136 4073/3365/136 4074/3366/136
f 4075/3367/422 4076/3368/422 4077/3369/422
f 4078/3370/422 4079/3371/422 4080/3372/422
f 4081/3373/136 4082/3374/136 4083/3375/136
f 4084/3376/139 4085/3377/139 4086/3378/139
s 1
f 4087/3379/439 4088/3380/460 4089/3381/461
s 0
f 4073/3365/136 4081/3373/136 4083/3375/136
f 4090/3382/422 4091/3383/422 4092/3384/422
f 4093/3385/422 4094/3386/422 4076/3368/422
f 4095/3387/422 4096/3388/422 4097/3389/422
f 4098/3390/422 4099/3391/422 4100/3392/422
s 1
f 4101/3393/462 4102/3394/437 4087/3379/439
s 0
f 4085/3377/139 4103/3395/139 4086/3378/139
f 4104/3396/139 4105/3397/139 4106/3398/139
s 1
f 4107/3399/463 4108/3400/136 4109/3401/464
f 4110/3402/465 4111/3403/466 4112/3404/467
s 0
f 4094/3386/422 4113/3405/422 4114/3406/422
f 4078/3370/422 4115/3407/422 4116/3408/422
f 4117/3409/422 4118/3410/422 4099/3391/422
s 1
f 4119/3411/432 4120/3412/430 4121/3413/432
f 4122/3414/432 4123/3415/468 4124/3416/425
f 4124/3416/425 4125/3417/424 4126/3418/426
f 4127/3419/469 4125/3417/424 4128/3420/429
f 4129/3421/444 4128/3420/429 4130/3422/470
s 0
f 4131/3423/1 4132/3424/1 4133/3425/1
f 4134/3426/136 4135/3427/136 4136/3428/136
f 4137/3429/422 4138/3430/422 4139/3431/422
s 1
f 4089/3381/461 4140/3432/471 4141/3433/465
s 0
f 4142/3434/2 4143/3435/2 4144/3436/2
f 4145/3421/1 4133/3425/1 4146/3437/1
f 4147/3438/136 4148/3439/136 4149/3440/136
f 4150/3441/422 4151/3442/422 4152/3443/422
s 1
f 4153/3435/440 4101/3393/462 4154/3444/472
s 0
f 4144/3436/2 4155/3444/2 4156/3445/2
f 4118/3410/422 4157/3446/422 4158/3447/422
f 4159/3448/9 4160/3449/9 4161/3450/9
f 4162/3451/112 4163/3452/112 4164/3453/112
f 4163/3452/112 4165/3454/112 4164/3453/112
f 4166/3455/9 4159/3448/9 4161/3450/9
f 4167/3456/3 4168/3457/3 4169/3458/3
f 4170/3459/3 4167/3456/3 4171/3460/3
f 4172/3461/473 4173/3462/473 4174/3463/473
f 4175/3464/112 4176/3465/112 4177/3466/112
f 4178/3467/112 4175/3464/112 4177/3466/112
f 4177/3466/112 4179/3468/112 4178/3467/112
f 4180/3469/474 4181/3470/474 4182/3471/474
f 4183/3472/3 4184/3473/3 4185/3474/3
f 4186/3475/1 4187/3476/1 4188/3477/1
f 4189/3478/2 4190/3479/2 4191/3480/2
f 4192/3481/1 4193/3482/1 4194/3483/1
f 4195/3484/9 4196/3485/9 4197/3486/9
f 4198/3487/9 4199/3488/9 4200/3489/9
f 4201/3490/2 4202/3491/2 4203/3492/2
f 4204/3493/1 4205/3494/1 4206/3495/1
f 4207/3496/9 4208/3497/9 4209/3498/9
f 4210/3499/9 4211/3500/9 4212/3501/9
f 4213/3502/3 4214/3503/3 4215/3504/3
f 4216/3505/2 4217/3506/2 4218/3507/2
f 4219/3508/475 4220/3509/475 4221/3510/475
f 4222/3511/3 4223/3512/3 4224/3513/3
f 4225/3514/3 4226/3515/3 4227/3516/3
f 4228/3517/3 4229/3518/3 4230/3519/3
f 4231/3520/2 4232/3521/2 4233/3522/2
f 4234/3523/1 4192/3481/1 4194/3483/1
f 4235/3524/2 4236/3525/2 4232/3521/2
f 4237/3526/9 4238/3527/9 4239/3528/9
f 4240/3529/1 4241/3530/1 4242/3531/1
f 4243/3532/9 4244/3533/9 4198/3487/9
f 4245/3534/1 4246/3535/1 4247/3536/1
f 4248/3537/112 4249/3538/112 4250/3539/112
f 4251/3540/3 4252/3541/3 4253/3542/3
f 4254/3543/2 4255/3544/2 4256/3545/2
f 4257/3546/3 4258/3547/3 4259/3548/3
f 4260/3549/112 4250/3539/112 4249/3538/112
f 4261/3550/1 4262/3551/1 4263/3552/1
f 4264/3553/475 4265/3554/475 4266/3555/475
f 4267/3556/9 4268/3557/9 4269/3558/9
f 4270/3559/476 4271/3560/476 4272/3561/476
f 4273/3562/112 4260/3549/112 4249/3538/112
f 4274/3563/1 4275/3564/1 4276/3565/1
f 4277/3566/1 4278/3567/1 4279/3568/1
f 4280/3569/473 4281/3570/473 4282/3571/473
f 4283/3572/2 4284/3573/2 4285/3574/2
f 4286/3575/2 4287/3576/2 4288/3577/2
f 4289/3578/9 4290/3579/9 4291/3580/9
f 4292/3581/1 4293/3582/1 4294/3583/1
f 4295/3584/473 4296/3585/473 4297/3586/473
f 4298/3587/473 4299/3588/473 4300/3589/473
f 4217/3506/2 4301/3590/2 4302/3591/2
f 4303/3592/473 4304/3593/473 4305/3594/473
f 4306/3595/9 4197/3486/9 4307/3596/9
f 4308/3597/474 4309/3598/474 4310/3599/474
f 4311/3600/2 4312/3601/2 4313/3602/2
f 4314/3603/477 4315/3604/477 4316/3605/477
f 4317/3606/2 4318/3607/2 4319/3608/2
f 4320/3609/9 4321/3610/9 4322/3611/9
f 4323/3612/478 4324/3613/478 4325/3614/478
f 4326/3615/2 4327/3616/2 4328/3617/2
f 4329/3618/8 4330/3619/8 4331/3620/8
f 4332/3621/1 4276/3565/1 4333/3622/1
f 4334/3623/9 4335/3624/9 4336/3625/9
f 4337/3626/2 4338/3627/2 4339/3628/2
f 4340/3629/474 4172/3461/474 4341/3630/474
f 4342/3631/9 4343/3632/9 4344/3633/9
f 4345/3634/2 4346/3635/2 4347/3636/2
f 4348/3637/3 4349/3638/3 4350/3639/3
f 4351/3640/3 4352/3641/3 4353/3642/3
f 4354/3643/2 4355/3644/2 4356/3645/2
f 4212/3501/9 4357/3646/9 4358/3647/9
f 4359/3648/1 4360/3649/1 4361/3650/1
f 4362/3651/475 4363/3652/475 4364/3653/475
f 4365/3654/1 4366/3655/1 4367/3656/1
f 4368/3657/1 4369/3658/1 4370/3659/1
f 4371/3660/479 4372/3661/479 4373/3662/479
f 4374/3663/473 4375/3664/473 4376/3665/473
f 4377/3666/474 4378/3667/474 4379/3668/474
f 4379/3668/474 4380/3669/474 4381/3670/474
f 4382/3671/474 4383/3672/474 4384/3673/474
f 4385/3674/3 4386/3675/3 4387/3676/3
f 4388/3677/2 4389/3678/2 4390/3679/2
f 4391/3680/475 4392/3681/475 4393/3682/475
f 4394/3683/9 4344/3633/9 4395/3684/9
f 4396/3685/3 4397/3686/3 4398/3687/3
f 4267/3556/9 4399/3688/9 4400/3689/9
f 4401/3690/3 4402/3691/3 4403/3692/3
f 4404/3693/2 4286/3575/2 4405/3694/2
f 4406/3695/474 4407/3696/474 4408/3697/474
f 4409/3698/9 4410/3699/9 4411/3700/9
f 4412/3701/474 4413/3702/474 4414/3703/474
f 4415/3704/1 4416/3705/1 4417/3706/1
f 4418/3707/1 4419/3708/1 4420/3709/1
f 4421/3710/9 4422/3711/9 4423/3712/9
f 4424/3713/112 4249/3538/112 4425/3714/112
f 4426/3715/473 4427/3716/473 4428/3717/473
f 4429/3718/1 4430/3719/1 4431/3720/1
f 4432/3721/1 4433/3722/1 4434/3723/1
f 4435/3724/3 4436/3725/3 4437/3726/3
f 4438/3727/2 4439/3728/2 4440/3729/2
f 4278/3567/1 4441/3730/1 4442/3731/1
f 4443/3732/473 4444/3733/473 4445/3734/473
f 4446/3735/3 4447/3736/3 4448/3737/3
f 4291/3580/9 4449/3738/9 4450/3739/9
f 4451/3740/473 4452/3741/473 4453/3742/473
f 4448/3737/3 4447/3736/3 4454/3743/3
f 4455/3744/3 4456/3745/3 4457/3746/3
f 4177/3466/112 4458/3747/112 4459/3748/112
f 4460/3749/8 4461/3750/8 4462/3751/8
f 4463/3752/112 4164/3453/112 4464/3753/112
f 4465/3754/3 4466/3755/3 4386/3675/3
f 4467/3756/1 4468/3757/1 4186/3475/1
f 4469/3758/473 4470/3759/473 4471/3760/473
f 4472/3761/474 4414/3703/474 4473/3762/474
f 4164/3453/112 4474/3763/112 4464/3753/112
f 4475/3764/3 4476/3765/3 4477/3766/3
f 4478/3767/2 4479/3768/2 4480/3769/2
f 4481/3770/2 4339/3628/2 4482/3771/2
f 4483/3772/474 4484/3773/474 4485/3774/474
f 4486/3775/9 4487/3776/9 4488/3777/9
f 4489/3778/2 4490/3779/2 4491/3780/2
f 4492/3781/2 4493/3782/2 4494/3783/2
f 4495/3784/3 4496/3785/3 4497/3786/3
f 4498/3787/3 4499/3788/3 4500/3789/3
f 4501/3790/1 4502/3791/1 4503/3792/1
f 4504/3793/480 4505/3794/480 4506/3795/480
f 4507/3796/2 4508/3797/2 4509/3798/2
f 4510/3799/1 4511/3800/1 4512/3801/1
f 4513/3802/3 4514/3803/3 4515/3804/3
f 4516/3805/3 4517/3806/3 4518/3807/3
f 4519/3808/3 4498/3787/3 4500/3789/3
f 4520/3809/2 4521/3810/2 4522/3811/2
f 4523/3812/1 4524/3813/1 4525/3814/1
f 4526/3815/9 4527/3816/9 4528/3817/9
f 4529/3818/3 4530/3819/3 4531/3820/3
f 4532/3821/1 4533/3822/1 4534/3823/1
f 4535/3824/3 4536/3825/3 4537/3826/3
f 4538/3827/3 4515/3804/3 4539/3828/3
f 4540/3829/2 4541/3830/2 4542/3831/2
f 4543/3832/3 4544/3833/3 4517/3806/3
f 4545/3834/481 4546/3835/481 4535/3824/481
f 4502/3791/1 4547/3836/1 4548/3837/1
f 4531/3820/3 4549/3838/3 4550/3839/3
f 4551/3840/9 4552/3841/9 4553/3842/9
f 4554/3843/112 4555/3844/112 4556/3845/112
f 4557/3846/112 4554/3843/112 4556/3845/112
f 4553/3842/9 4558/3847/9 4559/3848/9
f 4560/3849/3 4561/3850/3 4562/3851/3
f 4561/3850/3 4563/3852/3 4564/3853/3
f 4565/3854/473 4566/3855/473 4567/3856/473
f 4568/3857/112 4569/3858/112 4570/3859/112
f 4570/3859/112 4571/3860/112 4568/3857/112
f 4572/3861/112 4568/3857/112 4571/3860/112
f 4573/3862/474 4574/3863/474 4575/3864/474
f 4576/3865/3 4577/3866/3 4578/3867/3
f 4579/3868/2 4580/3869/2 4581/3870/2
f 4582/3871/1 4583/3872/1 4584/3873/1
f 4585/3874/2 4586/3875/2 4587/3876/2
f 4588/3877/9 4589/3878/9 4590/3879/9
f 4591/3880/9 4592/3881/9 4593/3882/9
f 4594/3883/1 4595/3884/1 4596/3885/1
f 4597/3886/2 4598/3887/2 4599/3888/2
f 4600/3889/9 4601/3890/9 4602/3891/9
f 4603/3892/9 4604/3893/9 4605/3894/9
f 4606/3895/3 4607/3896/3 4608/3897/3
f 4609/3898/1 4610/3899/1 4611/3900/1
f 4612/3901/8 4613/3902/8 4614/3903/8
f 4615/3904/3 4616/3905/3 4617/3906/3
f 4618/3907/3 4619/3908/3 4620/3909/3
f 4621/3910/3 4622/3911/3 4623/3912/3
f 4624/3913/1 4625/3914/1 4626/3915/1
f 4586/3875/2 4627/3916/2 4628/3917/2
f 4625/3914/1 4629/3918/1 4630/3919/1
f 4631/3920/482 4632/3921/482 4633/3922/482
f 4634/3923/2 4635/3924/2 4636/3925/2
f 4591/3880/9 4637/3926/9 4638/3927/9
f 4639/3928/2 4640/3929/2 4641/3930/2
f 4642/3931/112 4643/3932/112 4644/3933/112
f 4645/3934/3 4646/3935/3 4647/3936/3
f 4648/3937/1 4649/3938/1 4650/3939/1
f 4651/3940/3 4652/3941/3 4653/3942/3
f 4644/3933/112 4654/3943/112 4642/3931/112
f 4655/3944/2 4656/3945/2 4657/3946/2
f 4658/3947/8 4659/3948/8 4660/3949/8
f 4661/3950/9 4662/3951/9 4663/3952/9
f 4664/3953/483 4665/3954/483 4666/3955/483
f 4642/3931/112 4667/3956/112 4668/3957/112
f 4669/3958/2 4670/3959/2 4671/3960/2
f 4672/3961/2 4673/3962/2 4674/3963/2
f 4675/3964/473 4676/3965/473 4677/3966/473
f 4678/3967/1 4679/3968/1 4680/3969/1
f 4681/3970/1 4682/3971/1 4683/3972/1
f 4684/3973/9 4685/3974/9 4686/3975/9
f 4687/3976/2 4688/3977/2 4689/3978/2
f 4690/3979/473 4691/3980/473 4692/3981/473
f 4693/3982/473 4694/3983/473 4695/3984/473
f 4696/3985/1 4697/3986/1 4610/3899/1
f 4698/3987/473 4699/3988/473 4700/3989/473
f 4701/3990/9 4590/3879/9 4702/3991/9
f 4703/3992/473 4704/3993/473 4705/3994/473
f 4706/3995/1 4707/3996/1 4708/3997/1
f 4709/3998/478 4710/3999/478 4711/4000/478
f 4712/4001/1 4713/4002/1 4714/4003/1
f 4715/4004/9 4716/4005/9 4717/4006/9
f 4718/4007/477 4719/4008/477 4720/4009/477
f 4721/4010/1 4722/4011/1 4723/4012/1
f 4724/4013/8 4725/4014/8 4726/4015/8
f 4727/4016/2 4669/3958/2 4728/4017/2
f 4729/4018/9 4730/4019/9 4731/4020/9
f 4732/4021/1 4733/4022/1 4734/4023/1
f 4566/3855/474 4735/4024/474 4736/4025/474
f 4737/4026/9 4738/4027/9 4739/4028/9
f 4740/4029/1 4741/4030/1 4742/4031/1
f 4743/4032/3 4744/4033/3 4745/4034/3
f 4746/4035/3 4747/4036/3 4748/4037/3
f 4749/4038/1 4750/4039/1 4751/4040/1
f 4752/4041/9 4603/3892/9 4753/4042/9
f 4754/4043/2 4755/4044/2 4756/4045/2
f 4757/4046/8 4758/4047/8 4759/4048/8
f 4760/4049/2 4761/4050/2 4762/4051/2
f 4763/4052/2 4764/4053/2 4765/4054/2
f 4766/4055/483 4767/4056/483 4768/4057/483
f 4769/4058/473 4770/4059/473 4771/4060/473
f 4772/4061/474 4773/4062/474 4774/4063/474
f 4775/4064/474 4774/4063/474 4776/4065/474
f 4777/4066/473 4778/4067/473 4779/4068/473
f 4780/4069/3 4781/4070/3 4782/4071/3
f 4783/4072/1 4784/4073/1 4785/4074/1
f 4786/4075/8 4787/4076/8 4788/4077/8
f 4739/4028/9 4789/4078/9 4790/4079/9
f 4791/4080/3 4792/4081/3 4793/4082/3
f 4794/4083/9 4795/4084/9 4661/3950/9
f 4796/4085/3 4797/4086/3 4798/4087/3
f 4682/3971/1 4799/4088/1 4683/3972/1
f 4800/4089/474 4801/4090/474 4802/4091/474
f 4803/4092/9 4804/4093/9 4805/4094/9
f 4806/4095/474 4807/4096/474 4808/4097/474
f 4809/4098/2 4810/4099/2 4811/4100/2
f 4812/4101/2 4813/4102/2 4814/4103/2
f 4815/4104/9 4816/4105/9 4817/4106/9
f 4642/3931/112 4818/4107/112 4819/4108/112
f 4820/4109/473 4821/4110/473 4822/4111/473
f 4823/4112/484 4824/4113/484 4825/4114/484
f 4826/4115/2 4827/4116/2 4828/4117/2
f 4829/4118/3 4830/4119/3 4831/4120/3
f 4832/4121/1 4833/4122/1 4834/4123/1
f 4835/4124/2 4836/4125/2 4673/3962/2
f 4837/4126/473 4838/4127/473 4839/4128/473
f 4840/4129/3 4841/4130/3 4842/4131/3
f 4843/4132/9 4844/4133/9 4684/3973/9
f 4845/4134/473 4846/4135/473 4847/4136/473
f 4848/4137/3 4842/4131/3 4849/4138/3
f 4850/4139/3 4851/4140/3 4852/4141/3
f 4853/4142/112 4568/3857/112 4854/4143/112
f 4855/4144/8 4856/4145/8 4857/4146/8
f 4556/3845/112 4858/4147/112 4859/4148/112
f 4860/4149/3 4781/4070/3 4780/4069/3
f 4861/4150/2 4581/3870/2 4862/4151/2
f 4863/4152/473 4864/4153/473 4865/4154/473
f 4806/4095/474 4866/4155/474 4867/4156/474
f 4868/4157/112 4556/3845/112 4859/4148/112
f 4869/4158/3 4870/4159/3 4871/4160/3
f 4872/4161/1 4873/4162/1 4874/4163/1
f 4875/4164/1 4876/4165/1 4732/4021/1
f 4877/4166/473 4878/4167/473 4879/4168/473
f 4880/4169/9 4881/4170/9 4882/4171/9
f 4883/4172/1 4884/4173/1 4885/4174/1
f 4886/4175/1 4887/4176/1 4888/4177/1
f 4889/4178/3 4890/4179/3 4891/4180/3
f 4892/4181/3 4893/4182/3 4894/4183/3
f 4895/4184/2 4896/4185/2 4897/4186/2
f 4898/4187/480 4899/4188/480 4900/4189/480
f 4901/4190/1 4902/4191/1 4903/4192/1
f 4904/4193/2 4905/4194/2 4906/4195/2
f 4907/4196/3 4908/4197/3 4909/4198/3
f 4910/4199/480 4911/4200/480 4912/4201/480
f 4893/4182/3 4913/4202/3 4894/4183/3
f 4914/4203/1 4885/4174/1 4915/4204/1
f 4916/4205/2 4917/4206/2 4918/4207/2
f 4919/4208/9 4920/4209/9 4921/4210/9
f 4922/4211/3 4923/4212/3 4924/4213/3
f 4925/4214/2 4926/4215/2 4927/4216/2
f 4928/4217/480 4929/4218/480 4930/4219/480
f 4909/4198/3 4931/4220/3 4932/4221/3
f 4933/4222/1 4934/4223/1 4935/4224/1
f 4936/4225/3 4937/4226/3 4910/4199/3
f 4938/4227/480 4939/4228/480 4929/4218/480
f 4940/4229/2 4941/4230/2 4895/4184/2
f 4942/4231/3 4924/4213/3 4943/4232/3
s 1
f 4944/4233/485 4945/4234/486 4946/4235/485
f 4947/4236/486 4948/4237/487 4945/4234/486
f 4949/4238/487 4950/4239/488 4948/4237/487
f 4951/4240/488 4952/4241/489 4953/4242/488
f 4952/4241/489 4954/4243/490 4955/4244/490
f 4954/4243/490 4956/4245/491 4955/4244/490
f 4957/4246/492 4958/4247/1 4959/4248/1
f 4960/4249/493 4961/4250/494 4962/4251/495
f 4963/4252/496 4964/4253/497 4965/4254/496
f 4966/4255/498 4967/4256/499 4968/4257/500
f 4969/4258/1 4970/4259/501 4971/4260/1
f 4972/4261/502 4973/4262/503 4974/4263/504
s 0
f 4975/4264/505 4976/4265/505 4977/4266/505
s 1
f 4978/4267/506 4971/4260/1 4979/4268/506
f 4980/4269/507 4981/4270/508 4982/4271/509
f 4983/4272/510 4965/4254/496 4984/4273/510
f 4985/4274/511 4986/4275/512 4987/4276/513
f 4988/4277/514 4989/4278/515 4990/4279/516
f 4991/4280/500 4992/4281/517 4993/4282/517
f 4994/4283/518 4995/4284/519 4996/4285/520
f 4997/4286/514 4998/4287/516 4999/4288/514
f 4998/4287/516 5000/4289/521 5001/4290/522
f 5000/4289/521 5002/4291/523 5001/4290/522
f 5002/4291/523 5003/4292/518 5004/4293/518
f 5004/4293/518 5005/4294/2 5006/4295/2
f 5006/4295/2 5007/4296/524 5008/4297/525
f 5008/4297/525 5009/4298/526 5010/4299/526
f 5009/4298/526 5011/4300/527 5010/4299/526
f 5011/4300/527 5012/4301/528 5013/4302/528
f 5012/4301/528 5014/4303/529 5013/4302/528
f 5015/4304/529 5016/4305/530 5017/4306/531
f 5017/4306/531 5018/4307/532 4960/4249/493
f 5019/4308/504 5020/4309/533 5021/4310/504
f 5022/4311/534 5023/4312/535 5024/4313/536
f 5025/4314/537 5026/4315/533 5027/4316/533
f 4993/4282/517 5028/4317/538 5029/4318/539
f 5030/4319/528 5031/4320/540 5032/4321/529
f 5033/4322/541 5034/4323/510 5035/4324/541
f 5036/4325/529 5037/4326/542 5038/4327/531
f 4966/4255/498 4982/4271/509 5039/4328/543
f 5040/4329/544 5041/4330/500 5042/4331/500
f 5043/4332/1 5044/4333/545 5045/4334/545
s 0
f 5046/4335/546 5047/4336/546 5048/4337/546
s 1
f 5049/4338/547 5050/4339/548 5051/4340/549
s 0
f 5052/4341/550 5053/4342/550 5054/4343/550
s 1
f 5055/4344/551 4962/4251/495 5056/4345/551
f 5057/4346/493 5058/4347/495 5059/4348/552
f 5060/4349/533 4972/4261/502 4974/4263/504
f 5061/4350/553 5062/4351/554 5063/4352/555
f 5064/4353/556 5065/4354/557 5066/4355/557
s 0
f 5067/4356/2 5068/4357/2 5069/4358/2
s 1
f 5070/4359/558 5071/4360/559 5072/4361/558
f 5073/4362/560 5072/4361/558 5074/4363/560
f 5073/4362/560 5075/4364/561 5076/4365/562
f 5076/4365/562 5077/4366/563 5078/4367/564
f 5079/4368/565 5077/4366/563 5080/4369/565
f 5081/4370/566 5080/4369/565 5082/4371/566
f 5083/4372/567 5084/4373/566 5085/4374/567
f 5083/4372/567 5086/4375/568 5087/4376/568
f 5088/4377/569 5086/4375/568 5089/4378/569
f 5090/4379/570 5089/4378/569 5091/4380/570
f 5092/4381/570 5093/4382/571 5094/4383/571
f 5095/4384/572 5093/4382/571 5096/4385/572
f 5095/4384/572 5097/4386/573 5098/4387/573
f 5098/4387/573 5099/4388/574 5100/4389/575
f 5100/4389/575 5101/4390/576 5102/4391/577
f 5103/4392/578 5101/4390/576 5104/4393/579
s 0
f 5105/4394/580 5106/4395/580 5107/4396/580
f 5108/4397/546 5109/4398/546 5110/4399/546
s 1
f 5111/4400/581 5112/4401/582 5049/4338/547
f 5113/4402/544 5114/4403/583 5115/4404/544
s 0
f 5116/4405/546 5117/4406/546 5118/4407/546
f 5119/4408/584 5120/4409/584 5121/4410/584
f 5122/4411/9 5123/4412/9 5124/4413/9
f 5107/4396/584 5125/4414/584 5126/4415/584
f 5108/4397/584 5127/4416/584 5128/4417/584
f 5121/4410/580 5129/4418/580 5130/4419/580
f 5131/4420/584 5132/4421/584 5133/4422/584
s 1
f 5134/4423/585 5135/4424/545 5136/4425/585
s 0
f 5116/4405/584 5137/4426/584 5138/4427/584
s 1
f 5139/4428/534 5140/4429/586 5141/4430/586
f 5142/4431/2 5143/4432/587 5144/4433/525
s 0
f 5126/4415/550 5145/4434/550 5146/4435/550
f 5147/4436/588 5127/4416/588 5148/4437/588
s 1
f 5149/4438/501 5150/4439/589 5151/4440/590
f 4978/4267/506 5134/4423/585 5152/4441/585
s 0
f 5153/4442/546 5137/4426/546 5154/4443/546
s 1
f 5155/4444/591 5021/4310/504 5156/4445/592
f 5157/4446/496 5158/4447/510 5159/4448/496
s 0
f 5146/4435/584 5160/4449/584 5161/4450/584
f 5147/4436/584 5162/4451/584 5163/4452/584
s 1
f 5159/4448/496 5164/4453/593 5165/4454/593
s 0
f 5166/4455/584 5167/4456/584 5168/4457/584
f 5169/4458/584 5154/4443/584 5109/4398/584
s 1
f 4970/4259/501 5170/4459/548 5171/4460/501
s 0
f 5172/4461/594 5173/4462/594 5174/4463/594
f 5161/4450/580 5117/4406/580 5175/4464/580
f 5163/4452/584 5176/4465/584 5119/4408/584
s 1
f 4979/4268/506 5177/4466/1 5135/4424/545
f 5178/4467/532 5179/4468/531 5180/4469/493
f 5181/4470/524 5182/4471/526 5183/4472/526
f 5184/4473/595 5185/4474/586 5186/4475/595
f 5187/4476/596 5188/4477/597 5189/4478/597
f 5190/4479/521 5191/4480/598 5192/4481/522
f 5193/4482/2 5194/4483/525 5181/4470/524
f 4970/4259/501 5177/4466/1 4971/4260/1
f 5193/4482/2 5195/4484/518 5196/4485/2
f 5065/4354/557 5197/4486/599 5066/4355/557
f 4987/4276/513 5198/4487/600 5199/4488/600
f 5200/4489/601 5201/4490/602 5202/4491/602
f 5203/4492/523 5195/4484/518 5204/4493/603
f 5205/4494/604 5184/4473/595 5186/4475/595
f 5206/4495/605 5207/4496/523 5203/4492/523
f 5208/4497/511 5209/4498/578 5210/4499/511
s 0
f 5211/4500/606 5212/4501/606 5213/4502/606
s 1
f 5159/4448/496 5214/4503/510 5215/4504/496
f 5216/4505/548 5217/4506/607 5218/4507/607
f 5219/4508/510 5220/4509/541 5221/4510/510
f 5222/4511/516 5223/4512/522 5206/4495/605
f 4962/4251/495 5224/4513/551 5056/4345/551
f 5222/4511/516 5225/4514/514 5226/4515/516
f 5202/4491/602 5227/4516/492 5228/4517/492
f 5229/4518/528 5230/4519/529 5231/4520/529
s 0
f 5232/4521/584 5233/4522/584 5046/4335/584
s 1
f 5234/4523/608 5235/4524/528 5229/4518/528
f 5056/4345/551 5220/4509/541 5236/4525/541
f 5237/4526/514 5238/4527/609 5239/4528/514
f 5240/4529/610 5241/4530/559 5242/4531/610
f 5243/4532/609 5188/4477/597 5238/4527/609
f 5244/4533/531 5245/4534/529 5179/4468/531
f 5183/4472/526 5246/4535/555 5234/4523/608
f 5209/4498/578 5247/4536/577 5248/4537/577
f 5248/4537/577 5249/4538/611 5250/4539/574
f 5250/4539/574 5251/4540/573 5252/4541/573
f 5253/4542/572 5251/4540/573 5254/4543/572
f 5255/4544/571 5254/4543/572 5256/4545/571
f 5257/4546/570 5256/4545/571 5258/4547/570
f 5259/4548/612 5260/4549/570 5261/4550/612
f 5262/4551/568 5261/4550/612 5263/4552/568
f 5262/4551/568 5264/4553/567 5265/4554/567
f 5265/4554/567 5266/4555/566 5267/4556/566
f 5268/4557/566 5269/4558/613 5270/4559/613
f 5270/4559/613 5271/4560/564 5272/4561/614
f 5272/4561/614 5273/4562/561 5274/4563/562
f 5275/4564/560 5273/4562/561 5276/4565/615
f 5275/4564/560 5277/4566/616 5278/4567/616
f 5278/4567/616 5279/4568/556 5064/4353/556
s 0
f 5280/4569/584 5281/4570/584 5282/4571/584
f 5129/4418/584 5280/4569/584 5130/4419/584
f 5283/4572/584 5284/4573/584 5105/4394/584
s 1
f 5285/4574/541 5219/4508/510 5286/4575/510
f 5134/4423/585 5114/4403/583 5287/4576/617
f 5103/4392/578 5288/4577/618 4985/4274/511
f 5174/4463/588 5289/4578/584 5290/4579/584
f 5028/4317/538 5187/4476/596 5029/4318/539
f 5291/4580/500 5115/4404/544 5292/4581/500
f 5293/4582/619 5208/4497/511 5210/4499/511
s 0
f 5294/4583/546 5295/4584/546 5296/4585/546
s 1
f 5054/4343/584 5297/4586/550 5298/4587/584
s 0
f 5048/4337/584 5299/4588/584 5300/4589/584
f 5301/4590/588 5302/4591/588 5167/4456/588
s 1
f 5303/4592/537 5304/4593/535 5305/4594/535
s 0
f 5306/4595/550 5307/4596/550 5308/4597/550
s 1
f 5178/4467/532 5309/4598/495 5310/4599/495
s 0
f 5311/4600/588 5312/4601/588 5313/4602/588
s 1
f 5314/4603/586 5024/4313/536 5315/4604/586
s 0
f 5316/4605/550 5317/4606/550 5318/4607/550
f 5319/4608/594 5320/4609/594 5321/4610/594
s 1
f 5322/4611/620 5323/4612/599 5324/4613/621
f 5325/4614/533 5326/4615/622 5303/4592/537
f 5211/4500/588 5327/4616/588 5328/4617/588
s 0
f 5295/4584/580 5329/4618/580 5296/4585/580
s 1
f 5330/4619/623 5331/4620/482 5332/4621/623
s 0
f 5333/4622/624 5317/4606/624 5334/4623/624
s 1
f 5335/4624/625 5336/4625/625 5320/4609/625
f 5023/4312/535 5337/4626/537 5025/4314/537
f 5338/4627/2 5339/4628/2 5340/4629/626
s 0
f 5341/4630/584 5342/4631/584 5327/4616/584
f 5343/4632/584 5283/4572/584 5302/4591/584
f 5344/4633/505 5345/4634/505 5346/4635/505
s 1
f 5050/4339/548 5165/4454/593 5347/4636/548
s 0
f 5348/4637/550 5349/4638/550 5333/4622/550
s 1
f 5350/4639/627 5336/4625/627 5351/4640/627
f 5352/4641/551 5033/4322/541 5035/4324/541
s 0
f 5353/4642/628 5354/4643/628 5355/4644/628
f 5356/4645/550 5342/4631/550 5357/4646/550
s 1
f 5191/4480/598 4994/4283/518 5358/4647/518
f 5359/4648/629 5332/4621/623 5360/4649/629
s 0
f 5213/4502/546 5361/4650/546 5348/4637/546
f 5350/4639/630 5313/4602/630 5362/4651/630
s 1
f 5363/4652/599 5242/4531/610 5323/4612/599
f 5316/4605/631 5364/4653/606 5353/4642/606
s 0
f 5356/4645/632 5321/4610/632 5365/4654/632
s 1
f 5366/4655/633 5285/4574/541 5367/4656/634
f 5368/4657/595 5369/4658/604 5370/4659/595
s 0
f 5371/4660/584 5372/4661/584 5133/4422/584
s 1
f 5199/4488/600 5373/4662/604 5205/4494/604
f 5374/4663/517 5375/4664/538 5376/4665/538
s 0
f 5300/4589/584 5377/4666/584 5378/4667/584
s 1
f 5379/4668/604 5380/4669/600 5369/4658/604
f 5381/4670/551 5058/4347/495 5382/4671/635
f 5063/4352/555 5383/4672/636 5030/4319/528
f 5384/4673/497 5216/4505/548 4964/4253/497
s 0
f 5355/4644/580 5344/4633/580 5346/4635/580
s 1
f 5385/4674/637 5386/4675/638 5387/4676/506
f 5388/4677/596 5389/4678/597 5390/4679/597
f 5391/4680/639 5152/4441/585 5392/4681/640
f 5393/4682/641 5394/4683/583 5395/4684/583
f 5396/4685/510 5397/4686/642 5398/4687/643
f 5376/4665/538 5399/4688/596 5388/4677/596
f 5400/4689/644 5401/4690/644 5402/4691/644
s 0
f 5403/4692/546 5232/4521/546 5404/4693/546
s 1
f 5405/4694/541 5382/4671/635 5397/4686/642
f 5406/4695/496 5407/4696/643 5408/4697/645
f 5157/4446/496 5165/4454/593 5112/4401/582
f 5409/4698/646 5410/4699/647 5411/4700/648
f 5412/4701/1 5413/4702/649 5385/4674/637
s 0
f 5401/4690/650 5414/4703/650 5415/4704/650
s 1
f 5416/4705/651 5408/4697/645 5410/4699/647
f 5393/4682/641 5387/4676/506 5417/4706/641
f 5418/4707/544 5394/4683/583 5419/4708/544
f 5418/4707/544 5420/4709/500 5421/4710/500
f 4973/4262/503 5322/4611/620 5324/4613/621
f 5422/4711/501 5411/4700/648 5413/4702/649
f 5374/4663/517 5423/4712/500 5424/4713/517
f 5425/4714/652 5360/4649/629 5426/4715/652
f 5347/4636/548 5164/4453/593 5170/4459/548
f 5427/4716/531 4960/4249/493 5428/4717/493
f 5429/4718/529 5017/4306/531 5427/4716/531
f 5430/4719/528 5014/4303/529 5431/4720/529
f 5432/4721/555 5013/4302/528 5430/4719/528
f 5010/4299/526 5432/4721/555 5433/4722/553
f 5434/4723/525 5010/4299/526 5433/4722/553
f 5435/4724/2 5008/4297/525 5434/4723/525
f 5436/4725/518 5006/4295/2 5435/4724/2
f 5002/4291/523 5436/4725/518 5437/4726/523
f 5044/4333/545 5438/4727/641 5045/4334/545
f 5389/4678/597 5439/4728/653 5390/4679/597
f 4990/4279/516 5190/4479/521 5192/4481/522
f 5415/4704/546 5312/4601/546 5440/4729/546
f 5055/4344/551 5236/4525/541 5285/4574/541
f 5441/4730/621 5155/4444/591 5156/4445/592
f 5286/4575/510 5442/4731/654 5443/4732/655
f 5444/4733/641 5445/4734/617 5438/4727/641
f 5289/4578/584 4977/4266/584 5290/4579/584
f 5428/4717/493 4962/4251/495 5446/4735/495
f 5144/4433/525 5447/4736/656 5061/4350/553
s 0
f 5448/4737/3 5449/4738/3 5450/4739/3
s 1
f 5451/4740/657 5452/4741/658 5453/4742/658
s 0
f 5377/4666/580 5168/4457/580 5378/4667/580
s 1
f 5038/4327/531 5454/4743/659 5057/4346/493
s 0
f 5455/4744/2 5456/4745/2 5457/4746/2
f 5281/4570/584 5052/4341/584 5282/4571/584
s 1
f 5305/4594/535 5458/4747/660 5139/4428/534
s 0
f 5122/4411/9 5459/4748/9 5460/4749/9
f 5461/4750/1 5462/4751/1 5463/4752/1
f 5298/4587/584 5403/4692/584 5404/4693/584
s 1
f 5464/4753/661 5433/4722/553 5432/4721/555
f 5217/4506/607 5043/4332/1 5218/4507/607
f 5309/4598/495 5352/4641/551 5310/4599/495
f 5050/4339/548 5149/4438/501 5151/4440/590
s 0
f 5465/4754/3 5466/4755/3 5450/4739/3
s 1
f 5467/4756/662 5434/4723/525 5468/4757/663
s 0
f 5469/4758/1 5470/4759/1 5471/4760/1
s 1
f 5472/4761/664 5473/4762/665 5437/4726/523
f 5439/4728/653 5474/4763/514 5475/4764/514
f 5476/4765/514 5477/4766/666 5478/4767/667
f 5479/4768/668 5427/4716/531 5428/4717/493
f 5480/4769/669 5478/4767/667 5481/4770/670
f 4981/4270/508 5482/4771/671 5480/4769/669
f 5483/4772/495 5428/4717/493 5446/4735/495
f 5050/4339/548 4970/4259/501 5149/4438/501
f 5484/4773/586 5368/4657/595 5370/4659/595
f 5113/4402/544 5485/4774/672 5486/4775/673
f 5134/4423/585 5287/4576/617 5487/4776/674
s 0
f 5488/4777/2 5069/4358/2 5489/4778/2
s 1
f 5490/4779/675 5429/4718/529 5427/4716/531
f 5491/4780/676 5432/4721/555 5430/4719/528
f 5492/4781/677 5435/4724/2 5467/4756/662
s 0
f 5345/4634/627 5493/4782/627 5172/4461/627
s 1
f 5380/4669/600 5494/4783/619 5293/4582/619
s 0
f 5329/4618/546 5306/4595/546 5308/4597/546
f 5495/4784/550 5402/4691/550 5307/4596/550
s 1
f 5197/4486/599 5496/4785/621 5441/4730/621
f 5472/4761/664 5436/4725/518 5492/4781/677
f 5497/4786/678 5002/4291/523 5437/4726/523
f 5498/4787/679 5477/4766/666 5499/4788/514
f 5500/4789/680 5001/4290/522 5497/4786/678
s 0
f 5488/4777/2 5489/4778/2 5501/4790/2
s 1
f 5468/4757/663 5434/4723/525 5433/4722/553
f 5502/4791/679 4998/4287/516 5500/4789/680
s 0
f 5503/4792/9 5504/4793/9 5505/4794/9
s 1
f 5506/4795/652 5507/4796/601 5200/4489/601
s 0
f 5508/4797/1 5509/4798/1 5510/4799/1
f 5462/4751/1 5511/4800/1 5463/4752/1
f 5512/4801/681 5513/4802/681 5514/4803/681
f 5515/4804/682 5516/4805/682 5517/4806/682
f 5518/4807/1 5519/4808/1 5520/4809/1
s 1
f 5521/4810/617 5040/4329/544 5445/4734/617
s 0
f 5522/4811/9 5523/4812/9 5524/4813/9
f 5525/4814/1 5526/4815/1 5527/4816/1
f 5528/4817/8 5529/4818/8 5530/4819/8
f 5531/4820/8 5532/4821/8 5533/4822/8
f 5534/4823/9 5535/4824/9 5536/4825/9
f 5537/4826/683 5538/4827/683 5539/4828/683
f 5540/4829/2 5541/4830/2 5542/4831/2
s 1
f 5157/4446/496 5111/4400/581 5543/4832/684
s 0
f 5544/4833/9 5522/4811/9 5545/4834/9
s 1
f 4969/4258/1 5546/4835/685 5150/4439/589
f 5287/4576/617 5486/4775/673 5487/4776/674
s 0
f 4976/4265/584 5547/4836/584 5294/4583/584
f 5548/4837/1 5549/4838/1 5550/4839/1
s 1
f 5483/4772/495 5055/4344/551 5366/4655/633
s 0
f 5551/4840/2 5552/4841/2 5553/4842/2
f 5554/4843/686 5555/4844/686 5556/4845/686
f 5557/4846/8 5558/4847/8 5559/4848/8
s 1
f 5430/4719/528 5560/4849/687 5561/4850/688
s 0
f 5562/4851/8 5563/4852/8 5564/4853/8
f 5565/4854/1 5526/4815/1 5566/4855/1
f 5567/4856/2 5456/4745/2 5568/4857/2
s 1
f 4978/4267/506 5391/4680/639 5546/4835/685
f 5569/4858/672 5570/4859/500 4967/4256/499
s 0
f 5571/4860/8 5572/4861/8 5559/4848/8
f 5573/4862/8 5574/4863/8 5575/4864/8
f 5576/4865/9 5577/4866/9 5578/4867/9
f 5526/4815/1 5579/4868/1 5527/4816/1
f 5580/4869/8 5581/4870/8 5582/4871/8
f 5571/4860/8 5558/4847/8 5583/4872/8
f 5584/4873/8 5585/4874/8 5586/4875/8
f 5456/4745/2 5587/4876/2 5457/4746/2
f 5488/4777/2 5587/4876/2 5588/4877/2
f 5589/4878/1 5590/4879/1 5591/4880/1
f 5592/4881/689 5593/4882/689 5594/4883/689
f 5559/4848/8 5595/4884/8 5557/4846/8
f 5576/4865/9 5596/4885/9 5597/4886/9
f 5553/4842/2 5598/4887/2 5599/4888/2
f 5600/4889/686 5601/4890/686 5602/4891/686
s 1
f 5603/4892/690 5604/4893/691 5605/4894/692
s 0
f 5511/4800/1 5579/4868/1 5463/4752/1
f 5548/4837/1 5606/4895/1 5607/4896/1
s 1
f 5608/4897/693 5609/4898/693 5610/4899/693
s 0
f 5510/4799/1 5565/4854/1 5508/4797/1
f 5611/4900/2 5612/4901/2 5613/4902/2
f 5614/4903/2 5615/4904/2 5616/4905/2
f 5463/4752/1 5617/4906/1 5510/4799/1
f 5618/4907/2 5611/4900/2 5619/4908/2
s 1
f 5452/4741/658 5620/4909/657 5621/4910/658
f 5622/4911/689 5623/4912/694 5624/4913/694
f 5604/4893/691 5625/4914/690 5626/4915/691
s 0
f 5627/4916/9 5628/4917/9 5629/4918/9
f 5630/4919/3 5631/4920/3 5632/4921/3
s 1
f 5633/4922/690 5634/4923/695 5625/4914/690
f 5623/4912/694 5621/4910/658 5624/4913/694
s 0
f 5635/4924/1 5527/4816/1 5636/4925/1
s 1
f 5637/4926/657 5626/4915/691 5620/4909/657
s 0
f 5638/4927/2 5567/4856/2 5639/4928/2
f 5067/4356/2 5588/4877/2 5567/4856/2
f 5640/4929/1 5641/4930/1 5642/4931/1
f 5643/4932/112 5644/4933/112 5645/4934/112
s 1
f 5646/4935/2 4944/4233/485 4946/4235/485
s 0
f 5647/4936/682 5648/4937/682 5649/4938/682
f 5650/4939/9 5651/4940/9 5652/4941/9
f 5653/4942/3 5654/4943/3 5655/4944/3
s 1
f 5656/4945/695 5633/4922/690 5603/4892/690
f 5453/4742/658 5623/4912/694 5657/4946/694
s 0
f 5658/4947/2 5639/4928/2 5568/4857/2
s 1
f 5605/4894/692 5637/4926/657 5451/4740/657
s 0
f 5659/4948/112 5660/4949/112 5661/4950/112
s 1
f 5227/4516/492 5662/4951/1 5663/4952/1
s 0
f 5664/4953/682 5665/4954/682 5666/4955/682
s 1
f 5667/4956/492 5668/4957/602 5669/4958/492
f 5670/4959/602 5671/4960/601 5668/4957/602
f 5672/4961/601 5673/4962/652 5671/4960/601
f 5674/4963/629 5675/4964/652 5676/4965/652
f 5677/4966/623 5678/4967/629 5674/4963/629
f 5677/4966/623 5679/4968/696 5680/4969/623
f 5681/4970/2 5682/4971/2 5683/4972/697
f 5684/4973/495 5685/4974/698 5686/4975/698
f 5687/4976/555 5688/4977/528 5689/4978/528
f 5690/4979/514 5691/4980/666 5692/4981/667
f 5693/4982/2 5694/4983/525 5695/4984/525
f 5696/4985/564 5697/4986/565 5698/4987/565
s 0
f 5699/4988/625 5700/4989/625 5701/4990/625
s 1
f 5702/4991/518 5703/4992/2 5693/4982/2
f 5704/4993/508 5705/4994/671 5706/4995/669
f 5689/4978/528 5707/4996/529 5708/4997/529
f 5709/4998/575 5710/4999/576 5711/5000/577
f 5712/5001/500 5713/5002/544 5714/5003/500
f 5715/5004/514 5716/5005/699 5717/5006/514
f 5718/5007/700 5719/5008/701 5720/5009/506
f 5721/5010/500 5722/5011/702 5723/5012/500
f 5724/5013/544 5725/5014/617 5722/5011/702
f 5726/5015/585 5725/5014/617 5727/5016/583
f 5726/5015/585 5728/5017/545 5729/5018/585
f 5730/5019/545 5731/5020/1 5728/5017/545
f 5732/5021/607 5731/5020/1 5733/5022/1
f 5732/5021/607 5734/5023/548 5735/5024/607
f 5736/5025/548 5737/5026/593 5734/5023/548
f 5738/5027/496 5737/5026/593 5739/5028/593
f 5738/5027/496 5740/5029/510 5741/5030/496
f 5742/5031/541 5743/5032/510 5744/5033/510
f 5742/5031/541 5685/4974/698 5745/5034/703
f 5746/5035/566 5747/5036/704 5748/5037/705
f 5749/5038/612 5750/5039/568 5751/5040/569
f 5752/5041/566 5753/5042/567 5754/5043/706
f 5755/5044/609 5756/5045/597 5716/5005/699
f 5757/5046/496 5758/5047/707 5759/5048/645
f 5760/5049/708 5761/5050/529 5762/5051/531
f 5763/5052/510 5764/5053/642 5765/5054/707
f 5706/4995/669 5692/4981/667 5766/5055/670
f 5767/5056/516 5768/5057/514 5769/5058/516
f 5770/5059/2 5771/5060/603 5772/5061/2
s 0
f 5773/5062/584 5774/5063/584 5775/5064/584
s 1
f 5776/5065/661 5777/5066/526 5778/5067/527
s 0
f 5779/5068/709 5780/5069/709 5781/5070/709
s 1
f 5782/5071/493 5684/4973/495 5783/5072/495
f 5784/5073/551 5785/5074/495 5786/5075/635
f 5698/4987/565 5787/5076/566 5788/5077/566
f 5789/5078/646 5790/5079/647 5791/5080/710
f 5792/5081/556 5793/5082/616 5794/5083/556
s 0
f 5795/5084/711 5796/5085/711 5797/5086/711
s 1
f 5798/5087/610 5799/5088/559 5800/5089/556
f 5801/5090/599 5802/5091/610 5798/5087/610
f 5803/5092/621 5801/5090/599 5804/5093/621
f 5805/5094/591 5803/5092/621 5804/5093/621
f 5806/5095/502 5807/5096/503 5805/5094/591
f 5808/5097/533 5809/5098/502 5806/5095/502
f 5810/5099/537 5811/5100/533 5812/5101/537
f 5813/5102/535 5810/5099/537 5812/5101/537
f 5814/5103/536 5815/5104/535 5813/5102/535
f 5816/5105/586 5817/5106/536 5814/5103/536
f 5818/5107/595 5819/5108/586 5820/5109/595
f 5821/5110/604 5818/5107/595 5820/5109/595
f 5822/5111/600 5821/5110/604 5823/5112/600
f 5824/5113/513 5822/5111/600 5823/5112/600
f 5825/5114/618 5824/5113/513 5826/5115/511
f 5827/5116/578 5825/5114/618 5826/5115/511
s 0
f 5828/5117/580 5829/5118/580 5830/5119/580
f 5831/5120/584 5832/5121/584 5833/5122/584
s 1
f 5834/5123/676 5778/5067/527 5835/5124/528
f 5836/5125/516 5837/5126/521 5838/5127/521
s 0
f 5839/5128/584 5840/5129/584 5841/5130/584
f 5842/5131/584 5843/5132/584 5844/5133/584
f 5845/5134/9 5846/5135/9 5847/5136/9
f 5848/5137/584 5849/5138/584 5828/5117/584
f 5850/5139/584 5831/5120/584 5851/5140/584
f 5852/5141/580 5842/5131/580 5853/5142/580
s 1
f 5854/5143/584 5855/5144/584 5856/5145/584
f 5857/5146/523 5858/5147/603 5859/5148/523
s 0
f 5860/5149/584 5861/5150/584 5839/5128/584
s 1
f 5862/5151/712 5863/5152/570 5864/5153/712
f 5865/5154/1 5866/5155/713 5718/5007/700
s 0
f 5867/5156/588 5868/5157/588 5848/5137/588
f 5869/5158/580 5851/5140/580 5870/5159/580
s 1
f 5871/5160/662 5695/4984/525 5872/5161/663
f 5859/5148/523 5702/4991/518 5873/5162/523
s 0
f 5874/5163/584 5860/5149/584 5875/5164/584
s 1
f 5876/5165/714 5747/5036/704 5877/5166/564
f 5835/5124/528 5878/5167/529 5879/5168/529
s 0
f 5880/5169/584 5867/5156/584 5881/5170/584
f 5882/5171/584 5870/5159/584 5883/5172/584
s 1
f 5884/5173/527 5885/5174/528 5886/5175/527
s 0
f 5887/5176/580 5888/5177/580 5889/5178/580
f 5833/5122/584 5874/5163/584 5875/5164/584
s 1
f 5694/4983/525 5890/5179/526 5891/5180/526
s 0
f 5892/5181/624 5893/5182/624 5894/5183/624
f 5841/5130/580 5880/5169/580 5881/5170/580
f 5844/5133/584 5882/5171/584 5883/5172/584
s 1
f 5895/5184/603 5703/4992/2 5858/5147/603
f 5896/5185/551 5897/5186/541 5898/5187/551
f 5899/5188/548 5900/5189/501 5901/5190/548
f 5902/5191/570 5903/5192/571 5904/5193/715
f 5905/5194/538 5906/5195/596 5907/5196/538
f 5908/5197/641 5909/5198/583 5910/5199/583
f 5900/5189/501 5911/5200/1 5912/5201/1
f 5913/5202/2 5694/4983/525 5703/4992/2
f 5912/5201/1 5914/5203/506 5915/5204/506
f 5916/5205/560 5793/5082/616 5917/5206/616
f 5709/4998/575 5918/5207/573 5919/5208/716
f 5920/5209/486 5921/5210/717 5922/5211/486
f 5915/5204/506 5923/5212/585 5924/5213/585
f 5925/5214/572 5903/5192/571 5926/5215/572
f 5923/5212/585 5927/5216/617 5924/5213/585
f 5928/5217/578 5929/5218/577 5930/5219/577
s 0
f 5931/5220/505 5932/5221/505 5933/5222/505
s 1
f 5934/5223/528 5878/5167/529 5885/5174/528
f 5935/5224/524 5936/5225/553 5937/5226/718
f 5938/5227/529 5939/5228/531 5940/5229/529
f 5941/5230/583 5942/5231/544 5927/5216/617
f 5943/5232/493 5944/5233/495 5684/4973/495
f 5942/5231/544 5945/5234/500 5946/5235/500
f 5947/5236/626 5922/5211/486 5948/5237/626
f 5949/5238/510 5950/5239/496 5951/5240/496
s 0
f 5952/5241/584 5775/5064/584 5953/5242/584
s 1
f 5950/5239/496 5954/5243/582 5951/5240/496
f 5939/5228/531 5955/5244/532 5943/5232/493
f 5956/5245/500 5957/5246/517 5958/5247/500
f 5959/5248/558 5799/5088/559 5960/5249/558
f 5957/5246/517 5905/5194/538 5907/5196/538
f 5897/5186/541 5961/5250/510 5962/5251/510
f 5954/5243/582 5899/5188/548 5901/5190/548
f 5963/5252/719 5964/5253/578 5928/5217/578
f 5965/5254/619 5966/5255/511 5963/5252/719
f 5967/5256/600 5968/5257/619 5965/5254/619
f 5969/5258/604 5970/5259/720 5967/5256/600
f 5971/5260/595 5969/5258/604 5972/5261/595
f 5973/5262/586 5972/5261/595 5974/5263/721
f 5975/5264/534 5976/5265/721 5977/5266/660
f 5978/5267/535 5975/5264/534 5977/5266/660
f 5979/5268/537 5978/5267/535 5980/5269/537
f 5981/5270/533 5979/5268/537 5980/5269/537
f 5982/5271/722 5983/5272/533 5984/5273/533
f 5985/5274/503 5986/5275/723 5982/5271/722
f 5987/5276/620 5985/5274/503 5988/5277/620
f 5989/5278/599 5988/5277/620 5990/5279/599
f 5991/5280/557 5990/5279/599 5992/5281/557
f 5792/5081/556 5991/5280/557 5992/5281/557
s 0
f 5993/5282/584 5994/5283/584 5995/5284/584
f 5995/5284/584 5852/5141/584 5853/5142/584
f 5830/5119/580 5996/5285/580 5997/5286/580
s 1
f 5940/5229/529 5998/5287/531 5999/5288/529
f 5837/5126/521 5859/5148/523 5838/5127/521
f 5827/5116/578 5710/4999/576 6000/5289/579
s 0
f 5892/5181/584 6001/5290/584 6002/5291/584
s 1
f 6003/5292/597 6004/5293/596 5756/5045/597
f 6005/5294/514 5836/5125/516 6006/5295/514
f 6007/5296/611 5929/5218/577 6008/5297/611
s 0
f 6009/5298/546 6010/5299/546 6011/5300/546
f 6012/5301/580 5780/5069/580 6013/5302/580
f 6014/5303/580 5774/5063/580 6015/5304/580
s 1
f 6016/5305/580 6017/5306/580 5888/5177/580
f 6018/5307/724 6019/5308/725 6020/5309/726
s 0
f 6021/5310/594 6022/5311/594 6023/5312/594
s 1
f 6024/5313/495 5898/5187/551 6025/5314/495
s 0
f 6026/5315/632 6027/5316/632 6028/5317/632
s 1
f 6029/5318/570 5751/5040/569 6030/5319/570
s 0
f 6031/5320/727 6032/5321/727 6033/5322/727
f 6034/5323/550 6035/5324/550 6036/5325/550
s 1
f 6037/5326/561 6038/5327/560 6039/5328/562
f 6040/5329/566 6019/5308/725 6041/5330/566
s 0
f 5932/5221/584 6042/5331/584 6043/5332/584
f 6009/5298/584 6044/5333/584 6045/5334/584
s 1
f 6046/5335/490 6047/5336/491 6048/5337/491
s 0
f 6049/5338/728 6050/5339/728 6032/5321/728
f 6035/5324/550 6051/5340/550 6036/5325/550
s 1
f 6052/5341/568 5753/5042/567 5750/5039/568
f 6053/5342/492 6054/5343/1 6055/5344/1
f 6043/5332/588 6056/5345/588 6057/5346/588
s 0
f 5997/5286/584 6017/5306/584 6058/5347/584
f 6059/5348/729 6060/5349/729 6061/5350/729
s 1
f 5891/5180/526 5778/5067/527 5777/5066/526
s 0
f 6050/5339/588 6062/5351/588 6063/5352/588
s 1
f 6064/5353/730 6065/5354/730 6051/5340/730
f 6066/5355/493 5762/5051/531 6067/5356/532
s 0
f 6068/5357/727 6069/5358/727 6070/5359/727
f 6056/5345/644 6071/5360/644 6057/5346/644
s 1
f 6072/5361/506 6073/5362/641 5908/5197/641
f 6074/5363/489 6046/5335/490 6075/5364/489
s 0
f 6063/5352/584 5931/5220/584 5933/5222/584
f 6076/5365/606 6026/5315/606 6065/5354/606
s 1
f 6077/5366/560 5960/5249/558 6038/5327/560
f 6078/5367/505 6033/5322/505 6069/5358/505
s 0
f 6071/5360/546 6079/5368/546 6034/5323/546
s 1
f 6080/5369/668 5998/5287/531 5782/5071/493
f 6081/5370/572 6082/5371/571 6083/5372/571
s 0
f 6084/5373/584 6085/5374/584 5856/5145/584
s 1
f 5925/5214/572 5918/5207/573 6086/5375/573
f 6087/5376/731 6088/5377/609 6089/5378/609
s 0
f 6090/5379/584 6091/5380/584 6014/5303/584
s 1
f 6092/5381/573 6093/5382/572 6081/5370/572
f 6094/5383/493 5785/5074/495 6095/5384/495
f 6096/5385/582 5759/5048/645 5790/5079/647
f 5687/4976/555 5936/5225/553 6097/5386/527
s 0
f 6070/5359/732 6061/5350/732 6068/5357/732
s 1
f 6098/5387/518 6099/5388/733 6100/5389/734
f 6101/5390/596 6102/5391/539 6103/5392/596
f 6104/5393/664 6105/5394/665 5873/5162/523
f 6106/5395/735 6107/5396/598 6108/5397/598
f 6109/5398/529 6110/5399/542 6111/5400/531
f 6103/5392/596 6087/5376/731 6101/5390/596
f 6112/5401/736 6113/5402/736 6114/5403/736
s 0
f 6115/5404/584 5953/5242/584 6116/5405/584
s 1
f 6111/5400/531 6117/5406/659 6094/5383/493
f 6118/5407/528 6119/5408/540 6120/5409/529
f 5886/5175/527 5835/5124/528 5778/5067/527
f 6121/5410/553 6122/5411/554 6123/5412/527
f 6124/5413/2 6125/5414/737 6126/5415/525
s 0
f 6127/5416/505 6128/5417/505 6112/5401/505
s 1
f 6123/5412/527 6129/5418/636 6118/5407/528
f 6107/5396/598 6130/5419/518 6108/5397/598
f 6131/5420/516 6132/5421/522 6106/5395/735
f 6133/5422/514 6134/5423/516 6131/5420/516
f 6037/5326/561 6135/5424/563 5696/4985/564
f 6126/5415/525 6136/5425/656 6121/5410/553
f 6088/5377/609 6137/5426/514 6089/5378/609
f 6138/5427/488 6075/5364/489 6139/5428/488
f 5890/5179/526 5886/5175/527 5891/5180/526
f 6140/5429/551 5742/5031/541 6141/5430/738
f 6141/5430/738 5744/5033/510 6142/5431/510
f 6143/5432/496 6144/5433/510 5738/5027/496
f 6145/5434/582 5738/5027/496 5739/5028/593
f 6146/5435/548 5739/5028/593 5736/5025/548
f 6147/5436/501 5736/5025/548 5732/5021/607
f 6147/5436/501 5733/5022/1 6148/5437/1
f 6149/5438/506 5733/5022/1 5730/5019/545
f 6150/5439/585 5730/5019/545 5726/5015/585
f 6151/5440/598 5771/5060/603 6152/5441/603
f 6153/5442/517 6102/5391/539 6154/5443/538
f 5910/5199/583 5713/5002/544 6155/5444/544
s 0
f 6127/5416/588 6027/5316/588 6156/5445/588
s 1
f 5998/5287/531 5943/5232/493 5782/5071/493
f 6157/5446/561 5877/5166/564 6158/5447/562
f 6159/5448/739 5999/5288/529 5998/5287/531
f 6160/5449/521 6161/5450/598 6151/5440/598
s 0
f 5699/4988/584 6001/5290/584 6162/5451/584
s 1
f 6140/5429/551 5684/4973/495 5686/4975/698
f 6163/5452/501 5791/5080/710 5866/5155/713
s 0
f 6164/5453/3 6165/5454/3 6166/5455/3
s 1
f 6167/5456/658 6168/5457/657 6169/5458/658
s 0
f 5887/5176/580 6170/5459/580 6090/5379/580
s 1
f 6171/5460/738 5786/5075/635 5764/5053/642
s 0
f 6172/5461/1 6173/5462/1 6174/5463/1
f 5993/5282/584 5781/5070/584 6175/5464/584
s 1
f 6018/5307/724 5864/5153/712 6176/5465/568
s 0
f 5845/5134/9 6177/5466/9 6178/5467/9
f 6179/5468/2 6180/5469/2 6181/5470/2
s 1
f 6012/5301/584 6116/5405/584 6182/5471/584
f 6183/5472/547 6146/5435/548 6184/5473/549
f 5935/5224/524 5772/5061/2 6185/5474/525
f 6066/5355/493 6024/5313/495 6025/5314/495
f 5872/5161/663 5695/4984/525 5777/5066/526
s 0
f 6186/5475/3 6187/5476/3 6166/5455/3
s 1
f 6147/5436/501 6188/5477/589 6189/5478/590
s 0
f 6190/5479/2 6191/5480/2 6192/5481/2
s 1
f 6193/5482/639 6150/5439/585 6194/5483/640
f 6195/5484/500 6196/5485/517 6153/5442/517
f 6197/5486/498 6198/5487/499 6199/5488/500
f 6200/5489/633 6141/5430/738 6201/5490/634
f 6197/5486/498 6202/5491/509 6203/5492/740
f 6204/5493/507 5704/4993/508 6202/5491/509
f 6205/5494/495 6140/5429/551 6200/5489/633
f 5694/4983/525 5777/5066/526 5695/4984/525
f 6206/5495/570 6082/5371/571 6207/5496/570
f 6208/5497/741 5836/5125/516 6209/5498/742
f 6210/5499/678 5859/5148/523 5873/5162/523
s 0
f 6211/5500/711 5795/5084/711 5797/5086/711
s 1
f 6142/5431/510 6212/5501/654 6213/5502/743
f 6214/5503/581 6145/5434/582 6183/5472/547
f 6148/5437/1 6215/5504/685 6188/5477/589
s 0
f 6216/5505/744 5893/5182/744 6060/5349/606
s 1
f 6092/5381/573 6008/5297/611 6217/5506/573
f 6023/5312/550 6044/5333/584 6218/5507/584
s 0
f 6114/5403/588 6219/5508/588 6021/5310/588
s 1
f 6157/5446/561 6220/5509/560 5916/5205/560
f 6149/5438/506 6193/5482/639 6215/5504/685
f 5726/5015/585 5727/5016/583 6221/5510/674
f 6222/5511/672 6223/5512/500 6198/5487/499
f 5727/5016/583 6224/5513/745 6221/5510/674
s 0
f 6225/5514/1 6226/5515/1 6227/5516/1
s 1
f 6146/5435/548 6147/5436/501 6189/5478/590
f 5724/5013/544 6228/5517/672 6224/5513/745
s 0
f 6229/5518/9 6230/5519/9 6231/5520/9
s 1
f 6232/5521/717 6233/5522/488 5921/5210/717
s 0
f 6179/5468/2 6181/5470/2 6234/5523/2
f 6235/5524/2 6180/5469/2 6236/5525/2
f 6237/5526/681 6238/5527/681 6239/5528/681
f 6240/5529/683 6241/5530/683 6242/5531/683
f 6243/5532/2 6244/5533/2 6245/5534/2
s 1
f 6160/5449/521 5769/5058/516 6246/5535/522
s 0
f 6247/5536/9 6248/5537/9 6249/5538/9
f 6250/5539/2 6251/5540/2 6252/5541/2
f 6253/5542/8 6254/5543/8 6255/5544/8
f 6256/5545/475 6257/5546/475 6258/5547/475
f 6259/5548/9 6260/5549/9 6261/5550/9
f 6262/5551/682 6263/5552/682 6264/5553/682
f 6265/5554/1 6266/5555/1 6267/5556/1
s 1
f 5835/5124/528 6268/5557/687 6269/5558/688
s 0
f 6270/5559/9 6249/5538/9 6271/5560/9
s 1
f 6272/5561/677 5693/4982/2 5871/5160/662
f 6209/5498/742 5838/5127/521 6210/5499/678
f 6273/5562/650 6010/5299/650 5700/4989/650
s 0
f 6274/5563/2 6275/5564/2 6276/5565/2
s 1
f 6205/5494/495 5782/5071/493 5783/5072/495
s 0
f 6277/5566/1 6278/5567/1 6279/5568/1
f 6280/5569/686 6281/5570/686 6282/5571/686
f 6283/5572/8 6284/5573/8 6285/5574/8
s 1
f 6143/5432/496 6214/5503/581 6286/5575/684
s 0
f 6287/5576/8 6288/5577/8 6289/5578/8
f 6252/5541/2 6290/5579/2 6291/5580/2
f 6173/5462/1 6292/5581/1 6174/5463/1
s 1
f 6104/5393/664 5702/4991/518 6272/5561/677
f 6293/5582/741 5691/4980/666 6294/5583/514
s 0
f 6295/5584/8 6296/5585/8 6283/5572/8
f 6297/5586/8 6298/5587/8 6299/5588/8
f 6300/5589/9 6301/5590/9 6302/5591/9
f 6303/5592/2 6251/5540/2 6304/5593/2
f 6305/5594/8 6306/5595/8 6307/5596/8
f 6308/5597/8 6283/5572/8 6296/5585/8
f 6309/5598/8 6310/5599/8 6311/5600/8
f 6312/5601/1 6313/5602/1 6173/5462/1
f 6226/5515/1 6314/5603/1 6227/5516/1
f 6315/5604/2 6316/5605/2 6317/5606/2
s 1
f 6318/5607/689 6319/5608/694 6320/5609/694
s 0
f 6283/5572/8 6321/5610/8 6295/5584/8
f 6322/5611/9 6323/5612/9 6300/5589/9
f 6324/5613/1 6325/5614/1 6326/5615/1
f 6327/5616/686 6328/5617/686 6329/5618/686
s 1
f 6330/5619/691 6331/5620/690 6332/5621/692
s 0
f 6235/5524/2 6303/5592/2 6333/5622/2
f 6334/5623/2 6274/5563/2 6335/5624/2
f 6336/5625/681 6337/5626/681 6338/5627/681
f 6179/5468/2 6291/5580/2 6290/5579/2
f 6339/5628/1 6340/5629/1 6341/5630/1
f 6342/5631/1 6343/5632/1 6344/5633/1
f 6236/5525/2 6290/5579/2 6303/5592/2
f 6339/5628/1 6345/5634/1 6346/5635/1
s 1
f 6347/5636/657 6167/5456/658 6348/5637/658
s 0
f 6349/5638/746 6350/5639/746 6351/5640/746
s 1
f 6352/5641/690 6330/5619/691 6353/5642/691
s 0
f 6354/5643/9 6355/5644/9 6356/5645/9
f 6357/5646/3 6358/5647/3 6359/5648/3
s 1
f 6360/5649/695 6361/5650/690 6352/5641/690
f 6348/5637/658 6319/5608/694 6362/5651/694
s 0
f 6363/5652/2 6333/5622/2 6304/5593/2
s 1
f 6353/5642/691 6364/5653/657 6347/5636/657
s 0
f 5796/5085/1 6292/5581/1 5797/5086/1
f 5797/5086/1 6313/5602/1 6226/5515/1
f 6192/5481/2 6365/5654/2 6366/5655/2
f 6367/5656/112 6368/5657/112 6369/5658/112
s 1
f 5669/4958/492 6370/5659/1 6371/5660/1
s 0
f 6372/5661/682 6373/5662/682 6374/5663/682
f 6375/5664/9 6376/5665/9 6377/5666/9
f 6378/5667/3 6379/5668/3 6380/5669/3
s 1
f 6361/5650/690 6381/5670/695 6331/5620/690
f 6319/5608/694 6169/5458/658 6320/5609/694
s 0
f 6382/5671/1 6383/5672/1 6174/5463/1
s 1
f 6364/5653/657 6332/5621/692 6168/5457/657
s 0
f 6384/5673/112 6385/5674/112 6386/5675/112
s 1
f 6387/5676/2 5947/5236/626 5948/5237/626
s 0
f 6388/5677/682 6389/5678/682 6390/5679/682
s 1
f 6391/5680/747 6392/5681/747 6393/5682/747
f 6394/5683/748 6395/5684/749 6396/5685/750
f 6397/5686/751 6398/5687/752 6399/5688/752
s 0
f 6400/5689/753 6401/5690/753 6402/5691/753
f 6403/5692/753 6404/5693/753 6405/5694/753
s 1
f 6406/5695/754 6407/5696/755 6408/5697/756
s 0
f 6409/5698/3 6410/5699/3 6411/5700/3
s 1
f 6412/5701/757 6413/5702/757 6414/5703/757
f 6415/5704/758 6416/5705/759 6417/5706/760
f 6418/5707/761 6419/5708/762 6420/5709/762
f 6421/5710/763 6422/5711/764 6423/5712/765
f 6424/5713/766 6425/5714/767 6426/5715/768
s 0
f 6427/5716/3 6428/5717/3 6429/5718/3
f 6430/5719/1 6431/5720/1 6432/5721/1
f 6433/5722/3 6434/5723/3 6435/5724/3
s 1
f 6436/5725/769 6437/5726/770 6438/5727/770
s 0
f 6439/5728/1 6440/5729/1 6441/5730/1
s 1
f 6442/5731/759 6443/5732/758 6444/5733/771
s 0
f 6445/5734/2 6446/5735/2 6447/5736/2
f 6448/5737/2 6449/5738/2 6450/5739/2
s 1
f 6451/5740/753 6452/5741/772 6453/5742/753
s 0
f 6454/5743/3 6455/5744/3 6434/5723/3
s 1
f 6426/5715/768 6456/5745/773 6457/5746/774
s 0
f 6458/5747/3 6459/5748/3 6460/5749/3
s 1
f 6461/5750/761 6462/5751/769 6463/5752/761
s 0
f 6464/5753/2 6465/5754/2 6466/5755/2
f 6467/5756/9 6468/5757/9 6469/5758/9
s 1
f 6470/5759/775 6398/5687/752 6471/5760/776
s 0
f 6472/5761/3 6473/5762/3 6474/5763/3
f 6475/5764/3 6476/5765/3 6477/5766/3
s 1
f 6478/5767/777 6479/5768/778 6480/5769/777
f 6481/5770/754 6482/5771/755 6483/5772/756
f 6484/5773/751 6485/5774/752 6486/5775/752
s 0
f 6487/5776/779 6488/5777/779 6489/5778/779
s 1
f 6419/5708/762 6490/5779/780 6420/5709/762
s 0
f 6491/5780/779 6492/5781/779 6493/5782/779
f 6494/5783/3 6495/5784/3 6496/5785/3
f 6497/5786/2 6498/5787/2 6499/5788/2
s 1
f 6500/5789/760 6501/5790/781 6443/5732/758
f 6502/5791/762 6461/5750/761 6463/5752/761
f 6503/5792/782 6396/5685/750 6504/5793/783
f 6414/5703/757 6502/5791/762 6412/5701/757
f 6505/5794/784 6506/5795/9 6507/5796/9
f 6508/5797/785 6509/5798/786 6510/5799/787
f 6511/5800/788 6512/5801/789 6513/5802/790
s 0
f 6514/5803/791 6515/5804/791 6516/5805/791
s 1
f 6517/5806/786 6518/5807/792 6519/5808/793
f 6520/5809/794 6510/5799/787 6521/5810/795
f 6522/5811/796 6523/5812/753 6524/5813/753
f 6423/5712/765 6525/5814/797 6526/5815/798
f 6527/5816/799 6528/5817/794 6518/5807/792
f 6526/5815/798 6529/5818/800 6530/5819/801
s 0
f 6531/5820/1 6431/5720/1 6532/5821/1
s 1
f 6533/5822/8 6444/5733/771 6534/5823/8
s 0
f 6535/5824/791 6536/5825/791 6537/5826/791
f 6538/5827/753 6539/5828/753 6540/5829/753
s 1
f 6513/5802/790 6541/5830/764 6542/5831/765
f 6543/5832/802 6544/5833/753 6545/5834/802
s 0
f 6546/5835/753 6547/5836/753 6538/5827/753
s 1
f 6542/5831/765 6548/5837/797 6549/5838/803
f 6550/5839/778 6551/5840/777 6552/5841/778
f 6553/5842/804 6554/5843/793 6555/5844/805
s 0
f 6435/5724/3 6475/5764/3 6433/5722/3
s 1
f 6556/5845/806 6479/5768/778 6557/5846/778
s 0
f 6539/5828/753 6402/5691/753 6540/5829/753
s 1
f 6558/5847/747 6551/5840/777 6559/5848/777
f 6485/5774/752 6560/5849/775 6486/5775/752
f 6561/5850/806 6562/5851/772 6563/5852/806
f 6564/5853/788 6565/5854/807 6421/5710/763
f 6566/5855/774 6567/5856/808 6406/5695/754
f 6568/5857/805 6504/5793/783 6569/5858/804
f 6570/5859/771 6571/5860/8 6416/5705/759
s 0
f 6411/5700/3 6473/5762/3 6572/5861/3
f 6459/5748/3 6573/5862/3 6460/5749/3
s 1
f 6574/5863/809 6569/5858/804 6575/5864/786
f 6576/5865/769 6418/5707/761 6577/5866/769
f 6478/5767/777 6393/5682/747 6392/5681/747
s 0
f 6578/5867/753 6579/5868/753 6580/5869/753
f 6405/5694/753 6581/5870/753 6403/5692/753
s 1
f 6582/5871/781 6417/5706/760 6395/5684/749
f 6408/5697/756 6583/5872/810 6484/5773/751
s 0
f 6584/5873/791 6585/5874/791 6514/5803/791
s 1
f 6586/5875/749 6587/5876/748 6501/5790/781
f 6588/5877/774 6589/5878/811 6481/5770/754
f 6438/5727/770 6590/5879/753 6591/5880/753
f 6592/5881/796 6593/5882/769 6594/5883/769
s 0
f 6595/5884/1 6440/5729/1 6439/5728/1
f 6537/5826/791 6596/5885/791 6584/5873/791
s 1
f 6597/5886/812 6598/5887/773 6599/5888/774
f 6600/5889/776 6521/5810/795 6560/5849/775
s 0
f 6601/5890/8 6602/5891/8 6603/5892/8
f 6604/5893/3 6605/5894/3 6606/5895/3
s 1
f 6607/5896/783 6555/5844/805 6608/5897/813
f 6549/5838/803 6609/5898/814 6424/5713/766
s 0
f 6473/5762/3 6610/5899/3 6611/5900/3
s 1
f 6530/5819/801 6612/5901/815 6597/5886/812
f 6550/5839/778 6613/5902/806 6614/5903/806
f 6615/5904/9 6616/5905/784 6564/5853/788
s 0
f 6617/5906/3 6473/5762/3 6611/5900/3
s 1
f 6545/5834/802 6618/5907/806 6543/5832/802
f 6619/5908/750 6608/5897/813 6587/5876/748
f 6483/5772/756 6620/5909/816 6397/5686/751
s 0
f 6621/5910/753 6578/5867/753 6580/5869/753
s 1
f 6622/5911/795 6471/5760/776 6528/5817/794
f 6623/5912/817 6624/5913/817 6625/5914/817
f 6626/5915/818 6627/5916/819 6628/5917/820
f 6629/5918/821 6630/5919/822 6631/5920/821
s 0
f 6632/5921/791 6633/5922/791 6634/5923/791
f 6635/5924/791 6636/5925/791 6637/5926/791
s 1
f 6638/5927/823 6639/5928/824 6640/5929/825
s 0
f 6641/5930/3 6642/5931/3 6643/5932/3
s 1
f 6644/5933/826 6645/5934/826 6646/5935/826
f 6647/5936/827 6648/5937/828 6649/5938/829
f 6650/5939/830 6651/5940/831 6652/5941/830
f 6653/5942/832 6654/5943/833 6655/5944/834
f 6656/5945/835 6657/5946/836 6658/5947/837
s 0
f 6659/5948/3 6660/5949/3 6661/5950/3
f 6662/5951/2 6663/5952/2 6664/5953/2
f 6665/5954/3 6666/5955/3 6667/5956/3
s 1
f 6668/5957/838 6669/5958/839 6670/5959/838
s 0
f 6671/5960/2 6672/5961/2 6673/5962/2
s 1
f 6674/5963/827 6675/5964/828 6676/5965/829
s 0
f 6677/5966/711 6678/5967/711 6679/5968/711
f 6680/5969/711 6681/5970/711 6682/5971/711
s 1
f 6683/5972/840 6684/5973/791 6685/5974/791
s 0
f 6667/5956/3 6686/5975/3 6687/5976/3
s 1
f 6688/5977/841 6689/5978/842 6657/5946/836
s 0
f 6690/5979/3 6691/5980/3 6692/5981/3
s 1
f 6693/5982/838 6694/5983/830 6695/5984/843
s 0
f 6696/5985/1 6697/5986/1 6698/5987/1
f 6699/5988/9 6700/5989/9 6701/5990/9
s 1
f 6702/5991/844 6629/5918/821 6631/5920/821
s 0
f 6703/5992/3 6704/5993/3 6705/5994/3
f 6706/5995/3 6707/5996/3 6708/5997/3
s 1
f 6709/5998/845 6710/5999/846 6711/6000/846
f 6712/6001/824 6713/6002/847 6714/6003/848
f 6715/6004/822 6716/6005/821 6717/6006/849
s 0
f 6718/6007/850 6719/6008/850 6720/6009/850
s 1
f 6721/6010/851 6651/5940/831 6722/6011/831
s 0
f 6723/6012/850 6724/6013/850 6725/6014/850
f 6726/6015/3 6727/6016/3 6728/6017/3
f 6729/6018/1 6730/6019/1 6731/6020/1
s 1
f 6676/5965/829 6732/6021/852 6733/6022/818
f 6734/6023/831 6694/5983/830 6735/6024/831
f 6628/5917/820 6736/6025/853 6737/6026/854
f 6734/6023/831 6646/5935/826 6645/5934/826
f 6738/6027/9 6739/6028/855 6740/6029/9
f 6741/6030/856 6742/6031/857 6743/6032/858
f 6744/6033/859 6745/6034/860 6739/6028/855
s 0
f 6746/6035/753 6747/6036/753 6748/6037/753
s 1
f 6749/6038/856 6750/6039/861 6751/6040/862
f 6743/6032/858 6752/6041/863 6753/6042/864
f 6754/6043/865 6755/6044/791 6756/6045/865
f 6757/6046/866 6655/5944/834 6758/6047/867
f 6751/6040/862 6759/6048/863 6760/6049/864
f 6761/6050/837 6758/6047/867 6762/6051/868
s 0
f 6763/6052/2 6663/5952/2 6764/6053/2
s 1
f 6765/6054/869 6766/6055/8 6767/6056/8
s 0
f 6768/6057/753 6769/6058/753 6770/6059/753
f 6771/6060/791 6772/6061/791 6773/6062/791
s 1
f 6774/6063/833 6775/6064/870 6745/6034/860
f 6776/6065/871 6777/6066/791 6778/6067/791
s 0
f 6773/6062/791 6779/6068/791 6780/6069/791
s 1
f 6781/6070/834 6782/6071/866 6775/6064/870
f 6783/6072/846 6784/6073/845 6785/6074/845
f 6786/6075/872 6787/6076/873 6788/6077/856
s 0
f 6665/5954/3 6708/5997/3 6789/6078/3
s 1
f 6710/5999/846 6790/6079/874 6711/6000/846
s 0
f 6634/5923/791 6791/6080/791 6771/6060/791
s 1
f 6784/6073/845 6792/6081/817 6785/6074/845
f 6793/6082/875 6716/6005/821 6794/6083/821
f 6795/6084/874 6796/6085/840 6683/5972/840
f 6797/6086/876 6798/6087/859 6654/5943/833
f 6799/6088/877 6640/5929/825 6800/6089/842
f 6737/6026/854 6801/6090/878 6802/6091/872
f 6803/6092/8 6804/6093/869 6647/5936/827
s 0
f 6805/6094/3 6806/6095/3 6703/5992/3
f 6807/6096/3 6690/5979/3 6692/5981/3
s 1
f 6802/6091/872 6808/6097/879 6809/6098/856
f 6650/5939/830 6810/6099/838 6811/6100/838
f 6625/5914/817 6709/5998/845 6623/5912/817
s 0
f 6812/6101/791 6635/5924/791 6813/6102/791
f 6814/6103/791 6637/5926/791 6636/5925/791
s 1
f 6649/5938/829 6815/6104/852 6626/5915/818
f 6816/6105/848 6717/6006/849 6639/5928/824
s 0
f 6817/6106/753 6818/6107/753 6747/6036/753
s 1
f 6733/6022/818 6819/6108/819 6820/6109/820
f 6821/6110/880 6822/6111/877 6713/6002/847
f 6823/6112/791 6824/6113/839 6825/6114/791
f 6756/6045/865 6826/6115/838 6754/6043/865
s 0
f 6673/5962/2 6672/5961/2 6827/6116/2
f 6818/6107/753 6828/6117/753 6768/6057/753
s 1
f 6829/6118/881 6830/6119/882 6831/6120/877
f 6753/6042/864 6832/6121/883 6793/6082/875
s 0
f 6833/6122/8 6834/6123/8 6835/6124/8
f 6836/6125/3 6837/6126/3 6838/6127/3
s 1
f 6839/6128/854 6840/6129/878 6786/6075/872
f 6841/6130/867 6658/5947/837 6782/6071/866
s 0
f 6842/6131/3 6806/6095/3 6843/6132/3
s 1
f 6844/6133/884 6762/6051/868 6830/6119/882
f 6845/6134/874 6783/6072/846 6846/6135/874
f 6847/6136/855 6848/6137/9 6798/6087/859
s 0
f 6661/5950/3 6806/6095/3 6849/6138/3
s 1
f 6850/6139/871 6851/6140/874 6852/6141/874
f 6820/6109/820 6853/6142/885 6839/6128/854
f 6854/6143/849 6714/6003/848 6630/5919/822
s 0
f 6813/6102/791 6855/6144/791 6812/6101/791
s 1
f 6760/6049/864 6856/6145/883 6702/5991/844
s 0
f 6857/6146/886 6858/6147/886 6859/6148/886
s 1
f 6860/6149/887 6861/6150/888 6862/6151/889
f 6863/6152/890 6864/6153/891 6860/6149/887
f 6865/6154/892 6866/6155/893 6863/6152/890
f 6867/6156/894 6868/6157/895 6865/6154/892
f 6869/6158/896 6870/6159/897 6871/6160/894
f 6872/6161/898 6873/6162/899 6869/6158/896
f 6874/6163/900 6875/6164/901 6872/6161/898
f 6876/6165/902 6877/6166/903 6874/6163/900
f 6878/6167/904 6879/6168/905 6876/6165/902
s 0
f 6880/6169/906 6881/6170/906 6882/6171/906
s 1
f 6883/6172/907 6884/6173/908 6885/6174/909
f 6886/6175/910 6887/6176/911 6884/6173/908
f 6888/6177/912 6889/6178/913 6887/6176/911
f 6890/6179/914 6891/6180/915 6889/6178/913
f 6892/6181/916 6893/6182/917 6894/6183/915
f 6895/6184/918 6896/6185/919 6893/6182/917
f 6897/6186/920 6898/6187/921 6896/6185/919
f 6899/6188/922 6900/6189/923 6898/6187/921
f 6901/6190/924 6902/6191/925 6900/6189/923
f 6903/6192/926 6904/6193/927 6905/6194/928
f 6906/6195/929 6907/6196/930 6908/6197/931
f 6909/6198/932 6910/6199/933 6911/6200/932
f 6912/6201/934 6913/6202/935 6914/6203/936
f 6915/6204/937 6916/6205/938 6906/6195/929
f 6917/6206/939 6918/6207/940 6913/6202/935
f 6885/6174/909 6919/6208/941 6883/6172/907
f 6920/6209/942 6921/6210/943 6922/6211/944
f 6923/6212/945 6922/6211/944 6904/6193/927
f 6924/6213/946 6925/6214/947 6926/6215/937
s 0
f 6927/6216/1 6928/6217/1 6929/6218/1
s 1
f 6930/6219/948 6931/6220/949 6924/6213/946
s 0
f 6932/6221/2 6933/6222/2 6934/6223/2
s 1
f 6935/6224/950 6914/6203/936 6936/6225/951
f 6937/6226/952 6938/6227/953 6939/6228/953
f 6940/6229/954 6941/6230/955 6930/6219/948
f 6908/6197/931 6942/6231/956 6943/6232/957
f 6944/6233/958 6936/6225/951 6945/6234/959
f 6946/6235/960 6861/6150/888 6947/6236/961
f 6948/6237/962 6947/6236/961 6921/6210/943
f 6949/6238/963 6950/6239/964 6951/6240/964
f 6952/6241/965 6953/6242/928 6918/6207/940
f 6954/6243/966 6955/6244/967 6937/6226/952
f 6919/6208/941 6956/6245/968 6940/6229/954
f 6957/6246/969 6945/6234/959 6958/6247/969
f 6943/6232/957 6959/6248/970 6954/6243/966
f 6960/6249/971 6961/6250/972 6962/6251/971
s 0
f 6531/5820/1 6532/5821/1 6963/6252/1
s 1
f 6964/6253/973 6965/6254/972 6966/6255/973
f 6967/6256/974 6968/6257/975 6969/6258/974
f 6970/6259/1 6971/6260/976 6972/6261/976
s 0
f 6973/6262/8 6974/6263/8 6975/6264/8
s 1
f 6976/6265/977 6977/6266/978 6978/6267/977
f 6979/6268/979 6980/6269/979 6981/6270/979
f 6982/6271/980 6983/6272/981 6984/6273/982
s 0
f 6985/6274/9 6986/6275/9 6987/6276/9
s 1
f 6988/6277/976 6989/6278/1 6990/6279/976
f 6991/6280/973 6992/6281/2 6993/6282/973
s 0
f 6994/6283/2 6662/5951/2 6664/5953/2
s 1
f 6995/6284/983 6996/6285/984 6997/6286/984
f 6998/6287/985 6999/6288/986 7000/6289/985
f 7001/6290/971 7002/6291/977 7003/6292/977
s 0
f 7004/6293/9 7005/6294/9 7006/6295/9
s 1
f 7007/6296/982 7008/6297/987 7009/6298/982
f 6981/6270/979 7010/6299/986 7011/6300/986
f 7012/6301/1 7013/6302/984 7014/6303/1
s 0
f 7015/6304/2 7016/6305/2 7017/6306/2
s 1
f 7018/6307/978 7019/6308/988 6977/6266/978
s 0
f 7020/6309/8 7021/6310/8 7022/6311/8
s 1
f 7023/6312/989 7024/6313/990 7025/6314/989
f 7026/6315/986 6979/6268/979 7027/6316/986
f 7028/6317/984 7029/6318/983 7013/6302/984
f 7030/6319/987 7031/6320/991 7032/6321/987
f 7033/6322/981 7034/6323/982 7035/6324/981
f 7036/6325/975 7037/6326/2 6968/6257/975
f 7038/6327/985 7039/6328/992 7040/6329/992
s 0
f 7041/6330/2 7042/6331/2 7043/6332/2
s 1
f 7044/6333/972 7001/6290/971 6965/6254/972
f 7045/6334/972 6993/6282/973 6961/6250/972
s 0
f 7046/6335/9 7047/6336/9 7048/6337/9
s 1
f 7049/6338/986 7050/6339/985 7038/6327/985
f 6997/6286/984 7051/6340/1 7052/6341/1
f 7053/6342/990 7054/6343/993 7055/6344/990
f 7056/6345/2 7057/6346/975 7058/6347/975
f 7059/6348/977 6962/6251/971 7060/6349/977
s 0
f 7061/6350/2 7043/6332/2 7016/6305/2
s 1
f 7062/6351/989 6995/6284/983 7063/6352/989
f 7064/6353/981 7035/6324/981 6983/6272/981
f 7065/6354/992 7000/6289/985 7066/6355/992
f 7067/6356/993 7068/6357/990 7069/6358/990
f 7070/6359/2 6966/6255/973 7071/6360/2
f 7072/6361/988 7073/6362/977 7019/6308/988
f 7074/6363/994 7063/6352/989 7075/6364/990
s 0
f 7076/6365/2 7077/6366/2 7078/6367/2
s 1
f 7079/6368/993 7067/6356/993 7054/6343/993
s 0
f 7080/6369/1 7081/6370/1 7082/6371/1
s 1
f 7083/6372/974 7032/6321/987 7084/6373/974
s 0
f 7085/6374/8 7086/6375/8 7087/6376/8
s 1
f 7040/6329/992 6988/6277/976 6990/6279/976
f 7088/6377/987 6969/6258/974 7008/6297/987
s 0
f 7089/6378/1 7090/6379/1 7091/6380/1
f 7092/6381/1 7093/6382/1 7094/6383/1
f 7095/6384/9 7096/6385/9 7097/6386/9
f 7098/6387/2 7099/6388/2 7100/6389/2
s 1
f 7101/6390/983 7025/6314/989 7029/6318/983
s 0
f 7102/6391/8 7103/6392/8 7104/6393/8
f 7092/6381/1 7091/6380/1 7093/6382/1
s 1
f 7058/6347/975 7083/6372/974 7084/6373/974
f 6972/6261/976 7065/6354/992 7066/6355/992
s 0
f 7105/6394/1 7106/6395/1 7090/6379/1
f 7107/6396/8 7108/6397/8 7109/6398/8
s 1
f 7110/6399/629 7111/6400/995 7112/6401/995
s 0
f 7113/6402/8 7114/6403/8 7115/6404/8
f 7116/6405/9 6322/5611/9 7117/6406/9
s 1
f 7118/6407/683 7119/6408/683 7120/6409/683
f 7121/6410/488 7122/6411/717 7123/6412/488
f 7124/6413/601 7125/6414/996 7126/6415/997
s 0
f 5591/4880/1 7127/6416/1 7128/6417/1
s 1
f 7129/6418/489 7130/6419/488 7131/6420/489
s 0
f 7132/6421/1 6325/5614/1 7133/6422/1
f 7134/6423/9 7135/6424/9 7136/6425/9
f 7137/6426/1 5511/4800/1 7138/6427/1
s 1
f 7139/6428/489 7140/6429/488 7141/6430/998
s 0
f 7142/6431/1 5796/5085/1 7143/6432/1
f 7144/6433/9 7145/6434/9 7146/6435/9
f 7147/6436/8 7148/6437/8 7149/6438/8
s 1
f 7150/6439/602 7126/6415/997 7151/6440/602
f 7152/6441/652 7110/6399/629 7153/6442/996
s 0
f 7154/6443/8 7155/6444/8 7156/6445/8
f 7157/6446/9 5596/4885/9 7158/6447/9
f 7159/6448/2 6317/5606/2 7160/6449/2
f 7161/6450/8 7162/6451/8 7163/6452/8
f 7164/6453/1 7165/6454/1 7166/6455/1
f 5544/4833/9 7167/6456/9 7168/6457/9
f 6270/5559/9 7169/6458/9 7170/6459/9
s 1
f 7171/6460/999 7172/6461/486 7122/6411/717
s 0
f 7173/6462/9 7174/6463/9 7175/6464/9
s 1
f 7176/6465/1000 7129/6418/489 7131/6420/489
f 7177/6466/488 7178/6467/487 7179/6468/998
f 7180/6469/995 7181/6470/1001 7182/6471/995
f 7183/6472/652 7184/6473/629 7185/6474/996
s 0
f 7186/6475/8 7187/6476/8 7188/6477/8
f 5618/4907/2 7189/6478/2 7190/6479/2
f 7191/6480/2 7192/6481/2 7193/6482/2
f 7194/6483/9 7195/6484/9 7196/6485/9
f 7197/6486/1 7198/6487/1 7199/6488/1
s 1
f 4957/4246/492 7150/6439/602 7151/6440/602
s 0
f 7200/6489/1 5641/4930/1 7201/6490/1
f 7202/6491/683 7203/6492/683 7204/6493/683
f 6365/5654/2 7205/6494/2 7206/6495/2
s 1
f 7207/6496/683 7120/6409/683 7208/6497/683
s 0
f 7209/6498/2 7210/6499/2 7211/6500/2
s 1
f 7212/6501/629 7182/6471/995 7184/6473/629
s 0
f 7213/6502/2 7214/6503/2 7215/6504/2
s 1
f 7216/6505/486 5683/4972/697 7217/6506/486
s 0
f 6344/5633/1 7218/6507/1 7219/6508/1
f 7220/6509/8 7221/6510/8 7222/6511/8
f 7223/6512/8 7224/6513/8 7225/6514/8
f 5638/4927/2 7226/6515/2 5068/4357/2
f 5595/4884/8 7227/6516/8 7228/6517/8
s 1
f 7229/6518/486 5340/4629/626 7172/6461/486
f 5679/4968/696 7230/6519/1000 7231/6520/1000
f 7232/6521/492 7233/6522/602 6053/5342/492
s 0
f 7234/6523/2 7235/6524/2 7236/6525/2
f 6235/5524/2 7237/6526/2 7238/6527/2
f 7239/6528/1 7240/6529/1 7241/6530/1
s 1
f 7242/6531/602 7243/6532/601 7233/6522/602
f 7244/6533/696 7176/6465/1000 5331/4620/482
s 0
f 7227/6516/8 7245/6534/8 7246/6535/8
f 7247/6536/8 6321/5610/8 7248/6537/8
f 7249/6538/683 7250/6539/683 7203/6492/683
f 7251/6540/1 7252/6541/1 7253/6542/1
f 7254/6543/1 5606/4895/1 7255/6544/1
f 7256/6545/2 7257/6546/2 7258/6547/2
f 6345/5634/1 7259/6548/1 7260/6549/1
s 1
f 7261/6550/717 7217/6506/486 7178/6467/487
s 0
f 7262/6551/8 6295/5584/8 7247/6536/8
s 1
f 7231/6520/1000 7263/6552/489 7139/6428/489
s 0
f 6335/5624/1002 7264/6553/1002 7265/6554/1002
s 1
f 7112/6401/995 6048/5337/491 6047/5336/491
f 7243/6532/601 7266/6555/652 7267/6556/652
s 0
f 7268/6557/2 5616/4905/2 7269/6558/2
f 7270/6559/1 7271/6560/1 7272/6561/1
f 7273/6562/8 7274/6563/8 7275/6564/8
f 7276/6565/2 7277/6566/2 7278/6567/2
f 4749/4038/1 7279/6568/1 4750/4039/1
f 7280/6569/1 7281/6570/1 7282/6571/1
f 7283/6572/141 7284/6573/141 7285/6574/141
f 7286/6575/1003 4810/4099/1003 7287/6576/1003
f 7288/6577/2 4657/3946/2 4656/3945/2
f 7289/6578/2 7290/6579/2 7291/6580/2
f 7292/6581/2 7293/6582/2 7294/6583/2
f 7295/6584/1 7296/6585/1 7297/6586/1
f 7298/6587/2 4597/3886/2 7299/6588/2
f 7300/6589/2 7301/6590/2 7302/6591/2
f 7303/6592/2 7304/6593/2 7305/6594/2
f 7306/6595/1 7307/6596/1 4415/3704/1
f 7308/6597/2 7309/6598/2 7310/6599/2
f 7311/6600/476 7312/6601/476 7313/6602/476
f 7314/6603/9 7315/6604/9 7316/6605/9
f 7317/6606/1 4206/3495/1 7318/6607/1
f 7319/6608/8 7320/6609/8 7321/6610/8
f 7322/6611/2 7323/6612/2 7324/6613/2
f 7325/6614/2 7326/6615/2 7327/6616/2
f 7328/6617/2 4356/3645/2 4355/3644/2
f 7329/6618/2 7288/6577/2 7330/6619/2
f 7331/6620/2 4201/3490/2 7332/6621/2
f 7333/6622/2 7334/6623/2 7335/6624/2
f 7336/6625/8 7337/6626/8 7338/6627/8
f 7339/6628/2 4390/3679/2 4389/3678/2
f 7340/6629/8 7341/6630/8 7342/6631/8
f 7279/6568/1 7343/6632/1 7344/6633/1
f 7345/6634/1 7346/6635/1 7347/6636/1
f 7348/6637/1 7349/6638/1 7350/6639/1
f 7351/6640/1 4596/3885/1 7352/6641/1
f 7353/6642/141 7354/6643/141 7345/6634/141
f 4783/4072/1 7355/6644/1 7356/6645/1
f 7357/6646/476 7358/6647/476 7359/6648/476
f 7360/6649/9 7361/6650/9 7362/6651/9
f 4261/3550/1 7363/6652/1 4262/3551/1
f 7364/6653/9 7365/6654/9 7366/6655/9
f 7367/6656/1 7368/6657/1 7369/6658/1
f 7370/6659/2 7328/6617/2 7371/6660/2
f 7271/6560/1 7372/6661/1 7272/6561/1
f 7363/6652/1 7373/6662/1 7374/6663/1
f 7375/6664/9 7376/6665/9 7377/6666/9
f 7378/6667/2 7379/6668/2 7380/6669/2
f 7381/6670/483 7382/6671/483 7383/6672/483
f 7384/6673/1 7385/6674/1 7386/6675/1
f 7387/6676/483 7388/6677/483 7389/6678/483
f 7390/6679/139 7391/6680/139 7392/6681/139
f 7393/3241/1004 7394/3240/1004 7395/1808/1004
s 1
f 7396/6682/1005 7397/1778/1006 7398/1776/1007
f 7399/1877/1008 7400/6683/1009 7401/1878/1010
f 3855/3155/410 7402/6684/1011 7403/6685/1012
s 0
f 7404/6686/137 7405/6687/137 7406/6688/137
f 7407/6689/1013 7408/6682/1013 7409/1775/1013
f 7410/6690/1 7411/6691/1 7412/6692/1
f 7413/3142/1014 7414/6693/1014 7415/1792/1014
f 7416/6694/2 7417/6695/2 7418/6696/2
s 1
f 3909/3206/425 7419/6697/1015 7420/6698/1016
s 0
f 7421/6699/1 7422/6700/1 7423/6701/1
s 1
f 4024/3319/407 7424/1828/408 7425/1848/1017
f 7426/6702/1018 7427/927/1019 7428/1844/1020
f 4000/3295/448 7429/6703/1021 7430/6704/1022
s 0
f 7431/6705/137 7432/6706/137 7433/6707/137
s 1
f 7434/6708/1023 7435/1870/1024 7436/1869/1025
s 0
f 3880/3179/138 7437/6709/138 3878/3177/138
s 1
f 7438/6710/1026 7439/6711/398 7440/6712/1027
f 7441/6713/1028 4041/3336/456 7442/3338/417
f 4064/3357/458 7443/6714/1029 7444/3349/1030
s 0
f 7445/6715/138 4061/3354/138 4060/3353/138
f 7446/6716/136 3971/3267/136 7447/6717/136
s 1
f 4125/3417/424 7448/6718/1031 7449/6719/1032
f 7450/6720/1033 3884/3174/417 7451/3173/1034
f 7452/1811/1035 7453/6721/1036 7454/1810/1037
s 0
f 7455/3229/1038 7456/6722/1038 7457/1666/1038
f 7458/6723/137 3981/3276/137 7459/6724/137
s 1
f 7460/6725/1039 7436/1869/1025 7461/1868/1040
f 7462/6726/1041 7463/1866/1042 7435/1870/1024
f 7464/6727/1043 7465/1867/1044 7466/1865/1045
f 4121/3413/432 7467/1859/430 7468/1863/1015
f 7469/1807/1010 7470/6728/1046 7471/1809/1047
s 0
f 3929/3226/139 7472/6729/139 3927/3224/139
s 1
f 7401/1878/1010 7473/6730/1046 7474/1879/1048
s 0
f 7475/6731/139 7476/6732/139 7477/6733/139
s 1
f 7478/6734/1049 3953/3250/441 7479/6735/1050
f 3858/3158/413 7480/6736/1051 7481/6737/1052
f 7482/1839/1053 7483/6738/1054 7484/1837/1055
f 7471/1809/1047 7485/6739/1056 7452/1811/1035
s 0
f 7486/6740/1 7487/6741/1 7488/6742/1
f 7489/6743/2 7490/6744/2 7491/6745/2
s 1
f 7492/1793/1057 7493/6746/1058 7494/1794/1059
f 7495/6747/1060 7496/1779/1061 7397/1778/1006
s 0
f 7497/6748/137 7498/6749/137 4016/3311/137
s 1
f 7499/1876/1062 7500/6750/1063 7399/1877/1008
f 3861/3161/416 7481/6737/1052 7501/3163/1064
f 7502/6751/1065 4088/3380/460 7503/6752/1066
f 7504/6753/1067 3832/3132/402 7450/6720/1033
s 0
f 4071/3363/139 7505/6754/139 4069/3361/139
f 7506/3404/1004 7507/3403/1004 7508/1882/1004
s 1
f 7509/6755/1039 7510/1675/1068 7511/899/1069
f 7512/6756/1018 7513/1777/1019 7514/1786/1020
f 7515/6757/1070 7516/1846/1071 7517/1845/1072
s 0
f 7518/6758/139 7519/6759/139 7520/6760/139
f 7521/1669/1038 7522/6761/1038 7457/1666/1038
s 1
f 7523/1795/1055 7524/6762/1073 7492/1793/1057
s 0
f 7525/6763/2 7526/6764/2 7527/6765/2
s 1
f 7528/6766/1074 3951/3248/439 7478/6734/1049
f 7529/6767/1075 3949/3246/436 7528/6766/1074
f 7530/1797/1076 7531/6768/1054 7523/1795/1055
f 7440/6712/1027 4039/3334/455 7441/6713/1028
s 0
f 7532/6769/2 7533/6770/2 7534/6771/2
s 1
f 7535/6772/1077 7536/1800/1078 7537/897/1079
f 7538/6773/1080 7539/1780/1081 7496/1779/1061
f 7540/6774/1082 7541/6775/441 7542/6776/1083
f 7543/1812/467 7544/6777/433 7545/1813/1075
f 4123/3415/468 7546/6778/1015 7448/6718/1031
f 7547/941/467 7548/6779/471 7549/1883/1065
s 0
f 7550/1859/1038 7551/3412/1038 7552/1864/1038
s 1
f 3857/3157/412 7403/6685/1012 7480/6736/1051
f 7553/6722/1084 7554/1674/1085 7555/898/1086
s 0
f 7556/6780/1 7557/6781/1 7558/6782/1
f 7559/1770/1013 7560/3151/1013 7409/1775/1013
f 7561/6783/138 3866/3166/138 7437/6709/138
s 1
f 4014/3309/449 7430/6704/1022 7443/6714/1029
s 0
f 4149/3440/136 7562/6784/136 4147/3438/136
s 1
f 7563/6785/1087 3818/3118/398 7504/6753/1067
f 3852/3152/409 7564/1770/1088 7565/1774/1011
f 3925/3222/429 7566/6786/1089 7567/6787/1090
s 0
f 7472/6729/139 7568/6788/139 7569/6789/139
s 1
f 7570/6790/1091 7571/6791/454 7563/6785/1087
s 0
f 7572/6792/1013 7573/6793/1013 7574/929/1013
s 1
f 7575/6794/1091 4035/3330/453 7438/6710/1026
s 0
f 7576/6795/1 7577/6796/1 7578/6797/1
s 1
f 4128/3420/429 7449/6719/1032 7579/6798/1092
f 7580/1796/1093 7581/6799/1094 7582/1798/1095
s 0
f 7583/6800/1 7584/6801/1 7585/6802/1
s 1
f 7484/1837/1055 7586/6803/1073 7587/1835/1096
f 7582/1798/1095 7588/6804/1097 7530/1797/1076
s 0
f 7589/6805/2 7590/6806/2 7591/6807/2
s 1
f 7592/6793/1098 7517/1845/1072 7593/1847/1099
s 0
f 7594/6808/2 7491/6745/2 7595/6809/2
s 1
f 7596/6810/1100 7514/1786/1020 7539/1780/1081
f 7597/1823/1101 7598/6811/405 7599/1833/1091
f 7474/1879/1048 7600/6812/1102 7601/1881/1103
s 0
f 7602/1828/1104 7603/3318/1104 7574/929/1104
f 7604/6813/137 7605/6814/137 7606/6815/137
s 1
f 3933/3230/431 7607/1669/430 7608/1673/1015
s 0
f 3815/3115/137 7609/6816/137 7610/6817/137
s 1
f 7587/1835/1096 7611/6818/1105 7612/1836/1106
f 3999/3294/447 7613/6819/1017 7429/6703/1021
f 7503/6752/1066 4102/3394/437 7540/6774/1082
s 0
f 7614/1834/1107 7615/3328/1107 7616/1823/1107
s 1
f 7617/6820/1108 7511/899/1069 7554/1674/1085
s 0
f 4084/3376/139 7618/6821/139 7619/6822/139
s 1
f 7620/917/451 3841/3141/405 7621/1791/1091
f 4130/3422/470 7579/6798/1092 7622/3423/444
f 7623/6823/1109 7428/1844/1020 7624/1843/1081
s 0
f 7508/1882/1004 7507/3403/1004 7625/941/1004
s 1
f 7479/6735/1050 7626/3252/1110 7627/3251/440
s 0
f 7415/1792/1014 7414/6693/1014 7628/917/1014
f 7629/6824/136 4135/3427/136 7562/6784/136
s 1
f 3976/3272/444 7567/6787/1090 7630/3263/1111
s 0
f 7631/6825/1038 7632/6727/1038 7552/1864/1038
s 1
f 7601/1881/1103 7633/6826/1112 7634/1880/1113
s 0
f 7635/6827/136 7447/6717/136 7636/6828/136
s 1
f 7637/1838/1093 7638/6829/1094 7639/1840/1095
s 0
f 7395/1808/1004 7394/3240/1004 7640/1812/1004
s 1
f 3910/3207/426 7420/6698/1016 7566/6786/1089
f 7542/6776/1083 4153/3435/440 7641/3434/1114
s 0
f 4019/3314/137 7459/6724/137 4017/3312/137
f 7642/6830/137 3836/3136/137 7605/6814/137
s 1
f 7643/6831/1108 7461/1868/1040 7465/1867/1044
s 0
f 7644/6832/1 7645/6833/1 7646/6834/1
f 7647/3329/1014 7615/3328/1014 7614/1834/1014
s 1
f 7639/1840/1095 7648/6835/1115 7482/1839/1053
s 0
f 7649/6836/2 7532/6769/2 7650/6837/2
f 7585/6802/1 7651/6838/1 7652/6839/1
s 1
f 7653/1806/1008 7654/6840/1116 7469/1807/1010
f 7655/1804/1117 7656/6841/1118 7653/1806/1008
f 7657/6842/1119 7658/1799/1120 7536/1800/1078
f 7659/6843/1121 7624/1843/1081 7516/1846/1071
s 0
f 7660/6844/2 7589/6805/2 7661/6845/2
f 7662/6846/139 4106/3398/139 7505/6754/139
f 4048/3342/138 7445/6715/138 4046/3340/138
s 1
f 2705/2005/112 2732/2032/112 2706/2006/176
f 2708/2008/177 2793/2093/177 2709/2009/8
f 2707/2007/176 2730/2030/176 2711/2011/112
f 2712/2012/3 2784/2084/178 2713/2013/178
f 2715/2015/179 2821/2121/180 2716/2016/180
f 2718/2018/181 2833/2133/182 2719/2019/182
f 2721/2021/183 2771/2071/184 2722/2022/184
f 2724/2024/185 2806/2106/185 2725/2025/186
f 2727/2027/9 2721/2021/183 2723/2023/183
f 2729/2029/187 2817/2117/187 2730/2030/176
f 2731/2031/181 2844/2144/112 2732/2032/112
f 2734/2034/188 2794/2094/203 2735/2035/189
f 2737/2037/4 2775/2075/180 2716/2016/180
f 2739/2039/190 2823/2123/191 2740/2040/191
f 2742/2042/9 2761/2061/192 2743/2043/192
f 2745/2045/177 2708/2008/177 2710/2010/8
f 2747/2047/193 2782/2082/193 2748/2048/5
f 2750/2050/193 2759/2059/198 2751/2051/5
f 2726/2026/186 2787/2087/186 2753/2053/185
f 2729/2029/187 2764/2064/187 2754/2054/194
f 2756/2056/196 2840/2140/196 2757/2057/197
f 2759/2059/198 2838/2138/198 2760/2060/5
f 2756/2056/196 2768/2068/196 2708/2008/177
f 2761/2061/192 2715/2015/179 2717/2017/179
f 2714/2014/3 2918/2218/3 2762/2062/199
f 2764/2064/187 2815/2115/187 2765/2065/195
f 2766/2066/197 2805/2105/197 2767/2067/196
f 2753/2053/185 2841/2141/185 2769/2069/200
f 2771/2071/184 2834/2134/191 2772/2072/191
f 2773/2073/180 2788/2088/179 2774/2074/179
f 2776/2076/184 2800/2100/183 2777/2077/183
f 2763/2063/199 2762/2062/199 2779/2079/201
f 2733/2033/181 2732/2032/112 2705/2005/112
f 2781/2081/202 2750/2050/193 2782/2082/193
f 2784/2084/178 2734/2034/188 2736/2036/188
f 2785/2085/182 2733/2033/181 2720/2020/181
f 2774/2074/179 2789/2089/192 2743/2043/192
f 2723/2023/183 2722/2022/184 2778/2078/184
f 2710/2010/8 2709/2009/8 2786/2086/186
f 2788/2088/179 2790/2090/192 2789/2089/192
f 2758/2058/197 2766/2066/197 2768/2068/196
f 2790/2090/192 2727/2027/9 2728/2028/9
f 2791/2091/200 2724/2024/185 2753/2053/185
f 2780/2080/201 2799/2099/201 2792/2092/199
f 2768/2068/196 2767/2067/196 2793/2093/177
f 2796/2096/4 2773/2073/180 2775/2075/180
f 2770/2070/200 2769/2069/200 2797/2097/5
f 2759/2059/198 2781/2081/202 2799/2099/201
f 2800/2100/183 2742/2042/9 2744/2044/9
f 2791/2091/200 2770/2070/200 2798/2098/5
f 2726/2026/186 2725/2025/186 2802/2102/8
f 2711/2011/112 2718/2018/181 2720/2020/181
f 2803/2103/178 2918/2218/3 2714/2014/3
f 2804/2104/205 2872/2172/205 2805/2105/197
f 2722/2022/184 2772/2072/191 2740/2040/191
f 2791/2091/200 2826/2126/200 2806/2106/185
f 2807/2107/190 2814/2114/206 2808/2108/206
f 2810/2110/189 2822/2122/188 2736/2036/188
f 2811/2111/205 2909/2209/205 2812/2112/194
f 2813/2113/206 2824/2124/182 2785/2085/182
f 2706/2006/176 2839/2139/176 2815/2115/187
f 2746/2046/8 2802/2102/8 2816/2116/177
f 2755/2055/195 2812/2112/194 2817/2117/187
f 2818/2118/190 2813/2113/206 2814/2114/206
f 2728/2028/9 2723/2023/183 2777/2077/183
f 2746/2046/8 2710/2010/8 2787/2087/186
f 2707/2007/176 2706/2006/176 2764/2064/187
f 2754/2054/194 2765/2065/195 2819/2119/205
f 2821/2121/180 2938/2238/4 2738/2038/4
f 2822/2122/188 2803/2103/178 2713/2013/178
f 2823/2123/191 2776/2076/184 2778/2078/184
f 2772/2072/191 2835/2135/190 2741/2041/190
f 2824/2124/182 2731/2031/181 2733/2033/181
f 2763/2063/199 2792/2092/199 2712/2012/3
f 2775/2075/180 2774/2074/179 2717/2017/179
f 2825/2125/207 2832/2132/208 2795/2095/204
f 2801/2101/5 2905/2205/5 2826/2126/200
f 2795/2095/204 7663/6847/4 2827/2127/4
f 2828/2128/206 2936/2236/190 2809/2109/190
f 2829/2129/205 2804/2104/205 2766/2066/197
f 2755/2055/195 2754/2054/194 2820/2120/205
f 2830/2130/208 3281/2581/4 2831/2131/4
f 2833/2133/182 2828/2128/206 2808/2108/206
f 2834/2134/191 2855/2155/190 2835/2135/190
f 2758/2058/197 2757/2057/197 2836/2136/205
f 2837/2137/4 2810/2110/189 2735/2035/189
f 2780/2080/201 2779/2079/201 2838/2138/198
f 2814/2114/206 2785/2085/182 2719/2019/182
f 2732/2032/112 2844/2144/112 2839/2139/176
f 2789/2089/192 2728/2028/9 2744/2044/9
f 2745/2045/177 2816/2116/177 2840/2140/196
f 2787/2087/186 2786/2086/186 2841/2141/185
f 2771/2071/184 2870/2170/184 2842/2142/191
f 2731/2031/181 2898/2198/181 2843/2143/112
f 2845/2145/179 2890/2190/179 2846/2146/180
f 2848/2148/206 2889/2189/206 2849/2149/190
f 2851/2151/8 2871/2171/8 2852/2152/177
f 2834/2134/191 2842/2142/191 2854/2154/190
f 2856/2156/205 2904/2204/205 2857/2157/194
f 2709/2009/8 2871/2171/8 2859/2159/186
f 2841/2141/185 2892/2192/185 2860/2160/200
f 2861/2161/176 2878/2178/176 2843/2143/112
f 2863/2163/9 2884/2184/9 2864/2164/192
f 2866/2166/181 2898/2198/181 2867/2167/182
f 2771/2071/184 2721/2021/183 2869/2169/183
f 2709/2009/8 2793/2093/177 2852/2152/177
f 2872/2172/205 2893/2193/205 2873/2173/197
f 2769/2069/200 2860/2160/200 2874/2174/5
f 2875/2175/185 2892/2192/185 2859/2159/186
s 0
f 2783/2083/193 2782/2082/193 2747/2047/193
s 1
f 2815/2115/187 2896/2196/187 2857/2157/194
f 2844/2144/112 2843/2143/112 2878/2178/176
f 2876/2176/186 2859/2159/186 2871/2171/8
f 2831/2131/4 7663/6847/4 2795/2095/204
f 2879/2179/184 2870/2170/184 2869/2169/183
f 2881/2181/196 2895/2195/196 2873/2173/197
s 0
f 2832/2132/207 2825/2125/207 2883/2183/207
s 1
f 2796/2096/4 2885/2185/4 2846/2146/180
f 2790/2090/192 2864/2164/192 2884/2184/9
f 2782/2082/193 2750/2050/193 2752/2052/5
f 2847/2147/180 2846/2146/180 2885/2185/4
f 2887/2187/190 2854/2154/190 2842/2142/191
f 2727/2027/9 2884/2184/9 2869/2169/183
f 2818/2118/190 2849/2149/190 2889/2189/206
f 2813/2113/206 2889/2189/206 2867/2167/182
f 2788/2088/179 2890/2190/179 2864/2164/192
f 2865/2165/192 2864/2164/192 2890/2190/179
f 2868/2168/182 2867/2167/182 2889/2189/206
f 2891/2191/200 2860/2160/200 2892/2192/185
f 2882/2182/197 2873/2173/197 2893/2193/205
f 2767/2067/196 2895/2195/196 2852/2152/177
f 2853/2153/177 2852/2152/177 2895/2195/196
f 2786/2086/186 2859/2159/186 2892/2192/185
f 2858/2158/195 2857/2157/194 2896/2196/187
f 2805/2105/197 2873/2173/197 2895/2195/196
f 2880/2180/183 2869/2169/183 2884/2184/9
f 2824/2124/182 2867/2167/182 2898/2198/181
f 2862/2162/112 2843/2143/112 2898/2198/181
s 0
f 2899/2199/193 2877/2177/193 2747/2047/193
s 1
f 2773/2073/180 2846/2146/180 2890/2190/179
s 0
f 2901/2201/207 2830/2130/207 2883/2183/207
s 1
f 2888/2188/191 2842/2142/191 2870/2170/184
f 2903/2203/5 2874/2174/5 2860/2160/200
f 2765/2065/195 2857/2157/194 2904/2204/205
f 2897/2197/187 2896/2196/187 2878/2178/176
f 2839/2139/176 2878/2178/176 2896/2196/187
f 2905/2205/5 7664/6848/5 2906/2206/200
f 7665/6849/310 2725/2025/186 7666/6850/209
f 2725/2025/186 2806/2106/185 7666/6850/209
f 2943/2243/185 3249/2549/186 7667/6851/209
f 3249/2549/186 3251/2551/310 7667/6851/209
f 7668/6852/310 3246/2546/310 2908/2208/209
f 2908/2208/209 7666/6850/209 2806/2106/185
f 2806/2106/185 2943/2243/185 2907/2207/209
f 2943/2243/185 7667/6851/209 2907/2207/209
f 2907/2207/209 7668/6852/310 2908/2208/209
f 2909/2209/205 7669/6853/205 2910/2210/195
f 2840/2140/196 2922/2222/196 2911/2211/197
f 2739/2039/190 7670/6854/190 2912/2212/191
f 2828/2128/206 2833/2133/182 2913/2213/182
f 2810/2110/189 2934/2234/189 2915/2215/188
f 2817/2117/187 2931/2231/187 2916/2216/176
f 2803/2103/178 2929/2229/178 2917/2217/3
f 2715/2015/179 2761/2061/192 7671/6855/210
f 2761/2061/192 2927/2227/211 7671/6855/210
f 3259/2559/211 7672/6856/192 7673/6857/210
f 7672/6856/192 7674/6858/179 7673/6857/210
f 7674/6858/179 2715/2015/179 2921/2221/210
f 2715/2015/179 7671/6855/210 2919/2219/210
f 2919/2219/210 3257/2557/211 2920/2220/211
f 2715/2015/179 2919/2219/210 2921/2221/210
f 2921/2221/210 7673/6857/210 7674/6858/179
f 2816/2116/177 2939/2239/177 2922/2222/196
f 2823/2123/191 2912/2212/191 2923/2223/184
f 2711/2011/112 2930/2230/112 2924/2224/181
f 2762/2062/199 2940/2240/199 2925/2225/201
f 2838/2138/198 2928/2228/198 2926/2226/5
f 2742/2042/9 2944/2244/9 2927/2227/211
f 2779/2079/201 2925/2225/201 2928/2228/198
f 2822/2122/188 2915/2215/188 2929/2229/178
f 2730/2030/176 2916/2216/176 2930/2230/112
f 2812/2112/194 2910/2210/195 2931/2231/187
f 2725/2025/186 7665/6849/310 2932/2232/8
f 2776/2076/184 2923/2223/184 2933/2233/183
f 2837/2137/4 7675/6859/4 2934/2234/189
f 2828/2128/206 2914/2214/206 2935/2235/190
f 2821/2121/180 2942/2242/180 2937/2237/4
f 2802/2102/8 2932/2232/8 2939/2239/177
f 2718/2018/181 2924/2224/181 2913/2213/182
f 2918/2218/3 2917/2217/3 2940/2240/199
f 2757/2057/197 2911/2211/197 2941/2241/205
f 2715/2015/179 7674/6858/179 2942/2242/180
f 2826/2126/200 2906/2206/200 2943/2243/185
f 2800/2100/183 2933/2233/183 2944/2244/9
f 2945/2245/178 3078/2378/3 2946/2246/3
f 2948/2248/212 3036/2336/211 2949/2249/211
f 2951/2251/213 2974/2274/226 2947/2247/178
f 2952/2252/112 3027/2327/176 2953/2253/176
f 2955/2255/196 2982/2282/229 2956/2256/214
f 2959/2259/217 7676/6860/1122 7677/6861/1123
f 7677/6861/1123 7678/6862/1124 2959/2259/217
f 7678/6862/1124 7679/6863/1125 2959/2259/217
f 7679/6863/1125 7680/6864/1126 2959/2259/217
f 7680/6864/1126 7681/6865/1127 2959/2259/217
f 7681/6865/1127 7682/6866/1128 2959/2259/217
f 7682/6866/1128 2960/2260/218 2959/2259/217
f 2960/2260/218 7683/6867/1129 2958/2258/216
f 7683/6867/1129 7684/6868/1130 2958/2258/216
f 7684/6868/1130 7685/6869/1131 2958/2258/216
f 7685/6869/1131 7686/6870/1132 2958/2258/216
f 7686/6870/1132 7687/6871/1133 2958/2258/216
f 7687/6871/1133 7688/6872/1134 2958/2258/216
f 7688/6872/1134 7689/6873/1135 2958/2258/216
f 2961/2261/219 3073/2373/265 2962/2262/220
f 2964/2264/186 3017/2317/222 2965/2265/222
f 2968/2268/224 7690/6874/1136 2959/2259/217
f 2959/2259/217 2958/2258/216 7691/6875/1137
f 2958/2258/216 7692/6876/1138 7693/6877/1139
f 7694/6878/1140 2958/2258/216 7693/6877/1139
f 7694/6878/1140 7695/6879/1141 2958/2258/216
f 7695/6879/1141 7696/6880/1142 2958/2258/216
f 7696/6880/1142 7697/6881/1143 2958/2258/216
f 7697/6881/1143 7698/6882/1144 2958/2258/216
f 7698/6882/1144 7691/6875/1137 2958/2258/216
f 7691/6875/1137 7699/6883/1145 2959/2259/217
f 7699/6883/1145 7700/6884/1146 2959/2259/217
f 7700/6884/1146 7701/6885/1147 2959/2259/217
f 7701/6885/1147 7702/6886/1148 2959/2259/217
f 7702/6886/1148 2967/2267/223 2959/2259/217
f 2969/2269/225 3149/2449/276 2970/2270/184
f 2964/2264/186 2966/2266/186 2972/2272/8
f 2974/2274/226 3057/2357/257 2975/2275/188
f 2976/2276/221 3078/2378/3 2977/2277/3
f 2979/2279/227 3038/2338/249 2980/2280/228
f 2982/2282/229 3018/2318/229 2983/2283/205
f 2985/2285/200 3062/2362/260 2986/2286/230
f 2988/2288/177 3007/2307/239 2989/2289/231
f 2991/2291/9 2950/2250/9 2949/2249/211
f 2993/2293/190 3125/2425/190 2994/2294/232
f 2996/2296/234 7703/6887/190 2997/2297/190
f 2999/2299/184 3031/2331/183 2971/2271/183
f 3000/2300/236 3011/2311/188 2975/2275/188
f 3002/2302/237 3153/2453/279 3003/2303/179
f 3005/2305/238 3165/2465/291 2998/2298/235
f 2992/2292/192 2949/2249/211 3006/2306/179
f 2955/2255/196 2957/2257/215 3007/2307/239
f 3008/2308/181 3163/2463/289 3009/2309/240
f 3000/2300/236 3060/2360/258 3010/2310/188
f 3012/2312/241 3046/2346/253 3013/2313/180
f 3014/2314/191 3098/2398/184 2999/2299/184
f 3016/2316/242 3075/2375/200 2965/2265/222
f 3018/2318/229 3029/2329/196 3019/2319/196
f 3021/2321/243 3042/2342/250 3022/2322/244
f 3024/2324/245 3163/2463/289 3008/2308/181
f 2946/2246/3 3078/2378/3 2976/2276/221
f 3026/2326/246 3113/2413/272 2994/2294/232
f 2981/2281/187 2980/2280/228 2953/2253/176
f 2961/2261/219 2963/2263/221 2976/2276/221
f 2988/2288/177 3032/2332/177 3029/2329/196
f 3021/2321/243 3023/2323/185 3017/2317/222
f 3030/2330/183 2948/2248/212 2950/2250/9
f 3032/2332/177 3033/2333/177 3019/2319/196
f 3003/2303/179 3006/2306/179 3013/2313/180
f 2973/2273/8 2972/2272/8 3033/2333/177
f 3034/2334/247 3015/2315/191 2999/2299/184
f 3008/2308/181 3064/2364/181 3035/2335/182
f 3036/2336/211 3012/2312/241 3006/2306/179
f 2983/2283/205 3018/2318/229 3020/2320/197
f 3040/2340/190 3014/2314/191 3015/2315/191
f 3035/2335/182 3026/2326/246 2998/2298/235
f 3021/2321/243 2990/2290/8 2989/2289/231
f 3043/2343/190 3041/2341/190 3015/2315/191
f 3044/2344/251 2969/2269/225 2971/2271/183
f 2963/2263/221 2962/2262/220 2951/2251/213
f 3027/2327/176 2952/2252/112 3009/2309/240
f 3046/2346/253 3110/2410/4 3047/2347/4
f 2985/2285/200 3016/2316/242 3017/2317/222
f 2970/2270/184 3149/2449/276 3048/2348/254
f 3049/2349/198 3056/2356/198 3050/2350/5
f 2981/2281/187 3061/2361/259 3052/2352/255
f 3053/2353/256 3151/2451/266 3054/2354/4
f 3028/2328/201 3063/2363/261 3055/2355/198
f 3010/2310/188 3115/2415/178 2945/2245/178
f 2992/2292/192 3079/2379/268 3044/2344/251
f 3057/2357/257 3053/2353/256 3001/2301/189
f 3050/2350/5 3056/2356/198 3055/2355/198
f 2990/2290/8 3021/2321/243 2964/2264/186
f 3031/2331/183 2950/2250/9 2991/2291/9
f 3011/2311/188 2945/2245/178 2947/2247/178
f 3059/2359/4 3145/2445/4 3060/2360/258
f 2984/2284/205 3174/2474/267 2956/2256/214
f 2981/2281/187 3027/2327/176 3045/2345/252
f 3023/2323/185 3022/2322/244 3062/2362/260
f 2987/2287/5 3074/2374/5 3016/2316/242
f 2976/2276/221 2978/2278/199 3063/2363/261
f 2952/2252/112 2954/2254/112 3064/2364/181
f 2955/2255/196 3029/2329/196 3018/2318/229
f 3038/2338/249 3037/2337/248 3065/2365/248
f 3048/2348/254 3147/2447/238 3043/2343/190
f 3037/2337/248 2979/2279/227 3067/2367/205
f 3051/2351/5 3172/2472/230 3069/2369/263
f 3013/2313/180 3047/2347/4 3070/2370/4
f 3059/2359/4 3000/2300/236 3001/2301/189
f 3065/2365/248 3116/2416/205 3071/2371/205
f 2961/2261/219 3049/2349/198 3069/2369/263
f 3074/2374/5 3092/2392/5 3075/2375/200
f 3076/2376/266 3002/2302/237 3004/2304/180
f 2979/2279/227 3052/2352/255 3077/2377/267
f 2998/2298/235 3165/2465/291 3024/2324/245
f 3049/2349/198 2961/2261/219 3028/2328/201
f 2945/2245/178 3115/2415/178 2977/2277/3
f 2990/2290/8 2973/2273/8 3032/2332/177
f 3003/2303/179 3153/2453/279 3079/2379/268
f 2999/2299/184 3098/2398/184 3030/2330/183
f 3080/2380/269 3107/2407/185 2965/2265/222
f 3081/2381/3 3137/2437/199 2978/2278/199
f 3082/2382/229 3130/2430/196 3083/2383/196
f 3085/2385/5 3129/2429/198 3086/2386/198
f 3088/2388/192 3108/2408/9 3089/2389/9
f 3091/2391/5 3080/2380/269 3075/2375/200
f 3093/2393/189 3144/2444/4 3094/2394/4
f 3096/2396/270 3108/2408/9 2948/2248/212
f 3097/2397/191 3131/2431/184 3098/2398/184
f 3081/2381/3 3114/2414/271 3099/2399/271
f 3101/2401/177 3124/2424/8 3102/2402/8
f 3104/2404/201 3137/2437/199 3105/2405/199
f 3107/2407/185 3117/2417/186 2966/2266/186
f 3108/2408/9 3088/2388/192 3036/2336/211
f 3046/2346/253 3120/2420/180 3109/2409/4
f 3040/2340/190 7704/6888/190 3097/2397/191
f 3096/2396/270 3131/2431/184 3111/2411/184
s 0
f 3113/2413/272 7705/6889/272 2995/2295/272
s 1
f 3093/2393/189 3135/2435/188 3010/2310/188
f 3114/2414/271 3081/2381/3 2977/2277/3
f 3108/2408/9 3096/2396/270 3112/2412/270
f 3065/2365/248 3037/2337/248 3068/2368/205
f 3117/2417/186 3107/2407/185 3118/2418/185
f 3120/2420/180 3134/2434/179 3121/2421/179
s 0
f 3072/2372/262 3140/2440/262 3066/2366/262
s 1
f 3020/2320/197 3082/2382/229 3123/2423/205
f 3124/2424/8 3101/2401/177 3033/2333/177
f 3125/2425/190 7703/6887/190 2996/2296/234
f 3126/2426/205 3123/2423/205 3082/2382/229
f 3080/2380/269 3091/2391/5 3127/2427/5
f 3117/2417/186 3124/2424/8 2972/2272/8
f 3129/2429/198 3085/2385/5 3058/2358/5
f 3104/2404/201 3129/2429/198 3055/2355/198
f 3101/2401/177 3130/2430/196 3019/2319/196
f 3130/2430/196 3101/2401/177 3103/2403/177
f 3129/2429/198 3104/2404/201 3106/2406/201
f 3131/2431/184 3097/2397/191 3132/2432/273
f 3109/2409/4 3120/2420/180 3122/2422/180
f 3088/2388/192 3134/2434/179 3012/2312/241
f 3134/2434/179 3088/2388/192 3090/2390/192
f 3131/2431/184 3096/2396/270 3030/2330/183
f 3135/2435/188 3093/2393/189 3095/2395/189
f 3012/2312/241 3134/2434/179 3120/2420/180
f 3124/2424/8 3117/2417/186 3119/2419/186
f 3137/2437/199 3104/2404/201 3063/2363/261
f 3137/2437/199 3081/2381/3 3100/2400/3
s 0
f 2995/2295/272 7705/6889/272 3138/2438/272
s 1
f 3019/2319/196 3130/2430/196 3082/2382/229
s 0
f 3140/2440/262 3072/2372/262 3141/2441/262
s 1
f 3107/2407/185 3080/2380/269 3128/2428/269
f 3097/2397/191 7704/6888/190 3143/2443/190
f 3144/2444/4 3093/2393/189 3060/2360/258
f 3114/2414/271 3135/2435/188 3136/2436/188
f 3135/2435/188 3114/2414/271 3115/2415/178
f 3146/2446/274 7706/6890/1149 3147/2447/238
f 2969/2269/225 7707/6891/1150 3148/2448/275
f 3150/2450/277 7708/6892/1151 3151/2451/266
f 3002/2302/237 3177/2477/301 3152/2452/278
f 3154/2454/280 7709/6893/297 2986/2286/230
f 3069/2369/263 7710/6894/1152 3155/2455/281
f 3156/2456/282 3170/2470/296 3052/2352/255
f 3157/2457/283 3168/2468/294 3057/2357/257
f 3158/2458/284 7711/6895/1153 3045/2345/252
f 3159/2459/285 3166/2466/292 3007/2307/239
f 3152/2452/278 3175/2475/299 3079/2379/268
f 3160/2460/286 3154/2454/280 3062/2362/260
f 2962/2262/220 3176/2476/300 3161/2461/287
f 3024/2324/245 3167/2467/293 3162/2462/288
f 3005/2305/238 7712/6896/1149 3164/2464/290
f 3166/2466/292 7713/6897/1154 2989/2289/231
f 3165/2465/291 3164/2464/290 3167/2467/293
f 3045/2345/252 7711/6895/1153 3156/2456/282
f 3161/2461/287 3157/2457/283 2974/2274/226
f 3168/2468/294 3150/2450/277 3053/2353/256
f 3169/2469/295 7707/6891/1150 2969/2269/225
f 3042/2342/250 3178/2478/302 3160/2460/286
f 3170/2470/296 7714/6898/298 3077/2377/267
f 3171/2471/297 7710/6894/1152 3069/2369/263
f 3173/2473/298 7715/6899/1155 2956/2256/214
f 3175/2475/299 3169/2469/295 3044/2344/251
f 3073/2373/265 3155/2455/281 3176/2476/300
f 3163/2463/289 3162/2462/288 3158/2458/284
f 3076/2376/266 7716/6900/1151 3177/2477/301
f 2956/2256/214 7715/6899/1155 3159/2459/285
f 3148/2448/275 3146/2446/274 3048/2348/254
f 2989/2289/231 7713/6897/1154 3178/2478/302
s 0
f 3179/2479/1 3191/2491/1 3180/2480/1
s 1
f 3182/2482/303 3280/2580/303 3183/2483/304
s 0
f 3185/2485/1 3193/2493/1 3186/2486/1
f 3188/2488/1 7717/6901/1 3189/2489/1
f 3179/2479/1 3185/2485/1 3187/2487/1
f 3192/2492/1 3194/2494/1 3186/2486/1
f 3190/2490/1 3189/2489/1 3194/2494/1
s 1
f 3195/2495/305 3203/2503/309 3196/2496/305
s 0
f 3197/2497/305 3196/2496/305 3198/2498/305
s 1
f 3200/2500/306 3184/2484/303 3183/2483/304
f 3202/2502/308 7718/6902/1156 3203/2503/309
f 3204/2504/197 7719/6903/205 3205/2505/205
f 3207/2507/197 7720/6904/205 3208/2508/205
f 3210/2510/112 7721/6905/181 3211/2511/181
f 3213/2513/112 3271/2571/181 3214/2514/181
f 3216/2516/206 7722/6906/190 3217/2517/190
f 3219/2519/206 7723/6907/190 3220/2520/190
f 3222/2522/183 3256/2556/9 3223/2523/9
f 3225/2525/183 3258/2558/9 3226/2526/9
f 3228/2528/195 3274/2574/187 3229/2529/187
f 3231/2531/195 7724/6908/187 3232/2532/187
f 3234/2534/190 3264/2564/191 3235/2535/191
f 3237/2537/190 3265/2565/191 3238/2538/191
f 3240/2540/177 3272/2572/196 3241/2541/196
f 3243/2543/177 3273/2573/196 3244/2544/196
f 3246/2546/310 7668/6852/310 3247/2547/8
f 3249/2549/186 3270/2570/8 3250/2550/8
f 3252/2552/182 3216/2516/206 3218/2518/206
f 3254/2554/182 3219/2519/206 3221/2521/206
f 3256/2556/9 2920/2220/211 3257/2557/211
f 3258/2558/9 7672/6856/192 3259/2559/211
f 3260/2560/184 3222/2522/183 3224/2524/183
f 3262/2562/184 3225/2525/183 3227/2527/183
f 3264/2564/191 3260/2560/184 3261/2561/184
f 3265/2565/191 3262/2562/184 3263/2563/184
f 3266/2566/176 3210/2510/112 3212/2512/112
f 3268/2568/176 3213/2513/112 3215/2515/112
f 3247/2547/8 3240/2540/177 3242/2542/177
f 3270/2570/8 3243/2543/177 3245/2545/177
f 3211/2511/181 7721/6905/181 3252/2552/182
f 3271/2571/181 3254/2554/182 3255/2555/182
f 3272/2572/196 3204/2504/197 3206/2506/197
f 3273/2573/196 3207/2507/197 3209/2509/197
f 3274/2574/187 3266/2566/176 3267/2567/176
f 3232/2532/187 7724/6908/187 3268/2568/176
f 3275/2575/205 3228/2528/195 3230/2530/194
f 3277/2577/205 3231/2531/195 3233/2533/195
f 3071/2371/205 7725/6909/205 3141/2441/264
f 3139/2439/233 7726/6910/190 2993/2293/190
s 0
f 3279/2579/303 7727/6911/303 3280/2580/303
s 1
f 2901/2201/207 7728/6912/4 3281/2581/4
f 2749/2049/5 7729/6913/5 2900/2200/193
f 3282/2582/196 3512/2812/196 3283/2583/177
f 3285/2585/311 7730/6914/1157 3286/2586/312
f 3288/2588/187 3493/2793/187 3289/2589/195
f 3291/2591/313 7731/6915/392 3292/2592/314
f 3284/2584/177 3283/2583/177 3294/2594/8
f 3296/2596/310 3295/2595/8 3294/2594/8
f 3298/2598/177 3305/2605/196 3299/2599/196
f 3301/2601/185 3353/2653/200 3302/2602/200
f 3304/2604/191 3424/2724/190 2887/2187/190
f 3305/2605/196 3411/2711/197 3306/2606/197
s 0
f 3307/2607/193 7732/6916/193 3308/2608/193
s 1
f 3310/2610/196 3322/2622/177 2853/2153/177
f 3311/2611/205 3330/2630/194 3312/2612/195
f 3314/2614/194 3401/2701/187 3315/2615/187
f 3304/2604/191 3738/3038/184 3317/2617/184
f 3319/2619/183 3328/2628/9 3320/2620/9
f 3322/2622/177 3404/2704/8 2851/2151/8
f 3323/2623/191 3318/2618/191 3317/2617/184
f 3325/2625/201 3443/2743/199 3326/2626/199
f 3328/2628/9 3364/2664/192 3329/2629/192
f 3328/2628/9 3319/2619/183 2880/2180/183
f 3330/2630/194 3448/2748/187 3331/2631/187
f 3332/2632/182 3347/2647/182 3333/2633/206
f 3335/2635/5 3360/2660/200 3336/2636/200
f 3338/2638/5 3406/2706/198 3339/2639/198
f 3341/2641/8 3300/2600/177 3342/2642/177
f 3344/2644/205 3435/2735/197 2882/2182/197
s 0
f 3308/2608/193 7732/6916/193 2899/2199/193
s 1
f 3345/2645/193 3362/2662/5 3340/2640/5
f 3346/2646/181 3349/2649/182 3347/2647/182
f 3349/2649/182 3405/2705/206 3333/2633/206
f 3350/2650/205 3416/2716/197 3351/2651/197
f 3353/2653/200 3714/3014/5 3354/2654/5
f 3355/2655/176 3381/2681/112 3356/2656/112
f 3358/2658/200 3400/2700/185 3359/2659/185
f 3361/2661/181 3348/2648/181 3347/2647/182
f 3362/2662/5 3345/2645/193 3309/2609/193
f 3364/2664/192 3429/2729/179 3365/2665/179
f 3369/2669/177 3383/2683/8 3343/2643/8
f 3360/2660/200 3359/2659/185 3370/2670/185
f 3371/2671/199 3426/2726/201 3327/2627/201
f 3372/2672/202 3307/2607/193 3309/2609/193
f 3373/2673/186 3436/2736/8 3341/2641/8
f 3375/2675/206 3334/2634/206 3376/2676/190
f 3378/2678/3 3371/2671/199 3326/2626/199
f 3308/2608/193 3796/3096/5 3363/2663/5
f 3380/2680/112 3346/2646/181 3348/2648/181
f 3300/2600/177 3299/2599/196 3382/2682/196
f 3383/2683/8 3451/2751/186 3384/2684/186
f 3367/2667/316 3366/2666/189 3385/2685/4
f 3387/2687/179 3365/2665/179 3388/2688/180
f 3334/2634/206 3333/2633/206 3390/2690/190
f 3391/2691/9 3403/2703/9 3392/2692/192
f 3379/2679/3 3553/2853/3 3394/2694/178
f 3396/2696/4 3420/2720/180 2847/2147/180
f 3389/2689/180 3388/2688/180 3397/2697/4
f 3399/2699/176 3380/2680/112 3381/2681/112
f 3400/2700/185 3407/2707/186 3373/2673/186
f 3401/2701/187 3314/2614/194 2858/2158/195
f 3402/2702/205 3316/2616/195 3330/2630/194
f 3392/2692/192 3329/2629/192 3365/2665/179
f 3400/2700/185 3358/2658/200 2891/2191/200
f 3403/2703/9 3320/2620/9 3329/2629/192
f 3404/2704/8 3407/2707/186 2876/2176/186
f 3405/2705/206 3454/2754/190 3390/2690/190
f 3406/2706/198 3325/2625/201 3327/2627/201
f 3317/2617/184 3738/3038/184 3319/2619/183
f 3407/2707/186 3400/2700/185 2875/2175/185
s 0
f 3408/2708/207 3444/2744/207 3409/2709/207
s 1
f 3411/2711/197 3450/2750/205 3412/2712/205
f 3413/2713/184 3324/2624/184 3414/2714/183
f 3416/2716/197 3442/2742/196 3382/2682/196
f 3370/2670/185 3374/2674/186 3384/2684/186
f 3417/2717/4 3576/2876/4 3418/2718/180
f 3319/2619/183 3738/3038/184 2879/2179/184
f 3310/2610/196 3435/2735/197 3411/2711/197
f 3420/2720/180 3396/2696/4 3397/2697/4
f 3421/2721/181 3456/2756/181 3422/2722/112
f 3299/2599/196 3306/2606/197 3351/2651/197
f 3424/2724/190 3304/2604/191 3318/2618/191
f 3426/2726/201 3372/2672/202 3339/2639/198
f 3423/2723/112 3356/2656/112 3361/2661/181
f 3375/2675/206 3458/2758/206 3427/2727/182
f 3429/2729/179 3420/2720/180 3388/2688/180
f 3415/2715/183 3626/2926/183 3430/2730/184
f 3429/2729/179 3364/2664/192 2865/2165/192
f 3393/2693/192 3460/2760/192 3431/2731/9
f 3432/2732/191 3462/2762/191 3433/2733/190
f 3374/2674/186 3341/2641/8 3343/2643/8
f 3405/2705/206 3349/2649/182 2868/2168/182
f 3380/2680/112 3399/2699/176 2861/2161/176
f 3322/2622/177 3310/2610/196 3305/2605/196
f 3435/2735/197 3310/2610/196 2881/2181/196
f 3346/2646/181 3380/2680/112 2862/2162/112
f 3336/2636/200 3370/2670/185 3303/2603/185
f 3404/2704/8 3322/2622/177 3298/2598/177
f 3437/2737/188 3457/2757/188 3438/2738/178
f 3367/2667/316 3386/2686/4 3439/2739/4
f 3364/2664/192 3328/2628/9 2863/2163/9
f 3314/2614/194 3684/2984/205 2856/2156/205
f 3357/2657/176 3356/2656/112 3423/2723/112
f 3414/2714/183 3321/2621/183 3320/2620/9
f 3349/2649/182 3346/2646/181 2866/2166/181
f 3419/2719/180 3389/2689/180 3398/2698/4
f 3437/2737/188 3447/2747/188 3441/2741/189
f 3442/2742/196 3369/2669/177 3342/2642/177
f 3443/2743/199 3553/2853/3 3379/2679/3
f 3422/2722/112 3459/2759/176 3440/2740/176
f 3444/2744/208 3408/2708/208 3439/2739/4
f 3446/2746/194 3719/3019/205 3313/2613/205
f 3395/2695/178 3394/2694/178 3447/2747/188
f 3359/2659/185 3373/2673/186 3374/2674/186
f 3324/2624/184 3317/2617/184 3321/2621/183
f 3315/2615/187 3355/2655/176 3357/2657/176
f 3366/2666/189 3441/2741/189 3449/2749/4
f 3435/2735/197 3344/2644/205 3450/2750/205
f 3451/2751/186 3301/2601/185 3303/2603/185
f 3415/2715/183 3414/2714/183 3403/2703/9
f 3356/2656/112 3381/2681/112 3348/2648/181
f 3452/2752/190 3425/2725/190 3318/2618/191
f 3448/2748/187 3357/2657/176 3440/2740/176
f 3420/2720/180 3429/2729/179 2845/2145/179
f 3453/2753/187 3446/2746/194 3312/2612/195
f 3454/2754/190 3405/2705/206 2848/2148/206
f 3432/2732/191 3323/2623/191 3324/2624/184
f 3428/2728/182 3332/2632/182 3334/2634/206
f 3455/2755/179 3387/2687/179 3389/2689/180
f 3436/2736/8 3298/2598/177 3300/2600/177
f 3428/2728/182 3427/2727/182 3456/2756/181
f 3366/2666/189 3368/2668/203 3457/2757/188
f 3377/2677/190 3658/2958/190 3458/2758/206
f 3459/2759/176 3453/2753/187 3331/2631/187
f 3434/2734/190 3452/2752/190 3323/2623/191
f 3455/2755/179 3461/2761/179 3460/2760/192
f 3306/2606/197 3412/2712/205 3352/2652/205
f 3407/2707/186 3404/2704/8 3436/2736/8
f 3395/2695/178 3438/2738/178 3378/2678/3
f 3421/2721/181 3361/2661/181 3332/2632/182
f 3367/2667/316 3408/2708/208 3410/2710/207
f 3337/2637/5 3336/2636/200 3302/2602/200
f 3419/2719/180 3418/2718/180 3461/2761/179
f 3413/2713/184 3430/2730/184 3462/2762/191
f 3316/2616/195 3315/2615/187 3448/2748/187
f 3463/2763/5 3358/2658/200 3360/2660/200
f 3464/2764/317 3671/2971/375 3465/2765/318
f 3467/2767/181 3744/3044/182 3468/2768/182
f 3470/2770/211 7733/6917/192 3471/2771/9
f 3473/2773/8 3794/3094/8 3474/2774/186
f 3476/2776/320 3506/2806/334 3477/2777/321
f 3290/2590/195 3289/2589/195 3479/2779/205
f 3481/2781/323 3466/2766/319 3465/2765/318
f 3483/2783/183 3789/3089/183 3484/2784/184
f 3486/2786/112 3787/3087/112 3487/2787/176
f 3489/2789/206 3792/3092/206 3490/2790/182
f 3288/2588/187 3746/3046/176 3492/2792/176
f 3494/2794/325 3753/3053/387 3495/2795/326
f 3497/2797/328 3732/3032/383 3498/2798/329
f 3500/2800/191 3525/2825/184 3501/2801/184
f 3503/2803/331 3723/3023/380 3504/2804/332
f 3506/2806/334 3668/2968/374 3507/2807/335
f 3508/2808/194 3760/3060/195 3509/2809/205
f 3511/2811/197 3752/3052/197 3512/2812/196
f 3513/2813/211 7734/6918/211 3514/2814/9
f 3516/2816/336 3589/2889/360 3517/2817/337
f 3519/2819/339 3505/2805/333 3504/2804/332
f 3521/2821/197 3769/3069/197 3522/2822/196
f 3524/2824/183 3755/3055/183 3501/2801/184
f 3526/2826/341 3532/2832/345 3527/2827/342
f 3141/2441/264 7725/6909/205 3529/2829/205
f 3531/2831/344 3788/3088/394 3532/2832/345
f 3533/2833/346 3476/2776/320 3478/2778/322
f 3485/2785/184 3484/2784/184 3535/2835/191
f 3537/2837/188 3712/3012/188 3538/2838/348
f 3540/2840/196 3693/2993/177 3541/2841/177
f 3543/2843/177 3607/2907/177 3544/2844/8
f 3546/2846/211 3635/2935/211 3547/2847/212
f 3549/2849/199 3727/3027/199 3550/2850/3
f 3552/2852/199 3799/3099/3 3553/2853/3
s 0
f 3138/2438/272 3663/2963/272 3554/2854/272
s 1
f 3555/2855/192 3664/2964/9 3518/2818/338
s 0
f 3409/2709/207 3444/2744/207 2901/2201/207
s 1
f 3089/2389/9 3678/2978/9 3556/2856/192
f 3557/2857/229 3540/2840/196 3542/2842/196
f 3559/2859/190 3645/2945/371 3560/2860/234
f 3562/2862/349 3779/3079/366 3563/2863/5
f 3566/2866/351 7735/6919/1158 3567/2867/352
f 3567/2867/352 3568/2868/353 7736/6920/1159
f 3568/2868/353 7737/6921/1160 7738/6922/1161
f 7739/6923/1162 3568/2868/353 7738/6922/1161
f 7739/6923/1162 7740/6924/1163 3568/2868/353
f 7740/6924/1163 7741/6925/1164 3568/2868/353
f 7741/6925/1164 7742/6926/1165 3568/2868/353
f 7742/6926/1165 7743/6927/1166 3568/2868/353
f 7743/6927/1166 7736/6920/1159 3568/2868/353
f 7736/6920/1159 7744/6928/1167 3567/2867/352
f 7744/6928/1167 7745/6929/1168 3567/2867/352
f 7745/6929/1168 7746/6930/1169 3567/2867/352
f 7746/6930/1169 7747/6931/1170 3567/2867/352
f 7747/6931/1170 3565/2865/350 3567/2867/352
f 3567/2867/352 7748/6932/1171 7749/6933/1172
f 7749/6933/1172 7750/6934/1173 3567/2867/352
f 7750/6934/1173 7751/6935/1174 3567/2867/352
f 7751/6935/1174 7752/6936/1175 3567/2867/352
f 7752/6936/1175 7753/6937/1176 3567/2867/352
f 7753/6937/1176 7754/6938/1177 3567/2867/352
f 7754/6938/1177 3569/2869/354 3567/2867/352
f 3569/2869/354 7755/6939/1178 3568/2868/353
f 7755/6939/1178 7756/6940/1179 3568/2868/353
f 7756/6940/1179 7757/6941/1180 3568/2868/353
f 7757/6941/1180 7758/6942/1181 3568/2868/353
f 7758/6942/1181 7759/6943/1182 3568/2868/353
f 7759/6943/1182 7760/6944/1183 3568/2868/353
f 7760/6944/1183 7761/6945/1184 3568/2868/353
f 3551/2851/3 3550/2850/3 3570/2870/271
f 3572/2872/346 7762/6946/347 3573/2873/355
f 3575/2875/4 3710/3010/180 3418/2718/180
f 3577/2877/180 3603/2903/180 3578/2878/241
f 3555/2855/192 3579/2879/179 3578/2878/241
f 3580/2880/182 3701/3001/181 3456/2756/181
f 3581/2881/8 7763/6947/310 3451/2751/186
f 3582/2882/241 3602/2902/363 3583/2883/180
f 3293/2593/315 3292/2592/314 3585/2885/357
f 3587/2887/189 7764/6948/4 3449/2749/4
f 3516/2816/336 3706/3006/379 3588/2888/359
f 3590/2890/198 3735/3035/198 3591/2891/201
f 3593/2893/4 3538/2838/348 3594/2894/361
f 3293/2593/315 3586/2886/358 3596/2896/187
f 3600/2900/261 3759/3059/389 3562/2862/349
f 3601/2901/4 7765/6949/4 3602/2902/363
f 3119/2419/186 3118/2418/185 3604/2904/185
f 3606/2906/196 3640/2940/196 3607/2907/177
f 3579/2879/179 3496/2796/327 3608/2908/364
f 3609/2909/247 3616/2916/184 3610/2910/184
f 3612/2912/112 3697/2997/112 3613/2913/176
f 3615/2915/183 3689/2989/183 3610/2910/184
f 3545/2845/8 3659/2959/186 3617/2917/365
f 3619/2919/366 3503/2803/331 3620/2920/200
f 3622/2922/367 3617/2917/365 3623/2923/368
f 3623/2923/368 3632/2932/370 3620/2920/200
f 3625/2925/183 3698/2998/184 3430/2730/184
f 3627/2927/369 7766/6950/262 3628/2928/248
f 3630/2930/205 3705/3005/197 3416/2716/197
f 3623/2923/368 3660/2960/368 3631/2931/200
f 3633/2933/4 3731/3031/377 3497/2797/328
f 3481/2781/323 3759/3059/389 3600/2900/261
f 3578/2878/241 3582/2882/241 3635/2935/211
f 3632/2932/370 3677/2977/5 3621/2921/5
f 3505/2805/333 3519/2819/339 3622/2922/367
f 3121/2421/179 3584/2884/179 3583/2883/180
f 3636/2936/190 3598/2898/235 3476/2776/320
f 3631/2931/200 3649/2949/269 3637/2937/5
f 3606/2906/196 3675/2975/197 3639/2939/229
f 3143/2443/190 3653/2953/190 3641/2941/191
f 3598/2898/235 3599/2899/362 3642/2942/182
f 3531/2831/344 3526/2826/341 3541/2841/177
f 3090/2390/192 3556/2856/192 3584/2884/179
f 3645/2945/371 3559/2859/190 3646/2946/190
f 3547/2847/212 3678/2978/9 3647/2947/270
f 3127/2427/5 3637/2937/5 3649/2949/269
f 3596/2896/187 3586/2886/358 3650/2950/372
f 3598/2898/235 3643/2943/182 3506/2806/334
f 3610/2910/184 3689/2989/183 3648/2948/183
f 3652/2952/190 3717/3017/191 3641/2941/191
f 3613/2913/176 3798/3098/228 3596/2896/187
f 3654/2954/205 3557/2857/229 3558/2858/229
f 3656/2956/177 3581/2881/8 3383/2683/8
f 3657/2957/190 7767/6951/206 3458/2758/206
f 3622/2922/367 3519/2819/339 3531/2831/344
f 3659/2959/186 3605/2905/186 3604/2904/185
f 3594/2894/361 3725/3025/189 3661/2961/4
s 0
f 3662/2962/272 3645/2945/272 3554/2854/272
s 1
f 3557/2857/229 3675/2975/197 3606/2906/196
f 3664/2964/9 3555/2855/192 3546/2846/211
f 3665/2965/4 3601/2901/4 3603/2903/180
f 3666/2966/181 3612/2912/112 3667/2967/373
f 3616/2916/184 3706/3006/379 3516/2816/336
f 3669/2969/5 3736/3036/5 3590/2890/198
f 3499/2799/330 3498/2798/329 3671/2971/375
f 3617/2917/365 3659/2959/186 3660/2960/368
f 3132/2432/273 3641/2941/191 3672/2972/184
f 3673/2973/187 3718/3018/195 3446/2746/194
f 3674/2974/112 3715/3015/176 3459/2759/176
f 3654/2954/205 3733/3033/205 3675/2975/197
f 3122/2422/180 3583/2883/180 3676/2976/4
f 3631/2931/200 3638/2938/5 3677/2977/5
f 3119/2419/186 3605/2905/186 3544/2844/8
f 3635/2935/211 3556/2856/192 3678/2978/9
f 3608/2908/364 3496/2796/327 3495/2795/326
f 3560/2860/234 3598/2898/235 3636/2936/190
f 3564/2864/198 3670/2970/198 3680/2980/201
f 3537/2837/188 3499/2799/330 3464/2764/317
f 3099/2399/271 3570/2870/271 3550/2850/3
f 3466/2766/319 3481/2781/323 3634/2934/221
f 3577/2877/180 3608/2908/364 3683/2983/377
f 3539/2839/189 3538/2838/348 3593/2893/4
f 3684/2984/205 3314/2614/194 3316/2616/195
f 3685/2985/191 7768/6952/190 3433/2733/190
f 3686/2986/201 3552/2852/199 3443/2743/199
f 3291/2591/313 3293/2593/315 3597/2897/195
f 3688/2988/178 3692/2992/188 3447/2747/188
f 3548/2848/9 3547/2847/212 3648/2948/183
f 3592/2892/219 3549/2849/199 3690/2990/221
f 3691/2991/185 3713/3013/200 3353/2653/200
f 3401/2701/187 3399/2699/176 3355/2655/176
f 3692/2992/188 3587/2887/189 3441/2741/189
f 3539/2839/189 3497/2797/328 3499/2799/330
f 3606/2906/196 3543/2843/177 3693/2993/177
f 3694/2994/190 3609/2909/247 3611/2911/191
f 3612/2912/112 3666/2966/181 3696/2996/181
f 3698/2998/184 3685/2985/191 3462/2762/191
f 3543/2843/177 3545/2845/8 3618/2918/8
f 3699/2999/378 3777/3077/313 3655/2955/205
f 3700/3000/178 3716/3016/3 3551/2851/3
f 3701/3001/181 3674/2974/112 3422/2722/112
f 3301/2601/185 3451/2751/186 7769/6953/209
f 3451/2751/186 7763/6947/310 7769/6953/209
f 3475/2775/310 3474/2774/186 7770/6954/209
f 3474/2774/186 3691/2991/185 7770/6954/209
f 3691/2991/185 3301/2601/185 3703/3003/209
f 3301/2601/185 7769/6953/209 3702/3002/209
f 3702/3002/209 3296/2596/310 3297/2597/310
f 3301/2601/185 3702/3002/209 3703/3003/209
f 3703/3003/209 7770/6954/209 3691/2991/185
f 3704/3004/211 3722/3022/9 3431/2731/9
f 3664/2964/9 3548/2848/9 3689/2989/183
f 3611/2911/191 3717/3017/191 3652/2952/190
f 3694/2994/190 3572/2872/346 3574/2874/356
f 3666/2966/181 3643/2943/182 3642/2942/182
f 3358/2658/200 3463/2763/5 2903/2203/5
f 3705/3005/197 3707/3007/196 3442/2742/196
f 3629/2929/248 3737/3037/205 3687/2987/205
f 3600/2900/261 3680/2980/201 3690/2990/221
f 3503/2803/331 3505/2805/333 3624/2924/185
f 3616/2916/184 3609/2909/247 3574/2874/356
f 3399/2699/176 3401/2701/187 2897/2197/187
f 3458/2758/206 7767/6951/206 3580/2880/182
f 3707/3007/196 3656/2956/177 3369/2669/177
f 3708/3008/198 3686/2986/201 3325/2625/201
f 3590/2890/198 3592/2892/219 3680/2980/201
f 3709/3009/5 3708/3008/198 3406/2706/198
f 3614/2914/176 3650/2950/372 3667/2967/373
f 3710/3010/180 7771/6955/179 3461/2761/179
f 3700/3000/178 3571/2871/178 3711/3011/188
f 3713/3013/200 7772/6956/5 3714/3014/5
f 3529/2829/205 7773/6957/205 3628/2928/248
f 3715/3015/176 3673/2973/187 3453/2753/187
f 3690/2990/221 3549/2849/199 3551/2851/3
f 3669/2969/5 3670/2970/198 3564/2864/198
f 3610/2910/184 3651/2951/184 3717/3017/191
f 3718/3018/195 7774/6958/205 3719/3019/205
f 7771/6955/179 7733/6917/192 7775/6959/210
f 7733/6917/192 3470/2770/211 7775/6959/210
f 3704/3004/211 3460/2760/192 7776/6960/210
f 3460/2760/192 3461/2761/179 7776/6960/210
f 3461/2761/179 7771/6955/179 3720/3020/210
f 7771/6955/179 7775/6959/210 3720/3020/210
f 3720/3020/210 7734/6918/211 3721/3021/210
f 7734/6918/211 3513/2813/211 3721/3021/210
f 3721/3021/210 7776/6960/210 3461/2761/179
f 3615/2915/183 3516/2816/336 3518/2818/338
f 3722/3022/9 3625/2925/183 3626/2926/183
f 3693/2993/177 3618/2918/8 3644/2944/8
f 3619/2919/366 7777/6961/393 3723/3023/380
f 3083/2383/196 3640/2940/196 3639/2939/229
f 3126/2426/205 3084/2384/229 3639/2939/229
f 3648/2948/183 3647/2947/270 3672/2972/184
f 3711/3011/188 3730/3030/188 3725/3025/189
f 3083/2383/196 3103/2403/177 3607/2907/177
f 3095/2395/189 3094/2394/4 3661/2961/4
s 0
f 3628/2928/262 7766/6950/262 3726/3026/262
f 3141/2441/262 3530/2830/262 3726/3026/262
s 1
f 3136/2436/188 3730/3030/188 3570/2870/271
f 3651/2951/184 3672/2972/184 3641/2941/191
f 3111/2411/184 3672/2972/184 3647/2947/270
f 3592/2892/219 3591/2891/201 3727/3027/199
f 3545/2845/8 3544/2844/8 3605/2905/186
f 3562/2862/349 3759/3059/389 3728/3028/381
f 3571/2871/178 3570/2870/271 3730/3030/188
f 3731/3031/377 7778/6962/386 3732/3032/383
f 3128/2428/269 3649/2949/269 3604/2904/185
f 3733/3033/205 3724/3024/205 3639/2939/229
f 3602/2902/363 7765/6949/4 3676/2976/4
f 3086/2386/198 3735/3035/198 3734/3034/5
f 3089/2389/9 3112/2412/270 3647/2947/270
f 3102/2402/8 3544/2844/8 3607/2907/177
f 3106/2406/201 3591/2891/201 3735/3035/198
f 3105/2405/199 3727/3027/199 3591/2891/201
f 3555/2855/192 3494/2794/325 3496/2796/327
f 3100/2400/3 3550/2850/3 3727/3027/199
f 3736/3036/5 3734/3034/5 3735/3035/198
f 3095/2395/189 3725/3025/189 3730/3030/188
f 3660/2960/368 3604/2904/185 3649/2949/269
f 3582/2882/241 3584/2884/179 3556/2856/192
f 3628/2928/248 7773/6957/205 3737/3037/205
f 3542/2842/196 3528/2828/343 3699/2999/378
f 3599/2899/362 3560/2860/234 3645/2945/371
f 3682/2982/3 3716/3016/3 3700/3000/178
f 3666/2966/181 3668/2968/374 3506/2806/334
f 3681/2981/178 3464/2764/317 3466/2766/319
f 3526/2826/341 3528/2828/343 3542/2842/196
f 3538/2838/348 3712/3012/188 3711/3011/188
f 3681/2981/178 3700/3000/178 3712/3012/188
f 3738/3038/184 3304/2604/191 2888/2188/191
f 3690/2990/221 3716/3016/3 3682/2982/3
f 3618/2918/8 3617/2917/365 3622/2922/367
f 3488/2788/176 3487/2787/176 3739/3039/187
f 3650/2950/372 3742/3042/385 3741/3041/384
f 3650/2950/372 3586/2886/358 3585/2885/357
f 3743/3043/206 3781/3081/206 3468/2768/182
f 3745/3045/112 3774/3074/112 3492/2792/176
s 0
f 3747/3047/2 7779/6963/2 3748/3048/2
s 1
f 3668/2968/374 3667/2967/373 3741/3041/384
f 3683/2983/377 3608/2908/364 3679/2979/376
f 3751/3051/205 7780/6964/205 3752/3052/197
f 3518/2818/338 3517/2817/337 3753/3053/387
f 3699/2999/378 3528/2828/343 3527/2827/342
f 3515/2815/9 3514/2814/9 3755/3055/183
s 0
f 3756/3056/2 3790/3090/2 3757/3057/2
s 1
f 3759/3059/389 3481/2781/323 3482/2782/324
f 3740/3040/187 3739/3039/187 3760/3060/195
f 3761/3061/305 3285/2585/311 3287/2587/305
f 3523/2823/196 3522/2822/196 3763/3063/177
f 3765/3065/390 7781/6965/1185 3766/3066/391
f 3768/3068/205 7782/6966/205 3769/3069/197
s 0
f 3770/3070/2 7783/6967/2 3771/3071/2
s 1
f 3773/3073/181 3775/3075/181 3774/3074/112
f 3574/2874/356 3573/2873/355 3588/2888/359
f 3491/2791/182 3490/2790/182 3775/3075/181
f 3699/2999/378 3754/3054/388 3776/3076/392
f 3562/2862/349 3729/3029/382 3778/3078/393
f 3780/3080/190 7784/6968/190 3781/3081/206
f 3766/3066/391 3797/3097/303 3782/3082/303
f 3536/2836/191 3535/2835/191 3783/3083/190
s 0
f 3198/2498/305 3761/3061/305 3762/3062/305
s 1
f 3500/2800/191 3502/2802/191 3785/3085/190
f 3467/2767/181 3469/2769/181 3787/3087/112
f 3531/2831/344 3519/2819/339 3520/2820/340
f 3472/2772/9 3471/2771/9 3789/3089/183
s 0
f 3790/3090/2 3747/3047/2 3749/3049/2
s 1
f 3791/3091/190 7785/6969/190 3792/3092/206
s 0
f 3793/3093/2 3795/3095/2 3756/3056/2
s 1
f 3764/3064/177 3763/3063/177 3794/3094/8
s 0
f 3771/3071/2 7783/6967/2 3795/3095/2
s 1
f 3646/2946/190 7726/6910/190 3139/2439/233
f 3445/2745/4 7728/6912/4 2901/2201/207
f 2900/2200/193 7729/6913/5 3796/3096/5
s 0
f 3797/3097/303 7727/6911/303 3279/2579/303
s 1
f 3603/2903/180 3602/2902/363 3582/2882/241
f 3798/3098/228 3627/2927/369 3597/2897/195
f 3799/3099/3 3688/2988/178 3394/2694/178
f 3415/2715/183 3391/2691/9 3431/2731/9
f 3393/2693/192 3392/2692/192 3387/2687/179
s 0
f 3802/3102/137 7604/6813/137 3800/3100/137
f 7604/6813/137 7606/6815/137 3800/3100/137
f 3803/3103/138 7786/6970/138 3804/3104/138
f 3804/3104/138 7787/6971/138 3805/3105/138
f 7787/6971/1186 7788/6972/1186 7789/6973/1186
f 3805/3105/138 7787/6971/138 7789/6973/138
s 1
f 7788/6972/138 7790/6974/1187 7791/6975/1188
f 7791/6975/1188 7792/6976/1189 7788/6972/138
f 7792/6976/1189 7793/6977/1190 7788/6972/138
f 7793/6977/1190 7789/6973/1186 7788/6972/138
f 3805/3105/138 7794/6978/1191 7795/6979/1192
f 7795/6979/1192 7796/6980/395 3805/3105/138
f 7796/6980/138 7797/6981/1193 3803/3103/138
s 0
f 3805/3105/1186 7796/6980/1186 3803/3103/1186
f 3806/3106/396 3824/3124/396 3807/3107/396
f 3808/3108/396 3827/3127/396 3806/3106/396
f 3827/3127/396 7798/6982/396 3806/3106/396
f 3809/3109/401 7799/6983/401 3810/3110/401
f 7799/6983/396 7800/6984/396 3810/3110/396
f 7801/1787/396 7802/1784/396 3811/3111/396
f 7802/1784/396 3809/3109/396 3811/3111/396
f 3811/3111/396 7803/6985/396 7801/1787/396
f 3812/3112/138 7804/6986/138 3813/3113/138
f 3815/3115/137 7610/6817/137 3816/3116/137
s 1
f 3818/3118/398 7571/6791/454 3819/3119/399
s 0
f 3804/3104/138 7786/6970/138 3812/3112/138
f 3821/3121/396 7805/1796/396 3822/3122/396
f 7805/1796/396 7801/1787/396 3822/3122/396
f 7801/1787/396 7803/6985/396 3822/3122/396
f 3823/3123/396 7800/6984/396 7799/6983/396
f 3823/3123/401 7799/6983/401 3821/3121/401
f 3824/3124/396 7806/6987/396 3825/3125/396
f 3826/3126/396 7798/6982/396 3827/3127/396
f 3828/3128/401 3889/3186/401 3826/3126/401
f 3889/3186/419 3888/3185/419 3826/3126/419
f 3829/3129/419 3848/3148/419 3830/3130/419
f 3831/3131/396 3882/3181/396 3829/3129/396
f 3882/3181/396 7807/6988/396 3829/3129/396
s 1
f 3832/3132/402 3818/3118/398 3820/3120/400
s 0
f 3816/3116/137 7405/6687/137 3834/3134/137
f 3835/3135/137 7808/6989/137 3836/3136/137
f 3813/3113/138 7804/6986/138 3839/3139/138
s 1
f 3839/3139/138 7809/6990/1194 3840/3140/138
f 3840/3140/1195 7810/6991/1196 3838/3138/1197
f 7810/6991/1196 7811/6992/1198 3838/3138/1197
s 0
f 3838/3138/138 7812/6993/138 7813/6994/138
s 1
f 7812/6993/395 7814/6995/1199 7815/6996/138
f 7814/6995/1199 7816/6997/1200 7815/6996/138
f 7816/6997/1200 7817/6998/1201 7815/6996/138
f 7817/6998/1201 7818/6999/1192 7815/6996/138
s 0
f 7815/6996/404 7813/6994/404 7812/6993/1190
f 7813/6994/138 3813/3113/138 3838/3138/138
f 3813/3113/395 3839/3139/395 3838/3138/395
s 1
f 3841/3141/405 7819/6693/1202 3842/3142/406
s 0
f 3825/3125/396 7806/6987/396 3844/3144/396
f 7820/7000/396 7821/7001/396 3847/3147/396
f 7821/7001/401 3809/3109/401 3847/3147/401
f 3809/3109/396 7802/1784/396 3846/3146/396
f 7802/1784/396 7822/1785/396 3846/3146/396
f 7822/1785/396 7823/7002/396 3846/3146/396
f 3848/3148/419 7824/7003/419 3849/3149/419
s 1
f 3850/3150/407 7825/6689/1203 3851/3151/408
f 3853/3153/410 7826/7004/407 3854/3154/409
f 3856/3156/411 3853/3153/410 3855/3155/410
f 3856/3156/411 3857/3157/412 3858/3158/413
f 3860/3160/415 3859/3159/414 3858/3158/413
s 0
f 3864/3164/2 7827/7005/2 3862/3162/2
f 3862/3162/2 7828/3161/2 3863/3163/2
f 3865/3165/138 7829/7006/138 3866/3166/138
f 3868/3168/401 7821/7001/401 3869/3169/401
f 7821/7001/396 7820/7000/396 3869/3169/396
f 7822/1785/396 7830/1777/396 3870/3170/396
f 7830/1777/396 3868/3168/396 3870/3170/396
f 3870/3170/396 7823/7002/396 7822/1785/396
s 1
f 3819/3119/399 7571/6791/454 3871/3171/405
s 0
f 3875/3175/1 7831/7007/1 7832/7008/1
f 7832/7008/1 3873/3173/1 3875/3175/1
f 3876/3160/2 7828/3161/2 3862/3162/2
f 3878/3177/138 7833/7009/138 3879/3178/138
f 3881/3180/396 7807/6988/396 3882/3181/396
f 3883/3182/396 3845/3145/396 3881/3180/396
f 3845/3145/396 3844/3144/396 3881/3180/396
s 1
f 3884/3174/417 3832/3132/402 3833/3133/403
s 0
f 3875/3175/1 3874/3174/1 3886/3183/1
f 3849/3149/401 7824/7003/401 3888/3185/401
f 7569/6789/139 7568/6788/139 3892/3189/139
f 7568/6788/139 3890/3187/139 3892/3189/139
f 3911/3208/136 7834/7010/136 3894/3191/136
s 1
f 3894/3191/420 7835/7011/1204 3895/3192/421
f 3895/3192/421 7836/7012/1205 3893/3190/136
f 7836/7012/1205 7837/7013/1206 3893/3190/136
s 0
f 3893/3190/136 7838/7014/136 7839/7015/136
f 7838/7014/1207 7840/7016/1207 7841/7017/463
s 1
f 7840/7016/1208 7842/7018/1209 7841/7017/1210
s 0
f 7842/7018/1211 7843/7019/1212 7841/7017/136
s 1
f 7843/7019/1213 7844/7020/1214 7841/7017/1215
s 0
f 7841/7017/1216 7839/7015/1216 7838/7014/1216
f 7839/7015/136 3911/3208/136 3893/3190/136
f 3911/3208/136 3894/3191/136 3893/3190/136
f 3896/3193/422 7845/7021/422 3897/3194/422
f 3898/3195/422 3917/3214/422 3896/3193/422
f 3917/3214/422 3916/3213/422 3896/3193/422
f 7846/7022/1217 7847/7023/1217 3901/3198/1217
f 7847/7023/1217 3899/3196/1217 3901/3198/1217
f 3899/3196/422 7848/1801/422 3900/3197/422
f 7848/1801/422 7849/920/422 3900/3197/422
f 7849/920/422 7850/7024/422 3900/3197/422
f 3902/3199/136 7851/7025/136 3903/3200/136
f 3905/3202/139 7391/6680/139 3906/3203/139
s 1
f 3908/3205/424 3964/3261/442 3909/3206/425
s 0
f 3903/3200/136 7834/7010/136 3911/3208/136
f 3912/3209/1217 7847/7023/1217 3913/3210/1217
f 7847/7023/1217 7846/7022/1217 3913/3210/1217
f 7849/920/422 7852/1799/422 3914/3211/422
f 7852/1799/422 3912/3209/422 3914/3211/422
f 3914/3211/422 7850/7024/422 7849/920/422
f 3915/3212/422 7853/7026/422 3916/3213/422
f 3918/3215/422 3979/3274/422 3919/3216/422
f 3920/3217/422 3897/3194/422 3918/3215/422
f 3897/3194/422 7845/7021/422 3918/3215/422
f 3921/3218/422 7854/7027/422 3922/3219/422
f 3923/3220/422 3941/3238/422 3921/3218/422
f 3941/3238/422 3940/3237/422 3921/3218/422
s 1
f 3924/3221/428 3908/3205/424 3910/3207/426
s 0
f 3926/3223/139 7855/7028/139 3905/3202/139
f 3927/3224/139 7856/7029/139 3928/3225/139
f 3930/3227/136 7851/7025/136 3902/3199/136
f 3902/3199/136 7857/7030/136 3931/3228/136
f 7857/7030/1218 7858/7031/1218 7859/7032/1218
f 3931/3228/136 7857/7030/136 7859/7032/136
s 1
f 7858/7031/1218 7860/7033/1219 7861/7034/1220
s 0
f 7861/7034/1220 7862/7035/1221 7858/7031/1221
s 1
f 7862/7035/1218 7863/7036/420 7858/7031/136
s 0
f 7863/7036/1207 7859/7032/1207 7858/7031/1207
s 1
f 3931/3228/463 7864/7037/1222 7865/7038/1223
f 7865/7038/1223 7866/7039/1224 3931/3228/463
f 7866/7039/1224 7867/7040/1225 3930/3227/1226
f 3931/3228/463 7866/7039/1224 3930/3227/1226
f 3932/3229/430 7868/6761/1227 3933/3230/431
s 0
f 3935/3232/422 7853/7026/422 3915/3212/422
f 3899/3196/1217 7869/7041/1217 3937/3234/1217
f 7869/7041/1217 7870/7042/1217 3937/3234/1217
f 7871/1803/422 7848/1801/422 3938/3235/422
f 7848/1801/422 3899/3196/422 3938/3235/422
f 3938/3235/422 7872/7043/422 7871/1803/422
f 3939/3236/422 7873/7044/422 3940/3237/422
s 1
f 3942/3239/433 7544/6777/433 3943/3240/434
f 3945/3242/436 3949/3246/436 3946/3243/433
f 3948/3245/437 3951/3248/439 3949/3246/436
f 3950/3247/438 3953/3250/441 3951/3248/439
f 3952/3249/440 7626/3252/1110 3953/3250/441
s 0
f 3956/3253/2 7874/7045/2 7875/7046/2
f 7875/7046/2 3954/3251/2 3956/3253/2
f 3959/3256/136 7635/6827/136 3957/3254/136
f 7635/6827/136 7636/6828/136 3957/3254/136
f 3960/3257/422 7876/1804/422 3961/3258/422
f 7876/1804/422 7871/1803/422 3961/3258/422
f 7871/1803/422 7872/7043/422 3961/3258/422
f 3962/3259/1217 7870/7042/1217 7869/7041/1217
f 3962/3259/1217 7869/7041/1217 3960/3257/1217
s 1
f 3963/3260/432 7877/7047/431 3909/3206/425
s 0
f 3967/3264/1 7878/7048/1 3965/3262/1
f 3965/3262/1 7879/3272/1 3966/3263/1
f 3956/3253/2 3955/3252/2 3968/3249/2
f 3970/3266/136 7880/7049/136 3971/3267/136
f 3973/3269/422 3935/3232/422 3936/3233/422
f 3974/3270/422 3922/3219/422 3973/3269/422
f 3922/3219/422 7854/7027/422 3973/3269/422
s 1
f 3975/3271/443 3924/3221/428 3925/3222/429
s 0
f 3977/3271/1 7879/3272/1 3965/3262/1
f 3979/3274/422 7873/7044/422 3939/3236/422
f 3980/3275/137 7881/7050/137 3981/3276/137
f 4001/3296/138 7882/7051/138 3984/3279/138
s 1
f 3984/3279/138 7883/7052/1228 3985/3280/1229
f 3985/3280/1229 7884/7053/1193 3983/3278/138
f 7884/7053/1193 7885/7054/1230 3983/3278/138
s 0
f 3983/3278/138 7886/7055/138 7887/7056/138
f 7886/7055/138 7888/7057/1186 7889/7058/138
s 1
f 7888/7057/1186 7890/7059/1231 7889/7058/138
s 0
f 7890/7059/1232 7891/7060/1232 7889/7058/1232
s 1
f 7891/7060/395 7892/7061/1233 7889/7058/1234
s 0
f 7889/7058/1186 7887/7056/1186 7886/7055/1186
f 7887/7056/138 4001/3296/138 3983/3278/138
f 4001/3296/395 3984/3279/395 3983/3278/395
f 3986/3281/396 7893/7062/396 3987/3282/396
f 3988/3283/396 4007/3302/396 3986/3281/396
f 4007/3302/396 4006/3301/396 3986/3281/396
f 7894/7063/396 7895/7064/396 3991/3286/396
f 7895/7064/401 3989/3284/401 3991/3286/401
f 3989/3284/396 7896/1826/396 3990/3285/396
f 7896/1826/396 7897/1842/396 3990/3285/396
f 7897/1842/396 7898/7065/396 3990/3285/396
f 3992/3287/138 7899/7066/138 3993/3288/138
f 3995/3290/137 7432/6706/137 3996/3291/137
s 1
f 3998/3293/446 4053/3347/457 3999/3294/447
s 0
f 3993/3288/138 7882/7051/138 4001/3296/138
f 4002/3297/401 7895/7064/401 4003/3298/401
f 7895/7064/396 7894/7063/396 4003/3298/396
f 7897/1842/396 7900/927/396 4004/3299/396
f 7900/927/396 4002/3297/396 4004/3299/396
f 4004/3299/396 7898/7065/396 7897/1842/396
f 4005/3300/396 7901/7067/396 4006/3301/396
f 4008/3303/419 4068/3360/419 4009/3304/419
f 4010/3305/396 3987/3282/396 4008/3303/396
f 3987/3282/396 7893/7062/396 4008/3303/396
f 4011/3306/396 7902/7068/396 4012/3307/396
f 4013/3308/401 4031/3326/401 4011/3306/401
f 4031/3326/419 4030/3325/419 4011/3306/419
s 1
f 3998/3293/446 4000/3295/448 4014/3309/449
s 0
f 3997/3292/137 7497/6748/137 4016/3311/137
f 4017/3312/137 7903/7069/137 4018/3313/137
f 4020/3315/138 7899/7066/138 3992/3287/138
f 3992/3287/138 7904/7070/138 4021/3316/138
f 7904/7070/404 7905/7071/404 7906/7072/404
f 4021/3316/138 7904/7070/138 7906/7072/138
s 1
f 7905/7071/1186 7907/7073/1235 7908/7074/1236
f 7908/7074/1236 7909/7075/1237 7905/7071/1186
f 7909/7075/1237 7910/7076/1238 7905/7071/1186
f 7910/7076/1238 7906/7072/1239 7905/7071/1186
f 4021/3316/1231 7911/7077/1240 7912/7078/1241
f 7912/7078/1241 7913/7079/1229 4021/3316/1231
f 7913/7079/1229 7914/7080/1228 4020/3315/138
f 4021/3316/1231 7913/7079/1229 4020/3315/138
f 4022/3317/409 7915/6792/408 4023/3318/408
s 0
f 4025/3320/396 7901/7067/396 4005/3300/396
f 3989/3284/401 7916/7081/401 4027/3322/401
f 7916/7081/396 7917/7082/396 4027/3322/396
f 7918/1841/396 7896/1826/396 4028/3323/396
f 7896/1826/396 3989/3284/396 4028/3323/396
f 4028/3323/396 7919/7083/396 7918/1841/396
f 4029/3324/419 7920/7084/419 4030/3325/419
s 1
f 4032/3327/405 7598/6811/405 4033/3328/451
f 4035/3330/453 7921/7085/405 4036/3331/405
f 4038/3333/400 7439/6711/398 4035/3330/453
f 4039/3334/455 7439/6711/398 4038/3333/400
f 4041/3336/456 4039/3334/455 4040/3335/455
s 0
f 4045/3339/1 7922/7086/1 7923/7087/1
f 7923/7087/1 4043/3338/1 4045/3339/1
f 4046/3340/138 7924/7088/138 4047/3341/138
f 4049/3343/396 7925/1838/396 4050/3344/396
f 7925/1838/396 7918/1841/396 4050/3344/396
f 7918/1841/396 7919/7083/396 4050/3344/396
f 4051/3345/396 7917/7082/396 7916/7081/396
f 4051/3345/401 7916/7081/401 4049/3343/401
s 1
f 4052/3346/409 7926/7089/407 3999/3294/447
s 0
f 4056/3350/2 7927/7090/2 4054/3348/2
f 4054/3348/2 7928/3357/2 4055/3349/2
f 4045/3339/1 4044/3336/1 4057/3337/1
f 4059/3352/138 7929/7091/138 4060/3353/138
f 4062/3355/396 4025/3320/396 4026/3321/396
f 4063/3356/396 4012/3307/396 4062/3355/396
f 4012/3307/396 7902/7068/396 4062/3355/396
s 1
f 4015/3310/450 4014/3309/449 4064/3357/458
s 0
f 4066/3358/2 7928/3357/2 4054/3348/2
f 4068/3360/401 7920/7084/401 4029/3324/401
f 4069/3361/139 7930/7092/139 4070/3362/139
f 4072/3364/136 7931/7093/136 4073/3365/136
f 4073/3365/136 7932/7094/136 4074/3366/136
f 7932/7094/1218 7933/7095/1218 7934/7096/1218
f 4074/3366/136 7932/7094/136 7934/7096/136
s 1
f 7933/7095/136 7935/7097/1242 7936/7098/1243
s 0
f 7936/7098/1244 7937/7099/1244 7933/7095/1244
s 1
f 7937/7099/136 7938/7100/1215 7933/7095/136
s 0
f 7938/7100/1245 7934/7096/1245 7933/7095/1245
s 1
f 4074/3366/463 7939/7101/1246 7940/7102/1223
f 7940/7102/1223 7941/7103/1247 4074/3366/463
f 7941/7103/1247 7942/7104/1248 4072/3364/136
f 4074/3366/463 7941/7103/1247 4072/3364/136
s 0
f 4075/3367/422 4093/3385/422 4076/3368/422
f 4077/3369/422 4096/3388/422 4075/3367/422
f 4096/3388/422 7943/7105/422 4075/3367/422
f 4078/3370/422 7944/7106/422 4079/3371/422
f 7944/7106/1249 7945/7107/1249 4079/3371/1249
f 7946/1875/422 7947/1874/422 4080/3372/422
f 7947/1874/422 4078/3370/422 4080/3372/422
f 4080/3372/422 7948/7108/422 7946/1875/422
f 4081/3373/136 7949/7109/136 4082/3374/136
f 4084/3376/139 7619/6822/139 4085/3377/139
s 1
f 4087/3379/439 4102/3394/437 4088/3380/460
s 0
f 4073/3365/136 7931/7093/136 4081/3373/136
f 4090/3382/422 7950/1876/422 4091/3383/422
f 7950/1876/422 7946/1875/422 4091/3383/422
f 7946/1875/422 7948/7108/422 4091/3383/422
f 4092/3384/1249 7945/7107/1249 7944/7106/1249
f 4092/3384/1249 7944/7106/1249 4090/3382/1249
f 4093/3385/422 7951/7110/422 4094/3386/422
f 4095/3387/422 7943/7105/422 4096/3388/422
f 4097/3389/422 4158/3447/422 4095/3387/422
f 4158/3447/422 4157/3446/422 4095/3387/422
f 4098/3390/422 4117/3409/422 4099/3391/422
f 4100/3392/422 4151/3442/422 4098/3390/422
f 4151/3442/422 7952/7111/422 4098/3390/422
s 1
f 4101/3393/462 7541/6775/441 4102/3394/437
s 0
f 4085/3377/139 7476/6732/139 4103/3395/139
f 4104/3396/139 7953/7112/139 4105/3397/139
f 4082/3374/136 7949/7109/136 4108/3400/136
s 1
f 4108/3400/136 7954/7113/1250 4109/3401/464
f 4109/3401/464 7955/7114/1251 4107/3399/463
f 7955/7114/1251 7956/7115/1252 4107/3399/463
s 0
f 4107/3399/136 7957/7116/136 7958/7117/136
f 7957/7116/1253 7959/7118/1254 7960/7119/1253
s 1
f 7959/7118/1255 7961/7120/1215 7960/7119/1256
f 7961/7120/1215 7962/7121/1255 7960/7119/1256
f 7962/7121/1255 7963/7122/1257 7960/7119/1256
s 0
f 7960/7119/1216 7958/7117/1216 7957/7116/1216
f 7958/7117/136 4082/3374/136 4107/3399/136
f 4082/3374/136 4108/3400/136 4107/3399/136
s 1
f 4110/3402/465 7548/6779/471 4111/3403/466
s 0
f 4094/3386/422 7951/7110/422 4113/3405/422
f 7964/7123/1249 7965/7124/1249 4116/3408/1249
f 7965/7124/1249 4078/3370/1249 4116/3408/1249
f 4078/3370/422 7947/1874/422 4115/3407/422
f 7947/1874/422 7966/1871/422 4115/3407/422
f 7966/1871/422 7967/7125/422 4115/3407/422
f 4117/3409/422 7968/7126/422 4118/3410/422
s 1
f 4119/3411/432 7969/6825/1258 4120/3412/430
f 4122/3414/432 7970/7127/432 4123/3415/468
f 4124/3416/425 4123/3415/468 4125/3417/424
f 4127/3419/469 4126/3418/426 4125/3417/424
f 4129/3421/444 4127/3419/469 4128/3420/429
s 0
f 7971/7128/1 7972/7129/1 4132/3424/1
f 7972/7129/1 4133/3425/1 4132/3424/1
f 4133/3425/1 7973/3422/1 4131/3423/1
f 4134/3426/136 7974/7130/136 4135/3427/136
f 4137/3429/422 7965/7124/422 4138/3430/422
f 7965/7124/1249 7964/7123/1249 4138/3430/1249
f 7966/1871/422 7975/1866/422 4139/3431/422
f 7975/1866/422 4137/3429/422 4139/3431/422
f 4139/3431/422 7967/7125/422 7966/1871/422
s 1
f 4089/3381/461 4088/3380/460 4140/3432/471
s 0
f 4144/3436/2 7976/7131/2 7977/7132/2
f 7977/7132/2 4142/3434/2 4144/3436/2
f 4145/3421/1 7973/3422/1 4133/3425/1
f 4147/3438/136 7978/7133/136 4148/3439/136
f 4150/3441/422 7952/7111/422 4151/3442/422
f 4152/3443/422 4114/3406/422 4150/3441/422
f 4114/3406/422 4113/3405/422 4150/3441/422
s 1
f 4153/3435/440 7541/6775/441 4101/3393/462
s 0
f 4144/3436/2 4143/3435/2 4155/3444/2
f 4118/3410/422 7968/7126/422 4157/3446/422
f 4159/3448/9 7979/7134/9 4160/3449/9
f 4162/3451/112 7980/7135/112 4163/3452/112
f 4163/3452/112 7981/7136/112 4165/3454/112
f 4166/3455/9 7982/7137/9 4159/3448/9
f 4167/3456/3 7983/7138/3 4168/3457/3
f 4170/3459/3 7983/7138/3 4167/3456/3
f 4172/3461/473 7984/7139/473 4173/3462/473
f 4175/3464/112 7985/7140/112 4176/3465/112
f 4178/3467/112 7986/7141/112 4175/3464/112
f 4177/3466/112 4459/3748/112 4179/3468/112
f 4180/3469/474 4453/3742/474 4181/3470/474
f 4185/3474/3 7987/7142/3 4183/3472/3
f 7987/7142/3 7988/7143/3 7989/7144/3
f 7988/7143/3 7990/7145/3 7989/7144/3
f 7991/7146/3 7992/7147/3 4183/3472/3
f 7987/7142/3 7989/7144/3 4183/3472/3
f 7989/7144/3 7991/7146/3 4183/3472/3
f 4186/3475/1 4468/3757/1 4187/3476/1
f 4439/3728/2 7993/7148/2 4191/3480/2
f 7993/7148/2 4189/3478/2 4191/3480/2
f 4192/3481/1 7994/7149/1 4193/3482/1
f 4195/3484/9 7995/7150/9 4196/3485/9
f 7996/7151/9 7997/7152/9 4200/3489/9
f 7997/7152/9 7998/7153/9 4198/3487/9
f 4200/3489/9 7997/7152/9 4198/3487/9
f 7998/7153/9 7999/7154/9 4198/3487/9
f 4203/3492/2 8000/7155/2 7332/6621/2
f 8000/7155/2 7378/6667/2 7332/6621/2
f 4203/3492/2 7332/6621/2 4201/3490/2
f 7281/6570/1 8001/7156/1 7317/6606/1
f 8001/7156/1 4204/3493/1 7317/6606/1
f 7317/6606/1 4204/3493/1 4206/3495/1
f 4209/3498/9 8002/7157/9 8003/7158/9
f 8003/7158/9 4207/3496/9 4209/3498/9
f 4210/3499/9 8004/7159/9 4211/3500/9
f 8005/7160/3 4222/3511/3 8006/7161/3
f 4222/3511/3 4224/3513/3 8006/7161/3
f 8007/7162/3 8008/7163/3 8005/7160/3
f 4215/3504/3 8009/7164/3 4213/3502/3
f 8009/7164/3 8007/7162/3 4213/3502/3
f 8007/7162/3 8005/7160/3 8006/7161/3
f 4213/3502/3 4225/3514/3 4227/3516/3
f 8007/7162/3 8006/7161/3 4213/3502/3
f 4214/3503/3 8010/7165/3 4215/3504/3
f 4213/3502/3 4227/3516/3 4214/3503/3
f 4216/3505/2 8011/7166/2 4217/3506/2
f 4219/3508/475 8012/7167/475 4220/3509/475
f 4222/3511/3 8013/7168/3 4223/3512/3
f 4225/3514/3 8014/7169/3 4226/3515/3
f 8015/7170/3 8016/7171/3 4230/3519/3
f 8016/7171/3 8017/7172/3 4228/3517/3
f 4230/3519/3 8016/7171/3 4228/3517/3
f 8017/7172/3 8018/7173/3 4228/3517/3
f 4228/3517/3 8019/7174/3 4229/3518/3
f 4230/3519/3 8020/7175/3 8015/7170/3
f 4231/3520/2 8021/7176/2 4232/3521/2
f 4194/3483/1 8022/7177/1 4234/3523/1
f 4234/3523/1 8023/7178/1 4192/3481/1
f 4232/3521/2 8021/7176/2 8024/7179/2
f 8024/7179/2 4235/3524/2 4232/3521/2
f 8025/7180/9 8026/7181/9 8027/7182/9
f 8026/7181/9 8028/7183/9 4239/3528/9
f 8027/7182/9 8026/7181/9 4239/3528/9
f 8028/7183/9 4237/3526/9 4239/3528/9
f 4245/3534/1 4241/3530/1 4240/3529/1
f 4241/3530/1 8029/7184/1 4242/3531/1
f 4198/3487/9 4209/3498/9 4243/3532/9
f 4209/3498/9 4208/3497/9 4243/3532/9
f 4208/3497/9 8030/7185/9 4243/3532/9
f 4244/3533/9 4199/3488/9 4198/3487/9
f 4247/3536/1 8031/7186/1 4245/3534/1
f 8031/7186/1 4241/3530/1 4245/3534/1
f 4248/3537/112 4425/3714/112 4249/3538/112
f 4253/3542/3 8032/7187/3 4251/3540/3
f 8032/7187/3 8033/7188/3 4251/3540/3
f 4251/3540/3 8034/7189/3 4252/3541/3
f 4254/3543/2 8035/7190/2 4255/3544/2
f 4257/3546/3 8036/7191/3 4258/3547/3
f 4260/3549/112 8037/7192/112 4250/3539/112
f 4263/3552/1 4188/3477/1 4261/3550/1
f 4188/3477/1 4187/3476/1 4261/3550/1
f 4264/3553/475 8038/7193/475 4265/3554/475
f 4269/3558/9 8039/7194/9 4267/3556/9
f 8039/7194/9 8040/7195/9 8041/7196/9
f 8041/7196/9 8042/7197/9 4267/3556/9
f 8039/7194/9 8041/7196/9 4267/3556/9
f 4270/3559/476 8043/7198/476 4271/3560/476
f 4273/3562/112 8044/7199/112 4260/3549/112
f 4276/3565/1 8045/7200/1 4274/3563/1
f 8045/7200/1 8046/7201/1 4274/3563/1
f 4277/3566/1 8047/7202/1 4278/3567/1
f 4280/3569/474 4484/3773/474 4281/3570/474
f 4285/3574/2 8048/7203/2 4283/3572/2
f 8048/7203/2 8049/7204/2 4283/3572/2
f 4288/3577/2 8050/7205/2 4405/3694/2
f 4405/3694/2 4286/3575/2 4288/3577/2
f 4289/3578/9 8051/7206/9 4290/3579/9
f 4292/3581/1 8052/7207/1 4293/3582/1
f 4295/3584/473 8053/7208/473 4296/3585/473
f 4298/3587/473 8054/7209/473 4299/3588/473
f 8055/7210/2 4218/3507/2 4302/3591/2
f 4218/3507/2 4217/3506/2 4302/3591/2
f 4303/3592/473 8056/7211/473 4304/3593/473
f 8056/7211/473 8057/7212/473 4304/3593/473
f 4304/3593/474 8058/7213/474 4305/3594/474
f 8059/7214/473 8060/7215/473 4303/3592/473
f 4305/3594/474 8061/7216/474 4303/3592/474
f 8061/7216/474 8059/7214/474 4303/3592/474
f 4306/3595/9 4195/3484/9 4197/3486/9
f 8062/7217/473 8063/7218/473 4310/3599/473
f 8063/7218/473 4308/3597/473 4310/3599/473
f 4308/3597/473 8064/7219/473 8065/7220/473
f 8065/7220/473 8066/7221/473 4308/3597/473
f 8066/7221/473 4309/3598/473 4308/3597/473
f 4309/3598/474 8067/7222/474 4310/3599/474
f 4311/3600/2 8068/7223/2 4312/3601/2
f 4314/3603/1259 8069/7224/1259 4315/3604/1259
f 8070/7225/9 8071/7226/9 8072/7227/9
f 8071/7226/9 8073/7228/9 8072/7227/9
f 8072/7227/9 8074/7229/9 8070/7225/9
f 8074/7229/9 4320/3609/9 8070/7225/9
f 4322/3611/9 8075/7230/9 4320/3609/9
f 8075/7230/9 8070/7225/9 4320/3609/9
f 4323/3612/1260 8076/7231/1260 4324/3613/1260
f 8077/7232/2 8078/7233/2 4328/3617/2
f 8078/7233/2 4326/3615/2 4328/3617/2
f 8079/7234/8 8080/7235/8 8081/7236/8
f 8082/7237/8 8083/7238/8 8084/7239/8
f 8079/7234/8 8081/7236/8 8082/7237/8
f 8085/7240/8 8086/7241/8 8079/7234/8
f 4331/3620/8 8087/7242/8 8088/7243/8
f 8087/7242/8 8089/7244/8 8090/7245/8
f 8090/7245/8 8089/7244/8 8079/7234/8
f 8089/7244/8 8085/7240/8 8079/7234/8
f 8079/7234/8 8082/7237/8 8090/7245/8
f 8082/7237/8 8084/7239/8 8090/7245/8
f 8084/7239/8 8091/7246/8 8090/7245/8
f 8090/7245/8 8088/7243/8 8087/7242/8
f 8088/7243/8 4329/3618/8 4331/3620/8
f 4329/3618/8 8092/7247/8 8093/7248/8
f 4330/3619/8 8094/7249/8 4331/3620/8
f 8094/7249/8 8095/7250/8 4331/3620/8
f 4329/3618/8 8093/7248/8 4330/3619/8
f 4332/3621/1 8045/7200/1 4276/3565/1
f 8096/7251/9 8097/7252/9 4335/3624/9
f 8097/7252/9 4336/3625/9 4335/3624/9
f 4336/3625/9 8098/7253/9 8099/7254/9
f 8098/7253/9 8100/7255/9 8099/7254/9
f 8100/7255/9 8101/7256/9 8099/7254/9
f 8099/7254/9 4334/3623/9 4336/3625/9
f 4337/3626/2 8102/7257/2 4338/3627/2
f 4340/3629/474 7984/7139/474 4172/3461/474
f 4342/3631/9 8103/7258/9 4343/3632/9
f 4347/3636/2 8104/7259/2 4345/3634/2
f 4345/3634/2 8105/7260/2 4346/3635/2
f 4348/3637/3 8106/7261/3 4349/3638/3
f 8107/7262/3 8108/7263/3 4353/3642/3
f 8108/7263/3 8109/7264/3 4353/3642/3
f 8109/7264/3 4351/3640/3 4353/3642/3
f 4338/3627/2 8102/7257/2 4356/3645/2
f 8102/7257/2 4354/3643/2 4356/3645/2
f 4212/3501/9 4211/3500/9 4357/3646/9
f 4359/3648/1 8110/7265/1 4360/3649/1
f 4362/3651/475 8111/7266/475 4363/3652/475
f 8112/7267/1 8113/7268/1 4367/3656/1
f 8113/7268/1 4365/3654/1 4367/3656/1
f 4371/3660/476 8114/7269/476 4372/3661/476
f 4374/3663/474 4382/3671/474 4375/3664/474
f 4377/3666/474 8115/7270/474 4378/3667/474
f 4379/3668/473 4378/3667/473 4380/3669/473
f 4382/3671/473 4374/3663/473 4383/3672/473
f 4387/3676/3 8116/7271/3 4385/3674/3
f 4385/3674/3 4465/3754/3 4386/3675/3
f 4390/3679/2 8117/7272/2 4388/3677/2
f 4388/3677/2 8118/7273/2 4389/3678/2
f 4391/3680/475 8119/7274/475 4392/3681/475
f 4394/3683/9 4342/3631/9 4344/3633/9
f 4396/3685/3 8120/7275/3 4397/3686/3
f 8121/7276/9 4421/3710/9 4400/3689/9
f 4421/3710/9 4267/3556/9 4400/3689/9
f 4267/3556/9 8042/7197/9 4399/3688/9
f 4400/3689/9 8122/7277/9 8121/7276/9
f 8123/7278/3 8124/7279/3 8125/7280/3
f 8125/7280/3 8126/7281/3 4403/3692/3
f 8126/7281/3 4401/3690/3 4403/3692/3
f 4398/3687/3 4397/3686/3 8127/7282/3
f 4397/3686/3 8123/7278/3 8127/7282/3
f 8127/7282/3 8123/7278/3 8125/7280/3
f 4437/3726/3 4436/3725/3 4403/3692/3
f 4403/3692/3 8127/7282/3 8125/7280/3
f 4401/3690/3 8128/7283/3 4402/3691/3
f 4402/3691/3 4437/3726/3 4403/3692/3
f 4404/3693/2 8129/7284/2 4286/3575/2
f 4406/3695/474 8130/7285/474 4407/3696/474
f 4410/3699/9 8131/7286/9 4411/3700/9
f 8131/7286/9 8132/7287/9 8133/7288/9
f 8133/7288/9 4411/3700/9 8131/7286/9
f 8134/7289/9 4409/3698/9 4411/3700/9
f 4412/3701/473 8135/7290/473 4413/3702/473
f 4417/3706/1 8136/7291/1 7306/6595/1
f 7306/6595/1 4415/3704/1 4417/3706/1
f 4418/3707/1 8137/7292/1 4419/3708/1
f 4423/3712/9 8138/7293/9 4421/3710/9
f 4421/3710/9 8121/7276/9 4422/3711/9
f 4424/3713/112 4273/3562/112 4249/3538/112
f 4426/3715/473 8139/7294/473 4427/3716/473
f 4431/3720/1 8140/7295/1 4429/3718/1
f 8140/7295/1 8141/7296/1 4429/3718/1
f 4434/3723/1 8142/7297/1 8143/7298/1
f 8143/7298/1 4432/3721/1 4434/3723/1
f 4435/3724/3 8144/7299/3 4436/3725/3
f 8145/7300/2 4439/3728/2 4438/3727/2
f 4439/3728/2 4191/3480/2 4440/3729/2
f 4442/3731/1 4279/3568/1 4278/3567/1
f 4278/3567/1 8146/7301/1 4441/3730/1
f 4443/3732/473 8147/7302/473 4444/3733/473
f 4446/3735/3 8148/7303/3 4447/3736/3
f 4291/3580/9 4290/3579/9 4449/3738/9
f 4453/3742/473 4180/3469/473 8149/7304/473
f 4180/3469/473 8150/7305/473 8149/7304/473
f 8150/7305/473 8151/7306/473 8149/7304/473
f 8151/7306/473 8152/7307/473 8149/7304/473
f 8149/7304/473 4451/3740/473 4453/3742/473
f 4454/3743/3 8153/7308/3 8154/7309/3
f 8154/7309/3 4448/3737/3 4454/3743/3
f 4457/3746/3 8106/7261/3 4455/3744/3
f 8106/7261/3 4348/3637/3 4455/3744/3
f 4455/3744/3 8155/7310/3 4456/3745/3
f 4177/3466/112 4176/3465/112 4458/3747/112
f 8081/7236/8 8080/7235/8 8156/7311/8
f 8156/7311/8 8157/7312/8 8158/7313/8
f 8159/7314/8 8160/7315/8 8161/7316/8
f 8160/7315/8 4460/3749/8 8162/7317/8
f 8159/7314/8 8161/7316/8 8163/7318/8
f 8156/7311/8 8158/7313/8 8159/7314/8
f 8163/7318/8 8081/7236/8 8156/7311/8
f 8164/7319/8 8165/7320/8 8163/7318/8
f 8161/7316/8 8166/7321/8 8164/7319/8
f 8161/7316/8 8164/7319/8 8163/7318/8
f 8163/7318/8 8156/7311/8 8159/7314/8
f 4460/3749/8 8167/7322/8 8168/7323/8
f 8161/7316/8 8160/7315/8 8162/7317/8
f 8162/7317/8 4460/3749/8 4462/3751/8
f 4460/3749/8 8168/7323/8 4461/3750/8
f 4461/3750/8 8169/7324/8 4462/3751/8
f 8169/7324/8 8170/7325/8 4462/3751/8
f 4463/3752/112 4162/3451/112 4164/3453/112
f 4465/3754/3 8171/7326/3 4466/3755/3
f 4467/3756/1 8172/7327/1 4468/3757/1
f 4471/3760/473 4407/3696/473 4469/3758/473
f 4407/3696/473 8130/7285/473 4469/3758/473
f 8130/7285/473 8173/7328/473 8174/7329/473
f 4469/3758/473 8175/7330/473 4470/3759/473
f 8130/7285/473 8174/7329/473 4469/3758/473
f 4472/3761/473 4412/3701/473 4414/3703/473
f 4164/3453/112 4165/3454/112 4474/3763/112
f 4258/3547/3 8036/7191/3 4477/3766/3
f 8036/7191/3 8176/7331/3 4477/3766/3
f 8176/7331/3 4475/3764/3 4477/3766/3
f 4478/3767/2 8177/7332/2 4479/3768/2
f 4481/3770/2 4337/3626/2 4339/3628/2
f 4483/3772/473 4281/3570/473 4484/3773/473
f 8178/7333/9 8179/7334/9 8180/7335/9
f 8180/7335/9 8181/7336/9 8182/7337/9
f 8182/7337/9 8183/7338/9 8184/7339/9
f 8184/7339/9 8185/7340/9 4487/3776/9
f 8185/7340/9 4488/3777/9 4487/3776/9
f 8184/7339/9 8178/7333/9 8180/7335/9
f 8180/7335/9 8182/7337/9 8184/7339/9
f 8186/7341/9 8178/7333/9 4487/3776/9
f 4487/3776/9 8178/7333/9 8184/7339/9
f 8187/7342/9 4486/3775/9 4488/3777/9
f 4491/3780/2 4520/3809/2 4489/3778/2
f 4520/3809/2 8188/7343/2 4489/3778/2
f 4492/3781/2 8189/7344/2 4493/3782/2
f 4495/3784/3 8190/7345/3 4496/3785/3
f 4498/3787/3 8191/7346/3 4499/3788/3
f 4501/3790/1 8192/7347/1 4502/3791/1
f 4504/3793/480 8193/7348/480 4505/3794/480
f 4507/3796/2 8194/7349/2 4508/3797/2
f 4510/3799/1 8195/7350/1 4511/3800/1
f 4513/3802/3 8196/7351/3 4514/3803/3
f 4516/3805/3 4543/3832/3 4517/3806/3
f 4519/3808/3 8197/7352/3 4498/3787/3
f 4520/3809/2 4491/3780/2 4521/3810/2
f 4523/3812/1 8198/7353/1 4524/3813/1
f 8199/7354/9 8179/7334/9 8178/7333/9
f 8178/7333/9 8200/7355/9 8201/7356/9
f 8201/7356/9 8202/7357/9 8203/7358/9
f 8202/7357/9 8204/7359/9 8203/7358/9
f 8203/7358/9 8205/7360/9 8201/7356/9
f 8205/7360/9 4526/3815/9 8201/7356/9
f 8199/7354/9 8178/7333/9 4526/3815/9
f 8178/7333/9 8201/7356/9 4526/3815/9
f 8199/7354/9 4526/3815/9 4528/3817/9
f 4528/3817/9 8206/7361/9 8199/7354/9
f 4529/3818/3 8207/7362/3 4530/3819/3
f 4532/3821/1 8208/7363/1 4533/3822/1
f 4535/3824/480 4546/3835/480 4536/3825/480
f 4538/3827/3 4513/3802/3 4515/3804/3
f 4540/3829/2 8209/7364/2 4541/3830/2
f 4543/3832/3 8210/7365/3 4544/3833/3
f 4545/3834/3 8211/7366/3 4546/3835/3
f 8212/7367/1 4503/3792/1 4548/3837/1
f 4503/3792/1 4502/3791/1 4548/3837/1
f 4531/3820/3 4530/3819/3 4549/3838/3
f 4551/3840/9 8213/7368/9 4552/3841/9
f 4554/3843/112 8214/7369/112 4555/3844/112
f 4557/3846/112 8215/7370/112 4554/3843/112
f 4553/3842/9 4552/3841/9 4558/3847/9
f 4560/3849/3 8216/7371/3 4561/3850/3
f 4561/3850/3 8216/7371/3 4563/3852/3
f 4565/3854/473 8217/7372/473 4566/3855/473
f 4568/3857/112 8218/7373/112 4569/3858/112
f 4570/3859/112 8219/7374/112 4571/3860/112
f 4572/3861/112 4854/4143/112 4568/3857/112
f 4573/3862/474 8220/7375/474 4574/3863/474
f 8221/7376/3 8222/7377/3 4578/3867/3
f 8222/7377/3 8223/7378/3 4576/3865/3
f 4578/3867/3 8222/7377/3 4576/3865/3
f 8223/7378/3 8224/7379/3 4576/3865/3
f 4576/3865/3 8225/7380/3 4577/3866/3
f 4578/3867/3 8226/7381/3 8221/7376/3
f 4579/3868/2 8227/7382/2 4580/3869/2
f 4584/3873/143 8228/7383/143 4582/3871/143
f 8228/7383/1 4833/4122/1 4582/3871/1
f 4585/3874/2 8229/7384/2 4586/3875/2
f 4588/3877/9 8230/7385/9 4589/3878/9
f 4593/3882/9 8231/7386/9 4591/3880/9
f 8231/7386/9 8232/7387/9 8233/7388/9
f 8233/7388/9 8234/7389/9 4591/3880/9
f 8231/7386/9 8233/7388/9 4591/3880/9
f 7385/6674/1 8235/7390/1 7351/6640/1
f 8235/7390/1 4594/3883/1 7351/6640/1
f 7351/6640/1 4594/3883/1 4596/3885/1
f 4599/3888/2 8236/7391/2 7299/6588/2
f 8236/7391/2 7289/6578/2 7299/6588/2
f 4599/3888/2 7299/6588/2 4597/3886/2
f 4602/3891/9 8237/7392/9 4600/3889/9
f 4600/3889/9 8238/7393/9 4601/3890/9
f 4603/3892/9 8239/7394/9 4604/3893/9
f 8240/7395/3 8241/7396/3 8242/7397/3
f 8242/7397/3 8243/7398/3 4608/3897/3
f 8243/7398/3 4606/3895/3 4608/3897/3
f 4617/3906/3 4616/3905/3 8244/7399/3
f 4616/3905/3 8240/7395/3 8244/7399/3
f 8244/7399/3 8240/7395/3 8242/7397/3
f 4620/3909/3 4619/3908/3 4608/3897/3
f 4608/3897/3 8244/7399/3 8242/7397/3
f 4606/3895/3 8245/7400/3 4607/3896/3
f 4607/3896/3 4620/3909/3 4608/3897/3
f 4609/3898/1 8246/7401/1 4610/3899/1
f 4612/3901/8 8247/7402/8 4613/3902/8
f 4615/3904/3 8248/7403/3 4616/3905/3
f 4618/3907/3 8249/7404/3 4619/3908/3
f 4623/3912/3 8250/7405/3 4621/3910/3
f 8250/7405/3 8251/7406/3 8252/7407/3
f 8251/7406/3 8253/7408/3 8252/7407/3
f 8254/7409/3 8255/7410/3 4621/3910/3
f 8250/7405/3 8252/7407/3 4621/3910/3
f 8252/7407/3 8254/7409/3 4621/3910/3
f 4624/3913/1 8256/7411/1 4625/3914/1
f 4628/3917/2 8257/7412/2 4587/3876/2
f 4587/3876/2 4586/3875/2 4628/3917/2
f 4630/3919/1 4626/3915/1 4625/3914/1
f 4625/3914/1 8258/7413/1 4629/3918/1
f 4633/3922/9 8259/7414/9 4631/3920/9
f 8259/7414/9 8260/7415/9 8261/7416/9
f 4631/3920/9 8259/7414/9 8261/7416/9
f 4631/3920/1261 8262/7417/1261 4632/3921/1261
f 8263/7418/2 4635/3924/2 4634/3923/2
f 4635/3924/2 4641/3930/2 4636/3925/2
f 8238/7393/9 4600/3889/9 4638/3927/9
f 4600/3889/9 4591/3880/9 4638/3927/9
f 4591/3880/9 8234/7389/9 4637/3926/9
f 4638/3927/9 8264/7419/9 8238/7393/9
f 4635/3924/2 8265/7420/2 4641/3930/2
f 8265/7420/2 4639/3928/2 4641/3930/2
f 4642/3931/112 4819/4108/112 4643/3932/112
f 8266/7421/3 8267/7422/3 4647/3936/3
f 8267/7422/3 8268/7423/3 4647/3936/3
f 8268/7423/3 4645/3934/3 4647/3936/3
f 4648/3937/1 8269/7424/1 4649/3938/1
f 4651/3940/3 8270/7425/3 4652/3941/3
f 4644/3933/112 8271/7426/112 4654/3943/112
f 4580/3869/2 8227/7382/2 4657/3946/2
f 8227/7382/2 4655/3944/2 4657/3946/2
f 4658/3947/8 8272/7427/8 4659/3948/8
f 8273/7428/9 8274/7429/9 4663/3952/9
f 8274/7429/9 8275/7430/9 4661/3950/9
f 4663/3952/9 8274/7429/9 4661/3950/9
f 8275/7430/9 8276/7431/9 4661/3950/9
f 4664/3953/483 8277/7432/483 4665/3954/483
f 4642/3931/112 4654/3943/112 4667/3956/112
f 8278/7433/2 4728/4017/2 4671/3960/2
f 4728/4017/2 4669/3958/2 4671/3960/2
f 4672/3961/2 8279/7434/2 4673/3962/2
f 4675/3964/474 4877/4166/474 4676/3965/474
f 8280/7435/1 8281/7436/1 4680/3969/1
f 8281/7436/1 4678/3967/1 4680/3969/1
f 4683/3972/1 8282/7437/1 4681/3970/1
f 4681/3970/1 8283/7438/1 4682/3971/1
f 4684/3973/9 4844/4133/9 4685/3974/9
f 4687/3976/2 8284/7439/2 4688/3977/2
f 4690/3979/473 8285/7440/473 4691/3980/473
f 4693/3982/473 8286/7441/473 4694/3983/473
f 4610/3899/1 8246/7401/1 4696/3985/1
f 8246/7401/1 8287/7442/1 4696/3985/1
f 8288/7443/473 8289/7444/473 4700/3989/473
f 8289/7444/473 4698/3987/473 4700/3989/473
f 4698/3987/473 8290/7445/473 8291/7446/473
f 8291/7446/473 8292/7447/473 4698/3987/473
f 8292/7447/474 4699/3988/474 4698/3987/474
f 4699/3988/474 8293/7448/474 4700/3989/474
f 4701/3990/9 4588/3877/9 4590/3879/9
f 4703/3992/473 8294/7449/473 4704/3993/473
f 8294/7449/473 8295/7450/473 4704/3993/473
f 4704/3993/474 8296/7451/474 4705/3994/474
f 8297/7452/473 8298/7453/473 4703/3992/473
f 4705/3994/474 8299/7454/474 4703/3992/474
f 8299/7454/473 8297/7452/473 4703/3992/473
f 4706/3995/1 8300/7455/1 4707/3996/1
f 4709/3998/1260 8301/7456/1260 4710/3999/1260
f 8302/7457/9 8303/7458/9 4716/4005/9
f 8303/7458/9 4717/4006/9 4716/4005/9
f 4717/4006/9 8304/7459/9 8305/7460/9
f 8304/7459/9 8306/7461/9 8305/7460/9
f 8306/7461/9 8307/7462/9 8305/7460/9
f 8305/7460/9 4715/4004/9 4717/4006/9
f 4718/4007/1259 8308/7463/1259 4719/4008/1259
f 4723/4012/1 8309/7464/1 4721/4010/1
f 8309/7464/1 8310/7465/1 4721/4010/1
f 8311/7466/8 8312/7467/8 8313/7468/8
f 8313/7468/8 8314/7469/8 8315/7470/8
f 8316/7471/8 8317/7472/8 8318/7473/8
f 8317/7472/8 4724/4013/8 8319/7474/8
f 8316/7471/8 8318/7473/8 8320/7475/8
f 8313/7468/8 8315/7470/8 8316/7471/8
f 8320/7475/8 8311/7466/8 8313/7468/8
f 8321/7476/8 8322/7477/8 8320/7475/8
f 8318/7473/8 8323/7478/8 8321/7476/8
f 4726/4015/8 8319/7474/8 4724/4013/8
f 8319/7474/8 8318/7473/8 8317/7472/8
f 8318/7473/8 8321/7476/8 8320/7475/8
f 8320/7475/8 8313/7468/8 8316/7471/8
f 4724/4013/8 8324/7479/8 8325/7480/8
f 4724/4013/8 8325/7480/8 4725/4014/8
f 8325/7480/8 8326/7481/8 4725/4014/8
f 4725/4014/8 8327/7482/8 4726/4015/8
f 8327/7482/8 8328/7483/8 4726/4015/8
f 4727/4016/2 8329/7484/2 4669/3958/2
f 8330/7485/9 8331/7486/9 8332/7487/9
f 8331/7486/9 8333/7488/9 8332/7487/9
f 8332/7487/9 8334/7489/9 8330/7485/9
f 8334/7489/9 4729/4018/9 8330/7485/9
f 4731/4020/9 8335/7490/9 4729/4018/9
f 8335/7490/9 8330/7485/9 4729/4018/9
f 4732/4021/1 4876/4165/1 4733/4022/1
f 4566/3855/473 8217/7372/473 4735/4024/473
f 4737/4026/9 8336/7491/9 4738/4027/9
f 4742/4031/1 8337/7492/1 8338/7493/1
f 8338/7493/1 4740/4029/1 4742/4031/1
f 4743/4032/3 8339/7494/3 4744/4033/3
f 4748/4037/3 8340/7495/3 4746/4035/3
f 8340/7495/3 8341/7496/3 4746/4035/3
f 4746/4035/3 8342/7497/3 4747/4036/3
f 4751/4040/1 4734/4023/1 4749/4038/1
f 4734/4023/1 4733/4022/1 4749/4038/1
f 4752/4041/9 8239/7394/9 4603/3892/9
f 4754/4043/2 8343/7498/2 4755/4044/2
f 4757/4046/8 8344/7499/8 4758/4047/8
f 4762/4051/2 8345/7500/2 4760/4049/2
f 8345/7500/2 8346/7501/2 4760/4049/2
f 4766/4055/483 8347/7502/483 4767/4056/483
f 4769/4058/473 4778/4067/473 4770/4059/473
f 4772/4061/473 8348/7503/473 4773/4062/473
f 4775/4064/473 4772/4061/473 4774/4063/473
f 4777/4066/473 4770/4059/473 4778/4067/473
f 4782/4071/3 8349/7504/3 8350/7505/3
f 8350/7505/3 4780/4069/3 4782/4071/3
f 4785/4074/1 8351/7506/1 8352/7507/1
f 8352/7507/1 4783/4072/1 4785/4074/1
f 4786/4075/8 8353/7508/8 4787/4076/8
f 4739/4028/9 4738/4027/9 4789/4078/9
f 4791/4080/3 8354/7509/3 4792/4081/3
f 4661/3950/9 4817/4106/9 4794/4083/9
f 4817/4106/9 4816/4105/9 4794/4083/9
f 4816/4105/9 8355/7510/9 4794/4083/9
f 4795/4084/9 4662/3951/9 4661/3950/9
f 8356/7511/3 4791/4080/3 8357/7512/3
f 4791/4080/3 4793/4082/3 8357/7512/3
f 8358/7513/3 8359/7514/3 8356/7511/3
f 4798/4087/3 8360/7515/3 4796/4085/3
f 8360/7515/3 8358/7513/3 4796/4085/3
f 8358/7513/3 8356/7511/3 8357/7512/3
f 4796/4085/3 4829/4118/3 4831/4120/3
f 8358/7513/3 8357/7512/3 4796/4085/3
f 4797/4086/3 8361/7516/3 4798/4087/3
f 4796/4085/3 4831/4120/3 4797/4086/3
f 4682/3971/1 8362/7517/1 4799/4088/1
f 4800/4089/474 8363/7518/474 4801/4090/474
f 8364/7519/9 4805/4094/9 4804/4093/9
f 4805/4094/9 8365/7520/9 4803/4092/9
f 8365/7520/491 8366/7521/491 4803/4092/491
f 8366/7521/1261 8367/7522/1261 4803/4092/1261
f 4806/4095/473 8368/7523/473 4807/4096/473
f 4811/4100/2 8369/7524/2 4809/4098/2
f 4809/4098/2 8370/7525/2 4810/4099/2
f 4812/4101/2 8371/7526/2 4813/4102/2
f 4817/4106/9 8372/7527/9 8373/7528/9
f 8373/7528/9 4815/4104/9 4817/4106/9
f 4642/3931/112 4668/3957/112 4818/4107/112
f 4820/4109/473 8374/7529/473 4821/4110/473
f 8375/7530/2 8376/7531/2 4825/4114/2
f 8376/7531/2 4823/4112/2 4825/4114/2
f 4828/4117/2 8377/7532/2 4826/4115/2
f 4826/4115/2 8378/7533/2 4827/4116/2
f 4829/4118/3 8379/7534/3 4830/4119/3
f 4582/3871/1 4833/4122/1 4832/4121/1
f 4833/4122/1 8380/7535/1 4834/4123/1
f 4673/3962/2 8279/7434/2 8381/7536/2
f 8381/7536/2 4835/4124/2 4673/3962/2
f 4837/4126/473 8382/7537/473 4838/4127/473
f 4840/4129/3 8383/7538/3 4841/4130/3
f 4843/4132/9 8384/7539/9 4844/4133/9
f 4847/4136/473 4574/3863/473 4845/4134/473
f 4574/3863/473 8220/7375/473 4845/4134/473
f 8220/7375/473 8385/7540/473 8386/7541/473
f 4845/4134/473 8387/7542/473 4846/4135/473
f 8220/7375/473 8386/7541/473 4845/4134/473
f 4849/4138/3 8388/7543/3 4848/4137/3
f 4848/4137/3 4840/4129/3 4842/4131/3
f 4744/4033/3 8339/7494/3 4852/4141/3
f 8339/7494/3 8389/7544/3 4852/4141/3
f 8389/7544/3 4850/4139/3 4852/4141/3
f 4853/4142/112 8218/7373/112 4568/3857/112
f 8390/7545/8 8312/7467/8 8311/7466/8
f 8391/7546/8 8392/7547/8 8393/7548/8
f 8390/7545/8 8311/7466/8 8391/7546/8
f 8394/7549/8 8395/7550/8 8396/7551/8
f 8395/7550/8 8390/7545/8 8396/7551/8
f 4857/4146/8 8397/7552/8 4855/4144/8
f 8397/7552/8 8396/7551/8 8398/7553/8
f 4855/4144/8 8397/7552/8 8398/7553/8
f 8390/7545/8 8391/7546/8 8399/7554/8
f 8391/7546/8 8393/7548/8 8399/7554/8
f 8393/7548/8 8400/7555/8 8399/7554/8
f 8399/7554/8 8398/7553/8 8396/7551/8
f 8396/7551/8 8390/7545/8 8399/7554/8
f 4855/4144/8 8401/7556/8 8402/7557/8
f 8403/7558/8 8404/7559/8 4857/4146/8
f 4855/4144/8 8402/7557/8 4856/4145/8
f 4856/4145/8 8403/7558/8 4857/4146/8
f 4556/3845/112 4555/3844/112 4858/4147/112
f 4860/4149/3 8405/7560/3 4781/4070/3
f 4861/4150/2 4579/3868/2 4581/3870/2
f 8363/7518/473 4800/4089/473 4865/4154/473
f 4800/4089/473 4863/4152/473 4865/4154/473
f 4864/4153/473 8406/7561/473 4865/4154/473
f 8407/7562/473 8363/7518/473 8408/7563/473
f 4865/4154/473 8408/7563/473 8363/7518/473
f 4806/4095/473 4808/4097/473 4866/4155/473
f 4868/4157/112 4557/3846/112 4556/3845/112
f 4871/4160/3 8270/7425/3 4869/4158/3
f 8270/7425/3 4651/3940/3 4869/4158/3
f 4869/4158/3 8409/7564/3 4870/4159/3
f 4872/4161/1 8410/7565/1 4873/4162/1
f 4875/4164/1 8411/7566/1 4876/4165/1
f 4877/4166/473 4675/3964/473 4878/4167/473
f 8412/7567/9 8413/7568/9 8414/7569/9
f 8414/7569/9 8415/7570/9 8416/7571/9
f 8416/7571/9 8417/7572/9 8418/7573/9
f 8417/7572/9 8419/7574/9 8418/7573/9
f 8418/7573/9 8420/7575/9 8416/7571/9
f 8420/7575/9 4880/4169/9 8416/7571/9
f 8412/7567/9 8414/7569/9 4880/4169/9
f 8414/7569/9 8416/7571/9 4880/4169/9
f 8412/7567/9 4880/4169/9 4882/4171/9
f 4882/4171/9 8421/7576/9 8412/7567/9
f 4883/4172/1 8422/7577/1 4884/4173/1
f 4886/4175/1 8423/7578/1 4887/4176/1
f 4889/4178/3 8424/7579/3 4890/4179/3
f 4892/4181/3 8425/7580/3 4893/4182/3
f 4895/4184/2 4941/4230/2 4896/4185/2
f 4898/4187/480 8426/7581/480 4899/4188/480
f 4901/4190/1 8427/7582/1 4902/4191/1
f 4904/4193/2 8428/7583/2 4905/4194/2
f 4907/4196/3 8429/7584/3 4908/4197/3
f 4910/4199/3 4937/4226/3 4911/4200/3
f 4893/4182/3 8430/7585/3 4913/4202/3
f 4914/4203/1 4883/4172/1 4885/4174/1
f 4916/4205/2 8431/7586/2 4917/4206/2
f 8414/7569/9 8413/7568/9 8432/7587/9
f 8432/7587/9 8433/7588/9 8434/7589/9
f 8434/7589/9 8435/7590/9 8436/7591/9
f 8436/7591/9 8437/7592/9 8438/7593/9
f 8437/7592/9 4921/4210/9 8438/7593/9
f 8438/7593/9 4921/4210/9 4920/4209/9
f 8432/7587/9 8434/7589/9 8436/7591/9
f 8438/7593/9 8414/7569/9 8436/7591/9
f 8414/7569/9 8432/7587/9 8436/7591/9
f 4920/4209/9 8439/7594/9 8438/7593/9
f 8440/7595/9 4919/4208/9 4921/4210/9
f 4922/4211/3 8441/7596/3 4923/4212/3
f 4925/4214/2 8442/7597/2 4926/4215/2
f 4928/4217/480 4938/4227/480 4929/4218/480
f 4909/4198/3 4908/4197/3 4931/4220/3
f 4933/4222/1 8443/7598/1 4934/4223/1
f 4936/4225/3 8444/7599/3 4937/4226/3
f 4938/4227/480 8445/7600/480 4939/4228/480
f 4940/4229/2 8446/7601/2 4941/4230/2
f 4942/4231/3 4922/4211/3 4924/4213/3
s 1
f 4944/4233/485 4947/4236/486 4945/4234/486
f 4947/4236/486 4949/4238/487 4948/4237/487
f 4949/4238/487 8447/7602/488 4950/4239/488
f 4951/4240/488 8448/7603/489 4952/4241/489
f 4952/4241/489 8448/7603/489 4954/4243/490
f 4954/4243/490 7181/6470/1001 4956/4245/491
f 8449/7604/1 8450/7605/492 4959/4248/1
f 8450/7605/492 4957/4246/492 4959/4248/1
f 4960/4249/493 5018/4307/532 4961/4250/494
f 4963/4252/496 5384/4673/497 4964/4253/497
f 5039/4328/543 4967/4256/499 4966/4255/498
f 4967/4256/499 5570/4859/500 4968/4257/500
f 4969/4258/1 5149/4438/501 4970/4259/501
f 4972/4261/502 8451/7606/503 4973/4262/503
s 0
f 4975/4264/546 8452/7607/546 4976/4265/546
s 1
f 4978/4267/506 4969/4258/1 4971/4260/1
f 4980/4269/507 8453/7608/508 4981/4270/508
f 4983/4272/510 4963/4252/496 4965/4254/496
f 4985/4274/511 5288/4577/618 4986/4275/512
f 4988/4277/514 8454/7609/514 4989/4278/515
f 4991/4280/500 8455/7610/500 4992/4281/517
f 5142/4431/2 5358/4647/518 4996/4285/520
f 5358/4647/518 4994/4283/518 4996/4285/520
f 4997/4286/514 8456/7611/515 4998/4287/516
f 4998/4287/516 8456/7611/515 5000/4289/521
f 5000/4289/521 8457/7612/523 5002/4291/523
f 5002/4291/523 8457/7612/523 5003/4292/518
f 5004/4293/518 5003/4292/518 5005/4294/2
f 5006/4295/2 5005/4294/2 5007/4296/524
f 5008/4297/525 5007/4296/524 5009/4298/526
f 5009/4298/526 8458/7613/527 5011/4300/527
f 5011/4300/527 8458/7613/527 5012/4301/528
f 5012/4301/528 8459/7614/529 5014/4303/529
f 5015/4304/529 8460/7615/529 5016/4305/530
f 5017/4306/531 5016/4305/530 5018/4307/532
f 5019/4308/504 8461/7616/533 5020/4309/533
f 5022/4311/534 8462/7617/535 5023/4312/535
f 5025/4314/537 5337/4626/537 5026/4315/533
f 4993/4282/517 4992/4281/517 5028/4317/538
f 5030/4319/528 5383/4672/636 5031/4320/540
f 5033/4322/541 8463/7618/510 5034/4323/510
f 5036/4325/529 8464/7619/540 5037/4326/542
f 4966/4255/498 4980/4269/507 4982/4271/509
f 5040/4329/544 8465/7620/544 5041/4330/500
f 5043/4332/1 8466/7621/1 5044/4333/545
f 5046/4335/584 5233/4522/584 5047/4336/584
f 5049/4338/547 5112/4401/582 5050/4339/548
s 0
f 5052/4341/594 8467/7622/594 5053/4342/594
s 1
f 5055/4344/551 5446/4735/495 4962/4251/495
f 5057/4346/493 5454/4743/659 5058/4347/495
f 5060/4349/533 8468/7623/533 4972/4261/502
f 5061/4350/553 5447/4736/656 5062/4351/554
f 5064/4353/556 5279/4568/556 5065/4354/557
s 0
f 5067/4356/2 5638/4927/2 5068/4357/2
s 1
f 5070/4359/558 5241/4530/559 5071/4360/559
f 5073/4362/560 5070/4359/558 5072/4361/558
f 5073/4362/560 5074/4363/560 5075/4364/561
f 5076/4365/562 5075/4364/561 5077/4366/563
f 5079/4368/565 5078/4367/564 5077/4366/563
f 5081/4370/566 5079/4368/565 5080/4369/565
f 5083/4372/567 8469/7624/566 5084/4373/566
f 5083/4372/567 5085/4374/567 5086/4375/568
f 5088/4377/569 5087/4376/568 5086/4375/568
f 5090/4379/570 5088/4377/569 5089/4378/569
f 5092/4381/570 8470/7625/570 5093/4382/571
f 5095/4384/572 5094/4383/571 5093/4382/571
f 5095/4384/572 5096/4385/572 5097/4386/573
f 5098/4387/573 5097/4386/573 5099/4388/574
f 5100/4389/575 5099/4388/574 5101/4390/576
f 5103/4392/578 5102/4391/577 5101/4390/576
f 5105/4394/584 5284/4573/584 5106/4395/584
s 0
f 5108/4397/584 5169/4458/584 5109/4398/584
s 1
f 5111/4400/581 5157/4446/496 5112/4401/582
f 5113/4402/544 5287/4576/617 5114/4403/583
s 0
f 5116/4405/584 5175/4464/584 5117/4406/584
f 5119/4408/584 5176/4465/584 5120/4409/584
f 5122/4411/9 8471/7626/9 5123/4412/9
f 8471/7626/9 8472/7627/9 5123/4412/9
f 8473/7628/9 8474/7629/9 5124/4413/9
f 8474/7629/9 5122/4411/9 5124/4413/9
f 5124/4413/9 8475/7630/9 8473/7628/9
s 1
f 5107/4396/709 5106/4395/709 5125/4414/709
s 0
f 5108/4397/580 5110/4399/580 5127/4416/580
f 5121/4410/584 5120/4409/584 5129/4418/584
f 5132/4421/550 8476/7631/550 5133/4422/550
s 1
f 5133/4422/584 8477/7632/580 8478/7633/584
f 8478/7633/584 8479/7634/584 5133/4422/584
s 0
f 8479/7634/606 8480/7635/606 5133/4422/606
f 8480/7635/584 8481/7636/584 5133/4422/584
s 1
f 8481/7636/580 8482/7637/580 5133/4422/580
s 0
f 8482/7637/606 5131/4420/606 5133/4422/606
s 1
f 5134/4423/585 4979/4268/506 5135/4424/545
f 5116/4405/594 5118/4407/594 5137/4426/594
f 5139/4428/534 5458/4747/660 5140/4429/586
f 5142/4431/2 4996/4285/520 5143/4432/587
f 5126/4415/584 5125/4414/584 5145/4434/584
f 5147/4436/584 5128/4417/584 5127/4416/584
f 5149/4438/501 4969/4258/1 5150/4439/589
f 4978/4267/506 4979/4268/506 5134/4423/585
s 0
f 5153/4442/546 5138/4427/546 5137/4426/546
s 1
f 5155/4444/591 5019/4308/504 5021/4310/504
f 5157/4446/496 8483/7638/510 5158/4447/510
s 0
f 5146/4435/580 5145/4434/580 5160/4449/580
s 1
f 5147/4436/650 5148/4437/650 5162/4451/650
f 5159/4448/496 5215/4504/496 5164/4453/593
s 0
f 5166/4455/580 5301/4590/580 5167/4456/580
f 5169/4458/584 5153/4442/584 5154/4443/584
s 1
f 4970/4259/501 5347/4636/548 5170/4459/548
s 0
f 5172/4461/627 5493/4782/627 5173/4462/627
f 5161/4450/550 5160/4449/550 5117/4406/550
s 1
f 5163/4452/584 5162/4451/584 5176/4465/584
f 4979/4268/506 4971/4260/1 5177/4466/1
f 5178/4467/532 5244/4533/531 5179/4468/531
f 5181/4470/524 5194/4483/525 5182/4471/526
f 5184/4473/595 8484/7639/586 5185/4474/586
f 5187/4476/596 8485/7640/596 5188/4477/597
f 5190/4479/521 8486/7641/598 5191/4480/598
f 5193/4482/2 5196/4485/2 5194/4483/525
f 4970/4259/501 5171/4460/501 5177/4466/1
f 5193/4482/2 5204/4493/603 5195/4484/518
f 5065/4354/557 8487/7642/1262 5197/4486/599
f 4987/4276/513 4986/4275/512 5198/4487/600
f 5200/4489/601 5507/4796/601 5201/4490/602
f 5203/4492/523 5207/4496/523 5195/4484/518
f 5205/4494/604 5373/4662/604 5184/4473/595
f 5206/4495/605 5223/4512/522 5207/4496/523
f 5208/4497/511 8488/7643/578 5209/4498/578
s 0
f 5211/4500/588 5328/4617/588 5212/4501/588
s 1
f 5159/4448/496 5158/4447/510 5214/4503/510
f 5216/4505/548 8489/7644/548 5217/4506/607
f 5219/4508/510 5236/4525/541 5220/4509/541
f 5222/4511/516 5226/4515/516 5223/4512/522
f 4962/4251/495 4961/4250/494 5224/4513/551
f 5222/4511/516 8490/7645/514 5225/4514/514
f 5202/4491/602 5201/4490/602 5227/4516/492
f 5229/4518/528 5235/4524/528 5230/4519/529
s 0
f 5232/4521/584 8491/7646/584 5233/4522/584
s 1
f 5234/4523/608 5246/4535/555 5235/4524/528
f 5056/4345/551 5224/4513/551 5220/4509/541
f 5237/4526/514 5243/4532/609 5238/4527/609
f 5240/4529/610 5071/4360/559 5241/4530/559
f 5243/4532/609 5189/4478/597 5188/4477/597
f 5244/4533/531 8492/7647/529 5245/4534/529
f 5183/4472/526 5182/4471/526 5246/4535/555
f 5209/4498/578 8488/7643/578 5247/4536/577
f 5248/4537/577 5247/4536/577 5249/4538/611
f 5250/4539/574 5249/4538/611 5251/4540/573
f 5253/4542/572 5252/4541/573 5251/4540/573
f 5255/4544/571 5253/4542/572 5254/4543/572
f 5257/4546/570 5255/4544/571 5256/4545/571
f 5259/4548/612 8493/7648/570 5260/4549/570
f 5262/4551/568 5259/4548/612 5261/4550/612
f 5262/4551/568 5263/4552/568 5264/4553/567
f 5265/4554/567 5264/4553/567 5266/4555/566
f 5268/4557/566 8494/7649/566 5269/4558/613
f 5270/4559/613 5269/4558/613 5271/4560/564
f 5272/4561/614 5271/4560/564 5273/4562/561
f 5275/4564/560 5274/4563/562 5273/4562/561
f 5275/4564/560 5276/4565/615 5277/4566/616
f 5278/4567/616 5277/4566/616 5279/4568/556
s 0
f 5280/4569/546 8495/7650/546 5281/4570/546
s 1
f 5129/4418/730 8495/7650/730 5280/4569/730
s 0
f 5283/4572/580 8496/7651/580 5284/4573/580
s 1
f 5285/4574/541 5236/4525/541 5219/4508/510
f 5134/4423/585 5136/4425/585 5114/4403/583
f 5103/4392/578 5104/4393/579 5288/4577/618
s 0
f 5174/4463/584 5173/4462/584 5289/4578/584
s 1
f 5028/4317/538 8485/7640/596 5187/4476/596
f 5291/4580/500 5113/4402/544 5115/4404/544
f 5293/4582/619 5494/4783/619 5208/4497/511
s 0
f 5294/4583/584 5547/4836/584 5295/4584/584
s 1
f 5054/4343/584 5053/4342/1263 5297/4586/550
f 5048/4337/580 5047/4336/580 5299/4588/580
f 5301/4590/584 5343/4632/584 5302/4591/584
f 5303/4592/537 5326/4615/622 5304/4593/535
s 0
f 5306/4595/584 5495/4784/584 5307/4596/584
s 1
f 5178/4467/532 5180/4469/493 5309/4598/495
s 0
f 5311/4600/632 5440/4729/632 5312/4601/632
s 1
f 5314/4603/586 5022/4311/534 5024/4313/536
s 0
f 5316/4605/1263 5334/4623/709 5317/4606/1263
f 5319/4608/588 5335/4624/588 5320/4609/588
s 1
f 5322/4611/620 5363/4652/599 5323/4612/599
f 5325/4614/533 8497/7652/533 5326/4615/622
s 0
f 5211/4500/584 5341/4630/584 5327/4616/584
f 5295/4584/584 8498/7653/584 5329/4618/584
s 1
f 5330/4619/623 7244/6533/696 5331/4620/482
s 0
f 5333/4622/505 5349/4638/505 5317/4606/505
f 5335/4624/732 5351/4640/732 5336/4625/732
s 1
f 5023/4312/535 8462/7617/535 5337/4626/537
f 5340/4629/626 8499/7654/626 5338/4627/2
f 8499/7654/626 8500/7655/2 5338/4627/2
s 0
f 5341/4630/550 5357/4646/550 5342/4631/550
s 1
f 5343/4632/594 8496/7651/594 5283/4572/594
f 5344/4633/1264 8501/7656/1265 5345/4634/1264
f 5050/4339/548 5112/4401/582 5165/4454/593
s 0
f 5348/4637/550 5361/4650/550 5349/4638/550
f 5350/4639/1266 5362/4651/1266 5336/4625/1266
s 1
f 5352/4641/551 8502/7657/698 5033/4322/541
s 0
f 5353/4642/1267 5364/4653/1267 5354/4643/1267
f 5356/4645/588 5365/4654/588 5342/4631/588
s 1
f 5191/4480/598 8486/7641/598 4994/4283/518
f 5359/4648/629 5330/4619/623 5332/4621/623
s 0
f 5213/4502/546 5212/4501/546 5361/4650/546
f 5350/4639/588 5311/4600/588 5313/4602/588
s 1
f 5363/4652/599 5240/4529/610 5242/4531/610
s 0
f 5316/4605/1268 5318/4607/1269 5364/4653/1269
f 5356/4645/546 5319/4608/546 5321/4610/546
s 1
f 5366/4655/633 5055/4344/551 5285/4574/541
f 5368/4657/595 5379/4668/604 5369/4658/604
s 0
f 5133/4422/588 8476/7631/588 8503/7658/588
f 8503/7658/584 8504/7659/584 5133/4422/584
f 8504/7659/505 8505/7660/505 5133/4422/505
f 8505/7660/584 8506/7661/584 5133/4422/584
f 8506/7661/584 8507/7662/584 5133/4422/584
f 8507/7662/505 8508/7663/505 5133/4422/505
f 8508/7663/580 5371/4660/580 5133/4422/580
s 1
f 5199/4488/600 5198/4487/600 5373/4662/604
f 5374/4663/517 5424/4713/517 5375/4664/538
s 0
f 5300/4589/546 5299/4588/546 5377/4666/546
s 1
f 5379/4668/604 8509/7664/600 5380/4669/600
f 5381/4670/551 5059/4348/552 5058/4347/495
f 5063/4352/555 5062/4351/554 5383/4672/636
f 5384/4673/497 8489/7644/548 5216/4505/548
s 0
f 5355/4644/732 5354/4643/732 5344/4633/732
s 1
f 5387/4676/506 8510/7665/506 5385/4674/637
f 8510/7665/506 5412/4701/1 5385/4674/637
f 5388/4677/596 5399/4688/596 5389/4678/597
f 5393/4682/641 5417/4706/641 5394/4683/583
f 5396/4685/510 5405/4694/541 5397/4686/642
f 5376/4665/538 5375/4664/538 5399/4688/596
s 0
f 5400/4689/744 8511/7666/744 5401/4690/744
f 5403/4692/584 8491/7646/584 5232/4521/584
s 1
f 5405/4694/541 5381/4670/551 5382/4671/635
f 5406/4695/496 8512/7667/510 5407/4696/643
f 5157/4446/496 5159/4448/496 5165/4454/593
f 5409/4698/646 5416/4705/651 5410/4699/647
f 5412/4701/1 5422/4711/501 5413/4702/649
s 0
f 5401/4690/1267 8511/7666/1267 5414/4703/1267
s 1
f 5416/4705/651 5406/4695/496 5408/4697/645
f 5393/4682/641 8510/7665/506 5387/4676/506
f 5418/4707/544 5395/4684/583 5394/4683/583
f 5418/4707/544 5419/4708/544 5420/4709/500
f 4973/4262/503 8451/7606/503 5322/4611/620
f 5422/4711/501 5409/4698/646 5411/4700/648
f 5374/4663/517 8513/7668/500 5423/4712/500
f 5425/4714/652 5359/4648/629 5360/4649/629
f 5347/4636/548 5165/4454/593 5164/4453/593
f 5427/4716/531 5017/4306/531 4960/4249/493
f 5429/4718/529 5015/4304/529 5017/4306/531
f 5430/4719/528 5013/4302/528 5014/4303/529
f 5432/4721/555 5011/4300/527 5013/4302/528
f 5010/4299/526 5011/4300/527 5432/4721/555
f 5434/4723/525 5008/4297/525 5010/4299/526
f 5435/4724/2 5006/4295/2 5008/4297/525
f 5436/4725/518 5004/4293/518 5006/4295/2
f 5002/4291/523 5004/4293/518 5436/4725/518
f 5044/4333/545 5444/4733/641 5438/4727/641
f 5389/4678/597 8514/7669/609 5439/4728/653
f 4990/4279/516 4989/4278/515 5190/4479/521
s 0
f 5415/4704/1264 5414/4703/1264 5312/4601/1264
s 1
f 5055/4344/551 5056/4345/551 5236/4525/541
f 5441/4730/621 5496/4785/621 5155/4444/591
f 8515/7670/655 5367/4656/634 5443/4732/655
f 5367/4656/634 5285/4574/541 5443/4732/655
f 5285/4574/541 5286/4575/510 5443/4732/655
f 5444/4733/641 5521/4810/617 5445/4734/617
s 0
f 5289/4578/732 4975/4264/732 4977/4266/732
s 1
f 5428/4717/493 4960/4249/493 4962/4251/495
f 5144/4433/525 5143/4432/587 5447/4736/656
s 0
f 5450/4739/3 8516/7671/3 8517/7672/3
f 8516/7671/3 8518/7673/3 8517/7672/3
f 8517/7672/3 8519/7674/3 5450/4739/3
f 8519/7674/3 8520/7675/3 5450/4739/3
f 8520/7675/3 8521/7676/3 5450/4739/3
f 8521/7676/3 8522/7677/3 5450/4739/3
f 8522/7677/3 8523/7678/3 5450/4739/3
f 8523/7678/3 5448/4737/3 5450/4739/3
s 1
f 5451/4740/657 5637/4926/657 5452/4741/658
s 0
f 5377/4666/588 5166/4455/588 5168/4457/588
s 1
f 5038/4327/531 5037/4326/542 5454/4743/659
s 0
f 5455/4744/2 5568/4857/2 5456/4745/2
s 1
f 5281/4570/584 8467/7622/584 5052/4341/584
f 5305/4594/535 5304/4593/535 5458/4747/660
s 0
f 8524/7679/9 8471/7626/9 5460/4749/9
f 8471/7626/9 5122/4411/9 5460/4749/9
f 5122/4411/9 8525/7680/9 5459/4748/9
f 8525/7680/9 8526/7681/9 5459/4748/9
f 8526/7681/9 8527/7682/9 5459/4748/9
f 5463/4752/1 5510/4799/1 5461/4750/1
f 5510/4799/1 5509/4798/1 5461/4750/1
f 5298/4587/584 5297/4586/584 5403/4692/584
s 1
f 5464/4753/661 8528/7683/1270 5433/4722/553
f 5217/4506/607 8466/7621/1 5043/4332/1
f 5309/4598/495 8502/7657/698 5352/4641/551
f 8529/7684/1271 5051/4340/549 5151/4440/590
f 5051/4340/549 5050/4339/548 5151/4440/590
s 0
f 8530/7685/3 8516/7671/3 5466/4755/3
f 8516/7671/3 5450/4739/3 5466/4755/3
f 5450/4739/3 8531/7686/3 8532/7687/3
f 8532/7687/3 8533/7688/3 5450/4739/3
f 8533/7688/3 8534/7689/3 5450/4739/3
f 8534/7689/3 8535/7690/3 5450/4739/3
f 8535/7690/3 8536/7691/3 5450/4739/3
f 8536/7691/3 5465/4754/3 5450/4739/3
s 1
f 5467/4756/662 5435/4724/2 5434/4723/525
s 0
f 8537/7692/1 8538/7693/1 5471/4760/1
f 8538/7693/1 5640/4929/1 5471/4760/1
f 5640/4929/1 5469/4758/1 5471/4760/1
s 1
f 5439/4728/653 8514/7669/609 5474/4763/514
f 5499/4788/514 5477/4766/666 5476/4765/514
f 5477/4766/666 5481/4770/670 5478/4767/667
f 5479/4768/668 8539/7694/1272 5427/4716/531
f 5480/4769/669 5482/4771/671 5478/4767/667
f 4981/4270/508 8453/7608/508 5482/4771/671
f 5483/4772/495 5479/4768/668 5428/4717/493
f 5050/4339/548 5347/4636/548 4970/4259/501
f 5484/4773/586 8540/7695/586 5368/4657/595
f 5113/4402/544 5291/4580/500 5485/4774/672
f 5487/4776/674 5392/4681/640 5152/4441/585
f 5152/4441/585 5134/4423/585 5487/4776/674
s 0
f 5488/4777/2 5067/4356/2 5069/4358/2
s 1
f 5427/4716/531 8539/7694/1272 5490/4779/675
f 8539/7694/1272 8541/7696/1273 5490/4779/675
f 5490/4779/675 8542/7697/687 5429/4718/529
f 5491/4780/676 5464/4753/661 5432/4721/555
f 5492/4781/677 5436/4725/518 5435/4724/2
s 0
f 5345/4634/1274 8501/7656/505 5493/4782/1274
s 1
f 5380/4669/600 8509/7664/600 5494/4783/619
s 0
f 5329/4618/580 8498/7653/580 5306/4595/580
f 5495/4784/1263 5400/4689/1263 5402/4691/1263
s 1
f 5197/4486/599 8487/7642/1262 5496/4785/621
f 5472/4761/664 5437/4726/523 5436/4725/518
f 5437/4726/523 5473/4762/665 5497/4786/678
f 5497/4786/678 5001/4290/522 5002/4291/523
f 5500/4789/680 4998/4287/516 5001/4290/522
s 0
f 8543/7698/2 8544/7699/2 5501/4790/2
f 8544/7699/2 5488/4777/2 5501/4790/2
s 1
f 5433/4722/553 8528/7683/1270 5468/4757/663
f 8528/7683/1270 8545/7700/1275 5468/4757/663
f 5502/4791/679 4999/4288/514 4998/4287/516
s 0
f 5503/4792/9 8546/7701/9 5504/4793/9
s 1
f 5506/4795/652 8547/7702/652 5507/4796/601
s 0
f 5508/4797/1 8548/7703/1 5509/4798/1
f 5462/4751/143 7138/6427/143 5511/4800/143
s 1
f 8549/7704/681 8550/7705/681 5514/4803/681
f 8550/7705/681 5512/4801/681 5514/4803/681
s 0
f 5513/4802/681 8551/7706/681 8552/7707/681
f 8551/7706/681 8553/7708/681 8552/7707/681
f 5513/4802/681 8552/7707/681 5514/4803/681
f 5515/4804/683 8554/7709/683 5516/4805/683
f 5520/4809/1 8555/7710/1 5518/4807/1
f 5518/4807/1 8556/7711/1 5519/4808/1
s 1
f 5521/4810/617 8465/7620/544 5040/4329/544
s 0
f 5522/4811/9 8557/7712/9 5523/4812/9
f 5525/4814/1 5566/4855/1 5526/4815/1
f 5529/4818/8 8558/7713/8 5530/4819/8
f 8558/7713/8 8559/7714/8 8560/7715/8
f 5530/4819/8 8558/7713/8 8561/7716/8
f 8560/7715/8 8561/7716/8 8558/7713/8
f 8562/7717/1276 5529/4818/1276 5528/4817/1276
f 8563/7718/8 5533/4822/8 5532/4821/8
f 5533/4822/8 8564/7719/8 8565/7720/8
f 5531/4820/8 5533/4822/8 8565/7720/8
f 8564/7719/1277 8566/7721/1277 8567/7722/1277
f 8564/7719/8 8567/7722/8 8565/7720/8
f 5534/4823/9 8568/7723/9 5535/4824/9
f 5537/4826/683 8569/7724/683 5538/4827/683
f 5542/4831/2 8570/7725/2 5540/4829/2
f 5541/4830/2 8571/7726/2 5542/4831/2
s 1
f 5111/4400/581 8572/7727/684 5543/4832/684
f 5543/4832/684 8573/7728/654 5157/4446/496
f 8573/7728/654 8483/7638/510 5157/4446/496
s 0
f 5544/4833/9 8557/7712/9 5522/4811/9
s 1
f 4969/4258/1 4978/4267/506 5546/4835/685
f 5287/4576/617 5113/4402/544 5486/4775/673
s 0
f 4976/4265/650 8452/7607/650 5547/4836/650
f 5548/4837/1 8574/7729/1 5549/4838/1
f 8574/7729/1 8575/7730/1 5549/4838/1
f 5549/4838/1 8576/7731/1 5550/4839/1
s 1
f 5483/4772/495 5446/4735/495 5055/4344/551
s 0
f 5553/4842/2 5599/4888/2 5551/4840/2
f 5599/4888/2 8577/7732/2 5551/4840/2
f 5551/4840/2 8578/7733/2 5552/4841/2
f 5554/4843/686 8579/7734/686 5555/4844/686
f 5557/4846/8 8580/7735/8 5558/4847/8
s 1
f 5561/4850/688 8581/7736/688 5491/4780/676
f 5430/4719/528 5431/4720/529 5560/4849/687
f 5561/4850/688 5491/4780/676 5430/4719/528
s 0
f 5564/4853/8 8582/7737/8 8583/7738/8
f 5562/4851/8 8584/7739/8 5563/4852/8
f 5564/4853/8 8583/7738/8 5562/4851/8
f 5565/4854/1 5617/4906/1 5526/4815/1
f 5567/4856/2 5588/4877/2 5456/4745/2
s 1
f 4978/4267/506 5152/4441/585 5391/4680/639
s 0
f 5571/4860/8 7245/6534/8 5572/4861/8
f 5574/4863/8 8585/7740/8 5575/4864/8
f 5575/4864/8 5563/4852/8 5573/4862/8
f 5563/4852/8 8584/7739/8 5573/4862/8
f 5576/4865/9 8586/7741/9 5577/4866/9
f 5526/4815/1 5617/4906/1 5579/4868/1
f 8587/7742/8 5581/4870/8 5580/4869/8
f 5581/4870/8 8588/7743/8 5582/4871/8
f 5571/4860/8 5559/4848/8 5558/4847/8
f 8589/7744/8 5586/4875/8 5585/4874/8
f 5586/4875/8 8590/7745/8 5584/4873/8
f 5456/4745/2 5588/4877/2 5587/4876/2
f 5488/4777/2 8544/7699/2 5587/4876/2
f 5589/4878/1 8591/7746/1 5590/4879/1
f 8592/7747/689 8593/7748/689 5594/4883/689
s 1
f 5594/4883/689 5657/4946/694 5592/4881/689
f 5657/4946/694 5623/4912/694 8594/7749/689
f 5592/4881/689 5657/4946/694 8594/7749/689
f 5623/4912/694 8595/7750/689 8594/7749/689
s 0
f 8595/7750/689 8596/7751/689 8594/7749/689
f 5593/4882/746 8592/7747/746 5594/4883/746
f 5559/4848/8 5572/4861/8 5595/4884/8
f 5576/4865/9 5578/4867/9 5596/4885/9
f 5553/4842/2 7235/6524/2 5598/4887/2
f 5600/4889/686 8597/7752/686 5601/4890/686
s 1
f 5603/4892/690 5633/4922/690 5604/4893/691
s 0
f 5511/4800/1 5636/4925/1 5579/4868/1
f 5548/4837/1 5550/4839/1 5606/4895/1
f 5512/4801/681 8550/7705/681 5608/4897/681
f 8550/7705/681 8598/7753/681 5608/4897/681
f 8599/7754/1278 8600/7755/1278 5609/4898/1278
f 8600/7755/681 5610/4899/681 5609/4898/681
f 5512/4801/681 5608/4897/681 5610/4899/681
f 5510/4799/1 5617/4906/1 5565/4854/1
f 5611/4900/2 8601/7756/2 5612/4901/2
f 8601/7756/2 8602/7757/2 5612/4901/2
f 5612/4901/2 8603/7758/2 5613/4902/2
f 5614/4903/2 8604/7759/2 5615/4904/2
f 5463/4752/1 5579/4868/1 5617/4906/1
f 5618/4907/2 8601/7756/2 5611/4900/2
s 1
f 5452/4741/658 5637/4926/657 5620/4909/657
s 0
f 8605/7760/746 8606/7761/746 8607/7762/746
f 8607/7762/689 8608/7763/689 8605/7760/689
f 8608/7763/746 8609/7764/746 8605/7760/746
f 5622/4911/689 8610/7765/689 8595/7750/689
s 1
f 5622/4911/689 8595/7750/689 5623/4912/694
f 5624/4913/694 8605/7760/689 8609/7764/689
f 8609/7764/689 5622/4911/689 5624/4913/694
f 5604/4893/691 5633/4922/690 5625/4914/690
s 0
f 5627/4916/9 8611/7766/9 5628/4917/9
s 1
f 8612/7767/3 5634/4923/695 8613/7768/3
f 5634/4923/695 8614/7769/695 8615/7770/3
f 8616/7771/3 5634/4923/695 8615/7770/3
f 8614/7769/695 8617/7772/3 8615/7770/3
f 8616/7771/3 8613/7768/3 5634/4923/695
s 0
f 8613/7768/3 8618/7773/3 8612/7767/3
f 8619/7774/3 5631/4920/3 8620/7775/3
f 5631/4920/3 8612/7767/3 8621/7776/3
f 8620/7775/3 5631/4920/3 5630/4919/3
f 8622/7777/3 8623/7778/3 8619/7774/3
f 8620/7775/3 8622/7777/3 8619/7774/3
f 8612/7767/3 8618/7773/3 8621/7776/3
f 8624/7779/3 8625/7780/3 5631/4920/3
f 8625/7780/3 5632/4921/3 5631/4920/3
f 8621/7776/3 8624/7779/3 5631/4920/3
s 1
f 5633/4922/690 8614/7769/695 5634/4923/695
f 5623/4912/694 5452/4741/658 5621/4910/658
s 0
f 8626/7781/1 5635/4924/1 5636/4925/1
f 5635/4924/1 8627/7782/1 5527/4816/1
f 8627/7782/1 5525/4814/1 5527/4816/1
f 5527/4816/1 5579/4868/1 5636/4925/1
f 5636/4925/1 7137/6426/1 8626/7781/1
s 1
f 5637/4926/657 5604/4893/691 5626/4915/691
s 0
f 5638/4927/2 5067/4356/2 5567/4856/2
f 5067/4356/2 5488/4777/2 5588/4877/2
f 5640/4929/1 8538/7693/1 5641/4930/1
f 8628/7783/112 8629/7784/112 8630/7785/112
f 8630/7785/112 8631/7786/112 8628/7783/112
f 8631/7786/112 8632/7787/112 5645/4934/112
f 8632/7787/112 8633/7788/112 5643/4932/112
f 5643/4932/112 8634/7789/112 8635/7790/112
f 8635/7790/112 8636/7791/112 5643/4932/112
f 8636/7791/112 5644/4933/112 5643/4932/112
f 5644/4933/112 8637/7792/112 8638/7793/112
f 8638/7793/112 8639/7794/112 5644/4933/112
f 8639/7794/112 5645/4934/112 5644/4933/112
f 5645/4934/112 8628/7783/112 8631/7786/112
f 8632/7787/112 5643/4932/112 5645/4934/112
s 1
f 4946/4235/485 8640/7795/2 5646/4935/2
f 5646/4935/2 8641/7796/2 4944/4233/485
s 0
f 5647/4936/683 8642/7797/683 5648/4937/683
f 5650/4939/9 8643/7798/9 5651/4940/9
s 1
f 8614/7769/695 5656/4945/695 8644/7799/3
f 5656/4945/695 8645/7800/3 8646/7801/3
f 8644/7799/3 5656/4945/695 8647/7802/3
s 0
f 8645/7800/3 5653/4942/3 5655/4944/3
f 5653/4942/3 8648/7803/3 8649/7804/3
f 8648/7803/3 8650/7805/3 8651/7806/3
f 8648/7803/3 8651/7806/3 8649/7804/3
s 1
f 8617/7772/3 8614/7769/695 8644/7799/3
f 8647/7802/3 5656/4945/695 8646/7801/3
s 0
f 5653/4942/3 8649/7804/3 8652/7807/3
f 5653/4942/3 8652/7807/3 8653/7808/3
f 5653/4942/3 8653/7808/3 8654/7809/3
f 5653/4942/3 8654/7809/3 5654/4943/3
f 8655/7810/3 8646/7801/3 8645/7800/3
f 5655/4944/3 8655/7810/3 8645/7800/3
s 1
f 5656/4945/695 8614/7769/695 5633/4922/690
f 5453/4742/658 5452/4741/658 5623/4912/694
s 0
f 8656/7811/2 5658/4947/2 5568/4857/2
f 5658/4947/2 8657/7812/2 5639/4928/2
f 8657/7812/2 7226/6515/2 5639/4928/2
f 5639/4928/2 5567/4856/2 5568/4857/2
f 5568/4857/2 5455/4744/2 8656/7811/2
s 1
f 5605/4894/692 5604/4893/691 5637/4926/657
s 0
f 8658/7813/112 8659/7814/112 5660/4949/112
f 5660/4949/112 8660/7815/112 8661/7816/112
f 8661/7816/112 8662/7817/112 5661/4950/112
f 5661/4950/112 8663/7818/112 8664/7819/112
f 8664/7819/112 8665/7820/112 8666/7821/112
f 8666/7821/112 8667/7822/112 8668/7823/112
f 8668/7823/112 8669/7824/112 8666/7821/112
f 8669/7824/112 5659/4948/112 8666/7821/112
f 5659/4948/112 8658/7813/112 5660/4949/112
f 5660/4949/112 8661/7816/112 5661/4950/112
f 5661/4950/112 8664/7819/112 5659/4948/112
f 8664/7819/112 8666/7821/112 5659/4948/112
s 1
f 5663/4952/1 8670/7825/1 5228/4517/492
f 5228/4517/492 5227/4516/492 5663/4952/1
s 0
f 5664/4953/683 8671/7826/683 5665/4954/683
s 1
f 5667/4956/492 5670/4959/602 5668/4957/602
f 5670/4959/602 5672/4961/601 5671/4960/601
f 5672/4961/601 8672/7827/652 5673/4962/652
f 5674/4963/629 5678/4967/629 5675/4964/652
f 5677/4966/623 5680/4969/623 5678/4967/629
f 5677/4966/623 8673/7828/696 5679/4968/696
f 5683/4972/697 8674/7829/626 5681/4970/2
f 8674/7829/626 8675/7830/2 5681/4970/2
f 5684/4973/495 5944/5233/495 5685/4974/698
f 5687/4976/555 6097/5386/527 5688/4977/528
f 6294/5583/514 5691/4980/666 5690/4979/514
f 5691/4980/666 5766/5055/670 5692/4981/667
f 5693/4982/2 5703/4992/2 5694/4983/525
f 5696/4985/564 6135/5424/563 5697/4986/565
s 0
f 5699/4988/584 6273/5562/584 5700/4989/584
s 1
f 5702/4991/518 5858/5147/603 5703/4992/2
f 5704/4993/508 8676/7831/1279 5705/4994/671
f 5689/4978/528 5688/4977/528 5707/4996/529
f 5709/4998/575 5919/5208/716 5710/4999/576
f 5712/5001/500 6155/5444/544 5713/5002/544
f 5715/5004/514 5755/5044/609 5716/5005/699
f 5720/5009/506 6072/5361/506 5718/5007/700
f 6072/5361/506 5865/5154/1 5718/5007/700
f 5721/5010/500 5724/5013/544 5722/5011/702
f 5724/5013/544 5727/5016/583 5725/5014/617
f 5726/5015/585 5729/5018/585 5725/5014/617
f 5726/5015/585 5730/5019/545 5728/5017/545
f 5730/5019/545 5733/5022/1 5731/5020/1
f 5732/5021/607 5735/5024/607 5731/5020/1
f 5732/5021/607 5736/5025/548 5734/5023/548
f 5736/5025/548 5739/5028/593 5737/5026/593
f 5738/5027/496 5741/5030/496 5737/5026/593
f 5738/5027/496 6144/5433/510 5740/5029/510
f 5742/5031/541 5745/5034/703 5743/5032/510
f 5742/5031/541 5686/4975/698 5685/4974/698
f 5746/5035/566 8677/7832/566 5747/5036/704
f 5749/5038/612 6052/5341/568 5750/5039/568
f 5752/5041/566 8678/7833/566 5753/5042/567
f 5755/5044/609 6003/5292/597 5756/5045/597
f 5757/5046/496 8679/7834/510 5758/5047/707
f 5760/5049/708 8680/7835/529 5761/5050/529
f 5763/5052/510 6171/5460/738 5764/5053/642
f 5706/4995/669 5705/4994/671 5692/4981/667
f 5767/5056/516 8681/7836/514 5768/5057/514
f 5770/5059/2 6152/5441/603 5771/5060/603
s 0
f 5773/5062/584 6015/5304/584 5774/5063/584
s 1
f 5776/5065/661 8682/7837/1270 5777/5066/526
s 0
f 5779/5068/588 6013/5302/588 5780/5069/588
s 1
f 5782/5071/493 5943/5232/493 5684/4973/495
f 5784/5073/551 6095/5384/495 5785/5074/495
f 5698/4987/565 5697/4986/565 5787/5076/566
f 5789/5078/646 6096/5385/582 5790/5079/647
f 5792/5081/556 5917/5206/616 5793/5082/616
s 0
f 5795/5084/143 7143/6432/143 5796/5085/143
s 1
f 5798/5087/610 5802/5091/610 5799/5088/559
f 5801/5090/599 8683/7838/599 5802/5091/610
f 5803/5092/621 8683/7838/599 5801/5090/599
f 5805/5094/591 5807/5096/503 5803/5092/621
f 5806/5095/502 5809/5098/502 5807/5096/503
f 5808/5097/533 8684/7839/533 5809/5098/502
f 5810/5099/537 8685/7840/533 5811/5100/533
f 5813/5102/535 5815/5104/535 5810/5099/537
f 5814/5103/536 5817/5106/536 5815/5104/535
f 5816/5105/586 8686/7841/586 5817/5106/536
f 5818/5107/595 8687/7842/586 5819/5108/586
f 5821/5110/604 8688/7843/604 5818/5107/595
f 5822/5111/600 8688/7843/604 5821/5110/604
f 5824/5113/513 8689/7844/512 5822/5111/600
f 5825/5114/618 8689/7844/512 5824/5113/513
f 5827/5116/578 6000/5289/579 5825/5114/618
s 0
f 5828/5117/580 5849/5138/580 5829/5118/580
f 5831/5120/546 8690/7845/546 5832/5121/546
s 1
f 5834/5123/676 5776/5065/661 5778/5067/527
f 5836/5125/516 8691/7846/516 5837/5126/521
s 0
f 5839/5128/546 5861/5150/546 5840/5129/546
f 5842/5131/550 8692/7847/550 5843/5132/550
f 8693/7848/9 8694/7849/9 5847/5136/9
f 8694/7849/9 5845/5134/9 5847/5136/9
f 5845/5134/9 8695/7850/9 5846/5135/9
f 8695/7850/9 8696/7851/9 5846/5135/9
f 8696/7851/9 8697/7852/9 5846/5135/9
f 5848/5137/588 5868/5157/588 5849/5138/588
f 5850/5139/580 8690/7845/580 5831/5120/580
f 5852/5141/584 8692/7847/584 5842/5131/584
f 5856/5145/588 8698/7853/588 8699/7854/588
f 8699/7854/584 8700/7855/584 5856/5145/584
f 8700/7855/505 8701/7856/505 5856/5145/505
f 8701/7856/584 8702/7857/584 5856/5145/584
f 8702/7857/584 8703/7858/584 5856/5145/584
f 8703/7858/505 8704/7859/505 5856/5145/505
s 1
f 8704/7859/584 5854/5143/584 5856/5145/584
f 5857/5146/523 5895/5184/603 5858/5147/603
f 5860/5149/650 8705/7860/650 5861/5150/650
f 5862/5151/712 8706/7861/570 5863/5152/570
f 5865/5154/1 6163/5452/501 5866/5155/713
s 0
f 5867/5156/580 8707/7862/580 5868/5157/580
f 5869/5158/625 5850/5139/625 5851/5140/625
s 1
f 5871/5160/662 5693/4982/2 5695/4984/525
f 5859/5148/523 5858/5147/603 5702/4991/518
s 0
f 5874/5163/732 8705/7860/732 5860/5149/732
s 1
f 5876/5165/714 5748/5037/705 5747/5036/704
f 5835/5124/528 5885/5174/528 5878/5167/529
s 0
f 5880/5169/580 8707/7862/580 5867/5156/580
f 5882/5171/650 5869/5158/650 5870/5159/650
s 1
f 5884/5173/527 5934/5223/528 5885/5174/528
s 0
f 5887/5176/584 6016/5305/584 5888/5177/584
s 1
f 5833/5122/584 5832/5121/584 5874/5163/584
f 5694/4983/525 8708/7863/525 5890/5179/526
s 0
f 5892/5181/505 6002/5291/505 5893/5182/505
f 5841/5130/584 5840/5129/584 5880/5169/584
f 5844/5133/584 5843/5132/584 5882/5171/584
s 1
f 5895/5184/603 5913/5202/2 5703/4992/2
f 5896/5185/551 8709/7864/738 5897/5186/541
f 5899/5188/548 8710/7865/501 5900/5189/501
f 5902/5191/570 8711/7866/570 5903/5192/571
f 5905/5194/538 6004/5293/596 5906/5195/596
f 5908/5197/641 6073/5362/641 5909/5198/583
f 5900/5189/501 8710/7865/501 5911/5200/1
f 5913/5202/2 8708/7863/525 5694/4983/525
f 5912/5201/1 5911/5200/1 5914/5203/506
f 5916/5205/560 6220/5509/560 5793/5082/616
f 5709/4998/575 6086/5375/573 5918/5207/573
f 5920/5209/486 6232/5521/717 5921/5210/717
f 5915/5204/506 5914/5203/506 5923/5212/585
f 5925/5214/572 5904/5193/715 5903/5192/571
f 5923/5212/585 5941/5230/583 5927/5216/617
f 5928/5217/578 5964/5253/578 5929/5218/577
s 0
f 5931/5220/709 8712/7867/709 5932/5221/709
s 1
f 5934/5223/528 8713/7868/529 5878/5167/529
f 5935/5224/524 6185/5474/525 5936/5225/553
f 5938/5227/529 8714/7869/530 5939/5228/531
f 5941/5230/583 8715/7870/544 5942/5231/544
f 5943/5232/493 5955/5244/532 5944/5233/495
f 5942/5231/544 8715/7870/544 5945/5234/500
f 5947/5236/626 5920/5209/486 5922/5211/486
f 5949/5238/510 8716/7871/510 5950/5239/496
s 0
f 5952/5241/584 5773/5062/584 5775/5064/584
s 1
f 5950/5239/496 8717/7872/582 5954/5243/582
f 5939/5228/531 8714/7869/530 5955/5244/532
f 5956/5245/500 8718/7873/517 5957/5246/517
f 5959/5248/558 5800/5089/556 5799/5088/559
f 5957/5246/517 8718/7873/517 5905/5194/538
f 5897/5186/541 8709/7864/738 5961/5250/510
f 5954/5243/582 8717/7872/582 5899/5188/548
f 5963/5252/719 5966/5255/511 5964/5253/578
f 5965/5254/619 5968/5257/619 5966/5255/511
f 5967/5256/600 5970/5259/720 5968/5257/619
f 5969/5258/604 8719/7874/1280 5970/5259/720
f 5971/5260/595 8719/7874/1280 5969/5258/604
f 5973/5262/586 5971/5260/595 5972/5261/595
f 5975/5264/534 8720/7875/586 5976/5265/721
f 5978/5267/535 8721/7876/535 5975/5264/534
f 5979/5268/537 8721/7876/535 5978/5267/535
f 5981/5270/533 8722/7877/533 5979/5268/537
f 5982/5271/722 5986/5275/723 5983/5272/533
f 5985/5274/503 8723/7878/503 5986/5275/723
f 5987/5276/620 8723/7878/503 5985/5274/503
f 5989/5278/599 5987/5276/620 5988/5277/620
f 5991/5280/557 5989/5278/599 5990/5279/599
f 5792/5081/556 5794/5083/556 5991/5280/557
s 0
f 5993/5282/584 6175/5464/584 5994/5283/584
f 5995/5284/1281 5994/5283/1281 5852/5141/1281
s 1
f 5830/5119/584 5829/5118/584 5996/5285/584
f 5940/5229/529 5939/5228/531 5998/5287/531
f 5837/5126/521 5857/5146/523 5859/5148/523
f 5827/5116/578 5711/5000/577 5710/4999/576
f 5892/5181/709 6162/5451/709 6001/5290/709
f 6003/5292/597 5906/5195/596 6004/5293/596
f 6005/5294/514 8691/7846/516 5836/5125/516
f 6007/5296/611 5930/5219/577 5929/5218/577
s 0
f 6009/5298/584 6045/5334/584 6010/5299/584
s 1
f 6012/5301/584 6182/5471/584 5780/5069/505
f 6014/5303/594 6091/5380/594 5774/5063/594
s 0
f 6016/5305/550 6058/5347/550 6017/5306/550
s 1
f 6018/5307/724 6176/5465/568 6019/5308/725
s 0
f 6021/5310/584 6219/5508/584 6022/5311/584
s 1
f 6024/5313/495 5896/5185/551 5898/5187/551
s 0
f 6026/5315/550 8724/7879/550 6027/5316/550
s 1
f 6029/5318/570 5749/5038/612 5751/5040/569
s 0
f 6031/5320/632 6049/5338/632 6032/5321/632
f 6034/5323/709 6079/5368/709 6035/5324/709
s 1
f 6037/5326/561 6077/5366/560 6038/5327/560
f 6040/5329/566 6020/5309/726 6019/5308/725
s 0
f 5932/5221/550 8712/7867/550 6042/5331/550
s 1
f 6009/5298/580 6218/5507/584 6044/5333/584
f 6046/5335/490 8725/7880/490 6047/5336/491
s 0
f 6049/5338/606 8726/7881/606 6050/5339/606
f 6035/5324/1268 6064/5353/1268 6051/5340/1268
s 1
f 6052/5341/568 5754/5043/706 5753/5042/567
f 8727/7882/1 7232/6521/492 6055/5344/1
f 7232/6521/492 6053/5342/492 6055/5344/1
s 0
f 6043/5332/584 6042/5331/584 6056/5345/584
s 1
f 5997/5286/550 5996/5285/550 6017/5306/550
s 0
f 6059/5348/550 6216/5505/550 6060/5349/550
s 1
f 5891/5180/526 5886/5175/527 5778/5067/527
s 0
f 6050/5339/584 8726/7881/584 6062/5351/584
f 6064/5353/744 6076/5365/744 6065/5354/744
s 1
f 6066/5355/493 5760/5049/708 5762/5051/531
s 0
f 6068/5357/606 6078/5367/606 6069/5358/606
f 6056/5345/550 8728/7883/550 6071/5360/550
s 1
f 6072/5361/506 5720/5009/506 6073/5362/641
f 6074/5363/489 8725/7880/490 6046/5335/490
s 0
f 6063/5352/732 6062/5351/732 5931/5220/732
s 1
f 6076/5365/546 8724/7879/546 6026/5315/546
f 6077/5366/560 5959/5248/558 5960/5249/558
s 0
f 6078/5367/1265 6031/5320/1264 6033/5322/1264
f 6071/5360/632 8728/7883/632 6079/5368/632
s 1
f 6080/5369/668 8729/7884/1282 5998/5287/531
f 6081/5370/572 6093/5382/572 6082/5371/571
s 0
f 6085/5374/550 8698/7853/550 5856/5145/550
f 5856/5145/580 8730/7885/580 8731/7886/580
f 8731/7886/580 8732/7887/580 5856/5145/580
f 8732/7887/625 8733/7888/625 5856/5145/625
f 8733/7888/584 8734/7889/584 5856/5145/584
f 8734/7889/584 8735/7890/584 5856/5145/584
f 8735/7890/606 6084/5373/606 5856/5145/606
s 1
f 5925/5214/572 5926/5215/572 5918/5207/573
f 6087/5376/731 8736/7891/597 6088/5377/609
f 6090/5379/606 6170/5459/606 6091/5380/606
f 6092/5381/573 6217/5506/573 6093/5382/572
f 6094/5383/493 6117/5406/659 5785/5074/495
f 6096/5385/582 5757/5046/496 5759/5048/645
f 5687/4976/555 5937/5226/718 5936/5225/553
s 0
f 6070/5359/628 6059/5348/628 6061/5350/628
s 1
f 6124/5413/2 6130/5419/518 6100/5389/734
f 6130/5419/518 6098/5387/518 6100/5389/734
f 6101/5390/596 6154/5443/538 6102/5391/539
f 6106/5395/735 6132/5421/522 6107/5396/598
f 6109/5398/529 8737/7892/540 6110/5399/542
f 6103/5392/596 8736/7891/597 6087/5376/731
s 0
f 6112/5401/588 6128/5417/588 6113/5402/588
f 6115/5404/505 5952/5241/505 5953/5242/505
s 1
f 6111/5400/531 6110/5399/542 6117/5406/659
f 6118/5407/528 6129/5418/636 6119/5408/540
f 5886/5175/527 5885/5174/528 5835/5124/528
f 6121/5410/553 6136/5425/656 6122/5411/554
f 6124/5413/2 6100/5389/734 6125/5414/737
s 0
f 6127/5416/584 6156/5445/584 6128/5417/584
s 1
f 6123/5412/527 6122/5411/554 6129/5418/636
f 6107/5396/598 6098/5387/518 6130/5419/518
f 6131/5420/516 6134/5423/516 6132/5421/522
f 6133/5422/514 8738/7893/514 6134/5423/516
f 6037/5326/561 6039/5328/562 6135/5424/563
f 6126/5415/525 6125/5414/737 6136/5425/656
f 6088/5377/609 8739/7894/514 6137/5426/514
f 6138/5427/488 6074/5363/489 6075/5364/489
f 5890/5179/526 5884/5173/527 5886/5175/527
f 6140/5429/551 5686/4975/698 5742/5031/541
f 6141/5430/738 5742/5031/541 5744/5033/510
f 6143/5432/496 8740/7895/510 6144/5433/510
f 6145/5434/582 6143/5432/496 5738/5027/496
f 6146/5435/548 6145/5434/582 5739/5028/593
f 6147/5436/501 6146/5435/548 5736/5025/548
f 6147/5436/501 5732/5021/607 5733/5022/1
f 6149/5438/506 6148/5437/1 5733/5022/1
f 6150/5439/585 6149/5438/506 5730/5019/545
f 6151/5440/598 6161/5450/598 5771/5060/603
f 6153/5442/517 6196/5485/517 6102/5391/539
f 5910/5199/583 5909/5198/583 5713/5002/544
f 6127/5416/546 6028/5317/546 6027/5316/546
f 5998/5287/531 5939/5228/531 5943/5232/493
f 6157/5446/561 5876/5165/714 5877/5166/564
f 5998/5287/531 8729/7884/1282 6159/5448/739
f 8729/7884/1282 8741/7896/675 6159/5448/739
f 6159/5448/739 8742/7897/687 5999/5288/529
f 6160/5449/521 6246/5535/522 6161/5450/598
s 0
f 5699/4988/732 5701/4990/732 6001/5290/732
s 1
f 6140/5429/551 5783/5072/495 5684/4973/495
f 6163/5452/501 5789/5078/646 5791/5080/710
s 0
f 8743/7898/3 8744/7899/3 6165/5454/3
f 8744/7899/3 6166/5455/3 6165/5454/3
f 6166/5455/3 8745/7900/3 8746/7901/3
f 8746/7901/3 8747/7902/3 6166/5455/3
f 8747/7902/3 8748/7903/3 6166/5455/3
f 8748/7903/3 8749/7904/3 6166/5455/3
f 8749/7904/3 8750/7905/3 6166/5455/3
f 8750/7905/3 6164/5453/3 6166/5455/3
s 1
f 6167/5456/658 6364/5653/657 6168/5457/657
s 0
f 5887/5176/550 5889/5178/550 6170/5459/550
s 1
f 6171/5460/738 5784/5073/551 5786/5075/635
s 0
f 6172/5461/1 6312/5601/1 6173/5462/1
s 1
f 5993/5282/584 5779/5068/584 5781/5070/584
f 6018/5307/724 5862/5151/712 5864/5153/712
s 0
f 5845/5134/9 8694/7849/9 6177/5466/9
f 8694/7849/9 8751/7906/9 6177/5466/9
f 8752/7907/9 8753/7908/9 6178/5467/9
f 8753/7908/9 5845/5134/9 6178/5467/9
f 6178/5467/9 8754/7909/9 8752/7907/9
f 6179/5468/2 6236/5525/2 6180/5469/2
f 6012/5301/584 6115/5404/584 6116/5405/584
s 1
f 6183/5472/547 6145/5434/582 6146/5435/548
f 5935/5224/524 5770/5059/2 5772/5061/2
f 6066/5355/493 6067/5356/532 6024/5313/495
f 5777/5066/526 8682/7837/1270 5872/5161/663
f 8682/7837/1270 8755/7910/1283 5872/5161/663
s 0
f 6166/5455/3 8744/7899/3 8756/7911/3
f 8744/7899/3 8757/7912/3 8756/7911/3
f 8756/7911/3 8758/7913/3 6166/5455/3
f 8758/7913/3 8759/7914/3 6166/5455/3
f 8759/7914/3 8760/7915/3 6166/5455/3
f 8760/7915/3 8761/7916/3 6166/5455/3
f 8761/7916/3 8762/7917/3 6166/5455/3
f 8762/7917/3 6186/5475/3 6166/5455/3
s 1
f 6147/5436/501 6148/5437/1 6188/5477/589
s 0
f 6192/5481/2 6366/5655/2 6190/5479/2
f 6366/5655/2 8763/7918/2 6190/5479/2
f 6190/5479/2 8764/7919/2 6191/5480/2
s 1
f 6195/5484/500 8765/7920/500 6196/5485/517
f 6203/5492/740 6198/5487/499 6197/5486/498
f 6198/5487/499 6223/5512/500 6199/5488/500
f 6200/5489/633 6140/5429/551 6141/5430/738
f 6197/5486/498 6204/5493/507 6202/5491/509
f 6204/5493/507 8676/7831/1279 5704/4993/508
f 6205/5494/495 5783/5072/495 6140/5429/551
f 5694/4983/525 5891/5180/526 5777/5066/526
f 6206/5495/570 6083/5372/571 6082/5371/571
f 6208/5497/741 6006/5295/514 5836/5125/516
f 5873/5162/523 6105/5394/665 6210/5499/678
f 6210/5499/678 5838/5127/521 5859/5148/523
s 0
f 5797/5086/711 6226/5515/711 6211/5500/711
f 6226/5515/711 8766/7921/711 6211/5500/711
s 1
f 8767/7922/655 6201/5490/634 6213/5502/743
f 6201/5490/634 6141/5430/738 6213/5502/743
f 6141/5430/738 6142/5431/510 6213/5502/743
f 6214/5503/581 6143/5432/496 6145/5434/582
f 6148/5437/1 6149/5438/506 6215/5504/685
s 0
f 6216/5505/1263 5894/5183/1263 5893/5182/1263
s 1
f 6092/5381/573 6007/5296/611 6008/5297/611
s 0
f 6023/5312/584 6022/5311/584 6044/5333/584
f 6114/5403/627 6113/5402/627 6219/5508/627
s 1
f 6157/5446/561 6158/5447/562 6220/5509/560
f 6149/5438/506 6150/5439/585 6193/5482/639
f 6221/5510/674 6194/5483/640 6150/5439/585
f 6150/5439/585 5726/5015/585 6221/5510/674
f 5727/5016/583 5724/5013/544 6224/5513/745
s 0
f 6225/5514/711 8766/7921/711 6226/5515/711
s 1
f 8768/7923/1284 6184/5473/549 6189/5478/590
f 6184/5473/549 6146/5435/548 6189/5478/590
f 5724/5013/544 5721/5010/500 6228/5517/672
s 0
f 6229/5518/9 8769/7924/9 6230/5519/9
s 1
f 6232/5521/717 8770/7925/488 6233/5522/488
s 0
f 8771/7926/2 8772/7927/2 6234/5523/2
f 8772/7927/2 6179/5468/2 6234/5523/2
f 6235/5524/2 7238/6527/2 6180/5469/2
s 1
f 6336/5625/681 8773/7928/681 6237/5526/681
f 8773/7928/681 8774/7929/681 6237/5526/681
s 0
f 8775/7930/681 8776/7931/681 6238/5527/681
f 8776/7931/681 6239/5528/681 6238/5527/681
f 6336/5625/681 6237/5526/681 6239/5528/681
f 6240/5529/682 8777/7932/682 6241/5530/682
f 6245/5534/2 8778/7933/2 6243/5532/2
f 6244/5533/2 8779/7934/2 6245/5534/2
s 1
f 6160/5449/521 5767/5056/516 5769/5058/516
s 0
f 6247/5536/9 8780/7935/9 6248/5537/9
f 6250/5539/2 6304/5593/2 6251/5540/2
f 8781/7936/8 6255/5544/8 6254/5543/8
f 6255/5544/8 8782/7937/8 8783/7938/8
f 6253/5542/8 6255/5544/8 8783/7938/8
f 8782/7937/475 8784/7939/475 8785/7940/475
f 8782/7937/8 8785/7940/8 8783/7938/8
f 6257/5546/8 8786/7941/8 6258/5547/8
f 8786/7941/8 8787/7942/8 8788/7943/8
f 6258/5547/8 8786/7941/8 8789/7944/8
f 8788/7943/8 8789/7944/8 8786/7941/8
f 8790/7945/8 6257/5546/8 6256/5545/8
f 6259/5548/9 8791/7946/9 6260/5549/9
f 6262/5551/683 8792/7947/683 6263/5552/683
f 6267/5556/1 8793/7948/1 6265/5554/1
f 6265/5554/1 8794/7949/1 6266/5555/1
s 1
f 6269/5558/688 8795/7950/688 5834/5123/676
f 5835/5124/528 5879/5168/529 6268/5557/687
f 6269/5558/688 5834/5123/676 5835/5124/528
s 0
f 6270/5559/9 6247/5536/9 6249/5538/9
s 1
f 6272/5561/677 5702/4991/518 5693/4982/2
f 6209/5498/742 5836/5125/516 5838/5127/521
s 0
f 6273/5562/584 6011/5300/584 6010/5299/584
f 6274/5563/2 8796/7951/2 6275/5564/2
f 8796/7951/2 8797/7952/2 6275/5564/2
f 6275/5564/2 8798/7953/2 6276/5565/2
s 1
f 6205/5494/495 6080/5369/668 5782/5071/493
s 0
f 8799/7954/1 8800/7955/1 6279/5568/1
f 8800/7955/1 6324/5613/1 6279/5568/1
f 6324/5613/1 6277/5566/1 6279/5568/1
f 6280/5569/686 8801/7956/686 6281/5570/686
f 6283/5572/8 8802/7957/8 6284/5573/8
s 1
f 6214/5503/581 8803/7958/684 6286/5575/684
f 6286/5575/684 8804/7959/654 6143/5432/496
f 8804/7959/654 8740/7895/510 6143/5432/496
s 0
f 6288/5577/8 8805/7960/8 6289/5578/8
f 6289/5578/8 6298/5587/8 6287/5576/8
f 6298/5587/8 8806/7961/8 6287/5576/8
f 6252/5541/2 6251/5540/2 6290/5579/2
f 6173/5462/1 6313/5602/1 6292/5581/1
s 1
f 6104/5393/664 5873/5162/523 5702/4991/518
s 0
f 6295/5584/8 8807/7962/8 6296/5585/8
f 6299/5588/8 8808/7963/8 8809/7964/8
f 6297/5586/8 8806/7961/8 6298/5587/8
f 6299/5588/8 8809/7964/8 6297/5586/8
f 6300/5589/9 6323/5612/9 6301/5590/9
f 6303/5592/2 6290/5579/2 6251/5540/2
f 8810/7965/8 6307/5596/8 6306/5595/8
f 6307/5596/8 8811/7966/8 6305/5594/8
f 6308/5597/8 8802/7957/8 6283/5572/8
f 8812/7967/8 6310/5599/8 6309/5598/8
f 6310/5599/8 8813/7968/8 6311/5600/8
f 6312/5601/1 6314/5603/1 6313/5602/1
f 6226/5515/1 6313/5602/1 6314/5603/1
f 6315/5604/2 8814/7969/2 6316/5605/2
f 8815/7970/689 8816/7971/689 8817/7972/689
f 8817/7972/746 8818/7973/746 8815/7970/746
f 8818/7973/689 8819/7974/689 8815/7970/689
f 6318/5607/689 8820/7975/689 8821/7976/689
s 1
f 6318/5607/689 8821/7976/689 6319/5608/694
f 6320/5609/694 8815/7970/689 8819/7974/689
f 8819/7974/689 6318/5607/689 6320/5609/694
s 0
f 6283/5572/8 6285/5574/8 6321/5610/8
f 6322/5611/9 8822/7977/9 6323/5612/9
f 6324/5613/1 8800/7955/1 6325/5614/1
f 6327/5616/686 8823/7978/686 6328/5617/686
s 1
f 6330/5619/691 6361/5650/690 6331/5620/690
s 0
f 6235/5524/2 6236/5525/2 6303/5592/2
f 6334/5623/2 8796/7951/2 6274/5563/2
s 1
f 8824/7979/681 8773/7928/681 6338/5627/681
f 8773/7928/681 6336/5625/681 6338/5627/681
s 0
f 6337/5626/681 8825/7980/681 8826/7981/681
s 1
f 8825/7980/681 8827/7982/681 8826/7981/681
f 6337/5626/1285 8826/7981/1285 6338/5627/1285
s 0
f 6179/5468/2 8772/7927/2 6291/5580/2
f 6339/5628/1 8828/7983/1 6340/5629/1
f 8828/7983/1 8829/7984/1 6340/5629/1
f 6340/5629/1 8830/7985/1 6341/5630/1
f 6342/5631/1 8831/7986/1 6343/5632/1
f 6236/5525/2 6179/5468/2 6290/5579/2
f 6339/5628/1 6341/5630/1 6345/5634/1
s 1
f 6347/5636/657 6364/5653/657 6167/5456/658
s 0
f 8832/7987/746 8833/7988/746 6351/5640/746
s 1
f 6351/5640/689 6362/5651/694 6349/5638/689
f 6362/5651/694 6319/5608/694 8834/7989/689
f 6349/5638/689 6362/5651/694 8834/7989/689
f 6319/5608/694 8821/7976/689 8834/7989/689
s 0
f 8821/7976/689 8835/7990/689 8834/7989/689
f 6350/5639/689 8832/7987/689 6351/5640/689
s 1
f 6352/5641/690 6361/5650/690 6330/5619/691
s 0
f 6354/5643/9 8836/7991/9 6355/5644/9
s 1
f 8837/7992/695 6360/5649/695 8838/7993/3
f 6360/5649/695 8839/7994/3 8840/7995/3
f 8838/7993/3 6360/5649/695 8841/7996/3
s 0
f 8839/7994/3 6357/5646/3 6359/5648/3
f 6357/5646/3 8842/7997/3 8843/7998/3
f 8842/7997/3 8844/7999/3 8845/8000/3
f 8842/7997/3 8845/8000/3 8843/7998/3
s 1
f 8846/8001/3 8837/7992/695 8838/7993/3
f 8841/7996/3 6360/5649/695 8840/7995/3
s 0
f 6357/5646/3 8843/7998/3 8847/8002/3
f 6357/5646/3 8847/8002/3 8848/8003/3
f 8849/8004/3 8840/7995/3 8839/7994/3
f 6357/5646/3 8848/8003/3 8850/8005/3
f 6358/5647/3 6357/5646/3 8850/8005/3
f 6359/5648/3 8849/8004/3 8839/7994/3
s 1
f 6360/5649/695 8837/7992/695 6361/5650/690
f 6348/5637/658 6167/5456/658 6319/5608/694
s 0
f 8851/8006/2 6363/5652/2 6304/5593/2
f 6363/5652/2 8852/8007/2 6333/5622/2
f 8852/8007/2 7237/6526/2 6333/5622/2
f 6333/5622/2 6303/5592/2 6304/5593/2
f 6304/5593/2 6250/5539/2 8851/8006/2
s 1
f 6353/5642/691 6330/5619/691 6364/5653/657
s 0
f 5796/5085/1 6382/5671/1 6292/5581/1
f 5797/5086/1 6292/5581/1 6313/5602/1
f 6192/5481/2 8853/8008/2 6365/5654/2
f 8854/8009/112 8855/8010/112 6367/5656/112
f 8855/8010/112 6368/5657/112 6367/5656/112
f 6368/5657/112 8856/8011/112 6369/5658/112
f 8856/8011/112 8857/8012/112 6369/5658/112
f 8857/8012/112 8858/8013/112 6369/5658/112
f 6369/5658/112 8859/8014/112 8860/8015/112
f 8860/8015/112 8861/8016/112 8862/8017/112
f 8862/8017/112 8863/8018/112 8864/8019/112
f 8864/8019/112 8865/8020/112 6367/5656/112
f 6369/5658/112 8860/8015/112 6367/5656/112
f 8860/8015/112 8862/8017/112 6367/5656/112
f 8862/8017/112 8864/8019/112 6367/5656/112
s 1
f 6371/5660/1 8866/8021/1 5667/4956/492
f 5667/4956/492 5669/4958/492 6371/5660/1
s 0
f 6372/5661/683 8867/8022/683 6373/5662/683
f 6375/5664/9 8868/8023/9 6376/5665/9
s 1
f 8869/8024/3 6381/5670/695 8870/8025/3
f 6381/5670/695 8837/7992/695 8871/8026/3
f 8872/8027/3 6381/5670/695 8871/8026/3
f 8837/7992/695 8846/8001/3 8871/8026/3
f 8872/8027/3 8870/8025/3 6381/5670/695
s 0
f 8870/8025/3 8873/8028/3 8869/8024/3
f 8874/8029/3 6379/5668/3 8875/8030/3
f 6379/5668/3 8869/8024/3 8876/8031/3
f 8875/8030/3 6379/5668/3 6378/5667/3
f 8877/8032/3 8878/8033/3 8874/8029/3
f 8875/8030/3 8877/8032/3 8874/8029/3
f 8869/8024/3 8873/8028/3 8876/8031/3
f 8879/8034/3 8880/8035/3 6379/5668/3
f 8880/8035/3 6380/5669/3 6379/5668/3
f 8876/8031/3 8879/8034/3 6379/5668/3
s 1
f 6361/5650/690 8837/7992/695 6381/5670/695
f 6319/5608/694 6167/5456/658 6169/5458/658
s 0
f 8881/8036/1 6383/5672/1 6382/5671/1
f 6383/5672/1 8882/8037/1 6174/5463/1
f 8881/8036/1 6382/5671/1 8883/8038/1
f 8882/8037/1 6172/5461/1 6174/5463/1
f 6174/5463/1 6292/5581/1 6382/5671/1
f 6382/5671/1 7142/6431/1 8883/8038/1
s 1
f 6364/5653/657 6330/5619/691 6332/5621/692
s 0
f 8884/8039/112 8885/8040/112 8886/8041/112
f 8886/8041/112 8887/8042/112 8884/8039/112
f 8887/8042/112 8888/8043/112 6386/5675/112
f 8888/8043/112 8889/8044/112 6384/5673/112
f 6384/5673/112 8890/8045/112 8891/8046/112
f 8891/8046/112 8892/8047/112 6384/5673/112
f 8892/8047/112 6385/5674/112 6384/5673/112
f 6385/5674/112 8893/8048/112 8894/8049/112
f 8894/8049/112 8895/8050/112 6385/5674/112
f 8895/8050/112 6386/5675/112 6385/5674/112
f 6386/5675/112 8884/8039/112 8887/8042/112
f 8888/8043/112 6384/5673/112 6386/5675/112
s 1
f 5948/5237/626 8896/8051/2 6387/5676/2
f 6387/5676/2 8897/8052/2 5947/5236/626
s 0
f 6388/5677/683 8898/8053/683 6389/5678/683
s 1
f 6391/5680/747 6558/5847/747 6392/5681/747
f 6394/5683/748 6582/5871/781 6395/5684/749
f 6397/5686/751 6620/5909/816 6398/5687/752
s 0
f 6400/5689/753 8899/8054/753 6401/5690/753
f 6403/5692/753 6579/5868/753 6404/5693/753
s 1
f 6406/5695/754 6567/5856/808 6407/5696/755
s 0
f 8900/8055/3 8901/8056/3 8902/8057/3
f 8901/8056/3 8903/8058/3 8904/8059/3
f 8901/8056/3 8904/8059/3 8902/8057/3
f 8905/8060/3 6474/5763/3 8906/8061/3
f 6474/5763/3 6411/5700/3 8907/8062/3
f 8906/8061/3 6474/5763/3 8907/8062/3
f 8900/8055/3 8902/8057/3 8908/8063/3
f 8909/8064/3 8907/8062/3 6411/5700/3
f 8900/8055/3 8908/8063/3 8910/8065/3
f 8900/8055/3 8910/8065/3 8911/8066/3
f 8912/8067/3 8909/8064/3 6411/5700/3
f 8913/8068/3 8912/8067/3 6411/5700/3
f 8900/8055/3 8911/8066/3 8914/8069/3
f 8900/8055/3 8914/8069/3 8915/8070/3
f 8916/8071/3 8913/8068/3 6411/5700/3
f 8917/8072/3 8916/8071/3 6411/5700/3
f 8900/8055/3 8915/8070/3 8918/8073/3
f 8900/8055/3 8918/8073/3 8919/8074/3
f 8920/8075/3 8917/8072/3 6411/5700/3
f 8921/8076/3 8920/8075/3 6411/5700/3
f 8900/8055/3 8919/8074/3 8922/8077/3
f 8900/8055/3 8922/8077/3 6409/5698/3
f 6410/5699/3 8921/8076/3 6411/5700/3
f 6411/5700/3 8900/8055/3 6409/5698/3
s 1
f 6412/5701/757 6490/5779/780 6413/5702/757
f 6415/5704/758 6570/5859/771 6416/5705/759
f 6418/5707/761 8923/8078/1286 6419/5708/762
f 6421/5710/763 6565/5854/807 6422/5711/764
f 6424/5713/766 6609/5898/814 6425/5714/767
s 0
f 6617/5906/3 6611/5900/3 8924/8079/3
f 6611/5900/3 8925/8080/3 8926/8081/3
f 6611/5900/3 8926/8081/3 8924/8079/3
f 8927/8082/3 8928/8083/3 8929/8084/3
f 8928/8083/3 6429/5718/3 8930/8085/3
f 8929/8084/3 8928/8083/3 8930/8085/3
f 6617/5906/3 8924/8079/3 8931/8086/3
f 8932/8087/3 8930/8085/3 6429/5718/3
f 6617/5906/3 8931/8086/3 8933/8088/3
f 6617/5906/3 8933/8088/3 8934/8089/3
f 8935/8090/3 8932/8087/3 6429/5718/3
f 8936/8091/3 8935/8090/3 6429/5718/3
f 6617/5906/3 8934/8089/3 8937/8092/3
f 6617/5906/3 8937/8092/3 8938/8093/3
f 8939/8094/3 8936/8091/3 6429/5718/3
f 8940/8095/3 8939/8094/3 6429/5718/3
f 6617/5906/3 8938/8093/3 8941/8096/3
f 6617/5906/3 8941/8096/3 8942/8097/3
f 8943/8098/3 8940/8095/3 6429/5718/3
f 8944/8099/3 8943/8098/3 6429/5718/3
f 6617/5906/3 8942/8097/3 8945/8100/3
f 6617/5906/3 8945/8100/3 6427/5716/3
f 6428/5717/3 8944/8099/3 6429/5718/3
f 6617/5906/3 6427/5716/3 6429/5718/3
f 6430/5719/1 7080/6369/1 6431/5720/1
f 6433/5722/3 6454/5743/3 6434/5723/3
s 1
f 6436/5725/769 8946/8101/769 6437/5726/770
s 0
f 8947/8102/1 8948/8103/1 6441/5730/1
f 8948/8103/1 6439/5728/1 6441/5730/1
s 1
f 6442/5731/759 6500/5789/760 6443/5732/758
s 0
f 6447/5736/2 8949/8104/2 6445/5734/2
f 8949/8104/2 8950/8105/2 6445/5734/2
f 8950/8105/2 8949/8104/2 6450/5739/2
f 8949/8104/2 6448/5737/2 6450/5739/2
s 1
f 6451/5740/753 6562/5851/772 6452/5741/772
s 0
f 6454/5743/3 8951/8106/3 6455/5744/3
s 1
f 6426/5715/768 6425/5714/767 6456/5745/773
s 0
f 6458/5747/3 8952/8107/3 6459/5748/3
s 1
f 6461/5750/761 8953/8108/769 6462/5751/769
s 0
f 6464/5753/2 8954/8109/2 6465/5754/2
f 6469/5758/9 8955/8110/9 6467/5756/9
f 6467/5756/9 8956/8111/9 6468/5757/9
s 1
f 6470/5759/775 6399/5688/752 6398/5687/752
s 0
f 6472/5761/3 8957/8112/3 6473/5762/3
f 6475/5764/3 8958/8113/3 6476/5765/3
s 1
f 6478/5767/777 6557/5846/778 6479/5768/778
f 6481/5770/754 6589/5878/811 6482/5771/755
f 6484/5773/751 6583/5872/810 6485/5774/752
f 8959/8114/779 8960/8115/1287 8961/8116/1287
s 0
f 8960/8115/1288 8962/8117/1288 8961/8116/1288
s 1
f 8962/8117/779 8963/8118/1289 8964/8119/779
f 8964/8119/1290 8965/8120/779 6487/5776/1290
s 0
f 6487/5776/779 8966/8121/779 8967/8122/779
f 8967/8122/779 8968/8123/779 6487/5776/779
f 8968/8123/779 6488/5777/779 6487/5776/779
f 6488/5777/1291 8969/8124/1291 6489/5778/1291
s 1
f 8969/8124/1292 8970/8125/1293 6489/5778/1294
f 8970/8125/1293 8971/8126/1288 6489/5778/1294
s 0
f 6489/5778/1295 8972/8127/1295 8973/8128/1295
s 1
f 8972/8127/1296 8974/8129/1297 8973/8128/1298
f 8974/8129/1297 8975/8130/1299 8973/8128/1298
f 8973/8128/779 8976/8131/1300 8977/8132/779
f 8977/8132/779 8978/8133/779 8961/8116/779
s 0
f 8962/8117/779 8964/8119/779 6487/5776/779
f 8973/8128/779 8977/8132/779 6489/5778/779
f 8977/8132/779 8961/8116/779 6489/5778/779
f 8961/8116/1300 8962/8117/1300 6489/5778/1300
f 8962/8117/779 6487/5776/779 6489/5778/779
s 1
f 6419/5708/762 6413/5702/757 6490/5779/780
f 8979/8134/779 8980/8135/1301 6493/5782/1290
f 8980/8135/1301 8981/8136/1302 6493/5782/1290
f 8981/8136/1300 8982/8137/1300 8983/8138/1300
s 0
f 8983/8138/1302 8984/8139/1302 8981/8136/1302
f 8984/8139/1298 8985/8140/1298 8981/8136/1298
f 8985/8140/1287 8986/8141/1287 6491/5780/1287
f 8986/8141/1303 8987/8142/1303 6491/5780/1303
s 1
f 8987/8142/1300 8988/8143/1300 6491/5780/1300
s 0
f 6491/5780/1304 8989/8144/1304 8990/8145/1304
s 1
f 8990/8145/1302 8991/8146/1292 6491/5780/779
s 0
f 8991/8146/1305 6492/5781/1305 6491/5780/1305
s 1
f 6492/5781/1292 8992/8147/1306 8993/8148/1292
s 0
f 8993/8148/779 8994/8149/779 8995/8150/779
f 8995/8150/779 8996/8151/779 8993/8148/779
f 8996/8151/1297 8997/8152/1297 8993/8148/1297
f 8997/8152/1299 8998/8153/1299 6493/5782/1299
f 6492/5781/779 8993/8148/779 8997/8152/779
f 8997/8152/1299 6493/5782/1299 6492/5781/1299
f 6493/5782/1296 8981/8136/1296 8985/8140/1296
f 8985/8140/1300 6491/5780/1300 6493/5782/1300
f 8999/8154/3 8928/8083/3 9000/8155/3
f 8928/8083/3 8927/8082/3 9000/8155/3
f 8927/8082/3 9001/8156/3 9002/8157/3
f 9000/8155/3 8927/8082/3 9002/8157/3
f 6496/5785/3 8925/8080/3 6611/5900/3
f 9001/8156/3 6496/5785/3 6495/5784/3
f 9002/8157/3 9001/8156/3 9003/8158/3
f 9003/8158/3 9001/8156/3 9004/8159/3
f 6496/5785/3 6611/5900/3 9005/8160/3
f 6611/5900/3 6610/5899/3 9005/8160/3
f 6610/5899/3 9006/8161/3 9005/8160/3
f 9007/8162/3 9008/8163/3 9009/8164/3
f 9007/8162/3 9009/8164/3 6494/5783/3
f 9009/8164/3 9010/8165/3 9011/8166/3
f 6494/5783/3 9011/8166/3 9012/8167/3
f 6496/5785/3 9005/8160/3 9007/8162/3
f 9004/8159/3 9001/8156/3 6495/5784/3
f 6496/5785/3 9007/8162/3 6494/5783/3
f 9011/8166/3 6494/5783/3 9009/8164/3
f 6497/5786/2 9013/8168/2 6498/5787/2
s 1
f 6500/5789/760 6586/5875/749 6501/5790/781
f 6502/5791/762 9014/8169/762 6461/5750/761
f 6503/5792/782 6394/5683/748 6396/5685/750
f 6414/5703/757 9014/8169/762 6502/5791/762
f 6505/5794/784 6511/5800/788 6506/5795/9
f 6508/5797/785 9015/8170/809 6509/5798/786
f 6511/5800/788 6505/5794/784 6512/5801/789
s 0
f 6514/5803/791 6585/5874/791 6515/5804/791
s 1
f 6517/5806/786 6527/5816/799 6518/5807/792
f 6520/5809/794 6508/5797/785 6510/5799/787
f 6522/5811/796 6592/5881/796 6523/5812/753
f 6423/5712/765 6422/5711/764 6525/5814/797
f 6527/5816/799 6622/5911/795 6528/5817/794
f 6526/5815/798 6525/5814/797 6529/5818/800
s 0
f 6531/5820/1 6432/5721/1 6431/5720/1
s 1
f 6533/5822/8 6442/5731/759 6444/5733/771
s 0
f 6535/5824/791 9016/8171/791 6536/5825/791
f 6538/5827/753 6547/5836/753 6539/5828/753
s 1
f 6513/5802/790 6512/5801/789 6541/5830/764
f 6543/5832/802 9017/8172/753 6544/5833/753
s 0
f 6546/5835/753 9018/8173/753 6547/5836/753
s 1
f 6542/5831/765 6541/5830/764 6548/5837/797
f 6550/5839/778 6559/5848/777 6551/5840/777
f 6553/5842/804 9019/8174/786 6554/5843/793
s 0
f 6435/5724/3 8958/8113/3 6475/5764/3
s 1
f 6556/5845/806 9020/8175/806 6479/5768/778
s 0
f 6539/5828/753 6400/5689/753 6402/5691/753
s 1
f 6558/5847/747 6391/5680/747 6551/5840/777
f 6485/5774/752 6600/5889/776 6560/5849/775
f 6561/5850/806 6452/5741/772 6562/5851/772
f 6564/5853/788 6616/5905/784 6565/5854/807
f 6566/5855/774 9021/8176/773 6567/5856/808
f 6568/5857/805 6503/5792/782 6504/5793/783
f 6570/5859/771 9022/8177/8 6571/5860/8
s 0
f 6411/5700/3 6474/5763/3 6473/5762/3
f 6459/5748/3 9023/8178/3 6573/5862/3
s 1
f 6574/5863/809 6568/5857/805 6569/5858/804
f 6576/5865/769 8923/8078/1286 6418/5707/761
f 6478/5767/777 6480/5769/777 6393/5682/747
s 0
f 6578/5867/753 6404/5693/753 6579/5868/753
f 6405/5694/753 9024/8179/753 6581/5870/753
s 1
f 6582/5871/781 6415/5704/758 6417/5706/760
f 6408/5697/756 6407/5696/755 6583/5872/810
s 0
f 6584/5873/791 6596/5885/791 6585/5874/791
s 1
f 6586/5875/749 6619/5908/750 6587/5876/748
f 6588/5877/774 9025/8180/773 6589/5878/811
f 6438/5727/770 6437/5726/770 6590/5879/753
f 6592/5881/796 6522/5811/796 6593/5882/769
s 0
f 6439/5728/1 9026/8181/1 6595/5884/1
f 9026/8181/1 9027/8182/1 6595/5884/1
f 6537/5826/791 6536/5825/791 6596/5885/791
s 1
f 6597/5886/812 6612/5901/815 6598/5887/773
f 6600/5889/776 6520/5809/794 6521/5810/795
s 0
f 6603/5892/8 9028/8183/8 9029/8184/8
f 9029/8184/8 6601/5890/8 6603/5892/8
f 8903/8058/3 8901/8056/3 9030/8185/3
f 8901/8056/3 9031/8186/3 9030/8185/3
f 9032/8187/3 8903/8058/3 9033/8188/3
f 8903/8058/3 9030/8185/3 9033/8188/3
f 6474/5763/3 8905/8060/3 9034/8189/3
f 9034/8189/3 9032/8187/3 9035/8190/3
f 9032/8187/3 9033/8188/3 9036/8191/3
f 9032/8187/3 9036/8191/3 9037/8192/3
f 6472/5761/3 6474/5763/3 9038/8193/3
f 6474/5763/3 9034/8189/3 9038/8193/3
f 9038/8193/3 9039/8194/3 6472/5761/3
f 6606/5895/3 9040/8195/3 9041/8196/3
f 9042/8197/3 6606/5895/3 6605/5894/3
f 6606/5895/3 9041/8196/3 6604/5893/3
f 6605/5894/3 6604/5893/3 9043/8198/3
f 9041/8196/3 9038/8193/3 9034/8189/3
f 9032/8187/3 9037/8192/3 9035/8190/3
f 9035/8190/3 6604/5893/3 9034/8189/3
f 9034/8189/3 6604/5893/3 9041/8196/3
s 1
f 6607/5896/783 6553/5842/804 6555/5844/805
f 6549/5838/803 6548/5837/797 6609/5898/814
s 0
f 6473/5762/3 8957/8112/3 6610/5899/3
s 1
f 6530/5819/801 6529/5818/800 6612/5901/815
f 6550/5839/778 6552/5841/778 6613/5902/806
f 6615/5904/9 9044/8199/9 6616/5905/784
s 0
f 6617/5906/3 6572/5861/3 6473/5762/3
s 1
f 6545/5834/802 9045/8200/806 6618/5907/806
f 6619/5908/750 6607/5896/783 6608/5897/813
f 6483/5772/756 6482/5771/755 6620/5909/816
s 0
f 6621/5910/753 9046/8201/753 6578/5867/753
s 1
f 6622/5911/795 6470/5759/775 6471/5760/776
f 6623/5912/817 6792/6081/817 6624/5913/817
f 6626/5915/818 6815/6104/852 6627/5916/819
f 6629/5918/821 6854/6143/849 6630/5919/822
s 0
f 6632/5921/791 9047/8202/791 6633/5922/791
f 6635/5924/791 9048/8203/791 6636/5925/791
s 1
f 6638/5927/823 6816/6105/848 6639/5928/824
s 0
f 6805/6094/3 6703/5992/3 9049/8204/3
f 6703/5992/3 9050/8205/3 9051/8206/3
f 6703/5992/3 9051/8206/3 9049/8204/3
f 9052/8207/3 9053/8208/3 9054/8209/3
f 9053/8208/3 6643/5932/3 9055/8210/3
f 9054/8209/3 9053/8208/3 9055/8210/3
f 6805/6094/3 9049/8204/3 9056/8211/3
f 9057/8212/3 9055/8210/3 6643/5932/3
f 6805/6094/3 9056/8211/3 9058/8213/3
f 6805/6094/3 9058/8213/3 9059/8214/3
f 9060/8215/3 9057/8212/3 6643/5932/3
f 9061/8216/3 9060/8215/3 6643/5932/3
f 6805/6094/3 9059/8214/3 9062/8217/3
f 6805/6094/3 9062/8217/3 9063/8218/3
f 9064/8219/3 9061/8216/3 6643/5932/3
f 9065/8220/3 9064/8219/3 6643/5932/3
f 6805/6094/3 9063/8218/3 9066/8221/3
f 6805/6094/3 9066/8221/3 9067/8222/3
f 9068/8223/3 9065/8220/3 6643/5932/3
f 9069/8224/3 9068/8223/3 6643/5932/3
f 6805/6094/3 9067/8222/3 9070/8225/3
f 6805/6094/3 9070/8225/3 6641/5930/3
f 6642/5931/3 9069/8224/3 6643/5932/3
f 6805/6094/3 6641/5930/3 6643/5932/3
s 1
f 6644/5933/826 6721/6010/851 6645/5934/826
f 6647/5936/827 6804/6093/869 6648/5937/828
f 6650/5939/830 6722/6011/831 6651/5940/831
f 6653/5942/832 6797/6086/876 6654/5943/833
f 6656/5945/835 6688/5977/841 6657/5946/836
s 0
f 9071/8226/3 9072/8227/3 9073/8228/3
f 9072/8227/3 9074/8229/3 9075/8230/3
f 9072/8227/3 9075/8230/3 9073/8228/3
f 9076/8231/3 6843/6132/3 9077/8232/3
f 6843/6132/3 6661/5950/3 9078/8233/3
f 9077/8232/3 6843/6132/3 9078/8233/3
f 9071/8226/3 9073/8228/3 9079/8234/3
f 9080/8235/3 9078/8233/3 6661/5950/3
f 9071/8226/3 9079/8234/3 9081/8236/3
f 9071/8226/3 9081/8236/3 9082/8237/3
f 9083/8238/3 9080/8235/3 6661/5950/3
f 9084/8239/3 9083/8238/3 6661/5950/3
f 9071/8226/3 9082/8237/3 9085/8240/3
f 9071/8226/3 9085/8240/3 9086/8241/3
f 9087/8242/3 9084/8239/3 6661/5950/3
f 9088/8243/3 9087/8242/3 6661/5950/3
f 9071/8226/3 9086/8241/3 9089/8244/3
f 9071/8226/3 9089/8244/3 9090/8245/3
f 9091/8246/3 9088/8243/3 6661/5950/3
f 9092/8247/3 9091/8246/3 6661/5950/3
f 9071/8226/3 9090/8245/3 9093/8248/3
f 9071/8226/3 9093/8248/3 6659/5948/3
f 6660/5949/3 9092/8247/3 6661/5950/3
f 6661/5950/3 9071/8226/3 6659/5948/3
f 6662/5951/2 6764/6053/2 6663/5952/2
f 6665/5954/3 6789/6078/3 6666/5955/3
s 1
f 6668/5957/838 6824/6113/839 6669/5958/839
s 0
f 6673/5962/2 9094/8249/2 6671/5960/2
f 9094/8249/2 9095/8250/2 6671/5960/2
s 1
f 6674/5963/827 6765/6054/869 6675/5964/828
s 0
f 9096/8251/711 9097/8252/711 6679/5968/711
f 9097/8252/1 6677/5966/1 6679/5968/1
f 6682/5971/1 9097/8252/1 6680/5969/1
f 9097/8252/711 9096/8251/711 6680/5969/711
s 1
f 6683/5972/840 6796/6085/840 6684/5973/791
s 0
f 6667/5956/3 6666/5955/3 6686/5975/3
s 1
f 6688/5977/841 9098/8253/877 6689/5978/842
s 0
f 6690/5979/3 9099/8254/3 6691/5980/3
s 1
f 6693/5982/838 9100/8255/838 6694/5983/830
s 0
f 6696/5985/1 9101/8256/1 6697/5986/1
f 6701/5990/9 9102/8257/9 9103/8258/9
f 9103/8258/9 6699/5988/9 6701/5990/9
s 1
f 6702/5991/844 6856/6145/883 6629/5918/821
s 0
f 6703/5992/3 6806/6095/3 6704/5993/3
f 6706/5995/3 9104/8259/3 6707/5996/3
s 1
f 6709/5998/845 9105/8260/845 6710/5999/846
f 6712/6001/824 6821/6110/880 6713/6002/847
f 6715/6004/822 6794/6083/821 6716/6005/821
f 9106/8261/1307 9107/8262/1308 6720/6009/850
f 9107/8262/1308 9108/8263/1309 6720/6009/850
f 9108/8263/1310 9109/8264/1311 9110/8265/1312
f 9109/8264/1311 9111/8266/1313 9110/8265/1312
f 9111/8266/1313 9112/8267/1310 9110/8265/1312
s 0
f 9110/8265/1314 9113/8268/1314 6718/6007/1314
s 1
f 9113/8268/1315 9114/8269/850 6718/6007/1316
f 9114/8269/850 9115/8270/850 6718/6007/1316
s 0
f 6718/6007/1317 9116/8271/1317 6719/6008/1317
s 1
f 9116/8271/1315 9117/8272/1318 6719/6008/1319
f 9117/8272/1318 9118/8273/1316 6719/6008/1319
f 6719/6008/1319 9119/8274/1320 9120/8275/1319
s 0
f 9120/8275/850 9121/8276/850 9122/8277/850
f 9122/8277/850 9123/8278/850 9120/8275/850
f 9123/8278/850 9124/8279/850 9120/8275/850
s 1
f 9124/8279/850 9125/8280/1321 6720/6009/850
s 0
f 6719/6008/850 9120/8275/850 9124/8279/850
f 9124/8279/850 6720/6009/850 6719/6008/850
f 6720/6009/850 9108/8263/850 9110/8265/850
f 9110/8265/850 6718/6007/850 6720/6009/850
s 1
f 6721/6010/851 6644/5933/826 6651/5940/831
f 9126/8281/1315 9127/8282/1322 6725/6014/850
f 9127/8282/1322 9128/8283/1315 6725/6014/850
f 9128/8283/850 9129/8284/1323 9130/8285/850
f 9130/8285/850 9131/8286/1323 6723/6012/850
s 0
f 6723/6012/850 9132/8287/850 9133/8288/850
f 9133/8288/850 9134/8289/850 6723/6012/850
f 9134/8289/1324 9135/8290/1324 6723/6012/1324
s 1
f 9135/8290/1324 9136/8291/1325 9137/8292/1324
f 9137/8292/1319 9138/8293/1326 6724/6013/1319
s 0
f 6724/6013/1327 9139/8294/1327 9140/8295/1327
s 1
f 9139/8294/1324 9141/8296/1324 9140/8295/1324
s 0
f 9141/8296/1324 9142/8297/1324 9140/8295/1324
s 1
f 9140/8295/1328 9143/8298/1328 9144/8299/1328
s 0
f 9144/8299/1329 9145/8300/1329 6725/6014/1329
f 9128/8283/1319 9130/8285/1319 6723/6012/1319
f 9135/8290/1330 9137/8292/1330 6724/6013/1330
f 9140/8295/850 9144/8299/850 6724/6013/850
f 9144/8299/850 6725/6014/850 6724/6013/850
f 6725/6014/1323 9128/8283/1323 6723/6012/1323
f 6723/6012/850 9135/8290/850 6724/6013/850
f 9074/8229/3 9072/8227/3 9146/8301/3
f 9072/8227/3 9147/8302/3 9146/8301/3
f 9148/8303/3 9074/8229/3 9149/8304/3
f 9074/8229/3 9146/8301/3 9149/8304/3
f 6843/6132/3 9076/8231/3 9150/8305/3
f 9150/8305/3 9148/8303/3 9151/8306/3
f 9148/8303/3 9149/8304/3 9152/8307/3
f 9148/8303/3 9152/8307/3 9153/8308/3
f 6842/6131/3 6843/6132/3 9154/8309/3
f 6843/6132/3 9150/8305/3 9154/8309/3
f 9154/8309/3 9155/8310/3 6842/6131/3
f 6728/6017/3 9156/8311/3 9157/8312/3
f 9158/8313/3 6728/6017/3 6727/6016/3
f 6728/6017/3 9157/8312/3 6726/6015/3
f 6727/6016/3 6726/6015/3 9159/8314/3
f 9157/8312/3 9154/8309/3 9150/8305/3
f 9148/8303/3 9153/8308/3 9151/8306/3
f 9151/8306/3 6726/6015/3 9150/8305/3
f 9150/8305/3 6726/6015/3 9157/8312/3
f 6729/6018/1 9160/8315/1 6730/6019/1
s 1
f 6676/5965/829 6675/5964/828 6732/6021/852
f 6734/6023/831 6695/5984/843 6694/5983/830
f 6628/5917/820 6627/5916/819 6736/6025/853
f 6734/6023/831 6735/6024/831 6646/5935/826
f 6738/6027/9 6744/6033/859 6739/6028/855
f 6741/6030/856 9161/8316/879 6742/6031/857
f 6744/6033/859 6774/6063/833 6745/6034/860
s 0
f 6746/6035/753 6817/6106/753 6747/6036/753
s 1
f 6749/6038/856 9162/8317/873 6750/6039/861
f 6743/6032/858 6742/6031/857 6752/6041/863
f 6754/6043/865 9163/8318/791 6755/6044/791
f 6757/6046/866 6653/5942/832 6655/5944/834
f 6751/6040/862 6750/6039/861 6759/6048/863
f 6761/6050/837 6757/6046/866 6758/6047/867
s 0
f 6763/6052/2 9164/8319/2 6663/5952/2
s 1
f 6765/6054/869 6674/5963/827 6766/6055/8
s 0
f 6768/6057/753 6828/6117/753 6769/6058/753
f 6771/6060/791 6791/6080/791 6772/6061/791
s 1
f 6774/6063/833 6781/6070/834 6775/6064/870
f 6776/6065/871 6850/6139/871 6777/6066/791
s 0
f 6773/6062/791 6772/6061/791 6779/6068/791
s 1
f 6781/6070/834 6841/6130/867 6782/6071/866
f 6783/6072/846 9165/8320/846 6784/6073/845
f 6786/6075/872 6840/6129/878 6787/6076/873
s 0
f 6665/5954/3 6706/5995/3 6708/5997/3
s 1
f 6710/5999/846 9166/8321/874 6790/6079/874
s 0
f 6634/5923/791 6633/5922/791 6791/6080/791
s 1
f 6784/6073/845 6624/5913/817 6792/6081/817
f 6793/6082/875 6832/6121/883 6716/6005/821
f 6795/6084/874 9167/8322/874 6796/6085/840
f 6797/6086/876 6847/6136/855 6798/6087/859
f 6799/6088/877 6638/5927/823 6640/5929/825
f 6737/6026/854 6736/6025/853 6801/6090/878
f 6803/6092/8 9168/8323/8 6804/6093/869
s 0
f 6805/6094/3 6849/6138/3 6806/6095/3
f 6807/6096/3 9169/8324/3 6690/5979/3
s 1
f 6802/6091/872 6801/6090/878 6808/6097/879
f 6650/5939/830 6652/5941/830 6810/6099/838
f 6625/5914/817 9105/8260/845 6709/5998/845
s 0
f 6812/6101/791 9048/8203/791 6635/5924/791
f 6814/6103/791 9170/8325/791 6637/5926/791
s 1
f 6649/5938/829 6648/5937/828 6815/6104/852
f 6816/6105/848 6715/6004/822 6717/6006/849
s 0
f 6817/6106/753 9171/8326/753 6818/6107/753
s 1
f 6733/6022/818 6732/6021/852 6819/6108/819
f 6821/6110/880 9172/8327/842 6822/6111/877
f 6823/6112/791 6669/5958/839 6824/6113/839
f 6756/6045/865 9173/8328/838 6826/6115/838
s 0
f 9174/8329/2 9175/8330/2 6827/6116/2
f 9175/8330/2 6673/5962/2 6827/6116/2
f 6818/6107/753 9171/8326/753 6828/6117/753
s 1
f 6829/6118/881 6844/6133/884 6830/6119/882
f 6753/6042/864 6752/6041/863 6832/6121/883
s 0
f 6835/6124/8 9176/8331/8 6833/6122/8
f 6833/6122/8 9177/8332/8 6834/6123/8
f 9178/8333/3 9053/8208/3 9179/8334/3
f 9053/8208/3 9052/8207/3 9179/8334/3
f 9052/8207/3 9180/8335/3 9181/8336/3
f 9179/8334/3 9052/8207/3 9181/8336/3
f 6838/6127/3 9050/8205/3 6703/5992/3
f 9180/8335/3 6838/6127/3 6837/6126/3
f 9181/8336/3 9180/8335/3 9182/8337/3
f 9182/8337/3 9180/8335/3 9183/8338/3
f 6838/6127/3 6703/5992/3 9184/8339/3
f 6703/5992/3 6705/5994/3 9184/8339/3
f 6705/5994/3 9185/8340/3 9184/8339/3
f 9186/8341/3 9187/8342/3 9188/8343/3
f 9186/8341/3 9188/8343/3 6836/6125/3
f 9188/8343/3 9189/8344/3 9190/8345/3
f 6836/6125/3 9190/8345/3 9191/8346/3
f 6838/6127/3 9184/8339/3 9186/8341/3
f 9183/8338/3 9180/8335/3 6837/6126/3
f 6838/6127/3 9186/8341/3 6836/6125/3
f 9190/8345/3 6836/6125/3 9188/8343/3
s 1
f 6839/6128/854 6853/6142/885 6840/6129/878
f 6841/6130/867 6656/5945/835 6658/5947/837
s 0
f 6842/6131/3 6704/5993/3 6806/6095/3
s 1
f 6844/6133/884 6761/6050/837 6762/6051/868
f 6845/6134/874 9165/8320/846 6783/6072/846
f 6847/6136/855 9192/8347/9 6848/6137/9
s 0
f 6661/5950/3 6843/6132/3 6806/6095/3
s 1
f 6850/6139/871 6776/6065/871 6851/6140/874
f 6820/6109/820 6819/6108/819 6853/6142/885
f 6854/6143/849 6712/6001/824 6714/6003/848
s 0
f 6813/6102/791 9193/8348/791 6855/6144/791
s 1
f 6760/6049/864 6759/6048/863 6856/6145/883
s 0
f 6858/6147/886 9194/8349/886 9195/8350/886
f 9194/8349/886 9196/8351/886 9195/8350/886
f 9195/8350/886 9196/8351/886 9197/8352/886
f 9197/8352/886 9198/8353/886 9199/8354/886
f 9198/8353/886 9200/8355/886 9201/8356/886
f 9200/8355/1331 9202/8357/1331 9203/8358/1331
f 9202/8357/1332 9204/8359/1332 9203/8358/1332
f 9203/8358/1333 9201/8356/1333 9200/8355/1333
f 9201/8356/886 9199/8354/886 9198/8353/886
f 9199/8354/886 9195/8350/886 9197/8352/886
f 9195/8350/886 6859/6148/886 6858/6147/886
f 6859/6148/886 9205/8360/886 9206/8361/886
f 9205/8360/886 9207/8362/886 9208/8363/886
f 9206/8361/886 9205/8360/886 9208/8363/886
f 9207/8362/1332 9209/8364/1332 9210/8365/1332
f 9209/8364/1334 9211/8366/1334 9210/8365/1334
f 9211/8366/1335 9212/8367/1335 9210/8365/1335
f 9210/8365/886 9208/8363/886 9207/8362/886
f 9206/8361/886 6857/6146/886 6859/6148/886
s 1
f 6860/6149/887 6864/6153/891 6861/6150/888
f 6863/6152/890 6866/6155/893 6864/6153/891
f 6865/6154/892 6868/6157/895 6866/6155/893
f 6867/6156/894 9213/8368/897 6868/6157/895
f 6869/6158/896 6873/6162/899 6870/6159/897
f 6872/6161/898 6875/6164/901 6873/6162/899
f 6874/6163/900 6877/6166/903 6875/6164/901
f 6876/6165/902 6879/6168/905 6877/6166/903
f 6878/6167/904 6949/6238/963 6879/6168/905
s 0
f 6881/6170/906 9214/8369/906 6882/6171/906
f 9214/8369/906 9215/8370/906 6882/6171/906
f 9215/8370/906 9216/8371/906 9217/8372/906
f 9216/8371/906 9218/8373/906 9217/8372/906
f 9215/8370/906 9217/8372/906 6882/6171/906
f 9218/8373/906 9219/8374/906 9220/8375/906
f 9219/8374/906 9221/8376/906 9222/8377/906
f 9221/8376/1336 9223/8378/1336 9224/8379/1336
f 9224/8379/1337 9225/8380/1337 9221/8376/1337
f 9225/8380/1338 9222/8377/1338 9221/8376/1338
f 9222/8377/906 9220/8375/906 9219/8374/906
f 9220/8375/906 9217/8372/906 9218/8373/906
f 6882/6171/906 9226/8381/906 6880/6169/906
f 6880/6169/906 9226/8381/906 9227/8382/906
f 9226/8381/906 9228/8383/906 9227/8382/906
f 9228/8383/1339 9229/8384/1339 9230/8385/1339
f 9227/8382/906 9228/8383/906 9230/8385/906
f 9229/8384/1338 9231/8386/1338 9232/8387/1338
f 9232/8387/1340 9230/8385/1340 9229/8384/1340
s 1
f 6883/6172/907 6886/6175/910 6884/6173/908
f 6886/6175/910 6888/6177/912 6887/6176/911
f 6888/6177/912 6890/6179/914 6889/6178/913
f 6890/6179/914 9233/8388/916 6891/6180/915
f 6892/6181/916 6895/6184/918 6893/6182/917
f 6895/6184/918 6897/6186/920 6896/6185/919
f 6897/6186/920 6899/6188/922 6898/6187/921
f 6899/6188/922 6901/6190/924 6900/6189/923
f 6901/6190/924 6910/6199/933 6902/6191/925
f 6903/6192/926 6923/6212/945 6904/6193/927
f 6906/6195/929 6916/6205/938 6907/6196/930
f 6909/6198/932 6902/6191/925 6910/6199/933
f 6912/6201/934 6917/6206/939 6913/6202/935
f 6915/6204/937 9234/8389/947 6916/6205/938
f 6917/6206/939 6952/6241/965 6918/6207/940
f 6885/6174/909 9235/8390/1341 6919/6208/941
f 6920/6209/942 6948/6237/962 6921/6210/943
f 6923/6212/945 6920/6209/942 6922/6211/944
f 6924/6213/946 6931/6220/949 6925/6214/947
s 0
f 6927/6216/1 9236/8391/1 6928/6217/1
s 1
f 6930/6219/948 6941/6230/955 6931/6220/949
s 0
f 6932/6221/2 9237/8392/2 6933/6222/2
s 1
f 6935/6224/950 6912/6201/934 6914/6203/936
f 6937/6226/952 6955/6244/967 6938/6227/953
f 6940/6229/954 6956/6245/968 6941/6230/955
f 6908/6197/931 6907/6196/930 6942/6231/956
f 6944/6233/958 6935/6224/950 6936/6225/951
f 6946/6235/960 6862/6151/889 6861/6150/888
f 6948/6237/962 6946/6235/960 6947/6236/961
f 6949/6238/963 6878/6167/904 6950/6239/964
f 6952/6241/965 9238/8393/926 6953/6242/928
f 6954/6243/966 6959/6248/970 6955/6244/967
f 6919/6208/941 9235/8390/1341 6956/6245/968
f 6957/6246/969 6944/6233/958 6945/6234/959
f 6943/6232/957 6942/6231/956 6959/6248/970
f 6960/6249/971 7045/6334/972 6961/6250/972
s 0
f 6963/6252/1 9239/8394/1 9240/8395/1
f 9240/8395/1 6531/5820/1 6963/6252/1
s 1
f 6964/6253/973 7044/6333/972 6965/6254/972
f 6967/6256/974 7036/6325/975 6968/6257/975
f 6970/6259/1 9241/8396/1 6971/6260/976
s 0
f 9242/8397/8 6974/6263/8 6973/6262/8
f 6974/6263/8 9243/8398/8 6975/6264/8
s 1
f 6976/6265/977 7018/6307/978 6977/6266/978
f 6979/6268/979 9244/8399/979 6980/6269/979
f 6982/6271/980 7064/6353/981 6983/6272/981
s 0
f 9245/8400/9 9246/8401/9 9247/8402/9
f 9247/8402/9 9248/8403/9 9249/8404/9
f 6986/6275/9 9250/8405/9 9251/8406/9
f 9245/8400/9 9247/8402/9 9249/8404/9
f 6986/6275/9 9251/8406/9 6987/6276/9
f 9245/8400/9 9249/8404/9 6986/6275/9
f 9252/8407/9 6985/6274/9 9253/8408/9
f 6985/6274/9 9245/8400/9 6986/6275/9
f 6987/6276/9 9253/8408/9 6985/6274/9
s 1
f 6988/6277/976 9254/8409/1 6989/6278/1
f 6991/6280/973 9255/8410/2 6992/6281/2
s 0
f 6994/6283/2 9256/8411/2 6662/5951/2
s 1
f 6995/6284/983 9257/8412/983 6996/6285/984
f 6998/6287/985 9258/8413/986 6999/6288/986
f 7001/6290/971 9259/8414/971 7002/6291/977
s 0
f 7006/6295/9 9260/8415/9 9261/8416/9
f 9260/8415/9 9262/8417/9 9263/8418/9
f 7006/6295/9 9261/8416/9 7004/6293/9
f 9263/8418/9 9264/8419/9 9260/8415/9
f 9264/8419/9 9265/8420/9 9261/8416/9
f 9265/8420/9 9266/8421/9 9261/8416/9
f 7005/6294/9 9267/8422/9 7006/6295/9
f 7004/6293/9 9268/8423/9 7005/6294/9
f 9264/8419/9 9261/8416/9 9260/8415/9
s 1
f 7007/6296/982 7088/6377/987 7008/6297/987
f 6981/6270/979 6980/6269/979 7010/6299/986
f 7012/6301/1 7028/6317/984 7013/6302/984
s 0
f 7015/6304/2 7061/6350/2 7016/6305/2
s 1
f 7018/6307/978 7072/6361/988 7019/6308/988
s 0
f 9269/8424/8 9270/8425/8 9271/8426/8
f 9271/8426/8 9272/8427/8 9273/8428/8
f 7021/6310/8 9274/8429/8 9275/8430/8
f 9269/8424/8 9271/8426/8 9273/8428/8
f 7021/6310/8 9275/8430/8 7022/6311/8
f 9269/8424/8 9273/8428/8 7021/6310/8
f 9276/8431/8 7020/6309/8 9277/8432/8
f 7020/6309/8 9269/8424/8 7021/6310/8
f 7022/6311/8 9277/8432/8 7020/6309/8
s 1
f 7023/6312/989 9278/8433/990 7024/6313/990
f 7026/6315/986 9244/8399/979 6979/6268/979
f 7028/6317/984 7101/6390/983 7029/6318/983
f 7030/6319/987 9279/8434/982 7031/6320/991
f 7033/6322/981 9280/8435/982 7034/6323/982
f 7036/6325/975 9281/8436/2 7037/6326/2
f 7038/6327/985 7050/6339/985 7039/6328/992
s 0
f 7041/6330/2 9282/8437/2 7042/6331/2
s 1
f 7044/6333/972 9259/8414/971 7001/6290/971
f 7045/6334/972 6991/6280/973 6993/6282/973
s 0
f 7048/6337/9 9283/8438/9 9284/8439/9
f 9284/8439/9 7046/6335/9 7048/6337/9
s 1
f 7049/6338/986 9285/8440/986 7050/6339/985
f 6997/6286/984 6996/6285/984 7051/6340/1
f 7053/6342/990 7079/6368/993 7054/6343/993
f 7056/6345/2 9286/8441/2 7057/6346/975
f 7059/6348/977 6960/6249/971 6962/6251/971
s 0
f 7061/6350/2 7041/6330/2 7043/6332/2
s 1
f 7062/6351/989 9257/8412/983 6995/6284/983
f 7064/6353/981 7033/6322/981 7035/6324/981
f 7065/6354/992 6998/6287/985 7000/6289/985
f 7067/6356/993 9287/8442/993 7068/6357/990
f 7070/6359/2 6964/6253/973 6966/6255/973
f 7072/6361/988 9288/8443/977 7073/6362/977
f 7074/6363/994 7062/6351/989 7063/6352/989
s 0
f 7078/6367/2 7042/6331/2 9282/8437/2
f 9282/8437/2 7076/6365/2 7078/6367/2
s 1
f 7079/6368/993 9287/8442/993 7067/6356/993
s 0
f 7080/6369/1 6430/5719/1 7081/6370/1
s 1
f 7083/6372/974 7030/6319/987 7032/6321/987
s 0
f 7087/6376/8 9289/8444/8 9290/8445/8
f 9290/8445/8 7085/6374/8 7087/6376/8
s 1
f 7040/6329/992 7039/6328/992 6988/6277/976
f 7088/6377/987 6967/6256/974 6969/6258/974
s 0
f 7089/6378/1 7105/6394/1 7090/6379/1
f 7094/6383/1 9291/8446/1 9292/8447/1
f 9292/8447/1 7092/6381/1 7094/6383/1
f 9293/8448/9 7096/6385/9 7095/6384/9
f 7096/6385/9 9294/8449/9 7097/6386/9
f 7100/6389/2 9164/8319/2 6763/6052/2
f 6763/6052/2 7098/6387/2 7100/6389/2
s 1
f 7101/6390/983 7023/6312/989 7025/6314/989
s 0
f 7104/6393/8 9295/8450/8 9296/8451/8
f 9295/8450/8 9297/8452/8 9298/8453/8
f 7104/6393/8 9296/8451/8 7102/6391/8
f 9298/8453/8 9299/8454/8 9295/8450/8
f 9299/8454/8 9300/8455/8 9296/8451/8
f 9300/8455/8 9301/8456/8 9296/8451/8
f 7103/6392/8 9302/8457/8 7104/6393/8
f 7102/6391/8 9303/8458/8 7103/6392/8
f 9299/8454/8 9296/8451/8 9295/8450/8
f 7092/6381/1 7089/6378/1 7091/6380/1
s 1
f 7058/6347/975 7057/6346/975 7083/6372/974
f 6972/6261/976 6971/6260/976 7065/6354/992
s 0
f 7105/6394/1 9304/8459/1 7106/6395/1
f 9305/8460/8 9306/8461/8 7109/6398/8
f 9306/8461/8 7107/6396/8 7109/6398/8
s 1
f 7110/6399/629 9307/8462/629 7111/6400/995
s 0
f 7115/6404/8 9308/8463/8 7113/6402/8
f 7113/6402/8 9309/8464/8 7114/6403/8
f 7116/6405/9 8822/7977/9 6322/5611/9
s 1
f 7118/6407/683 9310/8465/682 7119/6408/683
f 7121/6410/488 7171/6460/999 7122/6411/717
f 7124/6413/601 9311/8466/652 7125/6414/996
s 0
f 5591/4880/1 5590/4879/1 7127/6416/1
s 1
f 7129/6418/489 9312/8467/488 7130/6419/488
s 0
f 7132/6421/1 6326/5615/1 6325/5614/1
f 7134/6423/9 9313/8468/9 7135/6424/9
f 7137/6426/1 5636/4925/1 5511/4800/1
s 1
f 7139/6428/489 7263/6552/489 7140/6429/488
s 0
f 7142/6431/1 6382/5671/1 5796/5085/1
f 7144/6433/9 9314/8469/9 7145/6434/9
f 7147/6436/8 9315/8470/8 7148/6437/8
s 1
f 7150/6439/602 7124/6413/601 7126/6415/997
f 7152/6441/652 9307/8462/629 7110/6399/629
s 0
f 7154/6443/8 9316/8471/8 7155/6444/8
f 7157/6446/9 5597/4886/9 5596/4885/9
f 7159/6448/2 6315/5604/2 6317/5606/2
f 7161/6450/8 9317/8472/8 7162/6451/8
f 9318/8473/1 9319/8474/1 9320/8475/1
f 9320/8475/1 7165/6454/1 9318/8473/1
f 7165/6454/1342 9321/8476/1342 9322/8477/1342
f 9318/8473/1 7165/6454/1 9323/8478/1
f 9322/8477/1 7166/6455/1 7165/6454/1
f 7166/6455/1 9324/8479/1 7164/6453/1
f 7164/6453/1 9323/8478/1 7165/6454/1
f 5544/4833/9 5545/4834/9 7167/6456/9
f 6270/5559/9 6271/5560/9 7169/6458/9
s 1
f 7171/6460/999 7229/6518/486 7172/6461/486
s 0
f 7173/6462/9 9325/8480/9 7174/6463/9
s 1
f 7176/6465/1000 9326/8481/1000 7129/6418/489
f 7177/6466/488 7261/6550/717 7178/6467/487
f 7180/6469/995 4956/4245/491 7181/6470/1001
f 7183/6472/652 7212/6501/629 7184/6473/629
s 0
f 7186/6475/8 9327/8482/8 7187/6476/8
f 5618/4907/2 5619/4908/2 7189/6478/2
f 9328/8483/2 7193/6482/2 7192/6481/2
f 7193/6482/2 9329/8484/2 7191/6480/2
f 7191/6480/2 9329/8484/2 9330/8485/2
f 9330/8485/2 9331/8486/2 9332/8487/2
f 7191/6480/2 9330/8485/2 9332/8487/2
f 9332/8487/2 9333/8488/2 7191/6480/2
f 9333/8488/1343 9334/8489/1343 7191/6480/1343
f 7194/6483/9 9335/8490/9 7195/6484/9
f 7199/6488/1 9336/8491/1 9337/8492/1
f 9337/8492/1 7197/6486/1 7199/6488/1
s 1
f 4957/4246/492 8450/7605/492 7150/6439/602
s 0
f 7200/6489/1 5642/4931/1 5641/4930/1
f 7202/6491/682 7249/6538/682 7203/6492/682
f 6365/5654/2 8853/8008/2 7205/6494/2
s 1
f 7207/6496/683 7118/6407/683 7120/6409/683
s 0
f 9338/8493/2 7210/6499/2 7209/6498/2
f 7210/6499/2 9339/8494/2 7211/6500/2
s 1
f 7212/6501/629 7180/6469/995 7182/6471/995
s 0
f 9340/8495/2 7214/6503/2 7213/6502/2
f 7214/6503/2 9341/8496/2 7215/6504/2
s 1
f 7216/6505/486 8674/7829/626 5683/4972/697
s 0
f 6344/5633/1 6343/5632/1 7218/6507/1
f 7222/6511/8 9342/8497/8 7220/6509/8
f 7220/6509/8 9343/8498/8 7221/6510/8
f 9344/8499/8 9345/8500/8 7225/6514/8
f 9345/8500/8 7223/6512/8 7225/6514/8
f 5638/4927/2 5639/4928/2 7226/6515/2
f 5595/4884/8 5572/4861/8 7227/6516/8
s 1
f 7229/6518/486 8499/7654/626 5340/4629/626
f 5679/4968/696 8673/7828/696 7230/6519/1000
f 7232/6521/492 7242/6531/602 7233/6522/602
s 0
f 7234/6523/2 5598/4887/2 7235/6524/2
f 6235/5524/2 6333/5622/2 7237/6526/2
f 9346/8501/1 9347/8502/1 9348/8503/1
f 9348/8503/1 7240/6529/1 9346/8501/1
f 7240/6529/1 9349/8504/1 9350/8505/1
f 9346/8501/1 7240/6529/1 9351/8506/1
f 9350/8505/1 7241/6530/1 7240/6529/1
f 7241/6530/1 9352/8507/1 7239/6528/1
f 7239/6528/1 9351/8506/1 7240/6529/1
s 1
f 7242/6531/602 9353/8508/601 7243/6532/601
f 7244/6533/696 9326/8481/1000 7176/6465/1000
s 0
f 7227/6516/8 5572/4861/8 7245/6534/8
f 7247/6536/8 6295/5584/8 6321/5610/8
f 7249/6538/682 9354/8509/682 7250/6539/682
f 7253/6542/1 9355/8510/1 9356/8511/1
f 9356/8511/1 7251/6540/1 7253/6542/1
f 7254/6543/1 5607/4896/1 5606/4895/1
f 9357/8512/2 7258/6547/2 7257/6546/2
f 7258/6547/2 9358/8513/2 7256/6545/2
f 7256/6545/2 9358/8513/2 9359/8514/2
f 9359/8514/2 9360/8515/2 9361/8516/2
f 7256/6545/2 9359/8514/2 9361/8516/2
f 9361/8516/2 9362/8517/2 7256/6545/2
f 9362/8517/2 9363/8518/2 7256/6545/2
f 7260/6549/1 9364/8519/1 6346/5635/1
f 6346/5635/1 6345/5634/1 7260/6549/1
s 1
f 7261/6550/717 7216/6505/486 7217/6506/486
s 0
f 7262/6551/8 8807/7962/8 6295/5584/8
s 1
f 7231/6520/1000 7230/6519/1000 7263/6552/489
s 0
f 7265/6554/2 9365/8520/2 6334/5623/2
f 6334/5623/2 6335/5624/2 7265/6554/2
s 1
f 7112/6401/995 7111/6400/995 6048/5337/491
f 7243/6532/601 9353/8508/601 7266/6555/652
s 0
f 7268/6557/2 5614/4903/2 5616/4905/2
f 7272/6561/1 9366/8521/1 7270/6559/1
f 7270/6559/1 9367/8522/1 7271/6560/1
f 7275/6564/8 9368/8523/8 9369/8524/8
f 9369/8524/8 9370/8525/8 9371/8526/8
f 9370/8525/8 9372/8527/8 9371/8526/8
f 9373/8528/8 7275/6564/8 7274/6563/8
f 7275/6564/8 9369/8524/8 9371/8526/8
f 9373/8528/8 7274/6563/8 9374/8529/8
f 9374/8529/8 9375/8530/8 9373/8528/8
f 9376/8531/8 9377/8532/8 9374/8529/8
f 7274/6563/8 9378/8533/8 9376/8531/8
f 9371/8526/8 7273/6562/8 7275/6564/8
f 7274/6563/8 9376/8531/8 9374/8529/8
f 7276/6565/2 9379/8534/2 7277/6566/2
f 4749/4038/1 9380/8535/1 7279/6568/1
f 7280/6569/1 8001/7156/1 7281/6570/1
f 9381/8536/1 9382/8537/1 7285/6574/1
f 9382/8537/1 7283/6572/1 7285/6574/1
f 7286/6575/2 4811/4100/2 4810/4099/2
f 7288/6577/2 9383/8538/2 4657/3946/2
f 7289/6578/2 8236/7391/2 7290/6579/2
f 7292/6581/2 7308/6597/2 7293/6582/2
f 7295/6584/1 9384/8539/1 7296/6585/1
f 7302/6591/2 9385/8540/2 7300/6589/2
f 7300/6589/1002 9386/8541/1002 7301/6590/1002
f 7303/6592/2 9387/8542/2 7304/6593/2
f 7306/6595/1 9388/8543/1 7307/6596/1
f 9389/8544/2 7293/6582/2 7310/6599/2
f 7293/6582/2 7308/6597/2 7310/6599/2
f 7311/6600/476 9390/8545/476 7312/6601/476
f 9391/8546/9 9392/8547/9 7314/6603/9
f 9392/8547/9 7315/6604/9 7314/6603/9
f 7315/6604/9 9393/8548/9 7316/6605/9
f 7316/6605/9 9394/8549/9 7314/6603/9
f 9394/8549/9 9395/8550/9 7314/6603/9
f 9395/8550/9 9396/8551/9 9397/8552/9
f 9396/8551/9 9398/8553/9 9397/8552/9
f 9398/8553/9 9399/8554/9 9397/8552/9
f 9399/8554/9 9400/8555/9 9397/8552/9
f 9395/8550/9 9397/8552/9 7314/6603/9
f 9401/8556/8 9402/8557/8 9403/8558/8
f 9403/8558/8 9404/8559/8 9405/8560/8
f 9404/8559/8 9406/8561/8 9405/8560/8
f 9405/8560/8 9407/8562/8 9403/8558/8
f 9407/8562/8 7319/6608/8 9403/8558/8
f 9408/8563/8 9401/8556/8 9409/8564/8
f 9401/8556/8 9403/8558/8 7319/6608/8
f 9409/8564/8 9401/8556/8 7319/6608/8
f 7321/6610/8 9410/8565/8 9409/8564/8
f 9409/8564/8 7319/6608/8 7321/6610/8
f 7324/6613/2 9411/8566/2 7322/6611/2
f 7322/6611/2 9412/8567/2 7323/6612/2
f 9413/8568/2 7334/6623/2 7327/6616/2
f 7334/6623/2 7325/6614/2 7327/6616/2
f 7328/6617/2 9414/8569/2 4356/3645/2
f 7329/6618/2 9383/8538/2 7288/6577/2
f 7333/6622/2 7325/6614/2 7334/6623/2
f 9415/8570/8 9401/8556/8 7338/6627/8
f 9401/8556/8 9408/8563/8 9416/8571/8
f 9416/8571/8 9417/8572/8 9418/8573/8
f 9401/8556/8 9416/8571/8 9419/8574/8
f 7338/6627/8 9401/8556/8 9419/8574/8
f 9420/8575/8 9421/8576/8 7337/6626/8
f 9421/8576/8 7338/6627/8 7337/6626/8
f 9416/8571/8 9418/8573/8 9419/8574/8
f 9418/8573/8 9422/8577/8 9419/8574/8
f 9419/8574/8 7336/6625/8 7338/6627/8
f 7339/6628/2 9423/8578/2 4390/3679/2
f 9424/8579/8 9373/8528/8 7342/6631/8
f 9373/8528/8 9375/8530/8 9425/8580/8
f 9425/8580/8 9426/8581/8 9427/8582/8
f 9373/8528/8 9425/8580/8 9428/8583/8
f 7342/6631/8 9373/8528/8 9428/8583/8
f 9429/8584/8 9430/8585/8 7341/6630/8
f 9430/8585/8 7342/6631/8 7341/6630/8
f 9425/8580/8 9427/8582/8 9428/8583/8
f 9427/8582/8 9431/8586/8 9428/8583/8
f 9428/8583/8 7340/6629/8 7342/6631/8
f 7279/6568/1 9380/8535/1 7343/6632/1
f 7345/6634/141 7354/6643/141 7346/6635/141
f 9432/8587/1 9433/8588/1 7350/6639/1
f 9433/8588/1 7348/6637/1 7350/6639/1
f 7345/6634/1344 9434/8589/1344 7353/6642/1344
f 7353/6642/1 9435/8590/1 7354/6643/1
f 4783/4072/1 8352/7507/1 7355/6644/1
f 7357/6646/476 9436/8591/476 7358/6647/476
f 9437/8592/9 9438/8593/9 9439/8594/9
f 7361/6650/9 9440/8595/9 9441/8596/9
f 9442/8597/9 9437/8592/9 9439/8594/9
f 7361/6650/9 9441/8596/9 9443/8598/9
f 9444/8599/9 9442/8597/9 9445/8600/9
f 9442/8597/9 9439/8594/9 9445/8600/9
f 7360/6649/9 9446/8601/9 9439/8594/9
f 9446/8601/9 9445/8600/9 9439/8594/9
f 9439/8594/9 7361/6650/9 7360/6649/9
f 7361/6650/9 9443/8598/9 7362/6651/9
f 4261/3550/1 9447/8602/1 7363/6652/1
f 9448/8603/9 9449/8604/9 9450/8605/9
f 7365/6654/9 9451/8606/9 9452/8607/9
f 9453/8608/9 9448/8603/9 9450/8605/9
f 7365/6654/9 9452/8607/9 9454/8609/9
f 9455/8610/9 9453/8608/9 9456/8611/9
f 9453/8608/9 9450/8605/9 9456/8611/9
f 7364/6653/9 9457/8612/9 9450/8605/9
f 9457/8612/9 9456/8611/9 9450/8605/9
f 9450/8605/9 7365/6654/9 7364/6653/9
f 7365/6654/9 9454/8609/9 7366/6655/9
f 7367/6656/1 9458/8613/1 7368/6657/1
f 7370/6659/2 9414/8569/2 7328/6617/2
f 7271/6560/1 9459/8614/1 7372/6661/1
f 7363/6652/1 9447/8602/1 7373/6662/1
f 9460/8615/9 9461/8616/9 7376/6665/9
f 9461/8616/9 9462/8617/9 7376/6665/9
f 9462/8617/9 9463/8618/9 9464/8619/9
f 9464/8619/9 9465/8620/9 7376/6665/9
f 9465/8620/9 7377/6666/9 7376/6665/9
f 9466/8621/9 9467/8622/9 7375/6664/9
f 7376/6665/9 9462/8617/9 9464/8619/9
f 7377/6666/9 9468/8623/9 7375/6664/9
f 9468/8623/9 9469/8624/9 7375/6664/9
f 9469/8624/9 9466/8621/9 7375/6664/9
f 7378/6667/2 8000/7155/2 7379/6668/2
f 7381/6670/483 9470/8625/483 7382/6671/483
f 7386/6675/1 9471/8626/1 7384/6673/1
f 7384/6673/1 8235/7390/1 7385/6674/1
f 7387/6676/483 9472/8627/483 7388/6677/483
f 7390/6679/139 3906/3203/139 7391/6680/139
f 7395/1808/1004 9473/1810/1004 9474/6721/1004
f 9474/6721/1004 7393/3241/1004 7395/1808/1004
s 1
f 7396/6682/1005 7495/6747/1060 7397/1778/1006
f 7399/1877/1008 7500/6750/1063 7400/6683/1009
f 3855/3155/410 3854/3154/409 7402/6684/1011
s 0
f 7404/6686/137 3834/3134/137 7405/6687/137
f 9475/1776/1013 7409/1775/1013 7408/6682/1013
f 7409/1775/1013 7560/3151/1013 7407/6689/1013
f 7412/6692/1 9476/8628/1 7410/6690/1
f 7410/6690/1 9477/8629/1 7411/6691/1
f 7415/1792/1014 9478/1794/1014 9479/6746/1014
f 9479/6746/1014 7413/3142/1014 7415/1792/1014
f 7416/6694/2 9480/8630/2 7417/6695/2
s 1
f 3909/3206/425 7877/7047/431 7419/6697/1015
s 0
f 7421/6699/1 9481/8631/1 7422/6700/1
s 1
f 4024/3319/407 4023/3318/408 7424/1828/408
f 7426/6702/1018 9482/3297/1345 7427/927/1019
f 4000/3295/448 3999/3294/447 7429/6703/1021
s 0
f 7431/6705/137 3996/3291/137 7432/6706/137
s 1
f 7434/6708/1023 7462/6726/1041 7435/1870/1024
s 0
f 3880/3179/138 7561/6783/138 7437/6709/138
s 1
f 7438/6710/1026 4035/3330/453 7439/6711/398
f 7441/6713/1028 4039/3334/455 4041/3336/456
f 4064/3357/458 4014/3309/449 7443/6714/1029
s 0
f 7445/6715/138 9483/8632/138 4061/3354/138
f 7446/6716/136 3972/3268/136 3971/3267/136
s 1
f 4125/3417/424 4123/3415/468 7448/6718/1031
f 7450/6720/1033 3832/3132/402 3884/3174/417
f 7452/1811/1035 7485/6739/1056 7453/6721/1036
s 0
f 9484/898/1038 7457/1666/1038 7456/6722/1038
f 7457/1666/1038 7522/6761/1038 7455/3229/1038
f 7458/6723/137 3982/3277/137 3981/3276/137
s 1
f 7460/6725/1039 7434/6708/1023 7436/1869/1025
f 7462/6726/1041 9485/3429/1346 7463/1866/1042
f 7464/6727/1043 7643/6831/1108 7465/1867/1044
f 4121/3413/432 4120/3412/430 7467/1859/430
f 7469/1807/1010 7654/6840/1116 7470/6728/1046
s 0
f 3929/3226/139 9486/8633/139 7472/6729/139
s 1
f 7401/1878/1010 7400/6683/1009 7473/6730/1046
s 0
f 7475/6731/139 4103/3395/139 7476/6732/139
s 1
f 7478/6734/1049 3951/3248/439 3953/3250/441
f 3858/3158/413 3857/3157/412 7480/6736/1051
f 7482/1839/1053 7648/6835/1115 7483/6738/1054
f 7471/1809/1047 7470/6728/1046 7485/6739/1056
s 0
f 7488/6742/1 7423/6701/1 7486/6740/1
f 7423/6701/1 7422/6700/1 7486/6740/1
f 7489/6743/2 9487/8634/2 7490/6744/2
s 1
f 7492/1793/1057 7524/6762/1073 7493/6746/1058
f 7495/6747/1060 7538/6773/1080 7496/1779/1061
s 0
f 7497/6748/137 9488/8635/137 7498/6749/137
s 1
f 7499/1876/1062 9489/3382/1347 7500/6750/1063
f 3861/3161/416 3858/3158/413 7481/6737/1052
f 7502/6751/1065 4140/3432/471 4088/3380/460
f 7504/6753/1067 3818/3118/398 3832/3132/402
s 0
f 4071/3363/139 7662/6846/139 7505/6754/139
f 7508/1882/1004 9490/1880/1004 9491/6826/1004
f 9491/6826/1004 7506/3404/1004 7508/1882/1004
s 1
f 7509/6755/1039 7535/6772/1077 7510/1675/1068
f 7512/6756/1018 9492/3168/1348 7513/1777/1019
f 7515/6757/1070 7659/6843/1121 7516/1846/1071
s 0
f 7520/6760/139 7855/7028/139 3926/3223/139
f 3926/3223/139 7518/6758/139 7520/6760/139
s 1
f 7523/1795/1055 7531/6768/1054 7524/6762/1073
s 0
f 7527/6765/2 7417/6695/2 9480/8630/2
f 9480/8630/2 7525/6763/2 7527/6765/2
s 1
f 7528/6766/1074 3949/3246/436 3951/3248/439
f 7529/6767/1075 3946/3243/433 3949/3246/436
f 7530/1797/1076 7588/6804/1097 7531/6768/1054
f 7440/6712/1027 7439/6711/398 4039/3334/455
s 0
f 7532/6769/2 7649/6836/2 7533/6770/2
s 1
f 7537/897/1079 7510/1675/1068 7535/6772/1077
f 7535/6772/1077 7657/6842/1119 7536/1800/1078
f 7538/6773/1080 7596/6810/1100 7539/1780/1081
f 7540/6774/1082 4102/3394/437 7541/6775/441
f 7543/1812/467 3943/3240/434 7544/6777/433
f 4123/3415/468 7970/7127/432 7546/6778/1015
f 7547/941/467 4111/3403/466 7548/6779/471
f 3857/3157/412 3855/3155/410 7403/6685/1012
f 7553/6722/1084 7617/6820/1108 7554/1674/1085
s 0
f 7556/6780/1 9493/8636/1 7557/6781/1
f 7561/6783/138 3867/3167/138 3866/3166/138
s 1
f 4014/3309/449 4000/3295/448 7430/6704/1022
s 0
f 4149/3440/136 7629/6824/136 7562/6784/136
s 1
f 7563/6785/1087 7571/6791/454 3818/3118/398
f 3852/3152/409 3851/3151/408 7564/1770/1088
f 3925/3222/429 3910/3207/426 7566/6786/1089
s 0
f 7472/6729/139 9486/8633/139 7568/6788/139
s 1
f 7570/6790/1091 3871/3171/405 7571/6791/454
s 0
f 9494/1847/1013 7574/929/1013 7573/6793/1013
f 7574/929/1013 7603/3318/1013 7572/6792/1013
s 1
f 7575/6794/1091 7921/7085/405 4035/3330/453
s 0
f 7578/6797/1 7411/6691/1 9477/8629/1
f 9477/8629/1 7576/6795/1 7578/6797/1
s 1
f 4128/3420/429 4125/3417/424 7449/6719/1032
f 7580/1796/1093 9495/3121/1349 7581/6799/1094
s 0
f 7583/6800/1 9496/8637/1 7584/6801/1
s 1
f 7484/1837/1055 7483/6738/1054 7586/6803/1073
f 7582/1798/1095 7581/6799/1094 7588/6804/1097
s 0
f 7589/6805/2 7660/6844/2 7590/6806/2
s 1
f 7592/6793/1098 7515/6757/1070 7517/1845/1072
s 0
f 7594/6808/2 7489/6743/2 7491/6745/2
s 1
f 7596/6810/1100 7512/6756/1018 7514/1786/1020
f 7597/1823/1101 4033/3328/451 7598/6811/405
f 7474/1879/1048 7473/6730/1046 7600/6812/1102
s 0
f 7604/6813/137 7642/6830/137 7605/6814/137
s 1
f 3933/3230/431 7868/6761/1227 7607/1669/430
s 0
f 3815/3115/137 9497/8638/137 7609/6816/137
s 1
f 7587/1835/1096 7586/6803/1073 7611/6818/1105
f 3999/3294/447 7926/7089/407 7613/6819/1017
f 7503/6752/1066 4088/3380/460 4102/3394/437
f 7617/6820/1108 7509/6755/1039 7511/899/1069
s 0
f 4084/3376/139 9498/8639/139 7618/6821/139
s 1
f 7620/917/451 7819/6693/1202 3841/3141/405
f 4130/3422/470 4128/3420/429 7579/6798/1092
f 7623/6823/1109 7426/6702/1018 7428/1844/1020
f 7479/6735/1050 3953/3250/441 7626/3252/1110
s 0
f 7629/6824/136 4136/3428/136 4135/3427/136
s 1
f 3976/3272/444 3925/3222/429 7567/6787/1090
s 0
f 9499/1865/1038 7552/1864/1038 7632/6727/1038
f 7552/1864/1038 7551/3412/1038 7631/6825/1038
s 1
f 7601/1881/1103 7600/6812/1102 7633/6826/1112
s 0
f 7635/6827/136 7446/6716/136 7447/6717/136
s 1
f 7637/1838/1093 9500/3343/1350 7638/6829/1094
f 3910/3207/426 3909/3206/425 7420/6698/1016
f 7542/6776/1083 7541/6775/441 4153/3435/440
s 0
f 4019/3314/137 7458/6723/137 7459/6724/137
f 7642/6830/137 3837/3137/137 3836/3136/137
s 1
f 7643/6831/1108 7460/6725/1039 7461/1868/1040
s 0
f 7646/6834/1 7557/6781/1 9493/8636/1
f 9493/8636/1 7644/6832/1 7646/6834/1
f 7614/1834/1014 9501/1836/1014 9502/6818/1014
f 9502/6818/1014 7647/3329/1014 7614/1834/1014
s 1
f 7639/1840/1095 7638/6829/1094 7648/6835/1115
s 0
f 7650/6837/2 9503/8640/2 7649/6836/2
f 9503/8640/2 9504/8641/2 7649/6836/2
f 7585/6802/1 7584/6801/1 7651/6838/1
s 1
f 7653/1806/1008 7656/6841/1118 7654/6840/1116
f 7655/1804/1117 9505/3257/1351 7656/6841/1118
f 7657/6842/1119 9506/3209/1352 7658/1799/1120
f 7659/6843/1121 7623/6823/1109 7624/1843/1081
s 0
f 7661/6845/2 9507/8642/2 9508/8643/2
f 9508/8643/2 7660/6844/2 7661/6845/2
f 7662/6846/139 4104/3396/139 4106/3398/139
f 4048/3342/138 9483/8632/138 7445/6715/138
