# Blender 4.0.2
# www.blender.org
mtllib sans_nom.mtl
o bola_Mat.3_0
v -0.455420 0.796650 0.241340
v -0.393092 0.828920 0.230768
v -0.319368 0.825805 0.319330
v -0.549382 0.739536 0.225284
v -0.542226 0.764887 0.088045
v -0.611277 0.720017 0.102445
v -0.554436 0.769371 -0.042976
v -0.615619 0.681345 0.246110
v -0.506703 0.732583 0.330649
v -0.358631 0.801991 0.358206
v -0.251816 0.799747 0.444076
v -0.230554 0.818538 0.389665
v -0.659627 0.651764 0.210858
v -0.641730 0.636255 0.297846
v -0.683891 0.602466 0.274752
v -0.564404 0.662023 0.383968
v -0.430913 0.727428 0.430913
v -0.329732 0.733237 0.506165
v -0.247094 0.743265 0.533908
v -0.092167 0.769878 0.541620
v -0.485855 0.655386 0.485856
v -0.102444 0.720017 0.611278
v -0.246109 0.681345 0.615620
v -0.383968 0.662023 0.564405
v -0.442201 0.621468 0.568731
v -0.508552 0.621825 0.508553
v -0.568731 0.621468 0.442202
v -0.611919 0.624017 0.375840
v -0.581848 0.600920 0.454530
v 0.044021 0.736913 0.597797
v 0.056559 0.676888 0.665189
v 0.012618 0.674180 0.670496
v -0.052501 0.705447 0.634837
v -0.132265 0.667880 0.663976
v -0.210857 0.651764 0.659627
v -0.297846 0.636255 0.641731
v -0.375840 0.624017 0.611919
v -0.067613 0.641218 0.699403
v -0.112834 0.595874 0.733632
v -0.198273 0.600521 0.711597
v -0.274751 0.602466 0.683892
v -0.335438 0.601691 0.654460
v -0.385861 0.598946 0.631242
v -0.454529 0.600920 0.581849
v -0.398083 0.562405 0.657397
v -0.237062 0.533166 0.752884
v -0.271102 0.465371 0.786521
v -0.329382 0.498196 0.742541
v -0.304017 0.546294 0.718295
v -0.394710 0.307272 0.812836
v -0.442048 0.225825 0.815850
v -0.510353 0.218392 0.777114
v -0.478572 0.317577 0.762491
v -0.350771 0.389440 0.796966
v -0.438027 0.417410 0.737103
v -0.375489 0.535069 0.692752
v -0.357234 0.557612 0.684441
v -0.489296 0.506880 0.641328
v -0.525902 0.417210 0.677364
v -0.558919 0.319684 0.705000
v -0.584177 0.217101 0.723638
v -0.598704 0.109149 0.736449
v -0.523564 0.108425 0.791722
v -0.531423 0.000000 0.795564
v -0.445939 0.000000 0.845043
v -0.605311 0.000000 0.740818
v -0.469625 0.564640 0.606328
v -0.572780 0.500754 0.572780
v -0.606911 0.414863 0.606912
v -0.635966 0.318998 0.635967
v -0.657420 0.216590 0.657421
v -0.736449 0.109149 0.598704
v -0.791721 0.108425 0.523565
v -0.777113 0.218392 0.510354
v -0.723638 0.217101 0.584178
v -0.705000 0.319684 0.558920
v -0.677363 0.417210 0.525903
v -0.641327 0.506880 0.489296
v -0.606328 0.564640 0.469626
v -0.692752 0.535069 0.375490
v -0.684441 0.557612 0.357235
v -0.657397 0.562405 0.398084
v -0.737103 0.417410 0.438028
v -0.762491 0.317577 0.478573
v -0.812835 0.307272 0.394711
v -0.815849 0.225825 0.442049
v -0.796965 0.389440 0.350772
v -0.742541 0.498196 0.329382
v -0.718294 0.546294 0.304018
v -0.842183 0.296462 0.337736
v -0.822190 0.380446 0.298491
v -0.786520 0.465371 0.271102
v -0.752884 0.533166 0.237063
v -0.711596 0.600521 0.198274
v -0.853668 0.358163 0.231442
v -0.819906 0.446111 0.195685
v -0.877759 0.276100 0.255444
v -0.896841 0.181879 0.273958
v -0.842381 0.216484 0.394290
v -0.840784 0.103877 0.441829
v -0.867858 0.091573 0.390067
v -0.907220 0.097774 0.283453
v -0.881829 0.176597 0.261057
v -0.863310 0.268069 0.243087
v -0.839939 0.347711 0.219799
v -0.807152 0.433124 0.185073
v -0.845042 0.000000 0.445940
v -0.871742 0.000000 0.391118
v -0.911172 0.000000 0.288754
v -0.891904 0.094921 0.270275
v -0.895744 0.000000 0.275425
v -0.670872 0.109037 0.670873
v -0.676264 0.000000 0.676265
v -0.740818 0.000000 0.605312
v -0.795563 0.000000 0.531423
v -0.654460 0.601691 0.335439
v -0.631242 0.598946 0.385862
v -0.521306 0.601039 0.521306
v -0.541932 0.563990 0.541933
v -0.631454 0.544334 -0.419326
v -0.588530 0.518472 -0.505646
v -0.593658 0.534832 -0.518453
v -0.296805 0.662023 -0.614728
v -0.410088 0.681345 -0.520947
v -0.406832 0.636255 -0.578807
v -0.465825 0.651764 -0.512421
v -0.508888 0.667880 -0.446533
v -0.517124 0.600521 -0.527508
v -0.578927 0.595874 -0.464533
v -0.638318 0.562170 -0.428367
v -0.664977 0.556266 -0.342341
v -0.478160 0.720017 -0.394358
v -0.454892 0.602466 -0.579888
v -0.539718 0.736913 -0.260775
v -0.523535 0.705447 -0.362886
v -0.571895 0.641218 -0.408256
v -0.624910 0.612709 -0.373425
v -0.673137 0.574565 -0.348417
v -0.695428 0.558615 -0.271054
v -0.704462 0.576930 -0.275093
v -0.723207 0.556861 -0.193782
v -0.657005 0.640797 -0.250593
v -0.732756 0.575111 -0.196341
v -0.674851 0.633577 -0.220404
v -0.621617 0.689296 -0.204890
v -0.609721 0.693249 -0.226271
v -0.570541 0.727859 -0.217817
v -0.579570 0.711569 -0.246344
v -0.501662 0.769373 -0.239956
v -0.631397 0.689115 -0.169182
v -0.559098 0.745309 -0.183884
v -0.533742 0.771837 -0.143016
v -0.273397 0.732506 -0.539860
v -0.362611 0.742568 -0.466416
v -0.436789 0.772034 -0.320946
v -0.417882 0.803838 -0.210718
v -0.445210 0.813461 -0.117935
v -0.464765 0.805475 -0.015911
v 0.020574 0.800931 -0.508135
v 0.078468 0.739117 -0.591322
v 0.215794 0.775773 -0.491257
v -0.033184 0.732486 -0.604254
v -0.133690 0.799757 -0.492640
v -0.157725 0.727428 -0.588638
v -0.263674 0.802738 -0.431485
v 0.216919 0.720017 -0.580604
v 0.314840 0.769393 -0.458446
v 0.094672 0.681345 -0.656197
v -0.050324 0.662023 -0.680773
v -0.177836 0.655386 -0.663691
v 0.062923 0.636255 -0.704678
v 0.036731 0.601691 -0.734498
v -0.019528 0.624017 -0.717858
v -0.098593 0.621468 -0.713636
v 0.086017 0.498196 -0.807751
v 0.021192 0.535069 -0.787686
v -0.010792 0.417410 -0.857364
v 0.095860 0.546294 -0.774070
v 0.032846 0.557612 -0.771360
v -0.018545 0.598946 -0.739602
v -0.102711 0.600920 -0.731160
v -0.186143 0.621825 -0.694695
v -0.198362 0.563990 -0.740294
v -0.103544 0.564640 -0.759908
v -0.016052 0.562405 -0.768364
v -0.103080 0.506880 -0.800054
v -0.116764 0.417210 -0.849565
v -0.209652 0.500754 -0.782432
v -0.222145 0.414863 -0.829056
v -0.323663 0.417210 -0.794127
v -0.290283 0.564640 -0.709872
v -0.276631 0.600920 -0.684558
v -0.370281 0.562405 -0.673448
v -0.353741 0.598946 -0.649787
v -0.414126 0.557612 -0.651594
v -0.399060 0.601691 -0.617728
v -0.470053 0.546294 -0.622434
v -0.190812 0.601039 -0.712117
v -0.271435 0.621468 -0.667323
v -0.342018 0.624017 -0.631446
v -0.533486 0.533166 -0.581744
v -0.478369 0.498196 -0.656524
v -0.545596 0.465371 -0.628041
v -0.612218 0.446111 -0.579421
v -0.623578 0.358163 -0.627268
v -0.412196 0.535069 -0.671560
v -0.419336 0.417410 -0.747894
v -0.514807 0.389440 -0.702260
v -0.562793 0.380446 -0.669596
v -0.632440 0.276100 -0.660100
v -0.331089 0.319684 -0.836538
v -0.421051 0.317577 -0.795701
v -0.506581 0.307272 -0.748247
v -0.560485 0.296462 -0.713579
v -0.639709 0.181879 -0.685674
v -0.532380 0.216484 -0.762655
v -0.485522 0.225825 -0.790750
v -0.507227 0.103877 -0.803027
v -0.556554 0.091573 -0.771736
v -0.643950 0.097774 -0.699087
v -0.644721 0.000000 -0.705654
v -0.559393 0.000000 -0.774589
v -0.508858 0.000000 -0.808716
v -0.423869 0.108425 -0.849281
v -0.417824 0.218392 -0.830536
v -0.423267 0.000000 -0.858008
v -0.338432 0.109149 -0.886717
v -0.334601 0.217101 -0.867731
v -0.240633 0.216590 -0.898053
v -0.245557 0.109037 -0.916429
v -0.150269 0.109149 -0.937136
v -0.153806 0.000000 -0.944223
v -0.062445 0.000000 -0.954690
v -0.144094 0.217101 -0.918777
v -0.338912 0.000000 -0.894624
v -0.247531 0.000000 -0.923795
v -0.131539 0.319684 -0.890008
v -0.232780 0.318998 -0.868747
v -0.033211 0.317577 -0.899623
v -0.053423 0.218392 -0.928177
v -0.057560 0.108425 -0.947433
v 0.036325 0.000000 -0.954798
v 0.097153 0.000000 -0.950510
v 0.096121 0.091573 -0.946621
v 0.037757 0.103877 -0.949055
v 0.025099 0.225825 -0.927571
v 0.064588 0.307272 -0.901292
v 0.094705 0.389440 -0.865578
v 0.171139 0.533166 -0.770548
v 0.184088 0.600521 -0.715397
v 0.158478 0.465371 -0.816698
v 0.152594 0.380446 -0.861283
v 0.128604 0.296462 -0.898220
v 0.079726 0.216484 -0.926669
v 0.226400 0.358163 -0.855019
v 0.240485 0.446111 -0.807903
v 0.217659 0.276100 -0.887883
v 0.211166 0.181879 -0.913666
v 0.208132 0.097774 -0.927402
v 0.205517 0.000000 -0.933475
v 0.209347 0.000000 -0.913450
v 0.211888 0.094921 -0.907549
v 0.214833 0.176597 -0.894215
v 0.221136 0.268069 -0.869192
v 0.229618 0.347711 -0.837309
v 0.243298 0.433124 -0.791552
v 0.256858 0.518472 -0.732168
v 0.254895 0.534832 -0.745822
v 0.337192 0.544334 -0.678874
v 0.338615 0.562170 -0.690136
v 0.404716 0.556266 -0.628965
v 0.408745 0.574565 -0.638307
v 0.466731 0.558615 -0.582454
v 0.472534 0.576930 -0.590469
v 0.529424 0.556861 -0.529425
v 0.536414 0.575111 -0.536415
v 0.269098 0.595874 -0.691761
v 0.503644 0.630908 -0.503644
v 0.474236 0.633577 -0.528302
v 0.443686 0.640797 -0.545523
v 0.354475 0.612709 -0.635852
v 0.291147 0.641218 -0.639508
v 0.346175 0.674180 -0.574358
v 0.415744 0.653298 -0.552089
v 0.381575 0.676888 -0.547791
v 0.528301 0.633577 -0.474236
v 0.462215 0.689115 -0.462215
v 0.435890 0.689296 -0.488248
v 0.414898 0.693249 -0.500817
v 0.378750 0.711569 -0.503126
v 0.337022 0.736913 -0.495697
v 0.391318 0.771255 -0.391318
v 0.438798 0.745309 -0.392251
v 0.390726 0.771837 -0.390727
v 0.415581 0.745203 -0.415581
v 0.392251 0.745309 -0.438798
v 0.385194 0.727859 -0.473906
v 0.488248 0.689296 -0.435891
v 0.473905 0.727859 -0.385195
v 0.458652 0.769454 -0.314173
v 0.392780 0.808020 -0.241919
v 0.317946 0.825417 -0.302259
v 0.255794 0.812786 -0.373734
v 0.512149 0.765654 -0.194610
v 0.580604 0.720017 -0.216920
v 0.590468 0.576930 -0.472535
v 0.545522 0.640797 -0.443687
v 0.500816 0.693249 -0.414899
v 0.503126 0.711569 -0.378751
v 0.495697 0.736913 -0.337022
v 0.635851 0.612709 -0.354476
v 0.638306 0.574565 -0.408746
v 0.576036 0.705447 -0.271952
v 0.641153 0.667880 -0.217443
v 0.639508 0.641218 -0.291147
v 0.691761 0.595874 -0.269099
v 0.690135 0.562170 -0.338616
v 0.628964 0.556266 -0.404717
v 0.582454 0.558615 -0.466731
v 0.745822 0.534832 -0.254896
v 0.837308 0.347711 -0.229619
v 0.869191 0.268069 -0.221137
v 0.887883 0.276100 -0.217660
v 0.855019 0.358163 -0.226401
v 0.791551 0.433124 -0.243299
v 0.807902 0.446111 -0.240486
v 0.732168 0.518472 -0.256859
v 0.678874 0.544334 -0.337193
v 0.913665 0.181879 -0.211167
v 0.926669 0.216484 -0.079727
v 0.898220 0.296462 -0.128605
v 0.861283 0.380446 -0.152595
v 0.816697 0.465371 -0.158479
v 0.770548 0.533166 -0.171140
v 0.715397 0.600521 -0.184089
v 0.807750 0.498196 -0.086018
v 0.774070 0.546294 -0.095861
v 0.729643 0.602466 -0.104004
v 0.676682 0.651764 -0.147206
v 0.704678 0.636255 -0.062923
v 0.656197 0.681345 -0.094673
v 0.680772 0.662023 0.050323
v 0.602733 0.733733 0.029808
v 0.588638 0.727428 0.157725
v 0.591724 0.738927 -0.074658
v 0.512421 0.651764 0.465825
v 0.520947 0.681345 0.410087
v 0.578808 0.636255 0.406832
v 0.614728 0.662023 0.296804
v 0.538421 0.733232 0.274018
v 0.663691 0.655386 0.177835
v 0.713636 0.621468 0.098592
v 0.717857 0.624017 0.019527
v 0.734498 0.601691 -0.036732
v 0.631447 0.624017 0.342017
v 0.667323 0.621468 0.271435
v 0.694696 0.621825 0.186143
v 0.731160 0.600920 0.102710
v 0.739602 0.598946 0.018544
v 0.771360 0.557612 -0.032847
v 0.759908 0.564640 0.103543
v 0.740294 0.563990 0.198361
v 0.768364 0.562405 0.016051
v 0.787686 0.535069 -0.021193
v 0.800054 0.506880 0.103079
v 0.849565 0.417210 0.116763
v 0.782432 0.500754 0.209652
v 0.829056 0.414863 0.222144
v 0.794127 0.417210 0.323662
v 0.748247 0.307272 0.506581
v 0.795702 0.317577 0.421050
v 0.830536 0.218392 0.417823
v 0.867731 0.217101 0.334600
v 0.836538 0.319684 0.331088
v 0.868747 0.318998 0.232780
v 0.890008 0.319684 0.131538
v 0.857364 0.417410 0.010791
v 0.918778 0.217101 0.144093
v 0.898054 0.216590 0.240632
v 0.937136 0.109149 0.150268
v 0.954798 0.000000 -0.036326
v 0.954690 0.000000 0.062444
v 0.947433 0.108425 0.057559
v 0.928177 0.218392 0.053422
v 0.899623 0.317577 0.033210
v 0.865578 0.389440 -0.094706
v 0.901292 0.307272 -0.064589
v 0.927571 0.225825 -0.025100
v 0.949055 0.103877 -0.037758
v 0.927401 0.097774 -0.208134
v 0.946620 0.091573 -0.096122
v 0.950510 0.000000 -0.097154
v 0.933475 0.000000 -0.205518
v 0.907549 0.094921 -0.211889
v 0.894214 0.176597 -0.214834
v 0.913450 0.000000 -0.209348
v 0.973869 0.039757 0.149484
v 0.967552 0.083029 0.175126
v 0.969690 0.092199 0.165688
v 0.962649 0.111811 0.194032
v 0.963091 0.095377 0.192979
v 0.939739 0.157459 0.189562
v 0.967306 0.124161 0.197164
v 0.966600 0.093878 0.207412
v 0.982950 0.062956 0.199118
v 0.987862 0.030245 0.179568
v 0.989269 -0.000000 0.174027
v 0.981883 0.039484 0.200133
v 0.975641 -0.000000 0.142130
v 0.941126 0.165115 0.191513
v 0.904906 0.158542 0.182628
v 0.904906 0.158542 0.182628
v 0.905765 0.198897 0.162798
v 0.901943 0.190973 0.184135
v 0.976380 -0.080547 0.224529
v 0.977050 -0.060864 0.219065
v 0.982950 -0.062956 0.199118
v 0.984641 -0.012682 0.189412
v 0.987862 -0.030245 0.179568
v 0.973869 -0.039757 0.149484
v 0.978526 -0.000000 0.129148
v 0.976567 0.044520 0.137431
v 0.963091 -0.095377 0.192979
v 0.966600 -0.093878 0.207412
v 0.967552 -0.083029 0.175126
v 0.969690 -0.092199 0.165688
v 0.962649 -0.111811 0.194032
v 0.967306 -0.124161 0.197164
v 0.954471 -0.107617 0.255749
v 0.967226 -0.088177 0.259166
v 0.961782 -0.057516 0.098007
v 0.953081 -0.067473 0.084262
v 0.955645 -0.129340 0.067801
v 0.953250 -0.119616 0.134291
v 0.976567 -0.044521 0.137431
v 0.939739 -0.157459 0.189562
v 0.941126 -0.165116 0.191513
v 0.953611 -0.142609 0.255518
v 0.936294 -0.124161 0.312902
v 0.910796 -0.165116 0.304706
v 0.931182 -0.177196 0.249509
v 0.901718 -0.193532 0.184075
v 0.904906 -0.158543 0.182628
v 0.905765 -0.198897 0.162798
v 0.904906 -0.158543 0.182628
v 0.936129 -0.201438 0.165629
v 0.914399 -0.259035 0.062053
v 0.931744 -0.259577 0.064247
v 0.939142 -0.226316 0.030115
v 0.927729 -0.125833 0.064078
v 0.928399 -0.062821 0.080381
v 0.927394 -0.054215 0.088852
v 0.929316 0.000032 0.080236
v 0.922371 -0.224516 0.025888
v 0.927729 0.125833 0.064078
v 0.928399 0.062820 0.080381
v 0.953081 0.067473 0.084262
v 0.927394 0.054214 0.088852
v 0.961782 0.057516 0.098007
v 0.964113 -0.000000 0.087319
v 0.953250 0.119616 0.134291
v 0.955645 0.129340 0.067801
v 0.936129 0.201438 0.165629
v 0.931744 0.259577 0.064247
v 0.914399 0.259035 0.062053
v 0.939142 0.226316 0.030115
v 0.922371 0.224516 0.025888
v 0.914447 -0.044521 0.369262
v 0.922621 -0.092199 0.341353
v 0.892685 -0.119616 0.360324
v 0.881932 -0.057516 0.396012
v 0.861514 -0.129340 0.419103
v 0.867524 -0.067473 0.403565
v 0.847573 -0.054215 0.386747
v 0.844931 0.000048 0.395167
v 0.844207 -0.062821 0.394586
v 0.835477 -0.125833 0.408370
v 0.828379 -0.226316 0.443489
v 0.811741 -0.224516 0.438764
v 0.822920 -0.259035 0.403458
v 0.839038 -0.259577 0.410231
v 0.893527 -0.201438 0.324623
v 0.908619 -0.157459 0.305702
v 0.930696 -0.111811 0.313286
v 0.887534 -0.203982 0.237813
v 0.872949 -0.193532 0.291444
v 0.874986 -0.158543 0.294291
v 0.874986 -0.158543 0.294291
v 0.865815 -0.198897 0.311893
v -0.604350 0.676888 -0.283613
v -0.636089 0.653298 -0.270250
v -0.586976 0.674180 -0.324321
v -0.310758 0.506880 -0.744406
v -0.592925 0.119616 0.758394
v -0.634035 0.157459 0.719057
v -0.611504 0.201438 0.727897
v -0.536540 0.129340 0.793712
v -0.521511 0.259577 0.774790
v -0.698091 0.142608 0.698093
v -0.681672 0.177196 0.681673
v -0.636418 0.165115 0.719282
v -0.654402 0.124161 0.739129
v -0.649362 0.111811 0.736663
v -0.628335 0.092199 0.756932
v -0.607302 0.044520 0.777016
v -0.565768 0.057516 0.783924
v -0.549514 0.067473 0.783262
v -0.557677 -0.000000 0.791287
v -0.601109 -0.000000 0.782854
v -0.616392 0.039757 0.768653
v -0.635439 0.083029 0.750362
v -0.648670 0.095377 0.737572
v -0.662924 0.093878 0.733394
v -0.698721 0.107617 0.698722
v -0.682638 0.080547 0.733305
v -0.708057 0.088176 0.708059
v -0.663916 0.062956 0.751701
v -0.739128 0.124161 0.654403
v -0.733393 0.093878 0.662925
v -0.733304 0.080547 0.682639
v -0.649442 0.030245 0.765730
v -0.645346 -0.000000 0.769718
v -0.751699 0.062956 0.663918
v -0.737571 0.095377 0.648672
v -0.750360 0.083029 0.635441
v -0.768652 0.039757 0.616393
v -0.769717 -0.000000 0.645348
v -0.773863 -0.000000 0.610910
v -0.765729 0.030245 0.649443
v -0.662924 -0.093878 0.733394
v -0.682638 -0.080547 0.733305
v -0.663916 -0.062956 0.751701
v -0.698721 -0.107617 0.698722
v -0.654402 -0.124161 0.739129
v -0.708057 -0.088177 0.708059
v -0.733304 -0.080547 0.682639
v -0.733393 -0.093878 0.662925
v -0.739128 -0.124161 0.654403
v -0.737571 -0.095377 0.648672
v -0.719055 -0.157459 0.634036
v -0.736661 -0.111811 0.649363
v -0.750360 -0.083029 0.635441
v -0.751699 -0.062956 0.663918
v -0.777014 -0.044521 0.607304
v -0.756931 -0.092199 0.628337
v -0.758392 -0.119616 0.592926
v -0.768652 -0.039757 0.616393
v -0.765729 -0.030245 0.649443
v -0.692356 -0.158543 0.610615
v -0.703015 -0.198897 0.593871
v -0.727895 -0.201438 0.611505
v -0.793711 -0.129340 0.536541
v -0.783923 -0.057516 0.565769
v -0.782853 -0.000000 0.601110
v -0.760865 -0.259035 0.510941
v -0.791285 -0.000000 0.557679
v -0.774789 -0.259577 0.521513
v -0.798262 -0.226316 0.495653
v -0.785852 -0.224516 0.483606
v -0.771397 -0.125833 0.519359
v -0.783260 -0.067473 0.549515
v -0.758719 -0.054215 0.540646
v -0.764690 0.000048 0.534148
v -0.763825 -0.062821 0.533812
v -0.783923 0.057516 0.565769
v -0.777014 0.044520 0.607304
v -0.756931 0.092199 0.628337
v -0.736661 0.111811 0.649363
v -0.783260 0.067473 0.549515
v -0.793711 0.129340 0.536541
v -0.758392 0.119616 0.592926
v -0.719055 0.157459 0.634036
v -0.719281 0.165115 0.636419
v -0.774789 0.259577 0.521513
v -0.727895 0.201438 0.611505
v -0.593870 0.198897 0.703017
v -0.610613 0.158542 0.692358
v -0.610613 0.158542 0.692358
v -0.610437 0.190973 0.689038
v -0.649892 0.201422 0.649894
v -0.689036 0.190973 0.610438
v -0.692356 0.158542 0.610615
v -0.703015 0.198897 0.593871
v -0.692356 0.158542 0.610615
v -0.760865 0.259035 0.510941
v -0.798262 0.226316 0.495653
v -0.771397 0.125833 0.519359
v -0.763825 0.062820 0.533812
v -0.758719 0.054214 0.540646
v -0.785852 0.224516 0.483606
v -0.510939 -0.259035 0.760867
v -0.521511 -0.259577 0.774790
v -0.495651 -0.226316 0.798263
v -0.483605 -0.224516 0.785853
v -0.519358 -0.125833 0.771398
v -0.536540 -0.129340 0.793712
v -0.549514 -0.067473 0.783262
v -0.565768 -0.057516 0.783924
v -0.540645 -0.054215 0.758721
v -0.534144 0.000032 0.764693
v -0.533811 -0.062821 0.763827
v -0.610909 -0.000000 0.773865
v -0.616392 -0.039757 0.768653
v -0.607302 -0.044521 0.777016
v -0.592925 -0.119616 0.758394
v -0.611504 -0.201438 0.727897
v -0.593870 -0.198897 0.703017
v -0.610613 -0.158543 0.692358
v -0.610273 -0.193532 0.688874
v -0.636418 -0.165116 0.719282
v -0.634035 -0.157459 0.719057
v -0.610613 -0.158543 0.692358
v -0.628335 -0.092199 0.756932
v -0.635439 -0.083029 0.750362
v -0.648670 -0.095377 0.737572
v -0.649362 -0.111811 0.736663
v -0.649442 -0.030245 0.765730
v -0.698091 -0.142609 0.698093
v -0.681672 -0.177196 0.681673
v -0.649719 -0.203982 0.649721
v -0.688872 -0.193532 0.610274
v -0.719281 -0.165116 0.636419
v -0.692356 -0.158543 0.610615
v -0.357477 0.039757 -0.918137
v -0.338420 0.030245 -0.945298
v -0.319034 0.062956 -0.950819
v -0.332112 0.083029 -0.925487
v -0.343922 -0.000000 -0.943745
v -0.364732 -0.000000 -0.915995
v -0.357477 -0.039757 -0.918137
v -0.377417 -0.000000 -0.912003
v -0.317621 0.039484 -0.950402
v -0.293742 0.080547 -0.957834
v -0.303676 0.093878 -0.940806
v -0.314421 0.095377 -0.930551
v -0.313287 0.111811 -0.930695
v -0.312904 0.124161 -0.936293
v -0.341355 0.092199 -0.922621
v -0.369264 0.044520 -0.914447
v -0.396014 0.057516 -0.881931
v -0.406436 -0.000000 -0.878606
v -0.255751 0.107617 -0.954471
v -0.207414 0.093878 -0.966600
v -0.197166 0.124161 -0.967305
v -0.255520 0.142608 -0.953611
v -0.304708 0.165115 -0.910795
v -0.305704 0.157459 -0.908619
v -0.360325 0.119616 -0.892685
v -0.419105 0.129340 -0.861513
v -0.403567 0.067473 -0.867524
v -0.324625 0.201438 -0.893527
v -0.410232 0.259577 -0.839037
v -0.443490 0.226316 -0.828378
v -0.408372 0.125833 -0.835476
v -0.394588 0.062820 -0.844207
v -0.386749 0.054214 -0.847573
v -0.395172 0.000032 -0.844929
v -0.396014 -0.057516 -0.881931
v -0.403460 0.259035 -0.822920
v -0.438766 0.224516 -0.811741
v -0.403567 -0.067473 -0.867524
v -0.419105 -0.129340 -0.861513
v -0.360325 -0.119616 -0.892685
v -0.369264 -0.044521 -0.914447
v -0.341355 -0.092199 -0.922621
v -0.305704 -0.157459 -0.908619
v -0.313287 -0.111811 -0.930695
v -0.410232 -0.259577 -0.839037
v -0.324625 -0.201438 -0.893527
v -0.332112 -0.083029 -0.925487
v -0.314421 -0.095377 -0.930551
v -0.312904 -0.124161 -0.936293
v -0.304708 -0.165116 -0.910795
v -0.294293 -0.158543 -0.874986
v -0.303676 -0.093878 -0.940806
v -0.319034 -0.062956 -0.950819
v -0.338420 -0.030245 -0.945298
v -0.328285 -0.012682 -0.947430
v -0.310292 -0.009169 -0.959757
v -0.302684 0.028390 -0.961847
v -0.249510 -0.177196 -0.931182
v -0.255520 -0.142609 -0.953611
v -0.255751 -0.107617 -0.954471
v -0.293742 -0.080547 -0.957834
v -0.298809 -0.060864 -0.955683
v -0.289230 -0.043606 -0.965586
v -0.250292 -0.051071 -0.976061
v -0.244262 -0.071363 -0.970408
v -0.259168 -0.088177 -0.967225
v -0.224531 -0.080547 -0.976380
v -0.262680 -0.000000 -0.980332
v -0.218793 -0.028390 -0.984325
v -0.200135 -0.039484 -0.981883
v -0.199120 -0.062956 -0.982950
v -0.207414 -0.093878 -0.966600
v -0.197166 -0.124161 -0.967305
v -0.191514 -0.165116 -0.941125
v -0.189564 -0.157459 -0.939738
v -0.179570 -0.030245 -0.987862
v -0.149486 -0.039757 -0.973869
v -0.175127 -0.083029 -0.967551
v -0.192981 -0.095377 -0.963091
v -0.194034 -0.111811 -0.962649
v -0.165690 -0.092199 -0.969690
v -0.134293 -0.119616 -0.953250
v -0.137433 -0.044521 -0.976566
v -0.129150 -0.000000 -0.978526
v -0.142132 -0.000000 -0.975640
v -0.174029 -0.000000 -0.989268
v -0.149486 0.039757 -0.973869
v -0.179570 0.030245 -0.987862
v -0.199120 0.062956 -0.982950
v -0.137433 0.044520 -0.976566
v -0.189413 0.012682 -0.984641
v -0.098009 0.057516 -0.961782
v -0.134293 0.119616 -0.953250
v -0.165690 0.092199 -0.969690
v -0.175127 0.083029 -0.967551
v -0.224531 0.080547 -0.976380
v -0.259168 0.088176 -0.967225
v -0.084264 0.067473 -0.953081
v -0.067803 0.129340 -0.955644
v -0.165631 0.201438 -0.936129
v -0.189564 0.157459 -0.939738
v -0.194034 0.111811 -0.962649
v -0.192981 0.095377 -0.963091
v -0.064249 0.259577 -0.931743
v -0.249510 0.177196 -0.931182
v -0.191514 0.165115 -0.941125
v -0.030117 0.226316 -0.939142
v -0.064080 0.125833 -0.927729
v -0.062055 0.259035 -0.914399
v -0.162800 0.198897 -0.905765
v -0.182629 0.158542 -0.904906
v -0.182629 0.158542 -0.904906
v -0.184137 0.190973 -0.901942
v -0.025889 0.224516 -0.922371
v -0.237878 0.201422 -0.887770
v -0.291506 0.190973 -0.873173
v -0.294293 0.158542 -0.874986
v -0.294293 0.158542 -0.874986
v -0.311895 0.198897 -0.865815
v 0.579888 -0.602466 0.454891
v 0.578808 -0.636255 0.406832
v 0.512421 -0.651764 0.465825
v 0.527508 -0.600521 0.517124
v 0.505647 -0.518472 0.588530
v 0.563854 -0.433124 0.606478
v 0.579422 -0.446111 0.612217
v 0.518453 -0.534832 0.593657
v 0.581744 -0.533166 0.533485
v 0.622434 -0.546294 0.470052
v 0.617728 -0.601691 0.399059
v 0.631447 -0.624017 0.342017
v 0.614728 -0.662023 0.296804
v 0.651594 -0.557612 0.414126
v 0.649787 -0.598946 0.353740
v 0.684558 -0.600920 0.276630
v 0.673449 -0.562405 0.370280
v 0.671560 -0.535069 0.412195
v 0.656524 -0.498196 0.478368
v 0.628042 -0.465371 0.545595
v 0.627268 -0.358163 0.623577
v 0.709872 -0.564640 0.290283
v 0.740294 -0.563990 0.198361
v 0.782432 -0.500754 0.209652
v 0.744406 -0.506880 0.310757
v 0.794127 -0.417210 0.323662
v 0.747895 -0.417410 0.419335
v 0.702260 -0.389440 0.514806
v 0.669596 -0.380446 0.562792
v 0.660100 -0.276100 0.632439
v 0.762656 -0.216484 0.532379
v 0.685674 -0.181879 0.639708
v 0.699087 -0.097774 0.643949
v 0.713579 -0.296462 0.560484
v 0.748247 -0.307272 0.506581
v 0.795702 -0.317577 0.421050
v 0.836538 -0.319684 0.331088
v 0.790750 -0.225825 0.485522
v 0.830536 -0.218392 0.417823
v 0.867731 -0.217101 0.334600
v 0.868747 -0.318998 0.232780
v 0.829056 -0.414863 0.222144
v 0.890007 -0.319684 0.131538
v 0.849565 -0.417210 0.116763
v 0.800054 -0.506880 0.103079
v 0.759908 -0.564640 0.103543
v 0.768364 -0.562405 0.016051
v 0.731160 -0.600920 0.102710
v 0.739602 -0.598946 0.018544
v 0.717857 -0.624017 0.019527
v 0.734498 -0.601691 -0.036732
v 0.715397 -0.600521 -0.184089
v 0.729643 -0.602466 -0.104004
v 0.774069 -0.546294 -0.095861
v 0.771360 -0.557612 -0.032847
v 0.787686 -0.535069 -0.021193
v 0.857364 -0.417410 0.010791
v 0.807750 -0.498196 -0.086018
v 0.770548 -0.533166 -0.171140
v 0.745822 -0.534832 -0.254896
v 0.691761 -0.595874 -0.269099
v 0.690135 -0.562170 -0.338616
v 0.635851 -0.612709 -0.354476
v 0.898053 -0.216590 0.240632
v 0.886718 -0.109149 0.338431
v 0.918778 -0.217101 0.144093
v 0.899623 -0.317577 0.033210
v 0.865578 -0.389440 -0.094706
v 0.816697 -0.465371 -0.158479
v 0.928177 -0.218392 0.053422
v 0.954798 0.000000 -0.036326
v 0.949055 -0.103877 -0.037758
v 0.947433 -0.108425 0.057559
v 0.927571 -0.225825 -0.025100
v 0.901292 -0.307272 -0.064589
v 0.861283 -0.380446 -0.152595
v 0.855019 -0.358163 -0.226401
v 0.807902 -0.446111 -0.240486
v 0.791551 -0.433124 -0.243299
v 0.732168 -0.518472 -0.256859
v 0.927401 -0.097774 -0.208134
v 0.913665 -0.181879 -0.211167
v 0.926668 -0.216484 -0.079727
v 0.946620 -0.091573 -0.096122
v 0.898220 -0.296462 -0.128605
v 0.887883 -0.276100 -0.217660
v 0.837308 -0.347711 -0.229619
v 0.869191 -0.268069 -0.221137
v 0.894214 -0.176597 -0.214834
v 0.907701 -0.094817 -0.212333
v 0.933475 0.000000 -0.205518
v 0.950510 0.000000 -0.097154
v 0.913450 0.000000 -0.209348
v 0.944223 0.000000 0.153805
v 0.937136 -0.109149 0.150268
v 0.916429 -0.109037 0.245556
v 0.954690 0.000000 0.062444
v 0.705654 0.000000 0.644721
v 0.774589 0.000000 0.559392
v 0.771737 -0.091573 0.556553
v 0.808717 0.000000 0.508858
v 0.803028 -0.103877 0.507226
v 0.849281 -0.108425 0.423868
v 0.858008 0.000000 0.423266
v 0.894624 0.000000 0.338911
v 0.923795 0.000000 0.247530
v 0.680017 -0.094921 0.637275
v 0.686397 0.000000 0.638025
v 0.610321 -0.347711 0.617509
v 0.642174 -0.268069 0.626105
v 0.666996 -0.176597 0.633158
v 0.910796 0.165115 0.304706
v 0.931182 0.177196 0.249509
v 0.953611 0.142608 0.255518
v 0.822920 0.259035 0.403458
v 0.865815 0.198897 0.311894
v 0.893527 0.201438 0.324623
v 0.908619 0.157459 0.305702
v 0.874986 0.158542 0.294291
v 0.874986 0.158542 0.294291
v 0.873173 0.190973 0.291504
v 0.887770 0.201422 0.237876
v 0.892685 0.119616 0.360324
v 0.914447 0.044520 0.369262
v 0.881932 0.057516 0.396012
v 0.861514 0.129340 0.419103
v 0.839038 0.259577 0.410231
v 0.828379 0.226316 0.443489
v 0.811741 0.224516 0.438764
v 0.835477 0.125833 0.408370
v 0.867524 0.067473 0.403565
v 0.847573 0.054214 0.386747
v 0.844208 0.062820 0.394586
v 0.878606 -0.000000 0.406434
v 0.912003 -0.000000 0.377416
v 0.918138 -0.039757 0.357475
v 0.925488 -0.083029 0.332111
v 0.950819 -0.062956 0.319032
v 0.915995 -0.000000 0.364730
v 0.930551 -0.095377 0.314419
v 0.940807 -0.093878 0.303674
v 0.957835 -0.080547 0.293740
v 0.950403 -0.039484 0.317619
v 0.962529 -0.071363 0.273667
v 0.945299 -0.030245 0.338419
v 0.943746 -0.000000 0.343920
v 0.918138 0.039757 0.357475
v 0.961847 -0.028390 0.302682
v 0.970440 -0.051071 0.271271
v 0.986320 -0.009169 0.211158
v 0.980837 -0.043606 0.232312
v 0.980332 -0.000000 0.262678
v 0.959757 0.009169 0.310290
v 0.947431 0.012682 0.328284
v 0.984325 0.028390 0.218791
v 0.976061 0.051071 0.250290
v 0.965587 0.043606 0.289228
v 0.955683 0.060863 0.298807
v 0.950819 0.062956 0.319032
v 0.945299 0.030245 0.338419
v 0.940807 0.093878 0.303674
v 0.957835 0.080547 0.293740
v 0.970409 0.071363 0.244260
v 0.925488 0.083029 0.332111
v 0.930551 0.095377 0.314419
v 0.936294 0.124161 0.312902
v 0.930696 0.111811 0.313286
v 0.922621 0.092199 0.341353
v 0.954471 0.107617 0.255749
v 0.967226 0.088176 0.259166
v 0.976380 0.080547 0.224529
v 0.324322 -0.674180 0.586975
v 0.362886 -0.705447 0.523535
v 0.260776 -0.736913 0.539718
v 0.408257 -0.641218 0.571894
v 0.373426 -0.612709 0.624910
v 0.394358 -0.720017 0.478159
v 0.239775 -0.769528 0.501456
v 0.446534 -0.667880 0.508887
v 0.464533 -0.595874 0.578927
v 0.428367 -0.562170 0.638317
v 0.348418 -0.574565 0.673137
v 0.520947 -0.681345 0.410087
v 0.419326 -0.544334 0.631454
v 0.342341 -0.556266 0.664977
v 0.271055 -0.558615 0.695428
v 0.018869 -0.804222 0.466016
v 0.041666 -0.770190 0.553402
v 0.142951 -0.771860 0.533690
v 0.110488 -0.818236 0.441150
v 0.204890 -0.806722 0.413968
v 0.335728 -0.776348 0.406412
v 0.480747 -0.738409 0.352845
v 0.538421 -0.733232 0.274018
v 0.183885 -0.745309 0.559098
v 0.446669 -0.793899 0.265802
v 0.490177 -0.801757 0.131008
v 0.438394 -0.832893 0.117000
v 0.515086 -0.796110 -0.034918
v 0.456515 -0.831268 -0.000932
v 0.395490 -0.825099 0.224100
v 0.588638 -0.727428 0.157725
v 0.602733 -0.733733 0.029808
v 0.591724 -0.738927 -0.074658
v 0.512148 -0.763554 -0.194610
v 0.656197 -0.681345 -0.094673
v 0.580604 -0.720017 -0.216920
v 0.680772 -0.662023 0.050323
v 0.663691 -0.655386 0.177835
v 0.667323 -0.621468 0.271435
v 0.713636 -0.621468 0.098592
v 0.704678 -0.636255 -0.062923
v 0.676682 -0.651764 -0.147206
v 0.641153 -0.667880 -0.217443
v 0.639508 -0.641218 -0.291147
v 0.574358 -0.674180 -0.346175
v 0.552088 -0.653298 -0.415745
v 0.547791 -0.676888 -0.381576
v 0.503125 -0.711569 -0.378750
v 0.495697 -0.736913 -0.337022
v 0.458652 -0.769454 -0.314173
v 0.576036 -0.705447 -0.271952
v 0.545522 -0.640797 -0.443687
v 0.500816 -0.693249 -0.414899
v 0.473905 -0.727859 -0.385195
v 0.438798 -0.745309 -0.392251
v 0.390726 -0.771837 -0.390727
v 0.391318 -0.771255 -0.391318
v 0.392251 -0.745309 -0.438798
v 0.415581 -0.745203 -0.415581
v 0.385194 -0.727859 -0.473906
v 0.435890 -0.689296 -0.488248
v 0.314840 -0.769393 -0.458446
v 0.255794 -0.810686 -0.373734
v 0.317946 -0.825417 -0.302259
v 0.392780 -0.805920 -0.241919
v 0.529424 -0.556861 -0.529425
v 0.536414 -0.575111 -0.536415
v 0.590468 -0.576930 -0.472535
v 0.472534 -0.576930 -0.590469
v 0.474236 -0.633577 -0.528302
v 0.443686 -0.640797 -0.545523
v 0.414898 -0.693249 -0.500817
v 0.378750 -0.711569 -0.503126
v 0.337022 -0.736913 -0.495697
v 0.354475 -0.612709 -0.635851
v 0.408745 -0.574565 -0.638307
v 0.271951 -0.705447 -0.576036
v 0.346175 -0.674180 -0.574358
v 0.291147 -0.641218 -0.639508
v 0.415744 -0.653298 -0.552089
v 0.381575 -0.676888 -0.547791
v 0.216919 -0.720017 -0.580604
v 0.217442 -0.667880 -0.641153
v 0.269098 -0.595874 -0.691761
v 0.338615 -0.562170 -0.690136
v 0.404716 -0.556266 -0.628965
v 0.466731 -0.558615 -0.582454
v -0.050324 -0.662023 -0.680772
v 0.094672 -0.681345 -0.656197
v 0.062923 -0.636255 -0.704678
v 0.147205 -0.651764 -0.676682
v 0.184088 -0.600521 -0.715397
v 0.254895 -0.534832 -0.745822
v 0.337192 -0.544334 -0.678874
v 0.104003 -0.602466 -0.729643
v 0.256858 -0.518472 -0.732168
v 0.215794 -0.773673 -0.491257
v 0.078468 -0.739117 -0.591322
v -0.033184 -0.732486 -0.604254
v -0.157725 -0.727428 -0.588638
v -0.177836 -0.655386 -0.663691
v -0.296805 -0.662023 -0.614728
v -0.271435 -0.621468 -0.667323
v -0.273397 -0.732506 -0.539860
v -0.410088 -0.681345 -0.520947
v -0.362611 -0.742568 -0.466416
v 0.020574 -0.800931 -0.508135
v -0.133690 -0.799757 -0.492640
v -0.263674 -0.802738 -0.431485
v -0.436789 -0.769934 -0.320946
v -0.478160 -0.720017 -0.394358
v -0.508888 -0.667880 -0.446533
v -0.501662 -0.769373 -0.239956
v -0.417882 -0.801738 -0.210718
v -0.117040 -0.823737 -0.436510
v -0.002603 -0.828463 -0.453984
v -0.224371 -0.831707 -0.396730
v -0.406832 -0.636255 -0.578807
v -0.465825 -0.651764 -0.512421
v -0.517124 -0.600521 -0.527508
v -0.578927 -0.595874 -0.464533
v -0.593657 -0.534832 -0.518452
v -0.533486 -0.533166 -0.581744
v -0.612218 -0.446111 -0.579421
v -0.545596 -0.465371 -0.628041
v -0.623578 -0.358163 -0.627268
v -0.638318 -0.562170 -0.428367
v -0.631454 -0.544334 -0.419326
v -0.664977 -0.556266 -0.342341
v -0.644721 0.000000 -0.705654
v -0.638026 0.000000 -0.686396
v -0.637506 -0.094869 -0.679971
v -0.643950 -0.097774 -0.699087
v -0.633159 -0.176597 -0.666995
v -0.639708 -0.181879 -0.685674
v -0.626106 -0.268069 -0.642173
v -0.632440 -0.276100 -0.660100
v -0.617510 -0.347711 -0.610321
v -0.606478 -0.433124 -0.563854
v -0.588530 -0.518472 -0.505646
v -0.562793 -0.380446 -0.669596
v -0.560485 -0.296462 -0.713579
v -0.532380 -0.216484 -0.762655
v -0.556554 -0.091573 -0.771736
v -0.559393 0.000000 -0.774589
v -0.508858 0.000000 -0.808716
v -0.478369 -0.498196 -0.656523
v -0.514807 -0.389440 -0.702260
v -0.506581 -0.307272 -0.748247
v -0.485522 -0.225825 -0.790750
v -0.507227 -0.103877 -0.803027
v -0.423869 -0.108425 -0.849281
v -0.417824 -0.218392 -0.830536
v -0.421051 -0.317577 -0.795701
v -0.419336 -0.417410 -0.747894
v -0.412196 -0.535069 -0.671560
v -0.331089 -0.319684 -0.836538
v -0.334601 -0.217101 -0.867731
v -0.338432 -0.109149 -0.886717
v -0.423267 0.000000 -0.858008
v -0.240633 -0.216590 -0.898053
v -0.232780 -0.318998 -0.868747
v -0.144094 -0.217101 -0.918777
v -0.053423 -0.218392 -0.928177
v -0.033211 -0.317577 -0.899623
v 0.064588 -0.307272 -0.901292
v -0.131539 -0.319684 -0.890008
v -0.222145 -0.414863 -0.829056
v -0.323663 -0.417210 -0.794127
v -0.116764 -0.417210 -0.849565
v -0.010792 -0.417410 -0.857364
v 0.094705 -0.389440 -0.865578
v 0.152594 -0.380446 -0.861283
v 0.128604 -0.296462 -0.898220
v 0.217659 -0.276100 -0.887883
v 0.211166 -0.181879 -0.913666
v 0.079726 -0.216484 -0.926669
v 0.025099 -0.225825 -0.927571
v 0.037757 -0.103877 -0.949055
v 0.096121 -0.091573 -0.946620
v 0.208132 -0.097774 -0.927402
v 0.205517 0.000000 -0.933475
v 0.097153 0.000000 -0.950510
v 0.036325 0.000000 -0.954798
v -0.057560 -0.108425 -0.947433
v -0.062445 0.000000 -0.954690
v -0.150269 -0.109149 -0.937136
v -0.245557 -0.109037 -0.916428
v -0.338912 0.000000 -0.894624
v -0.153806 0.000000 -0.944223
v -0.247531 0.000000 -0.923795
v -0.510939 0.259035 0.760867
v -0.483605 0.224516 0.785853
v -0.495651 0.226316 0.798263
v -0.519358 0.125833 0.771398
v -0.540645 0.054214 0.758721
v -0.533811 0.062820 0.763827
v 0.694696 -0.621825 0.186143
v 0.712117 -0.601039 0.190811
v -0.219067 0.060863 -0.977050
v -0.273669 0.071363 -0.962529
v -0.271273 0.051071 -0.970439
v -0.232314 0.043606 -0.980837
v -0.211160 0.009169 -0.986319
v -0.408372 -0.125833 -0.835476
v -0.438766 -0.224516 -0.811741
v -0.443490 -0.226316 -0.828378
v -0.403460 -0.259035 -0.822920
v -0.311895 -0.198897 -0.865815
v -0.294293 -0.158543 -0.874986
v -0.394588 -0.062821 -0.844207
v -0.386749 -0.054215 -0.847573
v 0.086017 -0.498196 -0.807750
v 0.095860 -0.546294 -0.774070
v 0.171139 -0.533166 -0.770548
v 0.158478 -0.465371 -0.816698
v 0.240485 -0.446111 -0.807903
v 0.226399 -0.358163 -0.855019
v 0.021192 -0.535069 -0.787686
v 0.032846 -0.557612 -0.771360
v 0.243298 -0.433124 -0.791551
v 0.229618 -0.347711 -0.837309
v 0.221136 -0.268069 -0.869192
v 0.214833 -0.176597 -0.894215
v 0.211888 -0.094921 -0.907549
v 0.209347 0.000000 -0.913450
v -0.098593 -0.621468 -0.713636
v -0.019528 -0.624017 -0.717857
v 0.036731 -0.601691 -0.734498
v -0.186143 -0.621825 -0.694695
v -0.190812 -0.601039 -0.712117
v -0.276631 -0.600920 -0.684558
v -0.198361 -0.563990 -0.740294
v -0.102711 -0.600920 -0.731160
v -0.018545 -0.598946 -0.739602
v -0.370281 -0.562405 -0.673448
v -0.290283 -0.564640 -0.709871
v -0.310758 -0.506880 -0.744406
v -0.209652 -0.500754 -0.782432
v -0.103544 -0.564640 -0.759908
v -0.016052 -0.562405 -0.768364
v -0.103080 -0.506880 -0.800054
v -0.353741 -0.598946 -0.649787
v -0.414126 -0.557612 -0.651594
v -0.470053 -0.546294 -0.622434
v -0.399060 -0.601691 -0.617728
v -0.342018 -0.624017 -0.631446
v -0.454892 -0.602466 -0.579888
v -0.067803 -0.129340 -0.955644
v -0.165631 -0.201438 -0.936129
v -0.064249 -0.259577 -0.931743
v -0.098009 -0.057516 -0.961782
v -0.084264 -0.067473 -0.953081
v -0.062055 -0.259035 -0.914399
v -0.030117 -0.226316 -0.939141
v -0.064080 -0.125833 -0.927729
v -0.080382 -0.062821 -0.928398
v -0.088854 -0.054215 -0.927393
v -0.080241 0.000048 -0.929315
v -0.087321 -0.000000 -0.964113
v -0.025889 -0.224516 -0.922371
v -0.088854 0.054214 -0.927393
v -0.080382 0.062820 -0.928398
v 0.226271 -0.693249 0.609721
v 0.250593 -0.640797 0.657005
v 0.270251 -0.653298 0.636089
v 0.196342 -0.575111 0.732756
v 0.275094 -0.576930 0.704461
v 0.220405 -0.633577 0.674851
v 0.204890 -0.689296 0.621616
v 0.217817 -0.727859 0.570541
v 0.246345 -0.711569 0.579570
v 0.283613 -0.676888 0.604350
v 0.169183 -0.689115 0.631397
v 0.184347 -0.630908 0.687991
v 0.146550 -0.633577 0.694640
v 0.133369 -0.689296 0.640781
v 0.111483 -0.640797 0.694280
v 0.120301 -0.745309 0.576135
v 0.152113 -0.745203 0.567694
v 0.143202 -0.771257 0.534518
v -0.067613 -0.641218 0.699403
v 0.012618 -0.674180 0.670496
v -0.052501 -0.705447 0.634837
v -0.010941 -0.612709 0.727901
v 0.084001 -0.653298 0.685995
v 0.108904 -0.693249 0.641169
v 0.096636 -0.727859 0.603011
v 0.076445 -0.711569 0.625095
v 0.056559 -0.676888 0.665189
v 0.044021 -0.736913 0.597797
v -0.102444 -0.720017 0.611277
v -0.092167 -0.762356 0.541620
v -0.247094 -0.743265 0.533908
v -0.251816 -0.799747 0.444076
v -0.319368 -0.825805 0.319330
v -0.393092 -0.828920 0.230768
v -0.455420 -0.796650 0.241340
v -0.358631 -0.801991 0.358206
v -0.329732 -0.733237 0.506165
v -0.246109 -0.681345 0.615620
v -0.132265 -0.667880 0.663976
v -0.112834 -0.595874 0.733632
v -0.198273 -0.600521 0.711597
v -0.210857 -0.651764 0.659627
v -0.195684 -0.446111 0.819907
v -0.185072 -0.433124 0.807153
v -0.143637 -0.518472 0.762506
v -0.152164 -0.534832 0.773349
v -0.237062 -0.533166 0.752884
v -0.304017 -0.546294 0.718294
v -0.274751 -0.602466 0.683892
v -0.297846 -0.636255 0.641731
v -0.383968 -0.662023 0.564405
v -0.398083 -0.562405 0.657397
v -0.385861 -0.598946 0.631242
v -0.454529 -0.600920 0.581848
v -0.357234 -0.557612 0.684441
v -0.375489 -0.535069 0.692752
v -0.329382 -0.498196 0.742541
v -0.271102 -0.465371 0.786520
v -0.231441 -0.358163 0.853668
v -0.255443 -0.276100 0.877759
v -0.298490 -0.380446 0.822191
v -0.350771 -0.389440 0.796966
v -0.438027 -0.417410 0.737103
v -0.525902 -0.417210 0.677364
v -0.489296 -0.506880 0.641327
v -0.469625 -0.564640 0.606328
v -0.572780 -0.500754 0.572780
v -0.541932 -0.563990 0.541933
v -0.606328 -0.564640 0.469626
v -0.581848 -0.600920 0.454530
v -0.657396 -0.562405 0.398083
v -0.631242 -0.598946 0.385862
v -0.611919 -0.624017 0.375840
v -0.568731 -0.621468 0.442202
v -0.564404 -0.662023 0.383968
v -0.485855 -0.655386 0.485856
v -0.641327 -0.506880 0.489296
v -0.558919 -0.319684 0.705000
v -0.606911 -0.414863 0.606912
v -0.677363 -0.417210 0.525903
v -0.692752 -0.535069 0.375490
v -0.684440 -0.557612 0.357234
v -0.654459 -0.601691 0.335439
v -0.442048 -0.225825 0.815850
v -0.394289 -0.216484 0.842382
v -0.337735 -0.296462 0.842184
v -0.394710 -0.307272 0.812836
v -0.510353 -0.218392 0.777114
v -0.478572 -0.317577 0.762491
v -0.584177 -0.217101 0.723638
v -0.635966 -0.318998 0.635967
v -0.705000 -0.319684 0.558920
v -0.283452 -0.097774 0.907220
v -0.273957 -0.181879 0.896841
v -0.219798 -0.347711 0.839940
v -0.243085 -0.268069 0.863310
v -0.261056 -0.176597 0.881829
v -0.270119 -0.094869 0.892082
v -0.288753 0.000000 0.911172
v -0.275424 0.000000 0.895745
v -0.390066 -0.091573 0.867858
v -0.441828 -0.103877 0.840785
v -0.523564 -0.108425 0.791721
v -0.598704 -0.109149 0.736449
v -0.657420 -0.216590 0.657421
v -0.723638 -0.217101 0.584178
v -0.736449 -0.109149 0.598704
v -0.670872 -0.109037 0.670873
v -0.605311 0.000000 0.740818
v -0.531423 0.000000 0.795564
v -0.445939 0.000000 0.845043
v -0.391117 0.000000 0.871743
v -0.795563 0.000000 0.531423
v -0.740818 0.000000 0.605312
v -0.676264 0.000000 0.676265
v -0.807152 -0.433124 0.185073
v -0.839939 -0.347711 0.219799
v -0.853668 -0.358163 0.231442
v -0.877759 -0.276100 0.255444
v -0.822190 -0.380446 0.298491
v -0.842183 -0.296462 0.337736
v -0.812835 -0.307272 0.394711
v -0.815849 -0.225825 0.442049
v -0.777113 -0.218392 0.510354
v -0.791721 -0.108425 0.523565
v -0.845042 0.000000 0.445940
v -0.840784 -0.103877 0.441829
v -0.842381 -0.216484 0.394290
v -0.896840 -0.181879 0.273958
v -0.863310 -0.268069 0.243087
v -0.907220 -0.097774 0.283453
v -0.867858 -0.091573 0.390067
v -0.871742 0.000000 0.391118
v -0.911172 0.000000 0.288754
v -0.891904 -0.094921 0.270275
v -0.881829 -0.176597 0.261057
v -0.895744 0.000000 0.275425
v -0.335438 -0.601691 0.654460
v -0.375840 -0.624017 0.611919
v -0.611277 -0.720017 0.102445
v -0.615619 -0.681345 0.246110
v -0.549382 -0.739536 0.225284
v -0.506703 -0.732583 0.330649
v -0.430913 -0.727428 0.430913
v -0.442201 -0.621468 0.568731
v -0.542225 -0.762787 0.088045
v -0.621617 -0.689296 -0.204890
v -0.559098 -0.745309 -0.183884
v -0.570541 -0.727859 -0.217817
v -0.533742 -0.771837 -0.143016
v -0.445210 -0.813461 -0.117935
v -0.464765 -0.803375 -0.015911
v -0.554436 -0.769371 -0.042976
v -0.567694 -0.745203 -0.152113
v -0.576135 -0.745309 -0.120300
v -0.534550 -0.771255 -0.143232
v -0.603011 -0.727859 -0.096635
v -0.625095 -0.711569 -0.076444
v -0.631397 -0.689115 -0.169182
v -0.640781 -0.689296 -0.133368
v -0.641169 -0.693249 -0.108904
v -0.685995 -0.653298 -0.084000
v -0.694280 -0.640797 -0.111482
v -0.727901 -0.612709 0.010941
v -0.694640 -0.633577 -0.146550
v -0.687991 -0.630908 -0.184346
v -0.757162 -0.574565 -0.034830
v -0.766983 -0.562170 0.051818
v -0.747628 -0.576930 -0.113992
v -0.732756 -0.575111 -0.196341
v -0.674851 -0.633577 -0.220404
v -0.723207 -0.556861 -0.193782
v -0.704461 -0.576930 -0.275093
v -0.657005 -0.640797 -0.250593
v -0.609721 -0.693249 -0.226271
v -0.579570 -0.711569 -0.246344
v -0.539718 -0.736913 -0.260775
v -0.673137 -0.574565 -0.348417
v -0.624910 -0.612709 -0.373425
v -0.636089 -0.653298 -0.270250
v -0.604350 -0.676888 -0.283613
v -0.586976 -0.674180 -0.324321
v -0.523535 -0.705447 -0.362886
v -0.571895 -0.641218 -0.408256
v -0.695428 -0.558615 -0.271054
v -0.819906 -0.446111 0.195685
v -0.786520 -0.465371 0.271102
v -0.752884 -0.533166 0.237063
v -0.773349 -0.534832 0.152165
v -0.762505 -0.518472 0.143638
v -0.756518 -0.544334 0.047420
v -0.747057 -0.556266 -0.036012
v -0.737785 -0.558615 -0.112973
v -0.737102 -0.417410 0.438028
v -0.742541 -0.498196 0.329382
v -0.718294 -0.546294 0.304018
v -0.711596 -0.600521 0.198274
v -0.733632 -0.595874 0.112834
v -0.683891 -0.602466 0.274752
v -0.659627 -0.651764 0.210858
v -0.641730 -0.636255 0.297846
v -0.663976 -0.667880 0.132266
v -0.699403 -0.641218 0.067614
v -0.670496 -0.674180 -0.012617
v -0.665189 -0.676888 -0.056558
v -0.597797 -0.736913 -0.044021
v -0.634837 -0.705447 0.052501
v 0.163783 -0.857443 0.448034
v 0.195539 -0.811866 0.523345
v 0.184234 -0.846999 0.439358
v 0.175003 -0.895722 0.315551
v 0.236077 -0.868609 0.187283
v 0.167903 -0.879337 0.181466
v 0.176460 -0.852028 0.304033
v 0.165771 -0.927066 0.191744
v 0.132686 -0.910789 0.298600
v 0.116719 -0.859771 0.459455
v 0.170610 -0.807279 0.542673
v 0.169936 -0.773143 0.528989
v 0.195893 -0.777670 0.509219
v 0.068582 -0.857769 0.473292
v 0.027900 -0.910944 0.326601
v -0.001188 -0.895962 0.362512
v 0.075532 -0.915258 0.293501
v 0.101588 -0.944258 0.149165
v 0.177034 -0.920045 0.167897
v 0.180882 -0.878815 0.170407
v 0.248875 -0.890899 0.186322
v 0.142171 -0.942354 0.100303
v 0.034345 -0.949400 0.127547
v -0.012781 -0.944240 0.179910
v -0.048254 -0.927088 0.248982
v 0.288395 -0.887151 0.139321
v 0.310616 -0.886078 0.086068
v -0.069601 -0.920194 0.233763
v -0.072571 -0.878922 0.237908
v -0.055995 -0.879437 0.241179
v -0.008907 -0.852290 0.353329
v -0.113851 -0.868617 0.279720
v -0.125051 -0.890932 0.285069
v -0.072953 -0.942535 0.157937
v -0.039663 -0.948157 0.119155
v -0.133994 -0.913278 0.292214
v -0.182594 -0.886983 0.263224
v -0.002861 -0.781172 0.541115
v 0.011752 -0.783178 0.536841
v 0.015427 -0.810111 0.475428
v 0.038180 -0.813545 0.465479
v 0.045879 -0.847468 0.476042
v 0.085458 -0.812561 0.553069
v 0.119184 -0.807633 0.556601
v 0.077504 -0.778431 0.541063
v 0.076158 -0.756391 0.533317
v 0.040318 -0.788395 0.465533
v 0.020283 -0.785745 0.473362
v 0.017336 -0.759004 0.533079
v -0.089694 -0.745941 0.548907
v 0.111191 -0.751141 0.537426
v 0.112488 -0.773548 0.544491
v 0.141153 -0.773939 0.536363
v 0.145000 -0.807708 0.549745
v 0.139848 -0.750769 0.530882
v 0.167561 -0.750734 0.522228
v 0.193081 -0.755624 0.501907
v 0.183184 -0.787857 0.427729
v 0.185018 -0.813034 0.426600
v 0.209700 -0.809431 0.424129
v 0.299155 -0.908491 0.141579
v 0.260560 -0.913321 0.188007
v 0.264089 -0.779768 0.469342
v 0.248398 -0.781917 0.473419
v 0.204421 -0.785051 0.424805
v 0.183184 -0.787857 0.427729
v 0.434389 -0.759741 0.368052
v 0.428114 -0.739368 0.367980
v 0.462261 -0.744934 0.311702
v 0.357097 -0.766074 0.429310
v 0.350062 -0.743967 0.428853
v 0.242116 -0.757730 0.472833
v 0.435720 -0.797660 0.356419
v 0.363184 -0.807470 0.416510
v 0.274227 -0.825236 0.454550
v 0.274227 -0.825236 0.454550
v 0.260560 -0.913321 0.188007
v 0.459458 -0.805408 0.303447
v 0.466567 -0.764832 0.312146
v 0.441147 -0.776497 0.222967
v 0.446996 -0.828182 0.221558
v 0.448874 -0.835739 0.179690
v 0.320965 -0.907149 0.089015
v 0.457623 -0.838780 0.128902
v 0.475047 -0.835004 0.072056
v 0.452234 -0.786411 0.127907
v 0.443310 -0.783589 0.179729
v 0.470096 -0.782909 0.070094
v 0.491406 -0.774990 0.020722
v 0.495714 -0.826496 0.023047
v 0.564377 -0.757760 -0.118044
v 0.560626 -0.762815 -0.052382
v 0.556746 -0.742978 -0.054031
v 0.550334 -0.803066 -0.050623
v 0.319880 -0.913423 -0.028291
v 0.328915 -0.908578 0.032133
v 0.328915 -0.908578 0.032133
v 0.318579 -0.887283 0.028422
v 0.319880 -0.913423 -0.028291
v 0.173224 -0.942558 -0.015250
v 0.309142 -0.891049 -0.032789
v 0.472353 -0.778759 -0.266493
v 0.473724 -0.824300 -0.248799
v 0.532061 -0.764368 -0.200166
v 0.473724 -0.824300 -0.248799
v 0.530613 -0.805670 -0.186645
v 0.559403 -0.795448 -0.108097
v 0.380441 -0.787168 -0.270602
v 0.381353 -0.812387 -0.268785
v 0.402061 -0.808870 -0.252623
v 0.397860 -0.784446 -0.256001
v 0.460641 -0.780974 -0.276844
v 0.454785 -0.756737 -0.279653
v 0.525888 -0.742256 -0.203193
v 0.559134 -0.737415 -0.121134
v 0.309086 -0.853900 -0.170150
v 0.298812 -0.868705 -0.040125
v 0.242319 -0.878928 -0.055318
v 0.237462 -0.920201 -0.055606
v 0.236819 -0.879415 -0.071515
v 0.239957 -0.927055 -0.081902
v 0.313360 -0.897558 -0.181405
v 0.267616 -0.912549 -0.189332
v 0.162541 -0.944226 -0.078393
v 0.093443 -0.949379 -0.093443
v 0.123050 -0.948164 -0.025036
v 0.214758 -0.916924 -0.214759
v 0.336073 -0.859026 -0.336074
v 0.372691 -0.856906 -0.300272
v 0.386763 -0.846602 -0.280909
v 0.123968 -0.947248 0.033372
v 0.093547 -0.963252 -0.051187
v 0.025036 -0.947830 -0.123050
v 0.383889 -0.805196 -0.423601
v 0.403855 -0.805537 -0.403856
v 0.394012 -0.771783 -0.394011
v 0.423626 -0.805312 -0.383669
v 0.437315 -0.810330 -0.351478
v 0.430924 -0.776220 -0.338174
v 0.424869 -0.754185 -0.333092
v 0.380441 -0.787168 -0.270602
v 0.411058 -0.748822 -0.366942
v 0.390058 -0.748575 -0.390050
v 0.368059 -0.748551 -0.410961
v 0.416501 -0.771235 -0.371640
v 0.040124 -0.868690 -0.298812
v 0.260664 -0.807935 -0.401478
v 0.290327 -0.779636 -0.459540
v 0.264173 -0.783507 -0.397278
v 0.275590 -0.786511 -0.380086
v 0.273129 -0.811787 -0.381036
v 0.337927 -0.753458 -0.424503
v 0.275590 -0.786511 -0.380086
v 0.342554 -0.775540 -0.430591
v 0.372564 -0.770991 -0.416419
v 0.032788 -0.890993 -0.309142
v 0.055606 -0.920031 -0.237462
v 0.055317 -0.878815 -0.242319
v 0.071515 -0.879325 -0.236819
v 0.172322 -0.853600 -0.308927
v 0.284328 -0.846096 -0.386511
v 0.353990 -0.809869 -0.437116
v 0.081902 -0.927045 -0.239958
v 0.301325 -0.856692 -0.372608
v 0.183115 -0.897305 -0.313234
v 0.189859 -0.912443 -0.267574
v 0.078393 -0.944226 -0.162541
v 0.015250 -0.942343 -0.173224
v -0.044677 -0.941915 -0.165306
v -0.033372 -0.947252 -0.123968
v -0.187956 -0.913330 -0.260674
v -0.141577 -0.908498 -0.299158
v -0.186229 -0.835739 -0.444533
v -0.089016 -0.907149 -0.320964
v -0.086068 -0.886079 -0.310616
v -0.032133 -0.908572 -0.328915
v -0.028423 -0.887231 -0.318579
v 0.028290 -0.913416 -0.319880
v 0.281569 -0.777417 -0.470967
v -0.130173 -0.838825 -0.456531
v -0.235119 -0.776497 -0.433166
v -0.233877 -0.828182 -0.438875
v -0.186460 -0.783589 -0.438849
v -0.129278 -0.786456 -0.451084
v -0.071427 -0.835297 -0.474035
v -0.032133 -0.908572 -0.328915
v 0.028290 -0.913416 -0.319880
v -0.021843 -0.827122 -0.493838
v 0.054228 -0.804065 -0.547126
v -0.019546 -0.775597 -0.489578
v -0.069464 -0.783201 -0.469083
v 0.123443 -0.758760 -0.560796
v 0.055754 -0.763815 -0.557466
v 0.057239 -0.743977 -0.553620
v 0.126557 -0.738415 -0.555548
v 0.214556 -0.764063 -0.528895
v 0.217754 -0.741923 -0.522741
v 0.293229 -0.755369 -0.453692
v 0.200599 -0.805447 -0.527397
v 0.263932 -0.823027 -0.472229
v 0.113644 -0.796448 -0.555792
v 0.263932 -0.823027 -0.472229
v -0.091078 -0.963263 -0.055428
v -0.003578 -0.962402 -0.106726
v 0.048544 -0.972146 -0.025807
v 0.094164 -0.962408 0.050389
v 0.093980 -0.947843 0.083322
v 0.165306 -0.941912 0.044676
v 0.050362 -0.971673 0.026764
v -0.000000 -0.978961 0.000000
v -0.001917 -0.972147 0.054936
v -0.002341 -0.963256 0.106580
v -0.048367 -0.971670 0.030243
v -0.090721 -0.962397 0.056394
v -0.046610 -0.972149 -0.029133
v -0.002015 -0.971672 -0.056998
v -0.090817 -0.947234 0.090817
v -0.119155 -0.947832 0.039663
v -0.121162 -0.941877 0.121162
v -0.083322 -0.948171 -0.093980
v -0.127547 -0.949394 -0.034345
v -0.157937 -0.942325 0.072954
v -0.229134 -0.885536 0.228036
v -0.286139 -0.890226 0.124796
v -0.264558 -0.886427 0.182001
v -0.190889 -0.908251 0.270494
v -0.274425 -0.775864 0.410497
v -0.247698 -0.765191 0.502294
v -0.246076 -0.805637 0.491286
v -0.279696 -0.827525 0.412170
v -0.305223 -0.834509 0.375948
v -0.236787 -0.906579 0.235678
v -0.271837 -0.907743 0.190275
v -0.293309 -0.912616 0.133750
v -0.189958 -0.761087 0.536730
v -0.340261 -0.836947 0.336570
v -0.336432 -0.784487 0.332743
v -0.300577 -0.782329 0.373091
v -0.511175 -0.742808 0.230884
v -0.513652 -0.762638 0.234387
v -0.547917 -0.758342 0.176545
v -0.418853 -0.774025 0.265150
v -0.502668 -0.803058 0.232793
v -0.420667 -0.825720 0.270198
v -0.381547 -0.833467 0.299037
v -0.378721 -0.781254 0.294384
v -0.538331 -0.795949 0.184441
v -0.552713 -0.806313 0.099133
v -0.560606 -0.765233 0.086386
v -0.536494 -0.824049 0.017395
v -0.543729 -0.778764 0.000353
v -0.544835 -0.738062 0.171081
v -0.556666 -0.743197 0.080558
v -0.534904 -0.756701 -0.019036
v -0.538748 -0.780876 -0.013520
v -0.474517 -0.783731 -0.021344
v -0.280732 -0.867951 0.113590
v -0.476590 -0.808110 -0.016432
v -0.466159 -0.786575 -0.041085
v -0.466077 -0.811777 -0.038923
v -0.533619 -0.754589 -0.076967
v -0.541320 -0.776663 -0.078316
v -0.241521 -0.879059 0.055923
v -0.353799 -0.851258 0.008500
v -0.476519 -0.845799 -0.046574
v -0.553136 -0.810948 -0.086300
v -0.544343 -0.772114 -0.113366
v -0.556313 -0.806341 -0.120123
v -0.473467 -0.856338 -0.069310
v -0.459143 -0.858831 -0.117522
v -0.326689 -0.910216 -0.028264
v -0.249231 -0.926843 0.048241
v -0.362875 -0.894992 0.000833
v -0.234045 -0.919848 0.069555
v -0.179910 -0.944236 0.012782
v -0.293345 -0.914773 -0.075934
v -0.238318 -0.878532 0.072471
v -0.100303 -0.942566 -0.142171
v -0.149165 -0.944254 -0.101588
v -0.298254 -0.910517 -0.133261
v -0.187200 -0.868626 -0.236264
v -0.303614 -0.851819 -0.177175
v -0.181405 -0.879426 -0.168043
v -0.315138 -0.895531 -0.175712
v -0.191697 -0.927066 -0.165877
v -0.167876 -0.920213 -0.177082
v -0.447342 -0.856929 -0.164933
v -0.438578 -0.846644 -0.185547
v -0.425824 -0.812615 -0.186307
v -0.423444 -0.809166 -0.211075
v -0.473800 -0.781740 -0.249286
v -0.470861 -0.779662 -0.264281
v -0.186257 -0.890957 -0.249022
v -0.170361 -0.878927 -0.180987
v -0.508367 -0.777080 -0.197260
v -0.522476 -0.811308 -0.196934
v -0.501072 -0.755009 -0.194427
v -0.426954 -0.787386 -0.184468
v -0.426954 -0.787386 -0.184468
v -0.424106 -0.784727 -0.205766
v -0.473122 -0.757509 -0.243021
v -0.440601 -0.743967 -0.343267
v -0.521566 -0.749854 -0.168705
v -0.535917 -0.772800 -0.142150
v -0.530464 -0.749605 -0.140836
v -0.537312 -0.749680 -0.112064
v -0.528301 -0.772291 -0.171095
v -0.541947 -0.806480 -0.171807
v -0.549214 -0.806667 -0.146051
v -0.230554 -0.818538 0.389665
v -0.020186 -0.826480 0.533487
v -0.108485 -0.809058 0.544641
v -0.095552 -0.767978 0.552774
v -0.197786 -0.798693 0.527114
v -0.184534 -0.740807 0.533666
v -0.244225 -0.745349 0.499829
v 0.475047 0.836334 0.072056
v 0.470096 0.784238 0.070094
v 0.452234 0.787740 0.127907
v 0.491406 0.776319 0.020722
v 0.495715 0.827825 0.023047
v 0.564377 0.759090 -0.118044
v 0.559134 0.738745 -0.121134
v 0.556746 0.744307 -0.054031
v 0.560626 0.764145 -0.052382
v 0.550334 0.804395 -0.050623
v 0.319880 0.914753 -0.028291
v 0.328915 0.909907 0.032133
v 0.319880 0.914753 -0.028291
v 0.328915 0.909907 0.032133
v 0.318579 0.888612 0.028422
v 0.310616 0.887408 0.086068
v 0.320965 0.908478 0.089015
v 0.299155 0.909821 0.141579
v 0.288395 0.888480 0.139321
v 0.142171 0.943684 0.100303
v 0.165306 0.943242 0.044676
v 0.175003 0.897052 0.315551
v 0.184234 0.848328 0.439358
v 0.163783 0.858773 0.448034
v 0.132686 0.912119 0.298600
v 0.165771 0.928396 0.191744
v 0.101588 0.945588 0.149165
v 0.177034 0.921375 0.167897
v 0.248875 0.892228 0.186322
v 0.260560 0.914650 0.188007
v 0.260560 0.914650 0.188007
v 0.448874 0.837068 0.179690
v 0.457623 0.840110 0.128902
v 0.446996 0.829512 0.221558
v 0.443310 0.784919 0.179729
v 0.441147 0.777827 0.222968
v 0.459458 0.806738 0.303447
v 0.462261 0.746263 0.311702
v 0.466567 0.766161 0.312146
v 0.434389 0.761071 0.368052
v 0.435720 0.798990 0.356419
v 0.428114 0.740697 0.367980
v 0.363184 0.808800 0.416510
v 0.357097 0.767404 0.429310
v 0.350062 0.745297 0.428853
v 0.264089 0.781098 0.469342
v 0.242116 0.759059 0.472833
v 0.248398 0.783247 0.473419
v 0.204421 0.786381 0.424805
v 0.236076 0.869939 0.187283
v 0.274227 0.826566 0.454550
v 0.274227 0.826566 0.454550
v 0.209700 0.810760 0.424129
v 0.185018 0.814364 0.426600
v 0.176460 0.853358 0.304033
v 0.180882 0.880144 0.170407
v 0.167903 0.880667 0.181466
v 0.195893 0.778999 0.509219
v 0.195539 0.813195 0.523345
v 0.169936 0.774473 0.528989
v 0.170610 0.808608 0.542673
v 0.183184 0.789187 0.427729
v 0.183184 0.789187 0.427729
v 0.193081 0.756954 0.501907
v 0.167561 0.752064 0.522228
v 0.141153 0.775268 0.536363
v 0.145000 0.809038 0.549745
v 0.111191 0.752471 0.537426
v 0.112488 0.774878 0.544491
v 0.139848 0.752098 0.530882
v 0.119184 0.808963 0.556601
v 0.085458 0.813891 0.553069
v 0.077504 0.779760 0.541063
v 0.076158 0.757720 0.533317
v 0.116719 0.861101 0.459455
v 0.068582 0.859098 0.473292
v 0.045879 0.848798 0.476042
v 0.038180 0.814874 0.465479
v 0.040318 0.789724 0.465533
v 0.015427 0.811441 0.475428
v 0.034345 0.950729 0.127547
v -0.012781 0.945570 0.179910
v -0.072953 0.943865 0.157937
v 0.075532 0.916587 0.293501
v 0.027900 0.912273 0.326601
v -0.001188 0.897292 0.362512
v -0.008907 0.853620 0.353329
v -0.113851 0.869947 0.279720
v -0.055995 0.880766 0.241179
v -0.072571 0.880252 0.237908
v 0.011752 0.784508 0.536841
v -0.002861 0.782501 0.541115
v -0.125051 0.892262 0.285069
v -0.069601 0.921523 0.233763
v -0.048254 0.928418 0.248982
v -0.157937 0.943654 0.072954
v -0.121162 0.943207 0.121162
v -0.229134 0.886865 0.228036
v -0.182594 0.888312 0.263224
v -0.133994 0.914608 0.292214
v -0.020186 0.827809 0.533487
v -0.095552 0.769308 0.552774
v -0.108485 0.810387 0.544641
v -0.189958 0.762416 0.536730
v -0.190889 0.909581 0.270494
v -0.197786 0.800023 0.527114
v -0.246076 0.806966 0.491286
v -0.247698 0.766521 0.502294
v -0.244226 0.746678 0.499829
v -0.274425 0.777194 0.410497
v -0.279696 0.828855 0.412170
v -0.305223 0.835839 0.375948
v -0.236787 0.907908 0.235678
v -0.271837 0.909072 0.190275
v -0.264558 0.887757 0.182001
v -0.286139 0.891556 0.124796
v -0.418853 0.775355 0.265150
v -0.513652 0.763967 0.234387
v -0.502667 0.804387 0.232793
v -0.420667 0.827050 0.270198
v -0.293310 0.913945 0.133750
v -0.381547 0.834797 0.299037
v -0.340261 0.838276 0.336570
v -0.336432 0.785817 0.332743
v -0.300577 0.783658 0.373091
v -0.378721 0.782583 0.294384
v -0.538331 0.797278 0.184441
v -0.552713 0.807642 0.099133
v -0.536494 0.825378 0.017395
v -0.543729 0.780094 0.000353
v -0.560606 0.766563 0.086386
v -0.556666 0.744526 0.080558
v -0.544835 0.739392 0.171081
v -0.547917 0.759672 0.176545
v -0.511175 0.744137 0.230884
v -0.534904 0.758030 -0.019036
v -0.538748 0.782206 -0.013520
v -0.474517 0.785060 -0.021344
v -0.280732 0.869281 0.113590
v -0.476590 0.809439 -0.016432
v -0.466159 0.787904 -0.041085
v -0.466077 0.813106 -0.038923
v -0.533619 0.755919 -0.076967
v -0.353799 0.852588 0.008500
v -0.476519 0.847128 -0.046574
v -0.541320 0.777992 -0.078316
v -0.553136 0.812278 -0.086300
v -0.544343 0.773443 -0.113366
v -0.556313 0.807670 -0.120123
v -0.473467 0.857668 -0.069310
v -0.362875 0.896322 0.000833
v -0.241521 0.880388 0.055923
v -0.238318 0.879861 0.072471
v -0.234045 0.921178 0.069555
v -0.249231 0.928173 0.048241
v -0.326689 0.911545 -0.028264
v -0.459142 0.860160 -0.117522
v -0.438578 0.847973 -0.185547
v -0.425824 0.813945 -0.186307
v -0.303614 0.853149 -0.177175
v -0.315138 0.896861 -0.175712
v -0.447342 0.858259 -0.164933
v -0.298254 0.911847 -0.133261
v -0.293345 0.916103 -0.075934
v -0.179910 0.945566 0.012782
v -0.127547 0.950724 -0.034345
v -0.149165 0.945584 -0.101588
v -0.191697 0.928396 -0.165877
v -0.181405 0.880755 -0.168043
v -0.186257 0.892286 -0.249022
v -0.167876 0.921543 -0.177082
v -0.170361 0.880257 -0.180987
v -0.187200 0.869956 -0.236264
v -0.100303 0.943895 -0.142171
v -0.083322 0.949500 -0.093980
v -0.139316 0.888532 -0.288405
v -0.423444 0.810495 -0.211075
v -0.473800 0.783069 -0.249286
v -0.470861 0.780992 -0.264281
v -0.187956 0.914660 -0.260674
v -0.141577 0.909827 -0.299158
v -0.522476 0.812637 -0.196934
v -0.508366 0.778410 -0.197260
v -0.501072 0.756338 -0.194427
v -0.426954 0.788715 -0.184468
v -0.426954 0.788715 -0.184468
v -0.424106 0.786056 -0.205766
v -0.473122 0.758839 -0.243021
v -0.521566 0.751183 -0.168705
v -0.537312 0.751010 -0.112064
v -0.530464 0.750935 -0.140836
v -0.535917 0.774130 -0.142150
v -0.528301 0.773621 -0.171095
v -0.541947 0.807809 -0.171807
v -0.549214 0.807997 -0.146051
v -0.019546 0.776926 -0.489578
v -0.021843 0.828451 -0.493838
v -0.071427 0.836626 -0.474035
v -0.069465 0.784531 -0.469083
v -0.129278 0.787786 -0.451084
v -0.235119 0.777827 -0.433166
v -0.186460 0.784919 -0.438849
v -0.186229 0.837068 -0.444533
v -0.130173 0.840155 -0.456531
v -0.089016 0.908479 -0.320964
v -0.032133 0.909902 -0.328915
v 0.028290 0.914746 -0.319880
v 0.054228 0.805395 -0.547126
v -0.233877 0.829512 -0.438875
v -0.187956 0.914660 -0.260674
v -0.086068 0.887409 -0.310616
v -0.032133 0.909902 -0.328915
v -0.028423 0.888560 -0.318579
v 0.028290 0.914746 -0.319880
v 0.032788 0.892323 -0.309142
v 0.281569 0.778746 -0.470967
v 0.040124 0.870020 -0.298812
v 0.055317 0.880144 -0.242319
v 0.015250 0.943672 -0.173224
v 0.055606 0.921361 -0.237462
v 0.071515 0.880655 -0.236819
v 0.172322 0.854930 -0.308927
v 0.273129 0.813117 -0.381036
v 0.284328 0.847426 -0.386511
v 0.342554 0.776869 -0.430591
v 0.260664 0.809264 -0.401478
v 0.183115 0.898634 -0.313234
v 0.081902 0.928375 -0.239958
v 0.078393 0.945556 -0.162541
v 0.189859 0.913772 -0.267574
v 0.301325 0.858021 -0.372608
v 0.353990 0.811198 -0.437116
v 0.372563 0.772321 -0.416419
v 0.383889 0.806525 -0.423601
v 0.336073 0.860356 -0.336074
v 0.214758 0.918254 -0.214759
v 0.093443 0.950709 -0.093443
v 0.123050 0.949493 -0.025036
v 0.093547 0.964581 -0.051187
v 0.173224 0.943888 -0.015250
v 0.162541 0.945556 -0.078393
v 0.267616 0.913878 -0.189332
v 0.372691 0.858236 -0.300272
v 0.309142 0.892378 -0.032789
v 0.472353 0.780088 -0.266493
v 0.237462 0.921531 -0.055606
v 0.239957 0.928385 -0.081902
v 0.313360 0.898887 -0.181405
v 0.386763 0.847931 -0.280909
v 0.236819 0.880744 -0.071515
v 0.309086 0.855230 -0.170150
v 0.298812 0.870034 -0.040125
v 0.242319 0.880258 -0.055318
v 0.381353 0.813717 -0.268785
v 0.402061 0.810200 -0.252623
v 0.460641 0.782304 -0.276844
v 0.424869 0.755515 -0.333092
v 0.380441 0.788498 -0.270602
v 0.380441 0.788498 -0.270602
v 0.397860 0.785776 -0.256001
v 0.454785 0.758066 -0.279653
v 0.525888 0.743586 -0.203193
v 0.532061 0.765698 -0.200166
v 0.473724 0.825630 -0.248799
v 0.473724 0.825630 -0.248799
v 0.530613 0.807000 -0.186645
v 0.559403 0.796778 -0.108097
v 0.034831 -0.574565 0.757162
v 0.036013 -0.556266 0.747057
v 0.112974 -0.558615 0.737785
v -0.051817 -0.562170 0.766983
v -0.047419 -0.544334 0.756518
v 0.113993 -0.576930 0.747628
v 0.193783 -0.556861 0.723207
v -0.386710 0.761071 -0.422517
v -0.375104 0.798990 -0.423788
v -0.428777 0.808800 -0.355948
v -0.441206 0.767404 -0.350175
v -0.456632 0.826529 -0.274054
v -0.456632 0.826529 -0.274054
v -0.322274 0.806738 -0.447203
v -0.330967 0.766161 -0.454327
v -0.440601 0.745297 -0.343267
v -0.386622 0.740697 -0.416279
v -0.330515 0.746263 -0.450040
v -0.002341 0.964586 0.106580
v -0.039663 0.949487 0.119155
v -0.090817 0.948564 0.090817
v 0.093980 0.949172 0.083322
v 0.123968 0.948577 0.033372
v 0.094164 0.963737 0.050389
v -0.001917 0.973477 0.054936
v -0.090721 0.963726 0.056394
v -0.119155 0.949161 0.039663
v 0.050362 0.973003 0.026764
v -0.091078 0.964593 -0.055428
v 0.048544 0.973476 -0.025807
v -0.000000 0.980290 0.000000
v 0.025036 0.949160 -0.123050
v -0.003578 0.963731 -0.106726
v -0.002015 0.973001 -0.056998
v -0.046610 0.973478 -0.029133
v -0.048367 0.973000 0.030243
v -0.033372 0.948582 -0.123968
v -0.044677 0.943245 -0.165306
v -0.322274 -0.805408 -0.447203
v -0.330967 -0.764832 -0.454327
v -0.386710 -0.759741 -0.422517
v -0.441206 -0.766074 -0.350175
v -0.386622 -0.739368 -0.416279
v -0.330515 -0.744934 -0.450040
v -0.428777 -0.807470 -0.355948
v -0.375104 -0.797660 -0.423788
v -0.456632 -0.825199 -0.274054
v -0.187956 -0.913330 -0.260674
v -0.456632 -0.825199 -0.274054
v -0.139316 -0.887203 -0.288405
v 0.055754 0.765144 -0.557466
v 0.123443 0.760090 -0.560796
v 0.057239 0.745307 -0.553620
v 0.126557 0.739745 -0.555548
v 0.214556 0.765392 -0.528894
v 0.217754 0.743252 -0.522741
v 0.293229 0.756699 -0.453692
v 0.290327 0.780966 -0.459540
v 0.264173 0.784836 -0.397278
v 0.200599 0.806776 -0.527397
v 0.113644 0.797777 -0.555792
v 0.263932 0.824357 -0.472229
v 0.263932 0.824357 -0.472229
v 0.275590 0.787841 -0.380086
v 0.275590 0.787841 -0.380086
v 0.337927 0.754787 -0.424503
v 0.368059 0.749881 -0.410961
v 0.394012 0.773113 -0.394011
v 0.411058 0.750151 -0.366942
v 0.416501 0.772565 -0.371640
v 0.390058 0.749905 -0.390050
v 0.423626 0.806642 -0.383669
v 0.403855 0.806867 -0.403856
v 0.437315 0.811660 -0.351478
v 0.430924 0.777550 -0.338174
v 0.397783 -0.196650 0.820415
v 0.234297 -0.196510 0.876865
v 0.238392 -0.100182 0.888622
v 0.382152 -0.289315 0.804500
v 0.555480 -0.189968 0.731360
v 0.531367 -0.283076 0.718174
v 0.364939 -0.362469 0.782843
v 0.504229 -0.359419 0.702975
v 0.342451 -0.432391 0.756417
v 0.466743 -0.430563 0.687926
v 0.229147 -0.286039 0.858429
v 0.223649 -0.361108 0.834743
v 0.075352 -0.362670 0.860349
v 0.067983 -0.285805 0.887161
v 0.081639 -0.432391 0.826301
v 0.214951 -0.431898 0.802205
v 0.314183 -0.506617 0.720984
v 0.413938 -0.507691 0.667916
v 0.563854 -0.433124 0.606478
v 0.505647 -0.518472 0.588530
v 0.419326 -0.544334 0.631454
v 0.342341 -0.556266 0.664977
v 0.271055 -0.558615 0.695428
v 0.203608 -0.505617 0.759875
v 0.088403 -0.506617 0.781481
v 0.193783 -0.556861 0.723207
v 0.112974 -0.558615 0.737785
v -0.024522 -0.507691 0.785401
v -0.060247 -0.430563 0.829133
v -0.185072 -0.433124 0.807153
v -0.219798 -0.347711 0.839940
v 0.036013 -0.556266 0.747057
v -0.047419 -0.544334 0.756518
v -0.143637 -0.518472 0.762506
v -0.085186 -0.359419 0.860909
v -0.243085 -0.268069 0.863310
v -0.101156 -0.283169 0.887604
v -0.261056 -0.176597 0.881829
v -0.112950 -0.190229 0.910143
v -0.270119 -0.094869 0.892082
v -0.115384 -0.097794 0.921347
v -0.114588 -0.000081 0.924258
v -0.275424 0.000000 0.895745
v -0.270274 0.094921 0.891905
v -0.111765 0.097641 0.919948
v 0.063291 -0.195341 0.907869
v 0.062953 -0.099471 0.919616
v 0.063520 0.000163 0.923607
v 0.064109 0.099812 0.919516
v 0.240162 0.000087 0.892874
v -0.261055 0.176597 0.881829
v -0.106228 0.190313 0.907503
v 0.065435 0.195279 0.905977
v 0.238958 0.100639 0.889192
v 0.410590 -0.000314 0.833851
v 0.406788 -0.100433 0.831016
v 0.560973 -0.098044 0.740730
v 0.407729 0.100164 0.830879
v -0.243085 0.268069 0.863310
v -0.097279 0.281356 0.887266
v 0.068049 0.285527 0.884820
v 0.234862 0.196971 0.876491
v 0.397294 0.195641 0.818948
v 0.556310 0.097530 0.741291
v 0.561268 -0.000290 0.743627
v 0.680017 -0.094921 0.637275
v 0.686397 0.000000 0.638025
v 0.680017 0.094921 0.637275
v 0.545661 0.190608 0.732896
v 0.384036 0.285537 0.800917
v 0.666996 -0.176597 0.633158
v 0.642174 -0.268069 0.626105
v 0.610321 -0.347711 0.617509
v 0.271055 0.558615 0.695428
v 0.342341 0.556266 0.664977
v 0.413938 0.507691 0.667916
v 0.419326 0.544334 0.631454
v 0.505647 0.518472 0.588530
v 0.563854 0.433124 0.606478
v 0.112974 0.558615 0.737785
v 0.193783 0.556861 0.723207
v 0.203634 0.506313 0.759887
v 0.314182 0.506665 0.720950
v 0.466720 0.430604 0.687916
v 0.610321 0.347711 0.617509
v -0.185072 0.433124 0.807153
v -0.143637 0.518472 0.762506
v -0.024521 0.507670 0.785414
v -0.047419 0.544334 0.756518
v 0.036013 0.556266 0.747057
v 0.088211 0.507671 0.780822
v 0.213994 0.441944 0.797226
v 0.342945 0.439043 0.752403
v 0.366667 0.366467 0.778776
v 0.503868 0.359614 0.703122
v 0.528845 0.281708 0.719182
v 0.222789 0.368921 0.829659
v 0.080017 0.440652 0.822074
v 0.642174 0.268069 0.626105
v 0.666996 0.176597 0.633158
v 0.229460 0.286925 0.855814
v 0.073154 0.367217 0.857189
v -0.080389 0.360631 0.860873
v -0.057885 0.433823 0.827610
v -0.219798 0.347711 0.839940
v -0.921977 -0.098044 0.115452
v -0.923074 -0.100433 -0.063219
v -0.927431 -0.000314 -0.061344
v -0.889541 0.100639 -0.237653
v -0.923427 0.100164 -0.062336
v -0.637275 0.094921 -0.680016
v -0.633159 0.176597 -0.666995
v -0.732807 0.190313 -0.545748
v -0.740816 0.097641 -0.556765
v -0.817316 0.195279 -0.396320
v -0.828379 0.099812 -0.404238
v -0.893332 0.000087 -0.238450
v -0.888765 -0.100182 -0.237857
v -0.909391 -0.196650 -0.065717
v -0.740218 -0.097794 -0.560599
v -0.743137 -0.000081 -0.561365
v -0.831627 0.000163 -0.406794
v -0.827887 -0.099471 -0.405289
v -0.817884 -0.195341 -0.399123
v -0.876536 -0.196510 -0.235525
v -0.802296 -0.285805 -0.384705
v -0.857995 -0.286039 -0.230767
v -0.702976 -0.359419 -0.504228
v -0.782760 -0.362670 -0.364918
v -0.756417 -0.432391 -0.342450
v -0.718109 -0.283169 -0.531406
v -0.731732 -0.190229 -0.552890
v -0.687927 -0.430563 -0.466742
v -0.720984 -0.506617 -0.314182
v -0.617510 -0.347711 -0.610321
v -0.626106 -0.268069 -0.642173
v -0.633159 -0.176597 -0.666995
v -0.637506 -0.094869 -0.679971
v -0.638026 0.000000 -0.686396
v -0.887793 -0.289315 -0.071296
v -0.860431 -0.362469 -0.075375
v -0.834733 -0.361108 -0.223686
v -0.826302 -0.432391 -0.081637
v -0.911117 -0.189968 0.115380
v -0.887640 -0.283076 0.101090
v -0.860909 -0.359419 0.085188
v -0.829133 -0.430563 0.060248
v -0.891904 -0.094921 0.270275
v -0.881829 -0.176597 0.261057
v -0.863310 -0.268069 0.243087
v -0.839939 -0.347711 0.219799
v -0.807152 -0.433124 0.185073
v -0.920132 0.097530 0.111133
v -0.924634 -0.000290 0.114258
v -0.895744 0.000000 0.275425
v -0.891904 0.094921 0.270275
v -0.907537 0.190608 0.106109
v -0.907877 0.195641 -0.065407
v -0.885632 0.285537 -0.067874
v -0.876495 0.196971 -0.234850
v -0.626106 0.268069 -0.642173
v -0.719755 0.281356 -0.527880
v -0.800301 0.285527 -0.383478
v -0.855887 0.286925 -0.229189
v -0.778925 0.367217 -0.365241
v -0.705343 0.360631 -0.500055
v -0.617510 0.347711 -0.610321
v -0.687788 0.433823 -0.463935
v -0.606478 0.433124 -0.563853
v -0.667928 0.507670 -0.413943
v -0.887252 0.281708 0.098402
v -0.857774 0.366467 -0.071845
v -0.829900 0.368921 -0.221889
v -0.751945 0.440652 -0.341741
v -0.720318 0.507671 -0.314018
v -0.860855 0.359614 0.084802
v -0.823072 0.439043 -0.079203
v -0.797415 0.441944 -0.213289
v -0.588530 0.518472 -0.505646
v -0.631454 0.544334 -0.419326
v -0.664977 0.556266 -0.342341
v -0.695428 0.558615 -0.271054
v -0.759898 0.506313 -0.203591
v -0.781452 0.506665 -0.088386
v -0.829113 0.430604 0.060233
v -0.723207 0.556861 -0.193782
v -0.737785 0.558615 -0.112974
v -0.785401 0.507691 0.024523
v -0.807152 0.433124 0.185073
v -0.839939 0.347711 0.219799
v -0.747057 0.556266 -0.036012
v -0.756518 0.544334 0.047420
v -0.762505 0.518472 0.143638
v -0.863310 0.268069 0.243087
v -0.881829 0.176597 0.261057
v 0.803028 0.103877 0.507226
v 0.771737 0.091573 0.556553
v 0.762656 0.216484 0.532379
v 0.790750 0.225825 0.485522
v 0.713579 0.296462 0.560484
v 0.699087 0.097774 0.643949
v 0.685675 0.181879 0.639708
v 0.705654 0.000000 0.644721
v 0.774589 0.000000 0.559392
v 0.808717 0.000000 0.508858
v 0.849281 0.108425 0.423868
v 0.686397 0.000000 0.638025
v 0.680017 0.094921 0.637275
v 0.666996 0.176597 0.633158
v 0.642174 0.268069 0.626105
v 0.660100 0.276100 0.632440
v 0.610321 0.347711 0.617509
v 0.627269 0.358163 0.623577
v 0.563854 0.433124 0.606478
v 0.579422 0.446111 0.612217
v 0.628042 0.465371 0.545595
v 0.581744 0.533166 0.533485
v 0.656524 0.498196 0.478368
v 0.622434 0.546294 0.470052
v 0.671560 0.535069 0.412195
v 0.669596 0.380446 0.562792
v 0.702260 0.389440 0.514806
v 0.747895 0.417410 0.419336
v 0.744406 0.506880 0.310757
v 0.709872 0.564640 0.290283
v 0.673449 0.562405 0.370281
v 0.651594 0.557612 0.414126
v 0.617728 0.601691 0.399059
v 0.649787 0.598946 0.353740
v 0.684559 0.600920 0.276630
v 0.712117 0.601039 0.190811
v 0.505647 0.518472 0.588530
v 0.518453 0.534832 0.593657
v 0.527508 0.600521 0.517124
v 0.579888 0.602466 0.454891
v 0.283613 0.676888 0.604350
v 0.270251 0.653298 0.636090
v 0.246345 0.711569 0.579570
v 0.324322 0.674180 0.586976
v 0.373426 0.612709 0.624910
v 0.408257 0.641218 0.571894
v 0.464534 0.595874 0.578927
v 0.446534 0.667880 0.508887
v 0.260776 0.736913 0.539718
v 0.362886 0.705447 0.523535
v 0.394358 0.720017 0.478159
v 0.480747 0.738409 0.352845
v 0.490177 0.801757 0.131008
v 0.446669 0.793899 0.265802
v 0.335728 0.778448 0.406412
v 0.239775 0.769528 0.501456
v 0.120301 0.745309 0.576135
v 0.152113 0.745203 0.567694
v 0.169183 0.689115 0.631397
v 0.143202 0.771257 0.534518
v 0.142951 0.771860 0.533690
v 0.183885 0.745309 0.559098
v 0.217817 0.727859 0.570541
v 0.226271 0.693249 0.609721
v 0.204890 0.689296 0.621616
v 0.250593 0.640797 0.657005
v 0.275094 0.576930 0.704461
v 0.271055 0.558615 0.695428
v 0.193783 0.556861 0.723207
v 0.348418 0.574565 0.673137
v 0.428367 0.562170 0.638318
v 0.419326 0.544334 0.631454
v 0.342341 0.556266 0.664977
v 0.220405 0.633577 0.674851
v 0.196342 0.575111 0.732756
v 0.113993 0.576930 0.747628
v 0.112974 0.558615 0.737785
v 0.034831 0.574565 0.757162
v 0.036013 0.556266 0.747057
v -0.051817 0.562170 0.766983
v -0.047419 0.544334 0.756518
v -0.152164 0.534832 0.773349
v -0.010941 0.612709 0.727901
v 0.111483 0.640797 0.694280
v 0.146550 0.633577 0.694640
v 0.184347 0.630908 0.687991
v 0.133369 0.689296 0.640781
v 0.108904 0.693249 0.641169
v 0.096636 0.727859 0.603011
v 0.204890 0.808822 0.413968
v 0.110488 0.818236 0.441150
v 0.018869 0.811744 0.466016
v 0.041666 0.770190 0.553402
v 0.076445 0.711569 0.625095
v 0.084001 0.653298 0.685995
v -0.273957 0.181879 0.896841
v -0.394289 0.216484 0.842382
v -0.337735 0.296462 0.842184
v -0.255443 0.276100 0.877759
v -0.298490 0.380446 0.822191
v -0.231441 0.358163 0.853669
v -0.195684 0.446111 0.819907
v -0.143637 0.518472 0.762506
v -0.185072 0.433124 0.807153
v -0.219798 0.347711 0.839940
v -0.243085 0.268069 0.863310
v -0.261055 0.176597 0.881829
v -0.283452 0.097774 0.907220
v -0.270274 0.094921 0.891905
v -0.288753 0.000000 0.911172
v -0.390066 0.091573 0.867858
v -0.391117 0.000000 0.871743
v -0.441828 0.103877 0.840785
v -0.275424 0.000000 0.895745
v -0.687991 0.630908 -0.184346
v -0.694640 0.633577 -0.146550
v -0.747628 0.576930 -0.113992
v -0.694280 0.640797 -0.111482
v -0.757162 0.574565 -0.034830
v -0.727901 0.612709 0.010941
v -0.766983 0.562170 0.051818
v -0.733632 0.595874 0.112834
v -0.699403 0.641218 0.067614
v -0.670496 0.674180 -0.012617
v -0.685995 0.653298 -0.084000
v -0.665189 0.676888 -0.056558
v -0.773349 0.534832 0.152165
v -0.597797 0.736913 -0.044021
v -0.634837 0.705447 0.052501
v -0.663976 0.667880 0.132266
v -0.625095 0.711569 -0.076444
v -0.603011 0.727859 -0.096635
v -0.641169 0.693249 -0.108904
v -0.640781 0.689296 -0.133368
v -0.576136 0.745309 -0.120300
v -0.567694 0.745203 -0.152113
v -0.534550 0.771255 -0.143232
v 0.556264 0.506313 -0.556296
v 0.529424 0.556861 -0.529425
v 0.466731 0.558615 -0.582454
v 0.582454 0.558615 -0.466731
v 0.632106 0.507671 -0.466804
v 0.692449 0.507670 -0.371471
v 0.628964 0.556266 -0.404717
v 0.678874 0.544334 -0.337193
v 0.732168 0.518472 -0.256859
v 0.791551 0.433124 -0.243299
v 0.745674 0.433823 -0.363675
v 0.837308 0.347711 -0.229619
v 0.404716 0.556266 -0.628965
v 0.371463 0.507691 -0.692439
v 0.467270 0.506665 -0.632565
v 0.583421 0.441944 -0.583937
v 0.671929 0.440652 -0.480334
v 0.785732 0.360631 -0.360818
v 0.869191 0.268069 -0.221137
v 0.817035 0.281356 -0.359387
v 0.705770 0.367217 -0.491948
v 0.607111 0.368921 -0.607770
v 0.839035 0.190313 -0.361755
v 0.732253 0.285527 -0.501342
v 0.626426 0.286925 -0.626625
v 0.491106 0.366467 -0.706931
v 0.480127 0.439043 -0.673200
v 0.852580 0.097641 -0.363183
v 0.751882 0.195279 -0.509657
v 0.641633 0.196971 -0.641642
v 0.501597 0.285537 -0.733043
v 0.358408 0.281708 -0.817584
v 0.356987 0.359614 -0.787924
v 0.362393 0.430604 -0.748149
v 0.214833 0.176597 -0.894215
v 0.361876 0.190608 -0.839005
v 0.221136 0.268069 -0.869192
v 0.229618 0.347711 -0.837309
v 0.243298 0.433124 -0.791552
v 0.256858 0.518472 -0.732168
v 0.337192 0.544334 -0.678874
v 0.211888 0.094921 -0.907549
v 0.363822 0.097530 -0.852424
v 0.510583 0.195641 -0.753541
v 0.515698 0.100164 -0.768543
v 0.516841 -0.000314 -0.772507
v 0.650584 0.100639 -0.651539
v 0.653170 0.000087 -0.654423
v 0.764269 0.099812 -0.515278
v 0.768107 0.000163 -0.516813
v 0.764934 -0.099471 -0.514326
v 0.855602 -0.097794 -0.360748
v 0.857725 -0.000081 -0.362893
v 0.894214 0.176597 -0.214834
v 0.907549 0.094921 -0.211889
v 0.913450 0.000000 -0.209348
v 0.907701 -0.094817 -0.212333
v 0.748174 -0.430563 -0.362391
v 0.674779 -0.432391 -0.483852
v 0.632581 -0.506617 -0.467300
v 0.788163 -0.359419 -0.356681
v 0.837308 -0.347711 -0.229619
v 0.869191 -0.268069 -0.221137
v 0.819265 -0.283169 -0.356198
v 0.896484 -0.175039 -0.221472
v 0.844682 -0.190229 -0.357254
v 0.466731 -0.558615 -0.582454
v 0.529424 -0.556861 -0.529425
v 0.556266 -0.505617 -0.556267
v 0.582454 -0.558615 -0.466731
v 0.692438 -0.507691 -0.371464
v 0.791551 -0.433124 -0.243299
v 0.628964 -0.556266 -0.404717
v 0.678874 -0.544334 -0.337193
v 0.732168 -0.518472 -0.256859
v 0.371463 -0.507691 -0.692439
v 0.362390 -0.430563 -0.748174
v 0.243298 -0.433124 -0.791551
v 0.256858 -0.518472 -0.732168
v 0.337192 -0.544334 -0.678874
v 0.404716 -0.556266 -0.628965
v 0.467299 -0.506617 -0.632582
v 0.587255 -0.431898 -0.587256
v 0.483851 -0.432391 -0.674780
v 0.611084 -0.361108 -0.611057
v 0.707408 -0.362670 -0.495431
v 0.734312 -0.285805 -0.502456
v 0.628847 -0.286039 -0.627662
v 0.495492 -0.362469 -0.707467
v 0.356680 -0.359419 -0.788163
v 0.229618 -0.347711 -0.837309
v 0.754592 -0.195341 -0.508747
v 0.642239 -0.196510 -0.641340
v 0.505641 -0.289315 -0.733203
v 0.356273 -0.283076 -0.819264
v 0.221136 -0.268069 -0.869192
v 0.361004 -0.098044 -0.856182
v 0.516287 -0.100433 -0.767796
v 0.650373 -0.100182 -0.650765
v 0.511609 -0.196650 -0.754697
v 0.355637 -0.189968 -0.846740
v 0.214833 -0.176597 -0.894215
v 0.211888 -0.094921 -0.907549
v 0.363366 -0.000290 -0.857886
v 0.209347 0.000000 -0.913450
v -0.695428 -0.558615 -0.271054
v -0.664977 -0.556266 -0.342341
v -0.667916 -0.507691 -0.413937
v -0.631454 -0.544334 -0.419326
v -0.588530 -0.518472 -0.505646
v -0.606478 -0.433124 -0.563854
v -0.737785 -0.558615 -0.112973
v -0.723207 -0.556861 -0.193782
v -0.759875 -0.505617 -0.203607
v -0.785401 -0.507691 0.024523
v -0.762505 -0.518472 0.143638
v -0.756518 -0.544334 0.047420
v -0.747057 -0.556266 -0.036012
v -0.781482 -0.506617 -0.088401
v -0.802206 -0.431898 -0.214950
v 0.547791 0.676888 -0.381576
v 0.552088 0.653298 -0.415745
v 0.574358 0.674180 -0.346175
v 0.438394 0.832893 0.117000
v 0.456515 0.831268 -0.000932
v 0.515086 0.796110 -0.034918
v 0.395490 0.825099 0.224100
v 0.944223 0.000000 0.153805
v 0.923795 0.000000 0.247530
v 0.916429 0.109037 0.245556
v 0.894624 0.000000 0.338911
v 0.886718 0.109149 0.338431
v 0.858008 0.000000 0.423266
v -0.117040 0.823737 -0.436510
v -0.224371 0.831707 -0.396730
v -0.002603 0.828463 -0.453984
v 0.271951 0.705447 -0.576036
v 0.217442 0.667880 -0.641153
v 0.147205 0.651764 -0.676682
v 0.104003 0.602466 -0.729643
v -0.508552 -0.621825 0.508553
v -0.521306 -0.601039 0.521306
v 0.638306 -0.574565 -0.408745
v 0.528301 -0.633577 -0.474236
v 0.503644 -0.630908 -0.503644
v 0.462215 -0.689115 -0.462215
v 0.488248 -0.689296 -0.435891
v 0.678874 -0.544334 -0.337193
v 0.628964 -0.556266 -0.404717
v 0.582454 -0.558615 -0.466731
v -0.762505 0.518472 0.143638
v -0.756518 0.544334 0.047420
v -0.747057 0.556266 -0.036012
v -0.737785 0.558615 -0.112974
v -0.291446 -0.193532 -0.872949
v -0.237815 -0.203982 -0.887534
v -0.184077 -0.193532 -0.901718
v -0.182629 -0.158543 -0.904906
v -0.182629 -0.158543 -0.904906
v -0.162800 -0.198897 -0.905765
v -0.796965 -0.389440 0.350772
v -0.762491 -0.317577 0.478573
v -0.606478 0.433124 -0.563853
v -0.617510 0.347711 -0.610321
v -0.626106 0.268069 -0.642173
v -0.633159 0.176597 -0.666995
v -0.637275 0.094921 -0.680016
v -0.638026 0.000000 -0.686396
v 0.020283 0.787075 0.473362
v 0.017336 0.760334 0.533079
v -0.089694 0.747271 0.548907
v -0.184534 0.742136 0.533666
vn 0.4485 -0.8539 -0.2640
vn 0.3834 -0.8550 -0.3492
vn 0.2740 -0.9153 -0.2952
vn 0.5580 -0.8053 -0.2003
vn 0.4949 -0.8631 -0.1008
vn 0.5964 -0.7954 -0.1083
vn 0.5359 -0.8438 0.0272
vn 0.6238 -0.7400 -0.2515
vn 0.5228 -0.7824 -0.3384
vn 0.3678 -0.8558 -0.3636
vn 0.2353 -0.8746 -0.4238
vn 0.1393 -0.9515 -0.2742
vn 0.6870 -0.6905 -0.2264
vn 0.6614 -0.6794 -0.3178
vn 0.7125 -0.6381 -0.2920
vn 0.5723 -0.7192 -0.3940
vn 0.4564 -0.7636 -0.4568
vn 0.3405 -0.7828 -0.5208
vn 0.2183 -0.8004 -0.5582
vn 0.1079 -0.8426 -0.5276
vn 0.4958 -0.7130 -0.4958
vn 0.1107 -0.7886 -0.6049
vn 0.2524 -0.7421 -0.6209
vn 0.3937 -0.7195 -0.5721
vn 0.4598 -0.6786 -0.5728
vn 0.5257 -0.6688 -0.5257
vn 0.5728 -0.6786 -0.4598
vn 0.6384 -0.6638 -0.3896
vn 0.6047 -0.6372 -0.4779
vn -0.0193 -0.7786 -0.6272
vn -0.0536 -0.7291 -0.6823
vn -0.0099 -0.7126 -0.7015
vn 0.0524 -0.7478 -0.6618
vn 0.1444 -0.7094 -0.6898
vn 0.2264 -0.6905 -0.6870
vn 0.3178 -0.6794 -0.6614
vn 0.3896 -0.6638 -0.6385
vn 0.0662 -0.6867 -0.7239
vn 0.1130 -0.6381 -0.7616
vn 0.2093 -0.6324 -0.7458
vn 0.2920 -0.6381 -0.7125
vn 0.3442 -0.6363 -0.6904
vn 0.3917 -0.6370 -0.6640
vn 0.4779 -0.6372 -0.6047
vn 0.4326 -0.5921 -0.6799
vn 0.2491 -0.5588 -0.7910
vn 0.2862 -0.4792 -0.8297
vn 0.3495 -0.5181 -0.7806
vn 0.3141 -0.5917 -0.7424
vn 0.4221 -0.3307 -0.8441
vn 0.4621 -0.2347 -0.8552
vn 0.5334 -0.2352 -0.8125
vn 0.4995 -0.3388 -0.7973
vn 0.3821 -0.4227 -0.8218
vn 0.4622 -0.4478 -0.7654
vn 0.4172 -0.5386 -0.7320
vn 0.3605 -0.6087 -0.7068
vn 0.5011 -0.5322 -0.6824
vn 0.5380 -0.4656 -0.7026
vn 0.5788 -0.3603 -0.7316
vn 0.6090 -0.2494 -0.7529
vn 0.6218 -0.1299 -0.7724
vn 0.5321 -0.1194 -0.8382
vn 0.5622 -0.0688 -0.8241
vn 0.4757 -0.0550 -0.8779
vn 0.6461 -0.0694 -0.7601
vn 0.5080 -0.5879 -0.6295
vn 0.5997 -0.5298 -0.5997
vn 0.6388 -0.4287 -0.6388
vn 0.6694 -0.3223 -0.6694
vn 0.6911 -0.2116 -0.6911
vn 0.7724 -0.1299 -0.6218
vn 0.8382 -0.1194 -0.5321
vn 0.8125 -0.2351 -0.5334
vn 0.7529 -0.2494 -0.6090
vn 0.7316 -0.3603 -0.5788
vn 0.7026 -0.4656 -0.5380
vn 0.6824 -0.5322 -0.5011
vn 0.6295 -0.5879 -0.5080
vn 0.7320 -0.5386 -0.4172
vn 0.7068 -0.6087 -0.3605
vn 0.6799 -0.5921 -0.4326
vn 0.7654 -0.4478 -0.4622
vn 0.7973 -0.3388 -0.4995
vn 0.8441 -0.3307 -0.4221
vn 0.8552 -0.2347 -0.4621
vn 0.8218 -0.4227 -0.3822
vn 0.7806 -0.5181 -0.3495
vn 0.7425 -0.5917 -0.3141
vn 0.8841 -0.2975 -0.3603
vn 0.8651 -0.3885 -0.3172
vn 0.8297 -0.4792 -0.2862
vn 0.7910 -0.5588 -0.2491
vn 0.7458 -0.6324 -0.2093
vn 0.9312 -0.2249 0.2868
vn 0.9062 -0.2817 0.3153
vn 0.9461 -0.1786 0.2703
vn 0.9600 -0.1249 0.2506
vn 0.8965 -0.2033 -0.3936
vn 0.8741 -0.1258 -0.4692
vn 0.9135 -0.0904 -0.3967
vn 0.9665 -0.0741 0.2458
vn 0.6535 0.0087 0.7569
vn 0.6561 0.0195 0.7545
vn 0.6611 0.0335 0.7496
vn 0.6625 0.0393 0.7481
vn 0.8779 -0.0550 -0.4757
vn 0.9161 -0.0434 -0.3985
vn 0.9691 -0.0217 0.2458
vn 0.6534 0.0113 0.7569
vn 0.6537 0.0146 0.7566
vn 0.7032 -0.1049 -0.7032
vn 0.7054 -0.0698 -0.7054
vn 0.7601 -0.0694 -0.6461
vn 0.8241 -0.0688 -0.5622
vn 0.6904 -0.6363 -0.3442
vn 0.6640 -0.6370 -0.3917
vn 0.5452 -0.6368 -0.5452
vn 0.5652 -0.6009 -0.5652
vn 0.8374 0.4694 0.2801
vn 0.9718 0.1905 -0.1389
vn 0.8772 -0.2365 0.4179
vn 0.2986 -0.7192 0.6273
vn 0.4151 -0.7392 0.5304
vn 0.4139 -0.6794 0.6059
vn 0.4818 -0.6905 0.5396
vn 0.5252 -0.7094 0.4699
vn 0.5412 -0.6325 0.5541
vn 0.6031 -0.6381 0.4787
vn 0.8948 -0.0887 0.4376
vn 0.8282 0.4704 0.3048
vn 0.4682 -0.7919 0.3920
vn 0.4710 -0.6381 0.6091
vn 0.5527 -0.7785 0.2973
vn 0.5470 -0.7478 0.3763
vn 0.5938 -0.6867 0.4192
vn 0.6586 -0.6507 0.3779
vn 0.9108 -0.0974 0.4011
vn 0.8183 0.4746 0.3242
vn 0.9281 -0.0970 0.3595
vn 0.8493 0.4763 0.2276
vn 0.6851 -0.6721 0.2809
vn 0.9182 -0.3105 0.2460
vn 0.7056 -0.6718 0.2255
vn 0.6489 -0.7337 0.2014
vn 0.6380 -0.7308 0.2426
vn 0.5951 -0.7717 0.2242
vn 0.6021 -0.7564 0.2556
vn 0.4816 -0.8431 0.2394
vn 0.6549 -0.7350 0.1755
vn 0.5846 -0.7899 0.1852
vn 0.4652 -0.8764 0.1247
vn 0.2821 -0.7827 0.5548
vn 0.3814 -0.8068 0.4512
vn 0.3859 -0.8640 0.3233
vn 0.3376 -0.9231 0.1845
vn 0.3981 -0.9111 0.1070
vn 0.3916 -0.9201 -0.0021
vn 0.0089 -0.8602 0.5098
vn -0.1034 -0.8028 0.5872
vn -0.1777 -0.8604 0.4777
vn 0.0353 -0.7816 0.6228
vn 0.1312 -0.8593 0.4943
vn 0.1674 -0.7628 0.6246
vn 0.2436 -0.8550 0.4578
vn -0.2103 -0.7909 0.5747
vn -0.3016 -0.8398 0.4515
vn -0.0938 -0.7368 0.6696
vn 0.0551 -0.7192 0.6926
vn 0.1815 -0.7130 0.6773
vn -0.0555 -0.6794 0.7316
vn -0.0472 -0.6363 0.7700
vn 0.0181 -0.6638 0.7477
vn 0.1118 -0.6786 0.7260
vn -0.0877 -0.5181 0.8508
vn -0.0047 -0.5386 0.8425
vn 0.0176 -0.4478 0.8940
vn -0.0992 -0.5917 0.8000
vn -0.0413 -0.6087 0.7924
vn 0.0072 -0.6370 0.7709
vn 0.1115 -0.6372 0.7626
vn 0.1924 -0.6688 0.7181
vn 0.2069 -0.6009 0.7721
vn 0.1252 -0.5879 0.7992
vn 0.0347 -0.5921 0.8051
vn 0.0928 -0.5323 0.8415
vn 0.1146 -0.4656 0.8775
vn 0.2195 -0.5298 0.8192
vn 0.2338 -0.4287 0.8726
vn 0.3395 -0.4656 0.8173
vn 0.2912 -0.5879 0.7547
vn 0.2847 -0.6372 0.7162
vn 0.3725 -0.5921 0.7146
vn 0.3792 -0.6370 0.6712
vn 0.4319 -0.6087 0.6656
vn 0.4258 -0.6363 0.6432
vn 0.4860 -0.5917 0.6432
vn 0.1996 -0.6368 0.7447
vn 0.2661 -0.6786 0.6846
vn 0.3581 -0.6638 0.6566
vn 0.5605 -0.5588 0.6112
vn 0.5013 -0.5181 0.6930
vn 0.5754 -0.4792 0.6627
vn 0.9424 -0.2817 0.1800
vn 0.9499 -0.2249 0.2172
vn 0.4254 -0.5386 0.7273
vn 0.4317 -0.4478 0.7830
vn 0.5206 -0.4227 0.7418
vn 0.5906 -0.3885 0.7073
vn 0.9545 -0.1786 0.2390
vn 0.3442 -0.3603 0.8670
vn 0.4407 -0.3390 0.8312
vn 0.5199 -0.3307 0.7876
vn 0.5855 -0.2975 0.7541
vn 0.9567 -0.1249 0.2630
vn 0.5796 -0.2033 0.7891
vn 0.5096 -0.2347 0.8278
vn 0.5224 -0.1258 0.8434
vn 0.5928 -0.0904 0.8003
vn 0.9599 -0.0741 0.2704
vn 0.9621 -0.0217 0.2717
vn 0.5942 -0.0434 0.8032
vn 0.5225 -0.0549 0.8509
vn 0.4598 -0.1194 0.8799
vn 0.4370 -0.2352 0.8682
vn 0.4326 -0.0688 0.8990
vn 0.3580 -0.1299 0.9246
vn 0.3475 -0.2494 0.9039
vn 0.2530 -0.2116 0.9440
vn 0.2574 -0.1049 0.9606
vn 0.1523 -0.1299 0.9798
vn 0.1795 -0.0694 0.9813
vn 0.0748 -0.0688 0.9948
vn 0.1510 -0.2495 0.9565
vn 0.3352 -0.0694 0.9396
vn 0.2582 -0.0698 0.9636
vn 0.1355 -0.3603 0.9230
vn 0.2450 -0.3223 0.9144
vn 0.0339 -0.3389 0.9402
vn 0.0557 -0.2352 0.9704
vn 0.0417 -0.1194 0.9920
vn -0.0270 -0.0550 0.9981
vn -0.1130 -0.0434 0.9926
vn -0.1132 -0.0904 0.9894
vn -0.0307 -0.1258 0.9916
vn -0.0275 -0.2347 0.9717
vn -0.0565 -0.3307 0.9420
vn -0.0799 -0.4227 0.9027
vn -0.1798 -0.5588 0.8096
vn -0.1916 -0.6324 0.7505
vn -0.1670 -0.4792 0.8617
vn -0.1578 -0.3885 0.9078
vn -0.1300 -0.2975 0.9458
vn -0.1074 -0.2033 0.9732
vn -0.7140 -0.2249 0.6630
vn -0.7262 -0.2817 0.6271
vn -0.7071 -0.1786 0.6842
vn -0.6970 -0.1249 0.7061
vn -0.6961 -0.0741 0.7141
vn -0.6974 -0.0217 0.7163
vn -0.9821 0.0146 0.1878
vn -0.9822 0.0113 0.1874
vn -0.9822 0.0086 0.1875
vn -0.9814 0.0196 0.1910
vn -0.9797 0.0334 0.1977
vn -0.9791 0.0394 0.1997
vn -0.9111 0.1905 0.3656
vn -0.5507 -0.2365 0.8005
vn -0.5851 0.4694 0.6613
vn -0.5561 -0.0887 0.8264
vn -0.5648 0.4704 0.6780
vn -0.5883 -0.0974 0.8028
vn -0.5466 0.4746 0.6899
vn -0.6240 -0.0971 0.7754
vn -0.6218 0.4763 0.6218
vn -0.6722 -0.3105 0.6721
vn -0.2829 -0.6381 0.7161
vn -0.5218 -0.6749 0.5218
vn -0.4983 -0.6718 0.5480
vn -0.4529 -0.6721 0.5858
vn -0.3814 -0.6507 0.6566
vn -0.3047 -0.6867 0.6600
vn -0.3593 -0.7126 0.6025
vn -0.4203 -0.6953 0.5830
vn -0.3875 -0.7291 0.5641
vn -0.5481 -0.6718 0.4983
vn -0.4794 -0.7351 0.4794
vn -0.4613 -0.7337 0.4989
vn -0.4312 -0.7309 0.5290
vn -0.3935 -0.7562 0.5227
vn -0.3298 -0.7784 0.5342
vn -0.4158 -0.8088 0.4158
vn -0.4527 -0.7899 0.4136
vn -0.3480 -0.8723 0.3435
vn -0.4431 -0.7794 0.4431
vn -0.4139 -0.7898 0.4526
vn -0.4035 -0.7716 0.4917
vn -0.4989 -0.7337 0.4613
vn -0.4917 -0.7718 0.4031
vn -0.4519 -0.8428 0.2924
vn -0.3538 -0.9140 0.1983
vn -0.3102 -0.9045 0.2926
vn -0.2154 -0.9162 0.3378
vn -0.4824 -0.8603 0.1649
vn -0.5711 -0.7948 0.2054
vn -0.7754 -0.0970 0.6240
vn -0.5858 -0.6721 0.4529
vn -0.5291 -0.7308 0.4312
vn -0.5223 -0.7565 0.3936
vn -0.5336 -0.7787 0.3301
vn -0.6566 -0.6507 0.3814
vn -0.8028 -0.0974 0.5883
vn -0.5994 -0.7478 0.2855
vn -0.6696 -0.7094 0.2199
vn -0.6600 -0.6867 0.3047
vn -0.7161 -0.6381 0.2829
vn -0.8264 -0.0887 0.5561
vn -0.6780 0.4704 0.5648
vn -0.6900 0.4746 0.5465
vn -0.8005 -0.2365 0.5507
vn -0.1977 0.0334 0.9797
vn -0.1909 0.0195 0.9814
vn -0.6842 -0.1786 0.7071
vn -0.6630 -0.2249 0.7140
vn -0.1997 0.0393 0.9791
vn -0.6271 -0.2817 0.7262
vn -0.3656 0.1905 0.9111
vn -0.6613 0.4694 0.5851
vn -0.7061 -0.1249 0.6970
vn -0.9732 -0.2033 0.1074
vn -0.9458 -0.2975 0.1300
vn -0.9078 -0.3885 0.1578
vn -0.8617 -0.4792 0.1670
vn -0.8096 -0.5588 0.1798
vn -0.7505 -0.6324 0.1916
vn -0.8508 -0.5181 0.0877
vn -0.8000 -0.5917 0.0993
vn -0.7630 -0.6381 0.1034
vn -0.7082 -0.6905 0.1475
vn -0.7316 -0.6794 0.0555
vn -0.6690 -0.7374 0.0934
vn -0.6922 -0.7197 -0.0545
vn -0.6222 -0.7822 -0.0328
vn -0.6235 -0.7638 -0.1666
vn -0.5882 -0.8018 0.1055
vn -0.5396 -0.6905 -0.4818
vn -0.5323 -0.7385 -0.4139
vn -0.6059 -0.6794 -0.4139
vn -0.6270 -0.7195 -0.2987
vn -0.5594 -0.7800 -0.2805
vn -0.6773 -0.7130 -0.1815
vn -0.7260 -0.6786 -0.1118
vn -0.7477 -0.6638 -0.0181
vn -0.7700 -0.6363 0.0472
vn -0.6566 -0.6638 -0.3581
vn -0.6846 -0.6786 -0.2661
vn -0.7181 -0.6688 -0.1924
vn -0.7626 -0.6372 -0.1114
vn -0.7708 -0.6370 -0.0073
vn -0.7923 -0.6087 0.0412
vn -0.7992 -0.5879 -0.1252
vn -0.7721 -0.6009 -0.2069
vn -0.8051 -0.5921 -0.0347
vn -0.8425 -0.5386 0.0047
vn -0.8415 -0.5322 -0.0928
vn -0.8775 -0.4656 -0.1146
vn -0.8192 -0.5298 -0.2195
vn -0.8726 -0.4287 -0.2338
vn -0.8173 -0.4656 -0.3395
vn -0.7876 -0.3307 -0.5199
vn -0.8313 -0.3387 -0.4407
vn -0.8682 -0.2352 -0.4370
vn -0.9039 -0.2495 -0.3475
vn -0.8670 -0.3603 -0.3442
vn -0.9144 -0.3223 -0.2450
vn -0.9230 -0.3603 -0.1355
vn -0.8939 -0.4478 -0.0176
vn -0.9565 -0.2495 -0.1510
vn -0.9440 -0.2116 -0.2530
vn -0.9798 -0.1299 -0.1523
vn -0.9981 -0.0550 0.0270
vn -0.9948 -0.0688 -0.0748
vn -0.9920 -0.1194 -0.0417
vn -0.9704 -0.2352 -0.0557
vn -0.9402 -0.3389 -0.0339
vn -0.9027 -0.4227 0.0800
vn -0.9420 -0.3307 0.0565
vn -0.9717 -0.2347 0.0275
vn -0.9916 -0.1258 0.0307
vn -0.7141 -0.0741 0.6961
vn -0.9894 -0.0904 0.1132
vn -0.9926 -0.0434 0.1130
vn -0.7163 -0.0217 0.6974
vn -0.1874 0.0114 0.9822
vn -0.1875 0.0086 0.9822
vn -0.1878 0.0146 0.9821
vn -0.9908 -0.1167 0.0684
vn -0.9708 -0.2393 -0.0165
vn -0.9774 -0.2061 -0.0473
vn -0.9176 -0.1588 0.3644
vn -0.9389 -0.1455 0.3120
vn -0.7996 -0.5502 0.2404
vn -0.8844 -0.1476 0.4428
vn -0.9295 -0.3621 0.0697
vn -0.9599 -0.2747 0.0560
vn -0.9938 -0.1061 0.0345
vn -0.9943 0.0007 0.1065
vn -0.9860 -0.0400 -0.1617
vn -0.9958 -0.0000 0.0914
vn -0.6426 -0.4868 0.5917
vn -0.2124 -0.1375 0.9675
vn 0.1624 -0.4379 -0.8842
vn 0.1387 -0.6086 -0.7813
vn -0.5264 -0.7235 0.4466
vn -0.9516 0.2714 -0.1441
vn -0.9775 0.1370 -0.1602
vn -0.9726 0.2326 0.0064
vn -0.9854 0.0114 -0.1699
vn -0.9935 0.1080 0.0350
vn -0.9908 0.1167 0.0684
vn -0.9985 -0.0000 0.0542
vn -0.9872 -0.1388 0.0787
vn -0.9389 0.1454 0.3120
vn -0.9295 0.3621 0.0697
vn -0.9708 0.2393 -0.0165
vn -0.9774 0.2061 -0.0473
vn -0.9176 0.1588 0.3644
vn -0.8844 0.1476 0.4428
vn -0.9122 0.3288 -0.2444
vn -0.9303 0.2699 -0.2486
vn -0.7907 0.0043 0.6122
vn -0.3407 -0.4487 0.8262
vn -0.9095 -0.0250 0.4150
vn -0.9681 0.2440 0.0569
vn -0.9872 0.1388 0.0787
vn -0.7996 0.5502 0.2405
vn -0.6493 0.4809 0.5893
vn -0.8896 0.3896 -0.2384
vn -0.5445 0.1476 -0.8257
vn -0.2676 0.4809 -0.8350
vn -0.6262 0.7614 -0.1678
vn -0.5555 0.7065 0.4386
vn -0.2129 0.1350 0.9677
vn 0.1387 0.6086 -0.7813
vn 0.1624 0.4379 -0.8842
vn -0.6044 0.6253 -0.4936
vn 0.0162 0.9933 0.1147
vn -0.7052 0.7082 0.0337
vn -0.4287 0.2637 0.8641
vn -0.1965 -0.2935 0.9355
vn -0.2245 -0.4869 0.8441
vn -0.2663 -0.4571 0.8486
vn -0.2212 -0.0000 0.9752
vn -0.2135 0.2366 0.9478
vn -0.1965 0.2935 0.9355
vn -0.2245 0.4869 0.8441
vn -0.3407 0.4487 0.8262
vn -0.2663 0.4571 0.8486
vn -0.7907 -0.0043 0.6122
vn -0.6621 -0.0000 0.7494
vn -0.9681 -0.2440 0.0569
vn -0.9095 0.0250 0.4150
vn -0.6044 -0.6253 -0.4936
vn -0.7052 -0.7082 0.0337
vn 0.0162 -0.9933 0.1147
vn -0.4287 -0.2637 0.8641
vn -0.2135 -0.2366 0.9478
vn -0.8156 0.1388 -0.5617
vn -0.8701 0.2061 -0.4477
vn -0.8099 0.2440 -0.5334
vn -0.3786 0.0042 -0.9255
vn -0.5801 -0.0250 -0.8142
vn 0.1180 -0.4487 -0.8859
vn 0.1937 -0.4571 -0.8680
vn 0.2961 -0.0001 -0.9551
vn 0.2276 -0.4869 -0.8433
vn 0.2976 -0.2935 -0.9084
vn 0.0607 0.2637 -0.9627
vn 0.2890 0.2367 -0.9276
vn 0.0713 0.9933 -0.0912
vn -0.5938 0.7082 -0.3818
vn -0.7702 0.6253 0.1253
vn -0.5723 0.5502 -0.6080
vn -0.6124 0.1588 -0.7744
vn -0.4925 0.8602 -0.1320
vn -0.2618 0.7065 -0.6575
vn 0.2995 0.1350 -0.9445
vn -0.3015 0.4379 0.8470
vn -0.2705 0.6086 0.7460
vn 0.6177 -0.7291 0.2948
vn 0.6555 -0.6953 0.2947
vn 0.6124 -0.7126 0.3422
vn 0.3404 -0.5322 0.7752
vn 0.4348 -0.2440 -0.8668
vn 0.1917 -0.5502 -0.8127
vn 0.7297 -0.6253 -0.2766
vn 0.0953 0.0250 -0.9951
vn 0.3234 -0.7082 -0.6276
vn 0.6512 -0.3896 -0.6512
vn 0.4433 -0.7790 -0.4433
vn -0.1911 -0.4868 -0.8524
vn 0.0587 -0.1476 -0.9873
vn 0.1432 -0.1588 -0.9769
vn 0.5297 -0.2061 -0.8228
vn 0.4255 -0.1388 -0.8943
vn -0.1348 -0.0043 -0.9909
vn -0.5452 0.4487 -0.7082
vn -0.3180 -0.0000 -0.9481
vn 0.4524 -0.0000 -0.8918
vn 0.4361 -0.1167 -0.8923
vn 0.4997 -0.2393 -0.8325
vn 0.1992 -0.1455 -0.9691
vn 0.4044 -0.3621 -0.8398
vn 0.6678 -0.3288 -0.6678
vn 0.6011 -0.2725 -0.7513
vn 0.6814 -0.2698 -0.6804
vn 0.4315 -0.2747 -0.8593
vn 0.9873 -0.1476 -0.0587
vn 0.8398 -0.3621 -0.4044
vn 0.7521 -0.2714 -0.6006
vn 0.4670 -0.1061 -0.8778
vn 0.4049 0.0007 -0.9143
vn 0.8455 -0.2326 -0.4807
vn 0.9691 -0.1454 -0.1992
vn 0.8325 -0.2393 -0.4997
vn 0.8923 -0.1167 -0.4361
vn 0.9143 -0.0007 -0.4049
vn 0.9081 -0.0000 -0.4188
vn 0.8779 -0.1080 -0.4665
vn 0.4044 0.3621 -0.8398
vn 0.6006 0.2714 -0.7521
vn 0.4807 0.2326 -0.8455
vn 0.6678 0.3288 -0.6678
vn 0.0587 0.1476 -0.9873
vn 0.6804 0.2698 -0.6814
vn 0.7513 0.2725 -0.6011
vn 0.8398 0.3621 -0.4044
vn 0.9873 0.1476 -0.0587
vn 0.9691 0.1455 -0.1992
vn 0.8127 0.5502 -0.1916
vn 0.9769 0.1588 -0.1432
vn 0.8325 0.2393 -0.4997
vn 0.8593 0.2747 -0.4315
vn 0.8943 0.1388 -0.4255
vn 0.8228 0.2061 -0.5297
vn 0.8668 0.2440 -0.4348
vn 0.8923 0.1167 -0.4361
vn 0.8778 0.1061 -0.4670
vn -0.5828 0.4379 -0.6845
vn -0.5108 0.6086 -0.6072
vn 0.2766 0.6253 -0.7297
vn 0.9951 -0.0250 -0.0953
vn 0.9909 0.0042 0.1348
vn 0.8918 -0.0000 -0.4524
vn 0.0433 0.9933 0.1074
vn 0.9481 -0.0000 0.3181
vn 0.6276 0.7082 -0.3234
vn 0.8033 0.2637 0.5339
vn 0.6588 0.2367 0.7141
vn 0.6379 -0.2935 0.7119
vn 0.7082 -0.4487 0.5452
vn 0.6549 -0.4571 0.6018
vn 0.6791 -0.0001 0.7340
vn 0.6165 -0.4869 0.6188
vn 0.9909 -0.0043 0.1348
vn 0.8943 -0.1388 -0.4255
vn 0.8228 -0.2061 -0.5297
vn 0.9769 -0.1588 -0.1432
vn 0.7082 0.4487 0.5452
vn 0.9951 0.0250 -0.0953
vn 0.8669 -0.2440 -0.4347
vn 0.8127 -0.5502 -0.1917
vn 0.8524 -0.4868 0.1911
vn 0.6276 -0.7082 -0.3234
vn 0.2766 -0.6253 -0.7297
vn 0.6072 -0.6086 0.5108
vn 0.6845 -0.4379 0.5828
vn -0.7317 -0.1375 -0.6677
vn -0.1236 -0.7235 -0.6792
vn 0.3355 -0.8803 -0.3355
vn 0.6792 -0.7235 0.1236
vn 0.6677 -0.1375 0.7317
vn -0.5108 -0.6086 -0.6072
vn -0.5828 -0.4379 -0.6845
vn 0.0433 -0.9933 0.1074
vn 0.8033 -0.2637 0.5339
vn 0.6379 0.2935 0.7119
vn 0.6165 0.4869 0.6188
vn 0.6549 0.4571 0.6018
vn 0.6588 -0.2367 0.7141
vn -0.1074 0.9933 -0.0433
vn 0.3234 0.7082 -0.6276
vn -0.5339 0.2637 -0.8033
vn -0.7141 0.2367 -0.6588
vn -0.7119 -0.2935 -0.6379
vn 0.0953 -0.0251 -0.9951
vn -0.5451 -0.4487 -0.7082
vn -0.1348 0.0043 -0.9909
vn -0.6018 -0.4571 -0.6549
vn -0.7340 -0.0000 -0.6792
vn -0.6188 -0.4868 -0.6165
vn 0.4188 -0.0000 -0.9081
vn 0.4361 0.1167 -0.8923
vn 0.4255 0.1388 -0.8943
vn 0.4347 0.2440 -0.8669
vn 0.7297 0.6253 -0.2766
vn 0.6072 0.6086 0.5108
vn -0.7316 0.1350 -0.6682
vn -0.1021 0.7065 -0.7003
vn -0.1857 0.4809 -0.8569
vn 0.1916 0.5502 -0.8127
vn 0.6845 0.4379 0.5828
vn 0.5297 0.2061 -0.8228
vn 0.4997 0.2393 -0.8325
vn 0.1992 0.1454 -0.9691
vn 0.1432 0.1588 -0.9769
vn 0.4665 0.1080 -0.8779
vn 0.6512 0.3896 -0.6512
vn 0.4584 0.7614 -0.4584
vn 0.3606 0.8602 -0.3606
vn 0.7003 0.7065 0.1021
vn 0.8569 0.4809 0.1857
vn 0.6682 0.1350 0.7316
vn 0.5547 -0.1167 0.8238
vn 0.5267 -0.1061 0.8434
vn 0.5284 -0.2746 0.8033
vn 0.4711 -0.2393 0.8490
vn 0.5894 0.0007 0.8079
vn 0.5770 -0.0000 0.8167
vn 0.5547 0.1167 0.8238
vn 0.5462 -0.0000 0.8377
vn 0.3530 -0.0400 0.9348
vn 0.3501 -0.2725 0.8962
vn 0.5251 -0.3621 0.7701
vn 0.7397 -0.1455 0.6571
vn 0.7744 -0.1588 0.6125
vn 0.8257 -0.1476 0.5445
vn 0.4477 -0.2061 0.8701
vn 0.5617 -0.1388 0.8156
vn 0.9255 -0.0043 0.3787
vn 0.9801 -0.0000 0.1986
vn 0.2444 -0.3288 0.9122
vn -0.0697 -0.3621 0.9295
vn -0.4428 -0.1476 0.8844
vn 0.2384 -0.3896 0.8896
vn 0.8337 -0.4868 0.2607
vn 0.6080 -0.5502 0.5723
vn 0.5333 -0.2440 0.8100
vn 0.8142 0.0250 0.5801
vn 0.8859 0.4487 -0.1180
vn -0.1253 -0.6253 0.7703
vn 0.3818 -0.7082 0.5939
vn 0.9627 -0.2637 -0.0607
vn 0.9084 0.2935 -0.2976
vn 0.8433 0.4869 -0.2276
vn 0.8681 0.4571 -0.1937
vn 0.9552 -0.0000 -0.2961
vn 0.9255 0.0043 0.3787
vn 0.0912 -0.9933 -0.0713
vn 0.9276 -0.2366 -0.2890
vn 0.8859 -0.4487 -0.1180
vn 0.8142 -0.0250 0.5801
vn 0.5333 0.2440 0.8100
vn 0.5617 0.1388 0.8156
vn 0.4477 0.2061 0.8701
vn 0.6081 0.5502 0.5723
vn 0.7744 0.1588 0.6124
vn 0.3818 0.7082 0.5938
vn -0.1253 0.6253 0.7703
vn 0.4711 0.2393 0.8490
vn 0.7397 0.1455 0.6571
vn 0.8257 0.1476 0.5445
vn 0.8350 0.4809 0.2676
vn 0.9445 0.1350 -0.2995
vn 0.5251 0.3621 0.7701
vn 0.4918 0.2326 0.8390
vn 0.5270 0.1080 0.8429
vn 0.3456 0.0114 0.9383
vn 0.5033 0.0459 0.8629
vn 0.4433 -0.1594 0.8821
vn 0.1678 0.7614 0.6262
vn 0.2384 0.3896 0.8896
vn 0.2444 0.3288 0.9122
vn 0.3511 0.2714 0.8962
vn 0.3500 0.1370 0.9267
vn 0.3786 0.1895 0.9060
vn 0.2244 0.2489 0.9422
vn 0.2108 0.1071 0.9717
vn 0.2499 0.2698 0.9299
vn 0.1449 0.2725 0.9512
vn 0.2588 -0.0000 0.9659
vn 0.0571 0.1594 0.9856
vn 0.1617 0.0400 0.9860
vn -0.0559 0.2746 0.9599
vn -0.0697 0.3621 0.9295
vn -0.4428 0.1476 0.8844
vn -0.5893 0.4809 0.6493
vn -0.2404 0.5502 0.7997
vn -0.0345 0.1061 0.9938
vn -0.0684 0.1167 0.9908
vn 0.0165 0.2393 0.9708
vn -0.3120 0.1455 0.9389
vn -0.3644 0.1588 0.9176
vn 0.0473 0.2061 0.9774
vn -0.0569 0.2440 0.9681
vn -0.0787 0.1388 0.9872
vn -0.0542 -0.0000 0.9985
vn -0.0914 -0.0000 0.9958
vn -0.1065 -0.0007 0.9943
vn -0.0684 -0.1167 0.9908
vn -0.0350 -0.1080 0.9935
vn -0.0064 -0.2326 0.9725
vn -0.0787 -0.1388 0.9872
vn 0.1699 -0.0114 0.9854
vn -0.6122 -0.0043 0.7907
vn -0.0569 -0.2440 0.9681
vn 0.0473 -0.2061 0.9774
vn 0.0165 -0.2393 0.9708
vn 0.1441 -0.2714 0.9516
vn 0.2486 -0.2698 0.9303
vn -0.8262 0.4487 0.3407
vn -0.4150 0.0250 0.9095
vn 0.4936 -0.6253 0.6044
vn -0.2404 -0.5502 0.7997
vn -0.3644 -0.1588 0.9176
vn -0.3120 -0.1455 0.9389
vn -0.0337 -0.7082 0.7052
vn 0.1623 -0.7790 0.6056
vn -0.5917 -0.4868 0.6426
vn -0.8641 -0.2637 0.4287
vn -0.9355 0.2935 0.1965
vn -0.1147 -0.9933 -0.0162
vn 0.7813 -0.6086 -0.1387
vn 0.8842 -0.4379 -0.1624
vn -0.9675 -0.1375 0.2124
vn -0.4466 -0.7235 0.5264
vn -0.9478 -0.2367 0.2135
vn 0.1228 -0.8803 0.4583
vn 0.6500 -0.7235 0.2326
vn 0.9440 -0.1375 -0.2998
vn -0.8470 -0.4379 0.3015
vn -0.7460 -0.6086 0.2705
vn -0.6091 0.6381 -0.4710
vn -0.6059 0.6794 -0.4139
vn -0.5396 0.6905 -0.4818
vn -0.5542 0.6324 -0.5412
vn 0.1389 -0.1905 -0.9718
vn 0.3166 -0.0394 -0.9477
vn -0.1800 0.2817 -0.9425
vn -0.4179 0.2365 -0.8772
vn -0.6112 0.5588 -0.5605
vn -0.6432 0.5917 -0.4859
vn -0.6432 0.6363 -0.4258
vn -0.6566 0.6638 -0.3581
vn -0.6270 0.7195 -0.2987
vn -0.6656 0.6087 -0.4319
vn -0.6712 0.6370 -0.3792
vn -0.7162 0.6372 -0.2847
vn -0.7146 0.5921 -0.3725
vn -0.7273 0.5386 -0.4254
vn -0.6930 0.5181 -0.5013
vn -0.6627 0.4792 -0.5754
vn -0.2172 0.2249 -0.9499
vn -0.7547 0.5879 -0.2912
vn -0.7721 0.6009 -0.2069
vn -0.8193 0.5297 -0.2195
vn -0.7752 0.5322 -0.3404
vn -0.8173 0.4656 -0.3395
vn -0.7830 0.4478 -0.4317
vn -0.7418 0.4227 -0.5206
vn -0.7073 0.3885 -0.5906
vn -0.2390 0.1786 -0.9545
vn -0.7891 0.2033 -0.5796
vn -0.2630 0.1249 -0.9567
vn -0.2704 0.0741 -0.9599
vn -0.7541 0.2975 -0.5855
vn -0.7876 0.3307 -0.5199
vn -0.8312 0.3388 -0.4407
vn -0.8670 0.3603 -0.3442
vn -0.8278 0.2347 -0.5096
vn -0.8682 0.2352 -0.4369
vn -0.9039 0.2494 -0.3475
vn -0.9144 0.3223 -0.2450
vn -0.8726 0.4287 -0.2338
vn -0.9230 0.3602 -0.1355
vn -0.8775 0.4656 -0.1146
vn -0.8415 0.5323 -0.0928
vn -0.7992 0.5879 -0.1252
vn -0.8051 0.5921 -0.0347
vn -0.7626 0.6372 -0.1114
vn -0.7708 0.6370 -0.0073
vn -0.7477 0.6638 -0.0181
vn -0.7700 0.6363 0.0472
vn -0.7505 0.6324 0.1916
vn -0.7630 0.6381 0.1034
vn -0.8000 0.5917 0.0993
vn -0.7924 0.6087 0.0413
vn -0.8425 0.5386 0.0047
vn -0.8940 0.4478 -0.0176
vn -0.8508 0.5181 0.0877
vn -0.8096 0.5588 0.1798
vn -0.8005 0.2365 0.5507
vn -0.7161 0.6381 0.2829
vn -0.8264 0.0887 0.5561
vn -0.6566 0.6507 0.3814
vn -0.9440 0.2116 -0.2530
vn -0.9246 0.1299 -0.3580
vn -0.9566 0.2494 -0.1510
vn -0.9402 0.3390 -0.0339
vn -0.9027 0.4227 0.0800
vn -0.8617 0.4792 0.1670
vn -0.9704 0.2352 -0.0557
vn -0.9981 0.0549 0.0270
vn -0.9916 0.1258 0.0307
vn -0.9920 0.1194 -0.0417
vn -0.9717 0.2347 0.0275
vn -0.9420 0.3307 0.0565
vn -0.9078 0.3885 0.1578
vn -0.6630 0.2249 0.7140
vn -0.6271 0.2817 0.7262
vn -0.1997 -0.0393 0.9791
vn -0.3656 -0.1905 0.9111
vn -0.7193 0.0759 0.6906
vn -0.7061 0.1249 0.6970
vn -0.9732 0.2033 0.1074
vn -0.9894 0.0904 0.1132
vn -0.9458 0.2975 0.1300
vn -0.6842 0.1786 0.7071
vn -0.1977 -0.0334 0.9797
vn -0.1910 -0.0196 0.9814
vn -0.1946 -0.0055 0.9809
vn -0.2021 -0.0094 0.9793
vn -0.7204 0.0206 0.6933
vn -0.9926 0.0434 0.1130
vn -0.1878 -0.0195 0.9820
vn -0.9813 0.0694 -0.1795
vn -0.9798 0.1299 -0.1523
vn -0.9606 0.1049 -0.2574
vn -0.9948 0.0688 -0.0748
vn -0.2717 0.0217 -0.9621
vn -0.8032 0.0434 -0.5942
vn -0.8003 0.0904 -0.5928
vn -0.8509 0.0550 -0.5224
vn -0.8434 0.1258 -0.5224
vn -0.8799 0.1194 -0.4598
vn -0.8990 0.0688 -0.4326
vn -0.9396 0.0694 -0.3352
vn -0.9636 0.0698 -0.2582
vn 0.3288 -0.0113 -0.9443
vn 0.3284 -0.0146 -0.9444
vn 0.3186 -0.0334 -0.9473
vn 0.3254 -0.0195 -0.9454
vn 0.3287 -0.0087 -0.9444
vn -0.2607 -0.4868 -0.8337
vn -0.6056 -0.7790 -0.1623
vn -0.8896 -0.3896 -0.2384
vn 0.0713 -0.9933 -0.0912
vn -0.2705 -0.6086 0.7460
vn -0.7702 -0.6253 0.1253
vn -0.5723 -0.5502 -0.6080
vn -0.3015 -0.4379 0.8470
vn 0.2998 -0.1375 -0.9440
vn -0.2326 -0.7235 -0.6500
vn -0.4583 -0.8803 -0.1228
vn -0.8099 -0.2440 -0.5334
vn -0.8156 -0.1388 -0.5617
vn -0.3787 -0.0043 -0.9255
vn -0.5801 0.0250 -0.8142
vn -0.5938 -0.7082 -0.3818
vn 0.0607 -0.2637 -0.9627
vn 0.2890 -0.2367 -0.9276
vn 0.2976 0.2935 -0.9084
vn 0.1180 0.4487 -0.8859
vn 0.1937 0.4571 -0.8681
vn 0.2276 0.4868 -0.8433
vn -0.1986 0.0001 -0.9801
vn -0.8377 -0.0000 -0.5462
vn -0.8238 0.1167 -0.5547
vn -0.8490 0.2393 -0.4711
vn -0.8033 0.2746 -0.5284
vn -0.8167 -0.0000 -0.5771
vn -0.6571 0.1454 -0.7397
vn -0.7701 0.3621 -0.5251
vn -0.8962 0.2725 -0.3501
vn -0.9348 0.0400 -0.3530
vn -0.9469 0.1070 -0.3033
vn -0.8434 0.1061 -0.5267
vn -0.8079 -0.0007 -0.5894
vn -0.8238 -0.1167 -0.5547
vn -0.8821 0.1594 -0.4433
vn -0.9281 0.2489 -0.2768
vn -0.9989 0.0459 0.0044
vn -0.9739 0.1895 -0.1251
vn -0.9659 -0.0000 -0.2588
vn -0.8629 -0.0459 -0.5033
vn -0.9383 -0.0114 -0.3456
vn -0.9856 -0.1594 -0.0571
vn -0.9422 -0.2489 -0.2244
vn -0.9060 -0.1895 -0.3786
vn -0.9267 -0.1370 -0.3500
vn -0.8391 -0.2326 -0.4918
vn -0.8429 -0.1080 -0.5271
vn -0.7701 -0.3621 -0.5251
vn -0.8962 -0.2714 -0.3511
vn -0.9716 -0.1070 -0.2108
vn -0.8490 -0.2393 -0.4711
vn -0.6571 -0.1455 -0.7397
vn -0.5445 -0.1476 -0.8257
vn -0.6125 -0.1588 -0.7744
vn -0.8701 -0.2061 -0.4477
vn -0.9122 -0.3288 -0.2444
vn -0.9299 -0.2698 -0.2499
vn -0.9512 -0.2725 -0.1449
vn -0.3422 0.7126 -0.6124
vn -0.3763 0.7478 -0.5470
vn -0.2972 0.7787 -0.5526
vn -0.4192 0.6867 -0.5938
vn -0.3779 0.6507 -0.6586
vn -0.3905 0.7991 -0.4571
vn -0.2417 0.8462 -0.4748
vn -0.4700 0.7094 -0.5253
vn -0.4787 0.6381 -0.6031
vn -0.4376 0.0887 -0.8948
vn -0.4011 0.0974 -0.9108
vn -0.5323 0.7385 -0.4139
vn -0.2801 -0.4694 -0.8374
vn -0.3048 -0.4704 -0.8282
vn -0.3242 -0.4746 -0.8183
vn 0.0162 0.9183 -0.3956
vn -0.0230 0.8472 -0.5308
vn -0.1244 0.8743 -0.4693
vn -0.1028 0.9033 -0.4166
vn -0.1956 0.9200 -0.3395
vn -0.3243 0.8715 -0.3679
vn -0.4534 0.8075 -0.3773
vn -0.5594 0.7800 -0.2805
vn -0.1850 0.7900 -0.5846
vn -0.4491 0.8517 -0.2701
vn -0.5324 0.8353 -0.1375
vn -0.4744 0.8700 -0.1343
vn -0.5464 0.8375 0.0057
vn -0.5437 0.8362 -0.0720
vn -0.3742 0.9019 -0.2155
vn -0.6235 0.7638 -0.1666
vn -0.6222 0.7822 -0.0328
vn -0.5838 0.8047 0.1078
vn -0.4719 0.8674 0.1577
vn -0.6690 0.7374 0.0934
vn -0.5670 0.7984 0.2026
vn -0.6922 0.7196 -0.0545
vn -0.6773 0.7130 -0.1815
vn -0.6846 0.6786 -0.2662
vn -0.7259 0.6786 -0.1119
vn -0.7317 0.6794 0.0555
vn -0.7082 0.6905 0.1475
vn -0.6696 0.7094 0.2199
vn -0.6600 0.6867 0.3047
vn -0.6025 0.7126 0.3593
vn -0.5830 0.6953 0.4203
vn -0.5641 0.7291 0.3875
vn -0.5223 0.7565 0.3936
vn -0.5336 0.7787 0.3301
vn -0.4486 0.8467 0.2863
vn -0.5994 0.7478 0.2855
vn -0.5858 0.6721 0.4529
vn -0.5291 0.7308 0.4312
vn -0.4917 0.7718 0.4031
vn -0.4527 0.7899 0.4136
vn -0.3451 0.8745 0.3409
vn -0.4158 0.8088 0.4159
vn -0.4140 0.7898 0.4526
vn -0.4431 0.7794 0.4431
vn -0.4035 0.7716 0.4917
vn -0.4613 0.7337 0.4989
vn -0.2953 0.8437 0.4483
vn -0.1995 0.9204 0.3363
vn -0.3098 0.9045 0.2930
vn -0.3524 0.9176 0.1838
vn -0.6218 -0.4763 0.6218
vn -0.6721 0.3105 0.6722
vn -0.7754 0.0970 0.6240
vn -0.6240 0.0970 0.7754
vn -0.4983 0.6718 0.5481
vn -0.4529 0.6721 0.5858
vn -0.4312 0.7309 0.5290
vn -0.3935 0.7562 0.5227
vn -0.3298 0.7784 0.5342
vn -0.3814 0.6507 0.6566
vn -0.5883 0.0974 0.8028
vn -0.2855 0.7478 0.5994
vn -0.3593 0.7126 0.6026
vn -0.3047 0.6867 0.6600
vn -0.4203 0.6953 0.5830
vn -0.3875 0.7291 0.5641
vn -0.2074 0.7942 0.5712
vn -0.2199 0.7094 0.6696
vn -0.2829 0.6381 0.7161
vn -0.5561 0.0887 0.8264
vn -0.5648 -0.4704 0.6780
vn -0.5466 -0.4746 0.6899
vn 0.0551 0.7192 0.6926
vn -0.0938 0.7368 0.6695
vn -0.0555 0.6794 0.7317
vn -0.1475 0.6905 0.7082
vn -0.1916 0.6324 0.7505
vn -0.5507 0.2365 0.8005
vn -0.5851 -0.4694 0.6613
vn -0.1033 0.6381 0.7630
vn -0.9111 -0.1905 0.3656
vn -0.1693 0.8672 0.4683
vn -0.1052 0.8052 0.5836
vn 0.0354 0.7816 0.6228
vn 0.1674 0.7628 0.6246
vn 0.1815 0.7130 0.6773
vn 0.2986 0.7192 0.6273
vn 0.2661 0.6786 0.6846
vn 0.2821 0.7827 0.5548
vn 0.4151 0.7391 0.5304
vn 0.3812 0.8094 0.4467
vn 0.0072 0.8608 0.5089
vn 0.1312 0.8593 0.4943
vn 0.2446 0.8557 0.4560
vn 0.3729 0.8714 0.3188
vn 0.4636 0.7955 0.3902
vn 0.5252 0.7094 0.4699
vn 0.4736 0.8475 0.2397
vn 0.3219 0.9274 0.1906
vn 0.1099 0.8905 0.4416
vn 0.1102 0.8661 0.4875
vn 0.1375 0.8318 0.5378
vn 0.4139 0.6794 0.6059
vn 0.4818 0.6905 0.5396
vn 0.5412 0.6324 0.5542
vn 0.6031 0.6381 0.4787
vn 0.8772 0.2365 0.4179
vn 0.5605 0.5588 0.6112
vn 0.9424 0.2817 0.1800
vn 0.5754 0.4792 0.6627
vn 0.9499 0.2249 0.2172
vn 0.8948 0.0887 0.4376
vn 0.8374 -0.4694 0.2802
vn 0.8281 -0.4704 0.3048
vn 0.9614 0.0212 0.2744
vn 0.9444 -0.0171 -0.3284
vn 0.9468 -0.0104 -0.3218
vn 0.9588 0.0750 0.2740
vn 0.9456 -0.0070 -0.3253
vn 0.9567 0.1249 0.2630
vn 0.9454 -0.0195 -0.3253
vn 0.9545 0.1786 0.2390
vn 0.9473 -0.0334 -0.3186
vn 0.9477 -0.0393 -0.3166
vn 0.9718 -0.1905 -0.1389
vn 0.5906 0.3885 0.7073
vn 0.5855 0.2975 0.7541
vn 0.5796 0.2033 0.7891
vn 0.5928 0.0904 0.8003
vn 0.5942 0.0434 0.8032
vn 0.5226 0.0549 0.8508
vn 0.5013 0.5181 0.6930
vn 0.5206 0.4227 0.7418
vn 0.5199 0.3307 0.7876
vn 0.5096 0.2347 0.8278
vn 0.5224 0.1258 0.8434
vn 0.4598 0.1194 0.8799
vn 0.4370 0.2352 0.8682
vn 0.4407 0.3390 0.8312
vn 0.4317 0.4478 0.7830
vn 0.4254 0.5386 0.7273
vn 0.3442 0.3603 0.8670
vn 0.3475 0.2494 0.9039
vn 0.3580 0.1299 0.9246
vn 0.4326 0.0688 0.8990
vn 0.2530 0.2116 0.9440
vn 0.2450 0.3223 0.9144
vn 0.1510 0.2494 0.9566
vn 0.0557 0.2352 0.9704
vn 0.0339 0.3388 0.9403
vn -0.0565 0.3307 0.9420
vn 0.1355 0.3603 0.9230
vn 0.2338 0.4287 0.8726
vn 0.3395 0.4656 0.8173
vn 0.1146 0.4656 0.8775
vn 0.0176 0.4478 0.8940
vn -0.0799 0.4227 0.9027
vn -0.1578 0.3885 0.9078
vn -0.1300 0.2975 0.9458
vn -0.7071 0.1786 0.6842
vn -0.6970 0.1249 0.7061
vn -0.1074 0.2033 0.9732
vn -0.0274 0.2347 0.9717
vn -0.0307 0.1258 0.9916
vn -0.1132 0.0904 0.9894
vn -0.6961 0.0741 0.7141
vn -0.6974 0.0217 0.7163
vn -0.1130 0.0434 0.9926
vn -0.0271 0.0549 0.9981
vn 0.0417 0.1194 0.9920
vn 0.0748 0.0688 0.9948
vn 0.1523 0.1299 0.9798
vn 0.2574 0.1049 0.9606
vn 0.3352 0.0694 0.9396
vn 0.1795 0.0694 0.9813
vn 0.2582 0.0698 0.9636
vn -0.1074 -0.9933 -0.0433
vn -0.7141 -0.2367 -0.6588
vn -0.5339 -0.2637 -0.8033
vn -0.7119 0.2935 -0.6379
vn -0.6018 0.4571 -0.6549
vn -0.6188 0.4869 -0.6165
vn -0.7181 0.6688 -0.1924
vn -0.7447 0.6368 -0.1996
vn 0.1602 -0.1371 0.9775
vn 0.3033 -0.1070 0.9469
vn 0.2768 -0.2489 0.9281
vn 0.1251 -0.1895 0.9739
vn -0.0044 -0.0459 0.9989
vn 0.9084 -0.2935 -0.2976
vn 0.9276 0.2366 -0.2890
vn 0.9627 0.2637 -0.0607
vn 0.0912 0.9933 -0.0713
vn -0.7460 0.6086 0.2705
vn -0.8470 0.4379 0.3015
vn 0.8433 -0.4869 -0.2276
vn 0.8681 -0.4571 -0.1937
vn -0.0877 0.5181 0.8508
vn -0.0992 0.5917 0.8000
vn -0.1798 0.5588 0.8096
vn -0.1670 0.4792 0.8617
vn -0.7262 0.2817 0.6271
vn -0.7140 0.2249 0.6630
vn -0.0047 0.5386 0.8425
vn -0.0412 0.6087 0.7923
vn -0.9791 -0.0394 0.1997
vn -0.9797 -0.0334 0.1977
vn -0.9814 -0.0196 0.1910
vn -0.9822 -0.0086 0.1875
vn -0.9822 -0.0113 0.1874
vn -0.9821 -0.0146 0.1878
vn 0.1119 0.6786 0.7259
vn 0.0181 0.6638 0.7477
vn -0.0472 0.6363 0.7700
vn 0.1924 0.6688 0.7181
vn 0.1996 0.6368 0.7447
vn 0.2848 0.6372 0.7162
vn 0.2069 0.6009 0.7721
vn 0.1115 0.6372 0.7626
vn 0.0072 0.6370 0.7709
vn 0.3725 0.5921 0.7146
vn 0.2912 0.5879 0.7547
vn 0.3404 0.5323 0.7751
vn 0.2195 0.5298 0.8192
vn 0.1252 0.5879 0.7992
vn 0.0346 0.5921 0.8052
vn 0.0928 0.5322 0.8415
vn 0.3792 0.6370 0.6712
vn 0.4319 0.6087 0.6656
vn 0.4859 0.5917 0.6432
vn 0.4258 0.6363 0.6432
vn 0.3581 0.6638 0.6566
vn 0.4710 0.6381 0.6091
vn -0.4150 -0.0250 0.9095
vn 0.4936 0.6253 0.6044
vn -0.0337 0.7082 0.7052
vn -0.6122 0.0042 0.7907
vn -0.8262 -0.4487 0.3407
vn -0.1147 0.9933 -0.0162
vn -0.8641 0.2637 0.4287
vn -0.9355 -0.2935 0.1965
vn -0.8441 -0.4869 0.2245
vn -0.8486 -0.4571 0.2663
vn -0.9752 -0.0001 0.2211
vn -0.7495 -0.0000 0.6620
vn -0.9478 0.2367 0.2135
vn -0.8486 0.4571 0.2663
vn -0.8441 0.4869 0.2245
vn -0.2426 0.7308 -0.6380
vn -0.2809 0.6721 -0.6851
vn -0.2947 0.6953 -0.6555
vn -0.2460 0.3105 -0.9182
vn -0.3595 0.0970 -0.9281
vn -0.2254 0.6718 -0.7056
vn -0.2014 0.7337 -0.6489
vn -0.2243 0.7718 -0.5950
vn -0.2556 0.7565 -0.6020
vn -0.2948 0.7291 -0.6177
vn -0.1755 0.7351 -0.6548
vn -0.1910 0.6750 -0.7127
vn -0.1575 0.6718 -0.7238
vn -0.1501 0.7337 -0.6627
vn -0.0993 0.6721 -0.7338
vn -0.1325 0.7898 -0.5989
vn -0.1621 0.7795 -0.6050
vn -0.1531 0.8085 -0.5682
vn 0.0662 0.6867 -0.7239
vn -0.0099 0.7126 -0.7015
vn 0.0524 0.7478 -0.6618
vn -0.0021 0.6507 -0.7593
vn -0.0725 0.6953 -0.7150
vn -0.1089 0.7308 -0.6738
vn -0.1032 0.7719 -0.6273
vn -0.0800 0.7567 -0.6489
vn -0.0536 0.7291 -0.6823
vn -0.0193 0.7786 -0.6272
vn 0.1116 0.8015 -0.5875
vn 0.1108 0.8694 -0.4816
vn 0.2033 0.8113 -0.5481
vn 0.2274 0.8764 -0.4244
vn 0.2740 0.9153 -0.2952
vn 0.3834 0.8550 -0.3492
vn 0.4485 0.8546 -0.2616
vn 0.3678 0.8558 -0.3636
vn 0.3405 0.7828 -0.5208
vn 0.2524 0.7421 -0.6209
vn 0.1444 0.7094 -0.6898
vn 0.1130 0.6381 -0.7616
vn 0.2093 0.6325 -0.7458
vn 0.2264 0.6905 -0.6870
vn -0.3153 0.2817 -0.9062
vn -0.7481 -0.0393 -0.6625
vn -0.6062 -0.1905 -0.7721
vn -0.0766 0.2365 -0.9686
vn 0.2491 0.5588 -0.7910
vn 0.3141 0.5917 -0.7424
vn 0.2920 0.6381 -0.7125
vn 0.3178 0.6795 -0.6613
vn 0.3936 0.7195 -0.5721
vn 0.4326 0.5921 -0.6799
vn 0.3917 0.6370 -0.6639
vn 0.4779 0.6372 -0.6047
vn 0.3605 0.6087 -0.7068
vn 0.4172 0.5386 -0.7320
vn 0.3495 0.5181 -0.7806
vn 0.2862 0.4792 -0.8297
vn -0.2868 0.2249 -0.9312
vn -0.2702 0.1786 -0.9461
vn 0.3172 0.3885 -0.8651
vn 0.3822 0.4227 -0.8218
vn 0.4622 0.4478 -0.7654
vn 0.5380 0.4656 -0.7026
vn 0.5011 0.5323 -0.6824
vn 0.5080 0.5879 -0.6295
vn 0.5997 0.5298 -0.5997
vn 0.5652 0.6009 -0.5652
vn 0.6295 0.5879 -0.5080
vn 0.6047 0.6372 -0.4779
vn 0.6799 0.5921 -0.4326
vn 0.6639 0.6370 -0.3917
vn 0.6385 0.6638 -0.3896
vn 0.5727 0.6786 -0.4598
vn 0.5723 0.7192 -0.3940
vn 0.4958 0.7130 -0.4958
vn 0.6824 0.5323 -0.5011
vn 0.5788 0.3603 -0.7316
vn 0.6388 0.4287 -0.6388
vn 0.7026 0.4656 -0.5380
vn 0.7320 0.5386 -0.4172
vn 0.7068 0.6087 -0.3605
vn 0.6904 0.6363 -0.3441
vn 0.4621 0.2347 -0.8552
vn 0.3936 0.2033 -0.8965
vn 0.3603 0.2975 -0.8841
vn 0.4221 0.3307 -0.8441
vn 0.5334 0.2352 -0.8125
vn 0.4995 0.3388 -0.7973
vn 0.6090 0.2494 -0.7529
vn 0.6694 0.3223 -0.6694
vn 0.7316 0.3603 -0.5788
vn -0.2421 0.0750 -0.9673
vn -0.2506 0.1249 -0.9600
vn -0.7496 -0.0334 -0.6611
vn -0.7545 -0.0195 -0.6561
vn -0.7545 -0.0071 -0.6562
vn -0.7520 -0.0104 -0.6591
vn -0.2430 0.0212 -0.9698
vn -0.7566 -0.0171 -0.6537
vn 0.3967 0.0904 -0.9135
vn 0.4692 0.1258 -0.8741
vn 0.5321 0.1194 -0.8382
vn 0.6218 0.1299 -0.7724
vn 0.6911 0.2116 -0.6911
vn 0.7529 0.2494 -0.6090
vn 0.7724 0.1299 -0.6218
vn 0.7032 0.1049 -0.7032
vn 0.6461 0.0694 -0.7601
vn 0.5622 0.0688 -0.8241
vn 0.4757 0.0550 -0.8779
vn 0.3985 0.0434 -0.9161
vn 0.8241 0.0688 -0.5622
vn 0.7601 0.0694 -0.6461
vn 0.7054 0.0698 -0.7054
vn 0.6625 -0.0393 0.7481
vn 0.6611 -0.0334 0.7496
vn 0.9312 0.2249 0.2868
vn 0.9461 0.1786 0.2703
vn 0.8651 0.3885 -0.3172
vn 0.8841 0.2975 -0.3603
vn 0.8441 0.3307 -0.4221
vn 0.8552 0.2347 -0.4621
vn 0.8125 0.2352 -0.5334
vn 0.8382 0.1194 -0.5321
vn 0.8779 0.0549 -0.4756
vn 0.8741 0.1258 -0.4692
vn 0.8965 0.2033 -0.3936
vn 0.9600 0.1249 0.2506
vn 0.6560 -0.0195 0.7545
vn 0.9665 0.0741 0.2458
vn 0.9135 0.0904 -0.3967
vn 0.9160 0.0434 -0.3988
vn 0.9691 0.0217 0.2458
vn 0.6534 -0.0113 0.7569
vn 0.6535 -0.0087 0.7569
vn 0.6537 -0.0146 0.7566
vn 0.3442 0.6363 -0.6904
vn 0.3896 0.6638 -0.6385
vn 0.5913 0.7991 -0.1086
vn 0.6239 0.7400 -0.2515
vn 0.5549 0.8085 -0.1959
vn 0.5228 0.7824 -0.3384
vn 0.4564 0.7636 -0.4568
vn 0.4598 0.6786 -0.5727
vn 0.4814 0.8706 -0.1015
vn 0.6489 0.7337 0.2014
vn 0.5847 0.7899 0.1851
vn 0.5951 0.7717 0.2242
vn 0.4609 0.8788 0.1238
vn 0.3979 0.9111 0.1076
vn 0.3820 0.9241 -0.0138
vn 0.5297 0.8478 0.0235
vn 0.6052 0.7794 0.1622
vn 0.5989 0.7899 0.1320
vn 0.5681 0.8088 0.1522
vn 0.6275 0.7717 0.1034
vn 0.6492 0.7564 0.0796
vn 0.6549 0.7350 0.1755
vn 0.6627 0.7337 0.1501
vn 0.6738 0.7308 0.1089
vn 0.7150 0.6953 0.0725
vn 0.7338 0.6721 0.0993
vn 0.7593 0.6507 0.0021
vn 0.7238 0.6718 0.1575
vn 0.7127 0.6749 0.1910
vn 0.9894 0.0974 0.1081
vn 0.9937 0.0887 0.0684
vn 0.9835 0.0971 0.1527
vn 0.9182 0.3105 0.2460
vn 0.7056 0.6718 0.2255
vn 0.8493 -0.4763 0.2276
vn 0.9281 0.0970 0.3595
vn 0.6851 0.6721 0.2809
vn 0.6380 0.7308 0.2426
vn 0.6021 0.7564 0.2556
vn 0.5527 0.7785 0.2973
vn 0.9108 0.0974 0.4011
vn 0.6586 0.6507 0.3779
vn 0.6555 0.6953 0.2947
vn 0.6177 0.7291 0.2948
vn 0.6124 0.7126 0.3422
vn 0.5470 0.7478 0.3763
vn 0.5938 0.6867 0.4192
vn 0.8183 -0.4746 0.3242
vn 0.9062 0.2817 0.3153
vn 0.8297 0.4792 -0.2862
vn 0.7910 0.5588 -0.2490
vn 0.9686 0.2365 0.0766
vn 0.7721 -0.1905 0.6062
vn 0.8652 -0.4694 0.1761
vn 0.8696 -0.4704 0.1501
vn 0.8708 -0.4746 0.1284
vn 0.7654 0.4478 -0.4622
vn 0.7806 0.5181 -0.3495
vn 0.7424 0.5917 -0.3141
vn 0.7458 0.6325 -0.2093
vn 0.7616 0.6381 -0.1130
vn 0.7125 0.6381 -0.2920
vn 0.6870 0.6905 -0.2264
vn 0.6614 0.6794 -0.3178
vn 0.6898 0.7094 -0.1444
vn 0.7239 0.6867 -0.0662
vn 0.7015 0.7126 0.0099
vn 0.6823 0.7291 0.0536
vn 0.6273 0.7786 0.0189
vn 0.6618 0.7478 -0.0524
vn -0.2946 0.8901 -0.3478
vn -0.7796 0.3020 -0.5487
vn -0.9138 0.4015 -0.0617
vn -0.8619 0.4980 -0.0961
vn -0.0210 0.9261 -0.3767
vn -0.8331 0.4603 -0.3067
vn -0.7663 0.6318 -0.1166
vn -0.6642 0.7278 -0.1708
vn -0.1383 0.9571 -0.2547
vn -0.1072 0.9157 -0.3872
vn -0.3492 0.3522 -0.8683
vn -0.4688 -0.3187 -0.8238
vn -0.9236 -0.1638 -0.3465
vn 0.0732 0.8921 -0.4458
vn -0.0068 0.9582 -0.2859
vn 0.6489 0.5940 -0.4755
vn -0.0630 0.9708 -0.2315
vn -0.1461 0.9827 -0.1140
vn -0.5147 0.6660 -0.5400
vn -0.0973 0.4229 -0.9009
vn 0.4874 0.7461 -0.4536
vn -0.2284 0.9674 -0.1092
vn -0.0391 0.9792 -0.1990
vn 0.0680 0.9830 -0.1708
vn 0.4982 0.7353 -0.4594
vn 0.4183 0.8418 0.3410
vn 0.3495 0.9322 0.0945
vn 0.1824 0.6665 -0.7229
vn -0.3511 0.4155 -0.8391
vn 0.5837 0.4758 -0.6580
vn 0.7147 0.5299 -0.4565
vn -0.1630 0.9268 -0.3382
vn -0.6536 0.7392 -0.1625
vn 0.1435 0.9673 -0.2092
vn 0.1024 0.9557 -0.2761
vn -0.1678 0.9858 0.0037
vn -0.1928 0.8411 0.5054
vn -0.6404 0.3743 -0.6706
vn -0.5722 0.6083 -0.5501
vn -0.4155 0.5579 -0.7184
vn 0.6552 0.3704 -0.6584
vn 0.7825 0.3480 -0.5164
vn 0.3645 0.2922 -0.8842
vn -0.1453 0.3512 -0.9250
vn 0.5828 -0.1730 -0.7940
vn 0.7235 -0.1784 -0.6668
vn 0.0590 -0.0200 -0.9981
vn -0.8768 0.1438 -0.4589
vn -0.5694 -0.0308 -0.8215
vn -0.0557 -0.1820 -0.9817
vn -0.0475 -0.2932 -0.9549
vn -0.0226 -0.3203 -0.9470
vn -0.2447 -0.3227 -0.9143
vn -0.2488 0.3319 -0.9099
vn -0.2516 -0.2362 -0.9386
vn -0.4492 -0.2921 -0.8443
vn -0.9738 -0.1754 -0.1447
vn -0.9830 -0.0790 0.1655
vn -0.9315 0.3237 -0.1662
vn 0.0013 0.5477 -0.8367
vn 0.4276 0.8649 0.2627
vn 0.8787 0.4140 0.2375
vn 0.2162 0.3756 -0.9012
vn 0.1928 0.5860 -0.7871
vn 0.4879 0.1284 -0.8634
vn -0.1205 0.0175 -0.9926
vn -0.7857 0.0084 -0.6185
vn -0.6887 -0.2211 -0.6905
vn -0.9427 -0.2335 -0.2384
vn -0.5163 0.0041 -0.8564
vn -0.4426 -0.1832 -0.8778
vn 0.0540 -0.0450 -0.9975
vn -0.6327 0.6022 -0.4868
vn -0.5242 0.5347 -0.6627
vn -0.4213 0.4892 -0.7636
vn 0.9571 0.2570 -0.1340
vn -0.3525 0.9051 -0.2379
vn -0.8805 0.4336 -0.1917
vn -0.9930 -0.0076 -0.1177
vn -0.9869 -0.0846 0.1371
vn -0.8628 0.5007 -0.0690
vn -0.8550 0.4924 -0.1632
vn 0.0064 0.9999 0.0090
vn -0.8492 0.4881 -0.2014
vn -0.8372 0.4893 -0.2442
vn -0.9674 -0.1036 -0.2312
vn -0.9896 -0.1055 -0.0980
vn -0.9296 -0.1017 -0.3542
vn -0.8216 -0.0663 -0.5661
vn -0.7982 0.5010 -0.3346
vn -0.9940 0.0087 0.1092
vn -0.9173 0.0035 -0.3981
vn -0.9299 -0.2283 -0.2883
vn -0.8544 0.4351 -0.2841
vn -0.4298 0.9027 0.0192
vn -0.4397 0.8971 -0.0437
vn 0.8979 0.4397 0.0197
vn 0.5357 0.8409 -0.0770
vn 0.8728 0.4141 0.2584
vn -0.2526 0.9674 -0.0202
vn 0.1764 0.7417 0.6472
vn -0.2217 0.3763 0.8996
vn 0.7379 0.2636 0.6213
vn -0.8538 0.0186 0.5202
vn -0.7052 0.5062 0.4963
vn -0.7767 0.5423 0.3204
vn -0.7945 0.6026 0.0753
vn -0.6305 0.0148 0.7761
vn -0.8915 0.3686 -0.2635
vn -0.4351 0.5508 0.7123
vn -0.0151 0.1344 0.9908
vn -0.2107 0.5910 0.7787
vn -0.4073 -0.0166 0.9131
vn -0.7917 -0.1573 0.5903
vn -0.9471 -0.2166 0.2368
vn -0.7653 0.5159 -0.3849
vn -0.2200 0.9249 0.3101
vn -0.5552 0.4169 0.7197
vn -0.7187 0.6650 0.2029
vn -0.8652 0.4705 -0.1732
vn -0.6498 0.7323 -0.2039
vn -0.7458 0.5886 -0.3122
vn -0.2475 0.9575 0.1482
vn -0.1811 0.9833 0.0202
vn -0.1513 0.9797 0.1314
vn -0.2903 0.9557 0.0490
vn -0.1674 0.9716 0.1674
vn -0.2900 0.9121 0.2897
vn -0.4272 0.8889 0.1655
vn -0.8335 0.3537 -0.4245
vn -0.3537 0.9314 -0.0857
vn -0.3157 0.9343 0.1655
vn -0.0577 0.9537 0.2951
vn -0.5895 0.3503 0.7279
vn -0.6689 0.3291 0.6666
vn -0.6759 -0.3212 0.6633
vn -0.7367 0.3484 0.5795
vn -0.9474 0.3012 0.1081
vn -0.9769 -0.1629 -0.1384
vn -0.9262 -0.1748 -0.3340
vn -0.7945 -0.0722 -0.6029
vn -0.8107 -0.2924 0.5073
vn -0.6958 -0.2344 0.6790
vn -0.5308 -0.2901 0.7963
vn -0.8162 -0.3200 0.4811
vn -0.3080 0.9267 0.2152
vn -0.7366 0.5671 0.3685
vn -0.7791 0.6067 0.1580
vn -0.9856 0.1546 -0.0681
vn -0.8392 0.0433 0.5422
vn 0.2589 0.3707 0.8919
vn 0.3284 -0.1862 0.9260
vn 0.6088 -0.0889 0.7883
vn 0.1262 -0.1728 0.9768
vn -0.5045 -0.3145 0.8041
vn -0.6390 0.7461 -0.1872
vn -0.2013 0.6651 0.7191
vn -0.7196 0.4176 0.5548
vn 0.1703 0.4683 0.8670
vn 0.3822 0.5088 0.7714
vn 0.4307 0.3385 0.8366
vn -0.1182 0.2973 0.9474
vn 0.2032 0.7310 0.6514
vn -0.1644 0.8880 0.4294
vn 0.3100 0.5829 0.7511
vn -0.1484 0.9574 0.2478
vn -0.0183 0.9832 0.1814
vn 0.0207 0.9676 0.2518
vn 0.0482 0.9810 0.1878
vn 0.1028 0.9314 0.3492
vn 0.2390 0.9054 0.3509
vn -0.2623 0.8655 -0.4266
vn 0.2004 0.4898 0.8485
vn -0.0053 1.0000 -0.0055
vn -0.0960 0.9322 -0.3491
vn -0.0199 0.4392 -0.8982
vn 0.0766 0.8405 -0.5363
vn -0.2416 0.4081 -0.8804
vn -0.9030 0.3778 0.2049
vn 0.2155 0.4867 0.8466
vn -0.0721 -0.0809 0.9941
vn 0.1143 0.4984 0.8594
vn 0.1517 -0.1064 0.9827
vn 0.2471 -0.1039 0.9634
vn 0.2363 0.4883 0.8401
vn 0.0436 0.8965 0.4409
vn -0.0215 0.9023 0.4305
vn 0.3201 0.4998 0.8048
vn 0.2705 0.4363 0.8582
vn 0.5469 -0.0631 0.8348
vn 0.3419 -0.1017 0.9342
vn -0.0994 0.0070 0.9950
vn 0.3826 0.0085 0.9239
vn 0.2755 -0.2249 0.9346
vn -0.2120 -0.2204 0.9521
vn -0.4945 0.0146 0.8690
vn -0.5706 -0.1731 0.8028
vn -0.9304 -0.0178 0.3660
vn -0.3049 0.5399 0.7845
vn -0.4858 0.5049 0.7135
vn -0.0728 0.6008 0.7961
vn -0.5915 0.2499 -0.7666
vn 0.3013 0.9343 0.1906
vn -0.0009 0.9473 0.3204
vn -0.1363 0.9874 0.0803
vn -0.2769 0.9473 -0.1610
vn -0.2265 0.9538 -0.1974
vn -0.1867 0.9810 -0.0522
vn -0.1335 0.9879 -0.0790
vn -0.0000 1.0000 -0.0000
vn -0.0014 0.9874 -0.1581
vn 0.0142 0.9343 -0.3562
vn 0.1352 0.9879 -0.0761
vn 0.2779 0.9473 -0.1593
vn 0.1376 0.9874 0.0778
vn -0.0018 0.9879 0.1551
vn 0.2510 0.9314 -0.2636
vn 0.2847 0.9536 -0.0973
vn 0.1389 0.9809 -0.1361
vn 0.1875 0.9558 0.2267
vn 0.1925 0.9791 0.0662
vn 0.2096 0.9672 -0.1434
vn -0.2508 0.9329 0.2585
vn 0.1592 0.7392 0.6544
vn -0.5026 0.8418 0.1968
vn -0.2349 0.8655 0.4424
vn 0.9080 -0.0797 -0.4114
vn 0.7934 -0.0071 -0.6087
vn 0.6681 0.4289 -0.6080
vn 0.7000 0.5012 -0.5087
vn 0.6442 0.4914 -0.5861
vn 0.0002 0.9999 0.0109
vn -0.4371 0.8665 0.2411
vn -0.0021 0.9852 0.1713
vn 0.3873 0.0048 -0.9220
vn 0.6232 0.4881 -0.6110
vn 0.7065 -0.1025 -0.7003
vn 0.7864 -0.1034 -0.6089
vn 0.6901 -0.2314 -0.6857
vn 0.6221 -0.0066 -0.7829
vn 0.9270 0.0065 -0.3751
vn 0.4348 -0.0778 -0.8972
vn 0.6183 0.4284 -0.6589
vn 0.5250 0.5000 -0.6888
vn 0.5971 0.4905 -0.6347
vn 0.6197 -0.1029 -0.7780
vn 0.7338 0.6008 -0.3173
vn 0.8337 0.5410 -0.1110
vn 0.9997 0.0136 0.0204
vn 0.7121 0.5869 0.3852
vn 0.6405 0.3746 0.6704
vn 0.9440 -0.2187 -0.2472
vn 0.9794 -0.1690 0.1103
vn 0.7929 -0.0181 0.6091
vn 0.5349 0.6069 0.5879
vn 0.4446 0.1465 0.8836
vn 0.3399 0.9257 0.1659
vn 0.7097 0.5590 0.4288
vn 0.9991 -0.0160 -0.0383
vn 0.6619 0.3710 -0.6513
vn 0.6703 -0.1811 -0.7196
vn 0.7992 -0.1726 -0.5757
vn 0.6600 0.4752 -0.5819
vn 0.4603 0.5286 -0.7132
vn 0.5192 0.3468 -0.7811
vn 0.8869 0.2928 -0.3575
vn 0.9473 -0.3183 0.0355
vn 0.9241 0.3513 0.1502
vn 0.4491 0.8903 -0.0751
vn 0.3902 0.9149 0.1031
vn 0.2899 0.9570 0.0065
vn 0.4621 0.7340 -0.4977
vn 0.4793 0.5923 -0.6477
vn 0.7222 0.6672 -0.1825
vn 0.1724 0.9826 -0.0691
vn 0.2346 0.9701 0.0618
vn 0.8362 0.4175 0.3556
vn 0.1100 0.9672 0.2288
vn 0.1168 0.9827 0.1439
vn 0.2570 0.9569 0.1350
vn 0.3775 0.9259 0.0171
vn 0.0754 0.5111 0.8562
vn 0.3052 0.4609 0.8333
vn 0.1224 0.5777 0.8070
vn 0.1711 0.7291 0.6627
vn 0.5406 0.6661 0.5139
vn 0.3504 0.8908 0.2892
vn 0.0397 0.3420 0.9389
vn 0.2074 0.3751 0.9035
vn 0.8352 0.5498 -0.0093
vn 0.7794 0.5870 -0.2189
vn 0.8893 0.3748 -0.2620
vn 0.4538 0.7458 -0.4877
vn 0.9014 0.4217 0.0980
vn 0.3450 -0.1636 0.9242
vn 0.5501 0.3032 0.7781
vn 0.1432 -0.1754 0.9740
vn -0.1666 -0.0791 0.9828
vn 0.9930 0.0177 0.1165
vn 0.8570 0.1294 -0.4987
vn 0.9941 -0.0298 -0.1047
vn 0.9044 -0.1678 0.3924
vn 0.8420 -0.2910 0.4543
vn 0.9123 -0.3208 0.2545
vn 0.9362 -0.2349 0.2613
vn 0.9545 -0.2921 0.0602
vn 0.8218 -0.3174 0.4732
vn 0.8680 0.3524 0.3498
vn 0.9089 0.3324 0.2518
vn 0.1393 0.9515 -0.2742
vn -0.3431 0.5883 -0.7323
vn 0.1399 0.5357 -0.8328
vn 0.0265 0.0045 -0.9996
vn 0.3274 0.5991 -0.7307
vn 0.2664 -0.2209 -0.9382
vn 0.6934 -0.2303 -0.6828
vn -0.8372 -0.4893 -0.2442
vn -0.9296 0.1017 -0.3542
vn -0.9673 0.1036 -0.2315
vn -0.8216 0.0663 -0.5661
vn -0.7982 -0.5010 -0.3346
vn -0.9940 -0.0087 0.1092
vn -0.9471 0.2166 0.2368
vn -0.9299 0.2283 -0.2883
vn -0.9173 -0.0035 -0.3981
vn -0.8544 -0.4351 -0.2841
vn -0.4298 -0.9027 0.0193
vn -0.4397 -0.8971 -0.0437
vn 0.8728 -0.4141 0.2584
vn 0.8979 -0.4397 0.0197
vn 0.5357 -0.8409 -0.0770
vn 0.3495 -0.9322 0.0945
vn 0.0064 -0.9999 0.0090
vn 0.4276 -0.8649 0.2627
vn 0.4183 -0.8418 0.3410
vn -0.2284 -0.9674 -0.1092
vn -0.1867 -0.9810 -0.0522
vn -0.8619 -0.4980 -0.0961
vn -0.9138 -0.4015 -0.0617
vn -0.2946 -0.8901 -0.3478
vn -0.1383 -0.9571 -0.2547
vn -0.6642 -0.7278 -0.1708
vn -0.1461 -0.9827 -0.1140
vn -0.5147 -0.6660 -0.5400
vn 0.4874 -0.7461 -0.4536
vn 0.8787 -0.4140 0.2375
vn -0.3525 -0.9051 -0.2379
vn -0.8549 -0.4924 -0.1632
vn -0.8492 -0.4881 -0.2014
vn -0.8628 -0.5007 -0.0691
vn -0.9896 0.1055 -0.0979
vn -0.9869 0.0846 0.1371
vn -0.8805 -0.4336 -0.1917
vn -0.9427 0.2335 -0.2384
vn -0.9930 0.0076 -0.1177
vn -0.7857 -0.0084 -0.6185
vn -0.6327 -0.6022 -0.4868
vn -0.6887 0.2211 -0.6905
vn -0.5242 -0.5347 -0.6627
vn -0.5163 -0.0041 -0.8564
vn -0.4426 0.1832 -0.8778
vn 0.2162 -0.3756 -0.9012
vn 0.0540 0.0450 -0.9975
vn 0.1928 -0.5860 -0.7871
vn 0.4879 -0.1284 -0.8634
vn -0.0210 -0.9261 -0.3766
vn 0.9571 -0.2570 -0.1340
vn -0.4213 -0.4892 -0.7636
vn 0.0013 -0.5476 -0.8367
vn -0.9315 -0.3237 -0.1662
vn -0.7663 -0.6318 -0.1166
vn -0.0973 -0.4229 -0.9009
vn -0.8331 -0.4603 -0.3067
vn -0.9236 0.1638 -0.3465
vn -0.7796 -0.3020 -0.5487
vn -0.4688 0.3187 -0.8238
vn -0.3492 -0.3522 -0.8683
vn -0.1205 -0.0175 -0.9926
vn -0.9830 0.0790 0.1655
vn -0.9738 0.1754 -0.1447
vn -0.4493 0.2921 -0.8443
vn -0.2447 0.3227 -0.9143
vn -0.2488 -0.3319 -0.9099
vn -0.0475 0.2932 -0.9549
vn -0.0226 0.3201 -0.9471
vn -0.2513 0.2362 -0.9386
vn -0.1453 -0.3512 -0.9250
vn 0.3645 -0.2922 -0.8842
vn 0.5828 0.1730 -0.7940
vn 0.7238 0.1809 -0.6659
vn -0.1072 -0.9158 -0.3872
vn 0.0732 -0.8921 -0.4458
vn 0.7825 -0.3480 -0.5164
vn 0.6552 -0.3704 -0.6584
vn 0.0590 0.0200 -0.9981
vn -0.4155 -0.5578 -0.7184
vn -0.0391 -0.9792 -0.1990
vn 0.0680 -0.9830 -0.1708
vn 0.1435 -0.9673 -0.2092
vn -0.0630 -0.9708 -0.2315
vn -0.0068 -0.9582 -0.2859
vn 0.6489 -0.5940 -0.4755
vn 0.7147 -0.5299 -0.4565
vn -0.1630 -0.9268 -0.3382
vn 0.5837 -0.4758 -0.6580
vn -0.3511 -0.4155 -0.8391
vn -0.5722 -0.6083 -0.5501
vn -0.6404 -0.3743 -0.6707
vn -0.6536 -0.7392 -0.1625
vn 0.1824 -0.6665 -0.7229
vn 0.4982 -0.7353 -0.4594
vn 0.2096 -0.9672 -0.1434
vn 0.1386 -0.9809 -0.1364
vn -0.2508 -0.9329 0.2585
vn -0.1928 -0.8411 0.5054
vn -0.1678 -0.9858 0.0037
vn -0.3431 -0.5883 -0.7323
vn 0.0265 -0.0045 -0.9996
vn 0.1399 -0.5357 -0.8328
vn 0.3873 -0.0048 -0.9220
vn -0.2349 -0.8655 0.4424
vn 0.3274 -0.5991 -0.7307
vn 0.6681 -0.4289 -0.6080
vn 0.7934 0.0071 -0.6087
vn 0.6933 0.2303 -0.6828
vn 0.9080 0.0797 -0.4114
vn 0.7000 -0.5012 -0.5087
vn 0.6442 -0.4914 -0.5861
vn 0.0002 -0.9999 0.0108
vn -0.4371 -0.8665 0.2411
vn -0.5026 -0.8418 0.1968
vn 0.1592 -0.7392 0.6544
vn 0.4348 0.0778 -0.8972
vn 0.6221 0.0066 -0.7829
vn 0.6183 -0.4284 -0.6589
vn 0.5250 -0.5000 -0.6888
vn -0.0020 -0.9852 0.1713
vn 0.5971 -0.4905 -0.6347
vn 0.6232 -0.4881 -0.6110
vn 0.7062 0.1025 -0.7005
vn 0.7864 0.1034 -0.6089
vn 0.6198 0.1029 -0.7780
vn 0.7338 -0.6008 -0.3173
vn 0.8337 -0.5410 -0.1110
vn 0.7121 -0.5869 0.3852
vn 0.6405 -0.3746 0.6704
vn 0.9997 -0.0136 0.0204
vn 0.9794 0.1690 0.1103
vn 0.9440 0.2187 -0.2472
vn 0.9270 -0.0065 -0.3751
vn 0.6901 0.2314 -0.6857
vn 0.7929 0.0181 0.6091
vn 0.5349 -0.6069 0.5878
vn 0.4446 -0.1465 0.8836
vn 0.3399 -0.9257 0.1659
vn 0.7097 -0.5590 0.4288
vn 0.9991 0.0160 -0.0383
vn 0.6619 -0.3711 -0.6513
vn 0.6710 0.1794 -0.7195
vn 0.4603 -0.5286 -0.7132
vn 0.5192 -0.3468 -0.7811
vn 0.7992 0.1727 -0.5757
vn 0.8869 -0.2928 -0.3575
vn 0.9473 0.3183 0.0355
vn 0.9241 -0.3513 0.1502
vn 0.4491 -0.8903 -0.0752
vn 0.4793 -0.5923 -0.6477
vn 0.6600 -0.4752 -0.5819
vn 0.8362 -0.4175 0.3556
vn 0.7222 -0.6672 -0.1825
vn 0.4621 -0.7340 -0.4977
vn 0.2899 -0.9570 0.0066
vn 0.3902 -0.9149 0.1031
vn 0.0397 -0.3420 0.9389
vn 0.2074 -0.3751 0.9035
vn 0.0754 -0.5111 0.8562
vn 0.1224 -0.5777 0.8070
vn 0.3504 -0.8908 0.2892
vn 0.2570 -0.9569 0.1350
vn 0.2346 -0.9701 0.0618
vn 0.1724 -0.9826 -0.0691
vn 0.1925 -0.9791 0.0662
vn 0.1168 -0.9827 0.1439
vn 0.1711 -0.7291 0.6627
vn 0.3052 -0.4609 0.8333
vn 0.4538 -0.7458 -0.4877
vn 0.5406 -0.6661 0.5138
vn 0.9014 -0.4217 0.0980
vn 0.3775 -0.9259 0.0171
vn 0.1100 -0.9672 0.2288
vn 0.1875 -0.9558 0.2267
vn -0.3408 -0.8422 -0.4179
vn 0.8352 -0.5498 -0.0093
vn 0.7794 -0.5870 -0.2189
vn 0.8893 -0.3748 -0.2620
vn -0.2387 -0.4112 -0.8797
vn -0.2623 -0.8655 -0.4266
vn 0.5501 -0.3032 0.7781
vn 0.3450 0.1636 0.9242
vn 0.1432 0.1754 0.9740
vn -0.1666 0.0791 0.9828
vn 0.9930 -0.0177 0.1165
vn 0.8570 -0.1294 -0.4987
vn 0.9941 0.0298 -0.1047
vn 0.8420 0.2910 0.4543
vn 0.9545 0.2921 0.0602
vn 0.9362 0.2349 0.2613
vn 0.9123 0.3208 0.2545
vn 0.8219 0.3171 0.4732
vn 0.8680 -0.3524 0.3498
vn 0.9089 -0.3324 0.2518
vn 0.5469 0.0631 0.8348
vn 0.3201 -0.4998 0.8048
vn 0.2363 -0.4884 0.8400
vn 0.3419 0.1017 0.9342
vn 0.2468 0.1040 0.9635
vn -0.0721 0.0809 0.9941
vn 0.1517 0.1064 0.9827
vn 0.2004 -0.4898 0.8485
vn 0.2155 -0.4867 0.8466
vn -0.0053 -1.0000 -0.0055
vn 0.0436 -0.8965 0.4409
vn -0.0215 -0.9023 0.4305
vn 0.2705 -0.4363 0.8582
vn 0.1144 -0.4984 0.8594
vn 0.2390 -0.9054 0.3509
vn -0.0960 -0.9322 -0.3491
vn -0.0199 -0.4392 -0.8982
vn 0.0766 -0.8405 -0.5363
vn -0.2416 -0.4081 -0.8804
vn -0.6390 -0.7461 -0.1872
vn -0.9030 -0.3778 0.2049
vn -0.3080 -0.9267 0.2152
vn -0.7196 -0.4176 0.5548
vn 0.0207 -0.9676 0.2518
vn -0.2013 -0.6651 0.7191
vn 0.1703 -0.4683 0.8670
vn 0.3822 -0.5088 0.7714
vn 0.2589 -0.3707 0.8919
vn 0.4307 -0.3385 0.8366
vn 0.1262 0.1728 0.9768
vn -0.7366 -0.5671 0.3685
vn 0.3100 -0.5829 0.7511
vn 0.2032 -0.7310 0.6514
vn -0.0183 -0.9832 0.1814
vn -0.1484 -0.9574 0.2478
vn -0.1644 -0.8880 0.4294
vn -0.1182 -0.2974 0.9474
vn -0.5045 0.3145 0.8041
vn -0.5895 -0.3503 0.7279
vn -0.2900 -0.9121 0.2897
vn -0.1674 -0.9716 0.1674
vn -0.1513 -0.9797 0.1314
vn -0.2903 -0.9557 0.0490
vn -0.3157 -0.9343 0.1656
vn -0.2526 -0.9674 -0.0202
vn -0.1811 -0.9833 0.0202
vn -0.2475 -0.9575 0.1482
vn -0.4272 -0.8889 0.1655
vn 0.1764 -0.7416 0.6472
vn -0.2217 -0.3763 0.8996
vn -0.7187 -0.6650 0.2029
vn -0.6498 -0.7323 -0.2039
vn -0.7458 -0.5886 -0.3122
vn -0.8335 -0.3537 -0.4245
vn -0.8652 -0.4705 -0.1732
vn -0.7653 -0.5159 -0.3849
vn -0.2200 -0.9249 0.3101
vn -0.5552 -0.4169 0.7197
vn -0.8915 -0.3686 -0.2635
vn -0.4351 -0.5508 0.7123
vn -0.2108 -0.5910 0.7786
vn -0.9262 0.1748 -0.3340
vn -0.7945 0.0722 -0.6029
vn -0.6304 -0.0149 0.7761
vn -0.0151 -0.1344 0.9908
vn -0.4073 0.0166 0.9131
vn -0.7917 0.1573 0.5903
vn -0.8538 -0.0186 0.5202
vn 0.7379 -0.2636 0.6213
vn -0.7052 -0.5062 0.4963
vn -0.7767 -0.5423 0.3204
vn -0.7945 -0.6026 0.0753
vn -0.1081 0.0974 -0.9894
vn -0.1501 -0.4704 -0.8696
vn -0.1284 -0.4746 -0.8708
vn -0.0684 0.0887 -0.9937
vn -0.1761 -0.4694 -0.8653
vn -0.1527 0.0971 -0.9835
vn -0.2276 -0.4763 -0.8493
vn 0.6244 -0.0109 0.7810
vn 0.4888 -0.6055 0.6281
vn 0.6751 -0.5416 0.5009
vn 0.8799 -0.0137 0.4749
vn 0.7823 -0.5000 0.3715
vn 0.1286 -0.2464 -0.9606
vn 0.2121 -0.4329 0.8761
vn 0.1468 0.0042 0.9892
vn 0.9044 0.1678 0.3924
vn 0.7021 0.2180 0.6779
vn 0.2541 0.2319 0.9389
vn 0.0142 -0.9343 -0.3562
vn 0.1024 -0.9557 -0.2761
vn 0.2511 -0.9314 -0.2636
vn -0.2265 -0.9538 -0.1974
vn -0.3537 -0.9314 -0.0857
vn -0.2769 -0.9473 -0.1610
vn -0.0014 -0.9874 -0.1581
vn 0.2779 -0.9473 -0.1593
vn 0.2847 -0.9536 -0.0973
vn -0.1334 -0.9879 -0.0790
vn 0.3013 -0.9343 0.1906
vn -0.1363 -0.9874 0.0803
vn -0.0000 -1.0000 -0.0000
vn -0.0577 -0.9537 0.2951
vn -0.0009 -0.9473 0.3204
vn -0.0017 -0.9879 0.1551
vn 0.1376 -0.9874 0.0778
vn 0.1352 -0.9879 -0.0761
vn 0.1029 -0.9314 0.3492
vn 0.0482 -0.9810 0.1878
vn 0.2121 0.4329 0.8761
vn 0.1468 -0.0042 0.9892
vn 0.6244 0.0109 0.7810
vn 0.8799 0.0137 0.4749
vn 0.7021 -0.2180 0.6779
vn 0.2541 -0.2319 0.9389
vn 0.6751 0.5416 0.5009
vn 0.4888 0.6055 0.6281
vn 0.7823 0.5000 0.3715
vn -0.2387 0.4112 -0.8797
vn 0.1286 0.2464 -0.9606
vn -0.3408 0.8422 -0.4179
vn 0.3827 -0.0085 0.9238
vn -0.0994 -0.0070 0.9950
vn 0.2755 0.2249 0.9346
vn -0.2120 0.2204 0.9521
vn -0.4945 -0.0146 0.8690
vn -0.5706 0.1731 0.8028
vn -0.9304 0.0178 0.3660
vn -0.7791 -0.6067 0.1580
vn -0.9856 -0.1546 -0.0681
vn -0.3049 -0.5399 0.7845
vn -0.0728 -0.6007 0.7961
vn -0.4858 -0.5049 0.7135
vn -0.5915 -0.2499 -0.7666
vn -0.8391 -0.0431 0.5423
vn 0.6088 0.0889 0.7883
vn 0.3284 0.1862 0.9260
vn -0.5308 0.2901 0.7963
vn -0.6760 0.3211 0.6633
vn -0.8107 0.2924 0.5073
vn -0.8162 0.3199 0.4811
vn -0.6958 0.2344 0.6790
vn -0.7367 -0.3484 0.5795
vn -0.6689 -0.3291 0.6666
vn -0.9474 -0.3012 0.1081
vn -0.9769 0.1629 -0.1384
vn -0.4094 0.1608 -0.8981
vn -0.2482 0.1832 -0.9512
vn -0.2605 0.0913 -0.9612
vn -0.4035 0.2652 -0.8757
vn -0.5781 0.1877 -0.7941
vn -0.5646 0.2998 -0.7690
vn -0.3938 0.3660 -0.8432
vn -0.5371 0.3872 -0.7494
vn -0.3721 0.4534 -0.8099
vn -0.4990 0.4685 -0.7291
vn -0.2438 0.2808 -0.9283
vn -0.2386 0.3876 -0.8904
vn -0.0801 0.3585 -0.9301
vn -0.0859 0.2543 -0.9633
vn -0.0827 0.4535 -0.8874
vn -0.2269 0.4811 -0.8468
vn -0.3381 0.5412 -0.7699
vn -0.4397 0.5601 -0.7021
vn -0.5495 0.4834 -0.6814
vn -0.5135 0.5403 -0.6666
vn -0.4448 0.5980 -0.6667
vn -0.3682 0.5864 -0.7215
vn -0.3065 0.5942 -0.7437
vn -0.2132 0.5671 -0.7956
vn -0.0921 0.5412 -0.8358
vn -0.2080 0.5952 -0.7762
vn -0.1064 0.5942 -0.7973
vn 0.0297 0.5601 -0.8279
vn 0.0676 0.4686 -0.8808
vn 0.1352 0.4834 -0.8649
vn 0.1666 0.3949 -0.9035
vn -0.0419 0.5864 -0.8090
vn 0.0518 0.5980 -0.7998
vn 0.1114 0.5403 -0.8341
vn 0.0904 0.3873 -0.9175
vn 0.1855 0.3052 -0.9341
vn 0.0996 0.2921 -0.9512
vn 0.1971 0.2099 -0.9576
vn 0.0965 0.1847 -0.9780
vn 0.1866 0.0857 -0.9787
vn 0.0573 0.0775 -0.9953
vn 0.1176 -0.0061 -0.9930
vn 0.1746 -0.0008 -0.9846
vn 0.1747 -0.0948 -0.9801
vn 0.0567 -0.0917 -0.9942
vn -0.0913 0.1543 -0.9838
vn -0.1074 0.0735 -0.9915
vn -0.0604 -0.0024 -0.9982
vn -0.1031 -0.0794 -0.9915
vn -0.2243 0.0025 -0.9745
vn 0.1772 -0.1998 -0.9637
vn 0.0858 -0.1824 -0.9795
vn -0.0854 -0.1664 -0.9824
vn -0.2606 -0.0969 -0.9606
vn -0.4216 -0.0008 -0.9068
vn -0.4155 0.0898 -0.9051
vn -0.5565 0.0785 -0.8271
vn -0.4225 -0.0984 -0.9010
vn 0.1771 -0.2994 -0.9375
vn 0.0865 -0.2774 -0.9568
vn -0.0867 -0.2548 -0.9631
vn -0.2494 -0.1986 -0.9478
vn -0.4168 -0.1772 -0.8915
vn -0.5563 -0.0961 -0.8254
vn -0.6048 -0.0077 -0.7963
vn -0.6551 0.0831 -0.7509
vn -0.6450 -0.0001 -0.7642
vn -0.6418 -0.0954 -0.7609
vn -0.5676 -0.1844 -0.8024
vn -0.4058 -0.2610 -0.8759
vn -0.6538 0.2145 -0.7257
vn -0.6276 0.3051 -0.7162
vn -0.5960 0.3949 -0.6991
vn -0.3069 -0.5959 -0.7421
vn -0.3682 -0.5864 -0.7215
vn -0.4397 -0.5602 -0.7021
vn -0.4448 -0.5980 -0.6667
vn -0.5135 -0.5403 -0.6666
vn -0.5495 -0.4834 -0.6814
vn -0.1051 -0.5966 -0.7956
vn -0.2069 -0.6007 -0.7722
vn -0.2125 -0.5711 -0.7929
vn -0.3398 -0.5440 -0.7672
vn -0.4990 -0.4697 -0.7283
vn -0.5959 -0.3948 -0.6993
vn 0.1345 -0.4838 -0.8648
vn 0.1114 -0.5403 -0.8341
vn 0.0300 -0.5611 -0.8272
vn 0.0518 -0.5980 -0.7998
vn -0.0419 -0.5863 -0.8090
vn -0.0899 -0.5450 -0.8336
vn -0.2271 -0.4802 -0.8473
vn -0.3730 -0.4505 -0.8111
vn -0.3927 -0.3541 -0.8488
vn -0.5348 -0.3814 -0.7540
vn -0.5555 -0.2790 -0.7834
vn -0.2392 -0.3822 -0.8926
vn -0.0841 -0.4517 -0.8882
vn -0.6239 -0.2993 -0.7219
vn -0.6360 -0.1992 -0.7455
vn -0.2466 -0.2851 -0.9262
vn -0.0859 -0.3513 -0.9323
vn 0.0834 -0.3814 -0.9207
vn 0.0666 -0.4711 -0.8795
vn 0.1637 -0.3941 -0.9044
vn 0.9946 0.0785 -0.0684
vn 0.9916 0.0898 0.0930
vn 0.9961 -0.0008 0.0882
vn 0.9622 -0.0969 0.2546
vn 0.9915 -0.0984 0.0846
vn 0.7614 -0.0948 0.6413
vn 0.7460 -0.1998 0.6353
vn 0.8053 -0.1824 0.5641
vn 0.8326 -0.0917 0.5462
vn 0.8934 -0.1664 0.4172
vn 0.9102 -0.0794 0.4065
vn 0.9561 0.0025 0.2930
vn 0.9626 0.0913 0.2550
vn 0.9825 0.1608 0.0945
vn 0.8333 0.0775 0.5473
vn 0.8012 -0.0061 0.5984
vn 0.8947 -0.0024 0.4467
vn 0.9124 0.0735 0.4027
vn 0.8976 0.1543 0.4128
vn 0.9479 0.1832 0.2606
vn 0.8772 0.2543 0.4072
vn 0.9258 0.2808 0.2530
vn 0.7494 0.3872 0.5370
vn 0.8455 0.3585 0.3957
vn 0.8099 0.4535 0.3721
vn 0.7740 0.2921 0.5618
vn 0.7987 0.1847 0.5726
vn 0.7290 0.4686 0.4989
vn 0.7699 0.5412 0.3381
vn 0.6991 0.3949 0.5960
vn 0.7162 0.3052 0.6277
vn 0.7308 0.2099 0.6495
vn 0.7541 0.0856 0.6511
vn 0.7654 -0.0008 0.6435
vn 0.9601 0.2652 0.0884
vn 0.9271 0.3660 0.0806
vn 0.8904 0.3876 0.2386
vn 0.8874 0.4534 0.0827
vn 0.9768 0.1877 -0.1036
vn 0.9483 0.2997 -0.1044
vn 0.9176 0.3872 -0.0904
vn 0.8808 0.4687 -0.0676
vn 0.9779 0.0831 -0.1919
vn 0.9553 0.2145 -0.2034
vn 0.9341 0.3051 -0.1854
vn 0.9035 0.3949 -0.1666
vn 0.8649 0.4834 -0.1352
vn 0.9930 -0.0961 -0.0691
vn 0.9921 -0.0077 -0.1256
vn 0.9843 -0.0001 -0.1764
vn 0.9799 -0.0955 -0.1754
vn 0.9787 -0.1844 -0.0904
vn 0.9805 -0.1772 0.0848
vn 0.9615 -0.2610 0.0865
vn 0.9455 -0.1986 0.2579
vn 0.7234 -0.2994 0.6221
vn 0.7854 -0.2774 0.5533
vn 0.8774 -0.2548 0.4065
vn 0.9254 -0.2852 0.2495
vn 0.8504 -0.3513 0.3918
vn 0.7557 -0.3813 0.5325
vn 0.7014 -0.3941 0.5940
vn 0.7284 -0.4711 0.4974
vn 0.6817 -0.4838 0.5489
vn 0.7014 -0.5611 0.4396
vn 0.9561 -0.2790 -0.0894
vn 0.9314 -0.3541 0.0843
vn 0.8926 -0.3822 0.2392
vn 0.8113 -0.4517 0.3713
vn 0.7669 -0.5450 0.3389
vn 0.9204 -0.3814 -0.0862
vn 0.8889 -0.4505 0.0825
vn 0.8473 -0.4802 0.2270
vn 0.6666 -0.5403 0.5135
vn 0.6667 -0.5980 0.4448
vn 0.7216 -0.5863 0.3682
vn 0.7416 -0.5966 0.3068
vn 0.7929 -0.5711 0.2124
vn 0.8343 -0.5440 0.0894
vn 0.8803 -0.4696 -0.0680
vn 0.7722 -0.6007 0.2069
vn 0.7961 -0.5959 0.1053
vn 0.8278 -0.5602 -0.0297
vn 0.8649 -0.4834 -0.1352
vn 0.9036 -0.3948 -0.1664
vn 0.8090 -0.5864 0.0419
vn 0.7998 -0.5980 -0.0518
vn 0.8341 -0.5403 -0.1114
vn 0.9371 -0.2993 -0.1794
vn 0.9636 -0.1992 -0.1781
vn -0.8434 -0.1258 -0.5224
vn -0.8003 -0.0904 -0.5928
vn -0.7891 -0.2033 -0.5796
vn -0.8278 -0.2347 -0.5096
vn -0.7541 -0.2975 -0.5855
vn -0.2704 -0.0741 -0.9599
vn -0.2630 -0.1249 -0.9567
vn -0.2717 -0.0217 -0.9621
vn -0.8032 -0.0434 -0.5942
vn -0.8509 -0.0550 -0.5224
vn -0.8799 -0.1194 -0.4598
vn 0.3284 0.0146 -0.9444
vn 0.3288 0.0114 -0.9443
vn 0.3287 0.0087 -0.9444
vn 0.3253 0.0195 -0.9454
vn -0.2390 -0.1786 -0.9545
vn 0.3186 0.0334 -0.9473
vn -0.2172 -0.2249 -0.9499
vn 0.3166 0.0394 -0.9477
vn -0.1800 -0.2817 -0.9425
vn -0.6627 -0.4792 -0.5754
vn -0.6112 -0.5588 -0.5605
vn -0.6930 -0.5181 -0.5013
vn -0.6432 -0.5917 -0.4859
vn -0.7273 -0.5386 -0.4254
vn -0.7073 -0.3885 -0.5906
vn -0.7418 -0.4227 -0.5206
vn -0.7830 -0.4478 -0.4317
vn -0.7751 -0.5323 -0.3404
vn -0.7547 -0.5879 -0.2912
vn -0.7146 -0.5921 -0.3725
vn -0.6656 -0.6087 -0.4319
vn -0.6432 -0.6363 -0.4258
vn -0.6712 -0.6370 -0.3791
vn -0.7162 -0.6372 -0.2847
vn -0.7447 -0.6368 -0.1996
vn 0.1389 0.1905 -0.9718
vn -0.4179 -0.2365 -0.8772
vn -0.5541 -0.6325 -0.5412
vn -0.6091 -0.6381 -0.4710
vn -0.2948 -0.7291 -0.6177
vn -0.2947 -0.6953 -0.6555
vn -0.2556 -0.7565 -0.6020
vn -0.3422 -0.7126 -0.6125
vn -0.3779 -0.6507 -0.6586
vn -0.4192 -0.6867 -0.5938
vn -0.4787 -0.6381 -0.6031
vn -0.4699 -0.7094 -0.5252
vn -0.2972 -0.7787 -0.5526
vn -0.3763 -0.7478 -0.5470
vn -0.3922 -0.7963 -0.4606
vn -0.4576 -0.8050 -0.3776
vn -0.5324 -0.8353 -0.1375
vn -0.4510 -0.8510 -0.2690
vn -0.3299 -0.8651 -0.3779
vn -0.2421 -0.8425 -0.4812
vn -0.1325 -0.7898 -0.5989
vn -0.1621 -0.7795 -0.6050
vn -0.1755 -0.7351 -0.6548
vn -0.1531 -0.8085 -0.5682
vn -0.1326 -0.8690 -0.4767
vn -0.1850 -0.7900 -0.5845
vn -0.2243 -0.7718 -0.5950
vn -0.2426 -0.7308 -0.6380
vn -0.2014 -0.7337 -0.6489
vn -0.2809 -0.6721 -0.6851
vn -0.3595 -0.0971 -0.9281
vn -0.3242 0.4746 -0.8183
vn -0.2276 0.4763 -0.8493
vn -0.4011 -0.0974 -0.9108
vn -0.4376 -0.0887 -0.8948
vn -0.2801 0.4694 -0.8374
vn -0.3048 0.4704 -0.8281
vn -0.2255 -0.6718 -0.7056
vn -0.2460 -0.3105 -0.9182
vn -0.1527 -0.0970 -0.9835
vn -0.1284 0.4746 -0.8708
vn -0.1081 -0.0974 -0.9894
vn -0.1501 0.4704 -0.8696
vn -0.0684 -0.0887 -0.9937
vn -0.1761 0.4694 -0.8652
vn -0.0766 -0.2365 -0.9686
vn -0.0021 -0.6507 -0.7593
vn -0.0993 -0.6721 -0.7338
vn -0.1575 -0.6718 -0.7238
vn -0.1910 -0.6749 -0.7127
vn -0.1500 -0.7337 -0.6627
vn -0.1089 -0.7308 -0.6738
vn -0.1032 -0.7719 -0.6274
vn -0.1913 -0.9156 -0.3538
vn -0.1271 -0.9039 -0.4084
vn -0.0262 -0.9031 -0.4287
vn -0.0358 -0.8326 -0.5527
vn -0.0800 -0.7567 -0.6489
vn -0.0725 -0.6953 -0.7150
vn -0.2506 -0.1249 -0.9600
vn 0.3936 -0.2033 -0.8965
vn 0.3603 -0.2975 -0.8841
vn -0.2702 -0.1786 -0.9461
vn 0.3172 -0.3885 -0.8651
vn -0.2868 -0.2249 -0.9312
vn -0.3153 -0.2817 -0.9062
vn -0.6062 0.1905 -0.7721
vn -0.7481 0.0393 -0.6624
vn -0.7496 0.0334 -0.6611
vn -0.7544 0.0195 -0.6561
vn -0.7569 0.0087 -0.6535
vn -0.2458 -0.0741 -0.9665
vn -0.7569 0.0113 -0.6534
vn -0.2458 -0.0217 -0.9691
vn 0.3967 -0.0904 -0.9135
vn 0.3985 -0.0434 -0.9161
vn 0.4692 -0.1258 -0.8741
vn -0.7566 0.0146 -0.6537
vn 0.7127 -0.6750 0.1910
vn 0.7238 -0.6718 0.1575
vn 0.9835 -0.0970 0.1527
vn 0.7338 -0.6721 0.0993
vn 0.9894 -0.0974 0.1081
vn 0.7593 -0.6507 0.0020
vn 0.9937 -0.0887 0.0684
vn 0.7616 -0.6381 -0.1130
vn 0.7239 -0.6867 -0.0662
vn 0.7015 -0.7126 0.0099
vn 0.7150 -0.6953 0.0725
vn 0.6823 -0.7291 0.0536
vn 0.9686 -0.2365 0.0766
vn 0.6273 -0.7786 0.0189
vn 0.6618 -0.7478 -0.0524
vn 0.6898 -0.7094 -0.1444
vn 0.6492 -0.7564 0.0796
vn 0.6275 -0.7717 0.1034
vn 0.6738 -0.7309 0.1089
vn 0.6627 -0.7337 0.1501
vn 0.5989 -0.7899 0.1320
vn 0.6052 -0.7794 0.1622
vn 0.5681 -0.8088 0.1522
vn -0.5804 -0.5711 0.5805
vn -0.5653 -0.6007 0.5653
vn -0.4892 -0.5959 0.6368
vn -0.6365 -0.5966 0.4888
vn -0.6769 -0.5450 0.4947
vn -0.7313 -0.5611 0.3876
vn -0.6796 -0.5863 0.4408
vn -0.7186 -0.5980 0.3550
vn -0.7780 -0.5403 0.3205
vn -0.8162 -0.4838 0.3159
vn -0.7950 -0.4712 0.3821
vn -0.8651 -0.3941 0.3104
vn -0.4408 -0.5864 0.6796
vn -0.3882 -0.5602 0.7318
vn -0.4946 -0.5440 0.6779
vn -0.6202 -0.4802 0.6203
vn -0.7271 -0.4517 0.5169
vn -0.8390 -0.3814 0.3881
vn -0.9005 -0.2994 0.3154
vn -0.8719 -0.2775 0.4035
vn -0.7645 -0.3513 0.5405
vn -0.6534 -0.3822 0.6534
vn -0.8911 -0.1824 0.4155
vn -0.7907 -0.2548 0.5566
vn -0.6788 -0.2852 0.6767
vn -0.5387 -0.3541 0.7645
vn -0.5160 -0.4505 0.7286
vn -0.8893 -0.0917 0.4480
vn -0.8081 -0.1664 0.5651
vn -0.6962 -0.1986 0.6899
vn -0.5557 -0.2610 0.7894
vn -0.4006 -0.2790 0.8727
vn -0.3855 -0.3814 0.8402
vn -0.3813 -0.4695 0.7963
vn -0.3276 -0.1993 0.9236
vn -0.4111 -0.1844 0.8928
vn -0.3132 -0.2993 0.9013
vn -0.3077 -0.3948 0.8657
vn -0.3154 -0.4834 0.8166
vn -0.3205 -0.5403 0.7780
vn -0.3550 -0.5980 0.7186
vn -0.3380 -0.0954 0.9363
vn -0.4366 -0.0961 0.8945
vn -0.5637 -0.1772 0.8068
vn -0.5691 -0.0984 0.8164
vn -0.5745 -0.0008 0.8185
vn -0.7015 -0.0969 0.7060
vn -0.7318 0.0025 0.6815
vn -0.8071 -0.0794 0.5850
vn -0.8342 -0.0024 0.5514
vn -0.8049 0.0735 0.5888
vn -0.8905 0.0775 0.4483
vn -0.9187 -0.0063 0.3948
vn -0.9232 -0.1998 0.3284
vn -0.9361 -0.0948 0.3388
vn -0.9400 -0.0016 0.3412
vn -0.9390 0.0721 0.3362
vn -0.7966 0.4686 0.3819
vn -0.7272 0.4535 0.5154
vn -0.6778 0.5412 0.4977
vn -0.8398 0.3873 0.3805
vn -0.8657 0.3949 0.3075
vn -0.8982 0.3178 0.3037
vn -0.8704 0.2981 0.3919
vn -0.9230 0.2052 0.3256
vn -0.8927 0.1755 0.4151
vn -0.4908 0.5942 0.6373
vn -0.5682 0.5952 0.5682
vn -0.5824 0.5671 0.5824
vn -0.6373 0.5942 0.4908
vn -0.7318 0.5601 0.3882
vn -0.8166 0.4834 0.3154
vn -0.6796 0.5864 0.4408
vn -0.7186 0.5980 0.3550
vn -0.7780 0.5403 0.3205
vn -0.3882 0.5601 0.7318
vn -0.3819 0.4684 0.7967
vn -0.3154 0.4834 0.8166
vn -0.3205 0.5403 0.7780
vn -0.3550 0.5980 0.7186
vn -0.4408 0.5864 0.6796
vn -0.4977 0.5412 0.6778
vn -0.6199 0.4811 0.6199
vn -0.5154 0.4534 0.7272
vn -0.6518 0.3876 0.6518
vn -0.7654 0.3585 0.5344
vn -0.7913 0.2543 0.5561
vn -0.6820 0.2808 0.6753
vn -0.5333 0.3660 0.7626
vn -0.3805 0.3872 0.8398
vn -0.3075 0.3949 0.8657
vn -0.8063 0.1543 0.5710
vn -0.6997 0.1832 0.6906
vn -0.5566 0.2652 0.7873
vn -0.3837 0.2998 0.8734
vn -0.3064 0.3051 0.9017
vn -0.4381 0.0785 0.8955
vn -0.5761 0.0898 0.8124
vn -0.7021 0.0913 0.7061
vn -0.5730 0.1608 0.8036
vn -0.3987 0.1877 0.8977
vn -0.3015 0.2145 0.9290
vn -0.3228 0.0831 0.9428
vn -0.3873 -0.0077 0.9219
vn -0.3394 -0.0001 0.9407
vn 0.7437 0.5942 0.3065
vn 0.7215 0.5864 0.3682
vn 0.7021 0.5602 0.4397
vn 0.6667 0.5980 0.4448
vn 0.6666 0.5403 0.5135
vn 0.6814 0.4834 0.5495
vn 0.7973 0.5942 0.1064
vn 0.7762 0.5952 0.2080
vn 0.7956 0.5671 0.2132
vn 0.8279 0.5601 -0.0297
vn 0.8341 0.5403 -0.1114
vn 0.7998 0.5980 -0.0518
vn 0.8090 0.5864 0.0419
vn 0.8358 0.5412 0.0921
vn 0.8468 0.4811 0.2269
vn -0.5641 -0.7291 0.3876
vn -0.5830 -0.6953 0.4203
vn -0.6025 -0.7126 0.3593
vn -0.4744 -0.8700 -0.1343
vn -0.5437 -0.8362 -0.0720
vn -0.5472 -0.8370 0.0034
vn -0.3742 -0.9019 -0.2155
vn -0.9813 -0.0694 -0.1795
vn -0.9636 -0.0698 -0.2582
vn -0.9606 -0.1049 -0.2574
vn -0.9396 -0.0694 -0.3352
vn -0.9247 -0.1299 -0.3580
vn -0.8990 -0.0688 -0.4326
vn 0.1099 -0.8905 0.4416
vn 0.1375 -0.8318 0.5378
vn 0.1102 -0.8661 0.4875
vn -0.2855 -0.7478 0.5994
vn -0.2199 -0.7094 0.6696
vn -0.1475 -0.6905 0.7082
vn -0.1034 -0.6381 0.7630
vn 0.5257 0.6688 -0.5257
vn 0.5450 0.6372 -0.5450
vn -0.8028 0.0974 0.5883
vn -0.5480 0.6718 0.4983
vn -0.5218 0.6749 0.5218
vn -0.4795 0.7350 0.4795
vn -0.4989 0.7337 0.4613
vn -0.6613 -0.4694 0.5851
vn -0.6780 -0.4704 0.5648
vn -0.6899 -0.4746 0.5466
vn 0.7721 0.1905 0.6062
vn 0.8652 0.4694 0.1761
vn 0.8696 0.4704 0.1501
vn 0.8708 0.4746 0.1284
vn 0.6575 0.7065 0.2618
vn 0.1320 0.8602 0.4925
vn -0.4386 0.7065 0.5555
vn -0.9677 0.1350 0.2129
vn 0.8842 0.4379 -0.1624
vn 0.7813 0.6086 -0.1387
vn 0.8218 0.4227 -0.3822
vn 0.7973 0.3389 -0.4995
vn 0.9477 0.0393 -0.3166
vn 0.9473 0.0334 -0.3186
vn 0.9454 0.0195 -0.3254
vn 0.9444 0.0086 -0.3287
vn 0.9443 0.0113 -0.3288
vn 0.9444 0.0146 -0.3284
vn -0.8768 -0.1438 -0.4589
vn -0.5694 0.0308 -0.8215
vn -0.0557 0.1820 -0.9817
vn 0.2664 0.2209 -0.9382
vt 0.761719 1.738281
vt 0.746582 1.733887
vt 0.733398 1.764160
vt 0.788574 1.722656
vt 0.775391 1.684082
vt 0.796387 1.681152
vt 0.769531 1.644043
vt 0.808594 1.720703
vt 0.784668 1.752930
vt 0.747070 1.772461
vt 0.724609 1.801758
vt 0.713867 1.790527
vt 0.818359 1.707520
vt 0.819824 1.733398
vt 0.830078 1.723633
vt 0.804688 1.763184
vt 0.770508 1.786621
vt 0.748535 1.815430
vt 0.729492 1.829590
vt 0.688477 1.842773
vt 0.790039 1.797852
vt 0.691895 1.861816
vt 0.732910 1.852051
vt 0.767578 1.827637
vt 0.784180 1.824219
vt 0.798340 1.802734
vt 0.810059 1.779297
vt 0.817383 1.757324
vt 0.814941 1.781738
vt 0.649902 1.869141
vt 0.651367 1.889160
vt 0.664551 1.887207
vt 0.679688 1.872070
vt 0.704590 1.874512
vt 0.726074 1.867188
vt 0.749023 1.855957
vt 0.769043 1.841309
vt 0.688965 1.889160
vt 0.704102 1.895508
vt 0.726562 1.882812
vt 0.746094 1.869141
vt 0.760742 1.856445
vt 0.772949 1.846191
vt 0.788574 1.827148
vt 0.783203 1.855469
vt 0.750977 1.897461
vt 0.773438 1.910156
vt 0.780762 1.890137
vt 0.764160 1.880859
vt 0.832520 1.921387
vt 0.857910 1.925781
vt 0.875000 1.910156
vt 0.851074 1.900391
vt 0.807129 1.913574
vt 0.822754 1.887695
vt 0.784180 1.869629
vt 0.774902 1.866699
vt 0.816406 1.849121
vt 0.843262 1.864258
vt 0.869141 1.877930
vt 0.892090 1.889648
vt 0.912109 1.900879
vt 0.895508 1.922363
vt 0.913086 1.931152
vt 0.892578 1.951660
vt 0.929688 1.910645
vt 0.799316 1.835449
vt 0.835938 1.824219
vt 0.860840 1.838867
vt 0.885254 1.853027
vt 0.907715 1.865723
vt 0.940430 1.852051
vt 0.950195 1.826660
vt 0.930176 1.815430
vt 0.920898 1.840332
vt 0.898926 1.826172
vt 0.874023 1.810547
vt 0.847656 1.794922
vt 0.827148 1.786621
vt 0.849121 1.756836
vt 0.841797 1.750000
vt 0.836426 1.763184
vt 0.884277 1.781250
vt 0.909180 1.799316
vt 0.918457 1.772949
vt 0.934570 1.792480
vt 0.898926 1.754883
vt 0.865723 1.743652
vt 0.849121 1.733887
vt 0.923828 1.755371
vt 0.903320 1.739258
vt 0.878906 1.727051
vt 0.856445 1.713867
vt 0.832031 1.700195
vt 0.910645 1.719727
vt 0.885254 1.704590
vt 0.931152 1.731934
vt 0.951172 1.743164
vt 0.939941 1.777832
vt 0.958496 1.800781
vt 0.963867 1.785156
vt 0.966309 1.751465
vt 0.951172 1.739746
vt 0.931641 1.728516
vt 0.911621 1.716797
vt 0.886719 1.702148
vt 0.975586 1.810059
vt 0.978027 1.792480
vt 0.981445 1.760742
vt 0.966309 1.748047
vt 0.980469 1.756836
vt 0.927734 1.876953
vt 0.944336 1.887207
vt 0.957520 1.862305
vt 0.967773 1.837891
vt 0.826172 1.743164
vt 0.823242 1.758789
vt 0.802734 1.805176
vt 0.814453 1.812012
vt 0.766602 1.525391
vt 0.748047 1.495850
vt 0.745117 1.497803
vt 0.654297 1.503418
vt 0.693359 1.520996
vt 0.687988 1.505371
vt 0.709473 1.519531
vt 0.726562 1.534668
vt 0.722656 1.511230
vt 0.745117 1.524414
vt 0.764160 1.528320
vt 0.781738 1.547852
vt 0.722168 1.551758
vt 0.701660 1.501465
vt 0.749023 1.584473
vt 0.736816 1.557129
vt 0.747070 1.540527
vt 0.764648 1.546387
vt 0.780273 1.549805
vt 0.795898 1.565430
vt 0.794434 1.567871
vt 0.810059 1.586914
vt 0.782715 1.578613
vt 0.808105 1.587891
vt 0.790039 1.585449
vt 0.776367 1.593750
vt 0.771484 1.588867
vt 0.761230 1.594238
vt 0.761719 1.585449
vt 0.740234 1.593262
vt 0.781738 1.603027
vt 0.760254 1.604492
vt 0.756348 1.618164
vt 0.653320 1.526367
vt 0.684082 1.540039
vt 0.713867 1.575195
vt 0.722656 1.609863
vt 0.733398 1.631348
vt 0.746582 1.651367
vt 0.580566 1.553711
vt 0.551270 1.538086
vt 0.520020 1.578125
vt 0.581543 1.526367
vt 0.617676 1.548828
vt 0.617676 1.520996
vt 0.654297 1.553711
vt 0.513184 1.551758
vt 0.494873 1.593262
vt 0.541504 1.520996
vt 0.580566 1.503418
vt 0.617676 1.498779
vt 0.546875 1.505371
vt 0.551758 1.495117
vt 0.568848 1.495605
vt 0.591309 1.490723
vt 0.532715 1.460693
vt 0.552246 1.468262
vt 0.556152 1.425781
vt 0.532227 1.479736
vt 0.550293 1.478027
vt 0.566895 1.489502
vt 0.591309 1.485596
vt 0.617676 1.489502
vt 0.617676 1.470459
vt 0.589355 1.472412
vt 0.564453 1.476318
vt 0.586426 1.450439
vt 0.586426 1.419678
vt 0.617676 1.446289
vt 0.617676 1.416992
vt 0.648438 1.419678
vt 0.645508 1.472412
vt 0.643555 1.485596
vt 0.670898 1.476318
vt 0.667969 1.489502
vt 0.684570 1.478027
vt 0.683105 1.495117
vt 0.702637 1.479736
vt 0.617676 1.484131
vt 0.643555 1.490723
vt 0.666016 1.495605
vt 0.723145 1.483154
vt 0.702148 1.460693
vt 0.723145 1.457275
vt 0.745605 1.463135
vt 0.745117 1.433350
vt 0.682617 1.468262
vt 0.678711 1.425781
vt 0.708984 1.426270
vt 0.725098 1.430176
vt 0.745117 1.409912
vt 0.647461 1.390625
vt 0.675781 1.395020
vt 0.703125 1.400146
vt 0.721191 1.404297
vt 0.745117 1.386963
vt 0.709473 1.379150
vt 0.694336 1.376465
vt 0.699219 1.351562
vt 0.715332 1.354736
vt 0.745605 1.369385
vt 0.745117 1.351807
vt 0.716309 1.339111
vt 0.699219 1.333252
vt 0.672363 1.345703
vt 0.672363 1.369141
vt 0.671875 1.325928
vt 0.645508 1.341553
vt 0.645996 1.364746
vt 0.617676 1.363037
vt 0.617676 1.340332
vt 0.589355 1.341553
vt 0.589844 1.322021
vt 0.563477 1.325928
vt 0.588867 1.364746
vt 0.645508 1.322021
vt 0.617676 1.320557
vt 0.587402 1.390625
vt 0.617676 1.388916
vt 0.559082 1.395020
vt 0.562500 1.369141
vt 0.562500 1.345703
vt 0.535645 1.333252
vt 0.518555 1.339111
vt 0.519531 1.354736
vt 0.535645 1.351562
vt 0.540527 1.376465
vt 0.531738 1.400146
vt 0.525879 1.426270
vt 0.511719 1.483154
vt 0.512207 1.511230
vt 0.511719 1.457275
vt 0.509766 1.430176
vt 0.513672 1.404297
vt 0.525391 1.379150
vt 0.489746 1.433350
vt 0.489502 1.463135
vt 0.489746 1.409912
vt 0.489746 1.386963
vt 0.489502 1.369385
vt 0.489746 1.351807
vt 0.485107 1.356201
vt 0.484863 1.373291
vt 0.485107 1.390381
vt 0.485107 1.413086
vt 0.485107 1.436035
vt 0.484619 1.465088
vt 0.485352 1.498535
vt 0.489990 1.497803
vt 0.466797 1.527832
vt 0.470703 1.528320
vt 0.451660 1.550781
vt 0.455078 1.549805
vt 0.437744 1.568359
vt 0.440674 1.567871
vt 0.424072 1.587891
vt 0.426758 1.587891
vt 0.490234 1.524414
vt 0.438477 1.594727
vt 0.444824 1.585449
vt 0.452148 1.578613
vt 0.470459 1.546387
vt 0.487793 1.540527
vt 0.477295 1.562988
vt 0.459473 1.574707
vt 0.469482 1.573242
vt 0.433838 1.604980
vt 0.453125 1.603027
vt 0.458740 1.593750
vt 0.463623 1.588867
vt 0.473633 1.585449
vt 0.485840 1.584473
vt 0.478516 1.617676
vt 0.465088 1.621094
vt 0.478760 1.618164
vt 0.469727 1.612793
vt 0.474609 1.604492
vt 0.473877 1.594238
vt 0.447998 1.612793
vt 0.455811 1.625488
vt 0.465332 1.644043
vt 0.488281 1.651367
vt 0.501465 1.631348
vt 0.512207 1.609863
vt 0.458740 1.681152
vt 0.438477 1.681152
vt 0.416504 1.609863
vt 0.431152 1.614746
vt 0.446045 1.619629
vt 0.447998 1.629883
vt 0.453369 1.641113
vt 0.412598 1.646484
vt 0.407959 1.631348
vt 0.435547 1.665039
vt 0.421387 1.685547
vt 0.416260 1.664551
vt 0.403320 1.674805
vt 0.397461 1.655762
vt 0.405518 1.630371
vt 0.414062 1.609375
vt 0.381104 1.687500
vt 0.327637 1.714355
vt 0.308838 1.725098
vt 0.308838 1.729004
vt 0.327881 1.717773
vt 0.351318 1.700195
vt 0.352051 1.703613
vt 0.378174 1.685059
vt 0.394043 1.654785
vt 0.290039 1.739746
vt 0.300781 1.774902
vt 0.315674 1.752930
vt 0.334961 1.737305
vt 0.358154 1.725586
vt 0.379395 1.713379
vt 0.403076 1.700195
vt 0.371094 1.742676
vt 0.386719 1.733398
vt 0.405273 1.723633
vt 0.416748 1.707520
vt 0.415283 1.733398
vt 0.426514 1.720703
vt 0.430420 1.763184
vt 0.450684 1.752930
vt 0.464355 1.786621
vt 0.445801 1.721191
vt 0.508789 1.867188
vt 0.501953 1.852051
vt 0.485840 1.855957
vt 0.467529 1.827637
vt 0.486816 1.815430
vt 0.444824 1.797852
vt 0.424805 1.779297
vt 0.417725 1.757324
vt 0.408936 1.743164
vt 0.466309 1.841309
vt 0.450928 1.824219
vt 0.436768 1.802734
vt 0.420166 1.781738
vt 0.411621 1.758789
vt 0.393799 1.750000
vt 0.408447 1.786621
vt 0.420898 1.811523
vt 0.399170 1.762695
vt 0.386719 1.756348
vt 0.388672 1.794434
vt 0.363525 1.809082
vt 0.400879 1.823242
vt 0.376709 1.837402
vt 0.394531 1.862793
vt 0.406738 1.918945
vt 0.388184 1.897949
vt 0.365479 1.906738
vt 0.348633 1.886719
vt 0.370361 1.875488
vt 0.353760 1.850586
vt 0.340332 1.823730
vt 0.353516 1.779785
vt 0.319824 1.836914
vt 0.333008 1.862305
vt 0.301514 1.848145
vt 0.269043 1.804688
vt 0.276367 1.832520
vt 0.291748 1.822754
vt 0.310547 1.812012
vt 0.330078 1.796875
vt 0.339355 1.752930
vt 0.320801 1.770508
vt 0.305908 1.789551
vt 0.283447 1.796387
vt 0.276123 1.747559
vt 0.278320 1.780762
vt 0.265625 1.787598
vt 0.262207 1.755859
vt 0.276855 1.743652
vt 0.290527 1.735840
vt 0.263428 1.751465
vt 0.163818 1.879883
vt 0.157227 1.891602
vt 0.159668 1.893555
vt 0.152710 1.899414
vt 0.152710 1.895020
vt 0.156860 1.916992
vt 0.150024 1.901367
vt 0.148193 1.894043
vt 0.149536 1.884277
vt 0.154175 1.876465
vt 0.155396 1.869141
vt 0.149536 1.878906
vt 0.165649 1.869141
vt 0.152344 1.917969
vt 0.155029 1.928223
vt 0.164429 1.934082
vt 0.149170 1.931152
vt 0.143311 1.849121
vt 0.144775 1.853516
vt 0.149536 1.853516
vt 0.152222 1.865723
vt 0.154175 1.861816
vt 0.163818 1.857910
vt 0.168213 1.869141
vt 0.166504 1.880859
vt 0.152588 1.842773
vt 0.148071 1.843750
vt 0.157104 1.846191
vt 0.159546 1.844238
vt 0.152466 1.838379
vt 0.149780 1.836426
vt 0.134521 1.841309
vt 0.134521 1.847656
vt 0.181396 1.852539
vt 0.186035 1.849609
vt 0.190063 1.833496
vt 0.171753 1.834473
vt 0.166382 1.856934
vt 0.156616 1.820801
vt 0.151978 1.819824
vt 0.134521 1.833008
vt 0.119141 1.836426
vt 0.116821 1.820312
vt 0.134399 1.819336
vt 0.148315 1.806152
vt 0.154785 1.809570
vt 0.164185 1.803711
vt 0.166748 1.811523
vt 0.196533 1.794922
vt 0.195068 1.798828
vt 0.202759 1.808105
vt 0.197998 1.835449
vt 0.193115 1.852051
vt 0.192383 1.854004
vt 0.193359 1.868652
vt 0.206909 1.807129
vt 0.198242 1.902344
vt 0.193237 1.885742
vt 0.186157 1.888184
vt 0.192505 1.883301
vt 0.181519 1.885254
vt 0.183228 1.868652
vt 0.171997 1.903320
vt 0.190186 1.904297
vt 0.167114 1.926270
vt 0.195435 1.938965
vt 0.196899 1.942383
vt 0.203125 1.929688
vt 0.207275 1.930664
vt 0.102722 1.857422
vt 0.109497 1.844727
vt 0.097168 1.834473
vt 0.087646 1.853027
vt 0.078918 1.833984
vt 0.083008 1.850098
vt 0.076660 1.854492
vt 0.075928 1.869629
vt 0.075989 1.852539
vt 0.070984 1.835938
vt 0.065979 1.808594
vt 0.061829 1.807617
vt 0.072144 1.795898
vt 0.073608 1.799316
vt 0.101990 1.812012
vt 0.112244 1.821289
vt 0.116516 1.838867
vt 0.134277 1.804688
vt 0.120422 1.806641
vt 0.114014 1.809570
vt 0.104614 1.804199
vt 0.765625 1.573242
vt 0.775391 1.574707
vt 0.757812 1.562988
vt 0.648438 1.450439
vt 0.134766 1.905273
vt 0.134888 1.918945
vt 0.134766 1.896973
vt 0.143433 1.888672
vt 0.134644 1.890625
vt 0.119446 1.901855
vt 0.121216 1.894043
vt 0.125854 1.888672
vt 0.119751 1.884766
vt 0.116699 1.895020
vt 0.112122 1.891602
vt 0.105469 1.879883
vt 0.113831 1.869141
vt 0.103638 1.869141
vt 0.115112 1.876465
vt 0.125732 1.849609
vt 0.121033 1.844238
vt 0.116455 1.843262
vt 0.112000 1.846680
vt 0.119690 1.854004
vt 0.105347 1.858398
vt 0.115051 1.861816
vt 0.101013 1.869141
vt 0.085938 1.869141
vt 0.087769 1.885742
vt 0.102844 1.880859
vt 0.109741 1.894043
vt 0.116821 1.899902
vt 0.083191 1.888672
vt 0.079407 1.905273
vt 0.097595 1.903809
vt 0.112854 1.917480
vt 0.117371 1.918457
vt 0.074585 1.939453
vt 0.102783 1.926758
vt 0.135010 1.933105
vt 0.120850 1.931641
vt 0.114929 1.928711
vt 0.105530 1.934570
vt 0.073181 1.943359
vt 0.066833 1.930176
vt 0.071411 1.902832
vt 0.076111 1.886230
vt 0.076782 1.884277
vt 0.062683 1.931641
vt 0.146851 1.866699
vt 0.145020 1.875977
vt 0.141724 1.858398
vt 0.132080 1.856445
vt 0.130737 1.851074
vt 0.134644 1.869141
vt 0.124268 1.862305
vt 0.119751 1.859375
vt 0.117065 1.872559
vt 0.489258 1.869141
vt 0.508301 1.882812
vt 0.509277 1.911621
vt 0.482178 1.928223
vt 0.480225 1.925293
vt 0.508789 1.908203
vt 0.485352 1.896973
vt 0.471680 1.880371
vt 0.474365 1.856445
vt 0.460938 1.866211
vt 0.461914 1.846191
vt 0.446289 1.827148
vt 0.452393 1.854980
vt 0.451904 1.869141
vt 0.455811 1.889648
vt 0.463867 1.909180
vt 0.455811 1.938965
vt 0.436279 1.834961
vt 0.419922 1.848145
vt 0.415039 1.886230
vt 0.430908 1.911621
vt 0.442383 1.923340
vt 0.436523 1.950195
vt 0.392822 1.934082
vt 0.417969 1.960938
vt 0.404053 1.969238
vt 0.419189 1.932129
vt 0.382568 1.922363
vt 0.329834 1.896973
vt 0.286377 1.857422
vt 0.314697 1.873047
vt 0.390137 1.977051
vt 0.364258 1.958496
vt 0.376221 1.950684
vt 0.351074 1.946777
vt 0.365479 1.938477
vt 0.346680 1.917969
vt 0.330811 1.926270
vt 0.314209 1.905273
vt 0.299072 1.881836
vt 0.407471 1.971191
vt 0.394043 1.979004
vt 0.458252 1.941895
vt 0.439209 1.952637
vt 0.421143 1.963379
vt 0.122437 1.871582
vt 0.137207 1.881348
vt 0.127563 1.879883
vt 0.124451 1.884277
vt 0.138428 1.886719
vt 0.570801 1.887207
vt 0.555176 1.872070
vt 0.584961 1.869141
vt 0.545898 1.889160
vt 0.559570 1.901367
vt 0.542969 1.861816
vt 0.587891 1.856934
vt 0.530273 1.874512
vt 0.530762 1.895508
vt 0.543945 1.910156
vt 0.570312 1.913086
vt 0.543457 1.913574
vt 0.570312 1.915527
vt 0.592773 1.918457
vt 0.647461 1.833496
vt 0.646973 1.856934
vt 0.617676 1.858398
vt 0.617676 1.832031
vt 0.591309 1.833008
vt 0.554688 1.838379
vt 0.509277 1.833984
vt 0.607910 1.868652
vt 0.510254 1.804199
vt 0.489746 1.770508
vt 0.503906 1.761719
vt 0.474609 1.732422
vt 0.490723 1.731934
vt 0.522949 1.788086
vt 0.430420 1.644043
vt 0.431641 1.623047
vt 0.435303 1.632324
vt 0.498047 1.557129
vt 0.508301 1.534668
vt 0.525391 1.519531
vt 0.533691 1.501465
vt 0.617676 1.564941
vt 0.584961 1.568359
vt 0.649902 1.568359
vt 0.748535 1.353516
vt 0.748535 1.370605
vt 0.748535 1.387695
vt 0.748535 1.410156
vt 0.748535 1.433350
vt 0.748535 1.462158
vt 0.432129 1.805176
vt 0.599609 1.886230
vt 0.596680 1.901367
vt 0.589355 1.896973
vt 0.617676 1.918457
vt 0.593262 1.916504
vt 0.606445 1.903809
vt 0.606934 1.887695
vt 0.599121 1.874512
vt 0.591797 1.879395
vt 0.583496 1.889160
vt 0.617676 1.887695
vt 0.617676 1.904785
vt 0.628418 1.903809
vt 0.628418 1.887695
vt 0.638184 1.901367
vt 0.626953 1.868652
vt 0.617676 1.868652
vt 0.617676 1.858887
vt 0.675293 1.901367
vt 0.645508 1.896973
vt 0.635254 1.886230
vt 0.635742 1.874512
vt 0.643066 1.879395
vt 0.757324 1.926758
vt 0.755371 1.929199
vt 0.726562 1.912109
vt 0.727051 1.908691
vt 0.782715 1.941406
vt 0.803223 1.953125
vt 0.795898 1.925293
vt 0.847656 1.937500
vt 0.820312 1.934570
vt 0.838379 1.973633
vt 0.823242 1.964355
vt 0.780762 1.943359
vt 0.800781 1.955078
vt 0.819824 1.966309
vt 0.834961 1.975098
vt 0.853516 1.981934
vt 0.849609 1.983398
vt 0.866211 1.955078
vt 0.876953 1.942383
vt 0.879395 1.963379
vt 0.765137 1.612793
vt 0.770020 1.621094
vt 0.756836 1.617676
vt 0.779297 1.625488
vt 0.787109 1.629883
vt 0.787109 1.612793
vt 0.789062 1.619629
vt 0.803711 1.623047
vt 0.803711 1.614746
vt 0.822266 1.646484
vt 0.801270 1.604980
vt 0.796387 1.594727
vt 0.827148 1.631348
vt 0.837891 1.655762
vt 0.818359 1.609863
vt 0.854980 1.687988
vt 0.857422 1.686035
vt 0.840820 1.655273
vt 0.828613 1.629395
vt 0.820312 1.608398
vt 0.831543 1.674805
vt 0.813477 1.685547
vt 0.818848 1.664551
vt 0.804688 1.644043
vt 0.799805 1.632324
vt 0.781738 1.641113
vt 0.799316 1.665039
vt 0.100708 1.435791
vt 0.077148 1.423828
vt 0.102112 1.429443
vt 0.135132 1.443604
vt 0.173706 1.429688
vt 0.168579 1.446533
vt 0.135742 1.432129
vt 0.168335 1.457764
vt 0.138672 1.456299
vt 0.094604 1.447998
vt 0.071106 1.428223
vt 0.065552 1.419922
vt 0.075256 1.414795
vt 0.086914 1.459229
vt 0.123413 1.482422
vt 0.110718 1.485596
vt 0.136108 1.472412
vt 0.176514 1.477051
vt 0.177002 1.453369
vt 0.170288 1.444824
vt 0.178833 1.428467
vt 0.192749 1.468994
vt 0.177612 1.496826
vt 0.159912 1.505371
vt 0.139404 1.507812
vt 0.195068 1.423096
vt 0.210449 1.421387
vt 0.139526 1.517090
vt 0.128540 1.515625
vt 0.129150 1.513184
vt 0.100769 1.491455
vt 0.116943 1.525879
vt 0.118347 1.531250
vt 0.160767 1.523438
vt 0.173950 1.517578
vt 0.113586 1.535156
vt 0.121643 1.547852
vt 0.046600 1.477051
vt 0.047882 1.474365
vt 0.067200 1.476318
vt 0.072327 1.469727
vt 0.082031 1.463379
vt 0.065125 1.444336
vt 0.065918 1.437012
vt 0.056366 1.447021
vt 0.050415 1.447998
vt 0.065613 1.467773
vt 0.063660 1.470703
vt 0.044403 1.468506
vt 0.025909 1.497314
vt 0.049805 1.434814
vt 0.056030 1.436035
vt 0.059479 1.427246
vt 0.068176 1.432373
vt 0.053894 1.423828
vt 0.061523 1.415039
vt 0.073364 1.409180
vt 0.097900 1.413086
vt 0.102905 1.417969
vt 0.106140 1.410156
vt 0.194702 1.416016
vt 0.180176 1.422119
vt 0.096680 1.391846
vt 0.094971 1.394287
vt 0.099487 1.409912
vt 0.132202 1.349854
vt 0.128540 1.345215
vt 0.150513 1.340088
vt 0.109985 1.366943
vt 0.104492 1.363770
vt 0.088257 1.394043
vt 0.139282 1.358154
vt 0.120361 1.373047
vt 0.108643 1.392578
vt 0.155396 1.356445
vt 0.151733 1.345459
vt 0.180420 1.350098
vt 0.180054 1.365234
vt 0.194336 1.368408
vt 0.210449 1.414062
vt 0.210938 1.369629
vt 0.227539 1.368652
vt 0.211060 1.354492
vt 0.194580 1.353027
vt 0.227539 1.353516
vt 0.241699 1.350586
vt 0.241821 1.365967
vt 0.289795 1.351318
vt 0.270508 1.346436
vt 0.271729 1.341064
vt 0.266602 1.357422
vt 0.240723 1.422852
vt 0.226318 1.416260
vt 0.225830 1.423584
vt 0.227173 1.469238
vt 0.241821 1.428955
vt 0.324707 1.393799
vt 0.312744 1.394287
vt 0.311768 1.368652
vt 0.301270 1.374512
vt 0.282715 1.359619
vt 0.322998 1.415039
vt 0.317871 1.419678
vt 0.314941 1.412109
vt 0.321533 1.411865
vt 0.326416 1.396240
vt 0.333008 1.396240
vt 0.317383 1.365723
vt 0.293457 1.346680
vt 0.284912 1.433594
vt 0.246948 1.430176
vt 0.250000 1.445557
vt 0.243286 1.454102
vt 0.251709 1.447266
vt 0.251709 1.458496
vt 0.285156 1.444824
vt 0.281494 1.457764
vt 0.243286 1.477539
vt 0.241943 1.497314
vt 0.225830 1.483887
vt 0.283691 1.473633
vt 0.325684 1.449951
vt 0.319824 1.437744
vt 0.318604 1.431152
vt 0.209961 1.479248
vt 0.229492 1.495361
vt 0.245239 1.518066
vt 0.354736 1.439453
vt 0.352539 1.434814
vt 0.361328 1.429932
vt 0.349609 1.430664
vt 0.343750 1.426270
vt 0.345703 1.417480
vt 0.347656 1.411621
vt 0.359375 1.417725
vt 0.366943 1.426758
vt 0.370850 1.437744
vt 0.355225 1.422607
vt 0.302002 1.527344
vt 0.352539 1.478760
vt 0.372070 1.477051
vt 0.356201 1.473145
vt 0.354248 1.470215
vt 0.347656 1.472168
vt 0.369873 1.450928
vt 0.364014 1.449707
vt 0.364502 1.438965
vt 0.300537 1.532715
vt 0.279785 1.518555
vt 0.291016 1.516602
vt 0.290527 1.514160
vt 0.319092 1.493408
vt 0.337891 1.465820
vt 0.355225 1.446777
vt 0.280518 1.508789
vt 0.333252 1.461426
vt 0.309326 1.487305
vt 0.296387 1.483887
vt 0.259521 1.506348
vt 0.258301 1.524414
vt 0.251465 1.540527
vt 0.241089 1.534180
vt 0.274658 1.589844
vt 0.287354 1.580078
vt 0.327881 1.604492
vt 0.297119 1.567383
vt 0.290527 1.563477
vt 0.303223 1.552246
vt 0.296875 1.549316
vt 0.305176 1.536621
vt 0.373291 1.479736
vt 0.335449 1.589844
vt 0.336426 1.625977
vt 0.323242 1.618164
vt 0.341064 1.612305
vt 0.348389 1.597168
vt 0.344727 1.575684
vt 0.354492 1.564941
vt 0.374512 1.548340
vt 0.367432 1.573242
vt 0.357910 1.583496
vt 0.391846 1.531250
vt 0.385742 1.550293
vt 0.391113 1.552246
vt 0.397705 1.530762
vt 0.388184 1.503418
vt 0.393555 1.500488
vt 0.375488 1.471436
vt 0.377686 1.509766
vt 0.366699 1.489746
vt 0.381104 1.533203
vt 0.217285 1.542969
vt 0.236938 1.524414
vt 0.219482 1.505371
vt 0.203369 1.487793
vt 0.193970 1.483643
vt 0.210083 1.467041
vt 0.206421 1.500977
vt 0.209595 1.515625
vt 0.195679 1.512207
vt 0.182007 1.508789
vt 0.198608 1.525879
vt 0.188599 1.535156
vt 0.213745 1.529297
vt 0.223877 1.520020
vt 0.177856 1.533691
vt 0.189575 1.545410
vt 0.167358 1.539551
vt 0.229126 1.545898
vt 0.209351 1.552734
vt 0.177612 1.553711
vt 0.127563 1.562012
vt 0.149414 1.586426
vt 0.136841 1.574707
vt 0.115173 1.550781
vt 0.050659 1.570312
vt 0.032715 1.547363
vt 0.044098 1.545410
vt 0.063843 1.562500
vt 0.073303 1.573730
vt 0.121277 1.565430
vt 0.130737 1.578613
vt 0.143433 1.587891
vt 0.027100 1.528320
vt 0.082520 1.587402
vt 0.069275 1.595215
vt 0.060181 1.581055
vt 0.087280 1.654785
vt 0.091370 1.650879
vt 0.104919 1.665527
vt 0.080933 1.623535
vt 0.098938 1.642090
vt 0.094299 1.616211
vt 0.089722 1.602539
vt 0.076477 1.609863
vt 0.108643 1.655273
vt 0.130859 1.664551
vt 0.130859 1.676270
vt 0.153687 1.664551
vt 0.159058 1.675293
vt 0.102783 1.670898
vt 0.130981 1.682617
vt 0.165161 1.681641
vt 0.161987 1.675781
vt 0.173218 1.664062
vt 0.153076 1.590332
vt 0.170166 1.657715
vt 0.176758 1.663574
vt 0.178467 1.656738
vt 0.185791 1.687012
vt 0.189819 1.682129
vt 0.170166 1.586426
vt 0.174316 1.621582
vt 0.188843 1.651855
vt 0.196655 1.676270
vt 0.198975 1.687988
vt 0.203369 1.679199
vt 0.195068 1.649902
vt 0.208740 1.648926
vt 0.193848 1.606934
vt 0.180054 1.580566
vt 0.184448 1.616211
vt 0.171875 1.575195
vt 0.192627 1.563477
vt 0.208984 1.601074
vt 0.167725 1.585938
vt 0.240967 1.554199
vt 0.225708 1.563965
vt 0.223999 1.606934
vt 0.264648 1.591309
vt 0.243286 1.622070
vt 0.247803 1.586914
vt 0.233276 1.616699
vt 0.237915 1.581055
vt 0.246216 1.576172
vt 0.222412 1.649902
vt 0.228516 1.652344
vt 0.238770 1.657227
vt 0.247070 1.658691
vt 0.254883 1.676270
vt 0.257812 1.676270
vt 0.268555 1.587402
vt 0.250000 1.586426
vt 0.227051 1.682617
vt 0.220215 1.676270
vt 0.230957 1.687012
vt 0.240356 1.664062
vt 0.243896 1.664551
vt 0.251709 1.682129
vt 0.285889 1.683594
vt 0.219849 1.694336
vt 0.208374 1.689941
vt 0.208252 1.696289
vt 0.196777 1.694336
vt 0.217773 1.688477
vt 0.213501 1.679199
vt 0.208374 1.679688
vt 0.053009 1.487061
vt 0.041565 1.506836
vt 0.031235 1.500488
vt 0.037872 1.530273
vt 0.021332 1.527344
vt 0.027405 1.548828
vt 0.281250 1.576172
vt 0.664551 1.913086
vt 0.664551 1.915039
vt 0.642090 1.918457
vt 0.690918 1.910156
vt 0.691895 1.913086
vt 0.641602 1.916504
vt 0.618652 1.920410
vt 0.312012 1.667480
vt 0.308350 1.656738
vt 0.286133 1.665527
vt 0.285889 1.677734
vt 0.263428 1.665527
vt 0.318359 1.644043
vt 0.325684 1.652832
vt 0.314209 1.672852
vt 0.329834 1.656738
vt 0.143188 1.109375
vt 0.143188 1.157104
vt 0.172852 1.156860
vt 0.114563 1.112366
vt 0.145142 1.060730
vt 0.116333 1.066162
vt 0.091858 1.115356
vt 0.092773 1.072327
vt 0.070251 1.119507
vt 0.070801 1.081299
vt 0.115662 1.157227
vt 0.092346 1.156982
vt 0.091858 1.198486
vt 0.115662 1.202393
vt 0.070251 1.194336
vt 0.070374 1.156982
vt 0.047363 1.124573
vt 0.047058 1.093994
vt 0.068298 1.050262
vt 0.043457 1.063843
vt 0.032501 1.081238
vt 0.027191 1.111755
vt 0.029724 1.132568
vt 0.047668 1.156982
vt 0.047363 1.189331
vt 0.031891 1.157715
vt 0.030289 1.181396
vt 0.047058 1.219849
vt 0.070801 1.232544
vt 0.068420 1.264160
vt 0.094849 1.275879
vt 0.028427 1.201660
vt 0.030029 1.216431
vt 0.042480 1.248657
vt 0.092773 1.241577
vt 0.119446 1.283936
vt 0.116333 1.247681
vt 0.147949 1.289795
vt 0.145020 1.252441
vt 0.174072 1.295410
vt 0.173584 1.253662
vt 0.203613 1.253662
vt 0.203369 1.294434
vt 0.233643 1.292725
vt 0.233643 1.252686
vt 0.143555 1.205078
vt 0.173096 1.205933
vt 0.203735 1.206177
vt 0.234375 1.205688
vt 0.203613 1.156738
vt 0.259521 1.289307
vt 0.262207 1.250244
vt 0.263672 1.204346
vt 0.234619 1.156738
vt 0.203491 1.106873
vt 0.172729 1.107727
vt 0.173584 1.059967
vt 0.234497 1.107422
vt 0.288086 1.283203
vt 0.290283 1.246582
vt 0.291504 1.202148
vt 0.264160 1.156982
vt 0.263916 1.109375
vt 0.233643 1.061218
vt 0.203613 1.060089
vt 0.173706 1.021088
vt 0.203857 1.019348
vt 0.233887 1.020966
vt 0.262207 1.063477
vt 0.291504 1.111633
vt 0.147705 1.024399
vt 0.119263 1.030624
vt 0.094604 1.038574
vt 0.376221 1.131348
vt 0.377197 1.106384
vt 0.360107 1.093994
vt 0.375244 1.091370
vt 0.364746 1.065186
vt 0.338867 1.049622
vt 0.377686 1.181274
vt 0.375488 1.156494
vt 0.359863 1.156860
vt 0.359863 1.124573
vt 0.336426 1.081299
vt 0.312500 1.037872
vt 0.339111 1.263672
vt 0.363770 1.250000
vt 0.360107 1.219849
vt 0.374756 1.232666
vt 0.380127 1.202148
vt 0.360107 1.189331
vt 0.339844 1.156860
vt 0.339111 1.119080
vt 0.316650 1.114624
vt 0.314453 1.072449
vt 0.290283 1.066956
vt 0.317139 1.156738
vt 0.339600 1.194458
vt 0.287842 1.030060
vt 0.259521 1.024033
vt 0.291992 1.156860
vt 0.316650 1.198853
vt 0.314697 1.240234
vt 0.337402 1.231812
vt 0.312500 1.275391
s 1
usemtl Mat.3
f 1/1/1 2/2/2 3/3/3
f 1/1/1 4/4/4 5/5/5
f 5/5/5 6/6/6 7/7/7
f 6/6/6 5/5/5 4/4/4
f 4/4/4 8/8/8 6/6/6
f 8/8/8 4/4/4 9/9/9
f 9/9/9 4/4/4 1/1/1
f 9/9/9 1/1/1 10/10/10
f 3/3/3 10/10/10 1/1/1
f 11/11/11 10/10/10 3/3/3
f 3/3/3 12/12/12 11/11/11
f 13/13/13 14/14/14 15/15/15
f 13/13/13 8/8/8 14/14/14
f 14/14/14 8/8/8 16/16/16
f 9/9/9 16/16/16 8/8/8
f 16/16/16 9/9/9 17/17/17
f 10/10/10 17/17/17 9/9/9
f 18/18/18 17/17/17 10/10/10
f 10/10/10 11/11/11 18/18/18
f 18/18/18 11/11/11 19/19/19
f 11/11/11 20/20/20 19/19/19
f 17/17/17 21/21/21 16/16/16
f 22/22/22 23/23/23 19/19/19
f 18/18/18 19/19/19 23/23/23
f 23/23/23 24/24/24 18/18/18
f 17/17/17 18/18/18 24/24/24
f 24/24/24 21/21/21 17/17/17
f 21/21/21 24/24/24 25/25/25
f 25/25/25 26/26/26 21/21/21
f 21/21/21 26/26/26 27/27/27
f 27/27/27 16/16/16 21/21/21
f 28/28/28 16/16/16 27/27/27
f 16/16/16 28/28/28 14/14/14
f 28/28/28 27/27/27 29/29/29
f 29/29/29 27/27/27 26/26/26
f 30/30/30 31/31/31 32/32/32
f 32/32/32 33/33/33 30/30/30
f 30/30/30 33/33/33 22/22/22
f 33/33/33 34/34/34 22/22/22
f 23/23/23 22/22/22 34/34/34
f 34/34/34 35/35/35 23/23/23
f 35/35/35 36/36/36 23/23/23
f 24/24/24 23/23/23 36/36/36
f 36/36/36 37/37/37 24/24/24
f 37/37/37 25/25/25 24/24/24
f 38/38/38 34/34/34 33/33/33
f 33/33/33 32/32/32 38/38/38
f 34/34/34 38/38/38 39/39/39
f 39/39/39 40/40/40 34/34/34
f 34/34/34 40/40/40 35/35/35
f 35/35/35 40/40/40 41/41/41
f 41/41/41 36/36/36 35/35/35
f 41/41/41 42/42/42 36/36/36
f 37/37/37 36/36/36 42/42/42
f 42/42/42 43/43/43 37/37/37
f 37/37/37 43/43/43 44/44/44
f 44/44/44 43/43/43 45/45/45
f 46/46/46 47/47/47 48/48/48
f 48/48/48 49/49/49 46/46/46
f 40/40/40 46/46/46 49/49/49
f 49/49/49 41/41/41 40/40/40
f 42/42/42 41/41/41 49/49/49
f 50/50/50 51/51/51 52/52/52
f 52/52/52 53/53/53 50/50/50
f 54/54/54 50/50/50 53/53/53
f 53/53/53 55/55/55 54/54/54
f 48/48/48 54/54/54 55/55/55
f 55/55/55 56/56/56 48/48/48
f 49/49/49 48/48/48 56/56/56
f 56/56/56 57/57/57 49/49/49
f 49/49/49 57/57/57 42/42/42
f 43/43/43 42/42/42 57/57/57
f 57/57/57 45/45/45 43/43/43
f 56/56/56 45/45/45 57/57/57
f 45/45/45 56/56/56 58/58/58
f 59/59/59 58/58/58 56/56/56
f 56/56/56 55/55/55 59/59/59
f 60/60/60 59/59/59 55/55/55
f 55/55/55 53/53/53 60/60/60
f 61/61/61 60/60/60 53/53/53
f 53/53/53 52/52/52 61/61/61
f 62/62/62 61/61/61 52/52/52
f 52/52/52 63/63/63 62/62/62
f 62/62/62 63/63/63 64/64/64
f 65/65/65 64/64/64 63/63/63
f 64/64/64 66/66/66 62/62/62
f 45/45/45 67/67/67 44/44/44
f 58/58/58 67/67/67 45/45/45
f 67/67/67 58/58/58 68/68/68
f 68/68/68 58/58/58 59/59/59
f 59/59/59 69/69/69 68/68/68
f 69/69/69 59/59/59 60/60/60
f 60/60/60 70/70/70 69/69/69
f 70/70/70 60/60/60 61/61/61
f 61/61/61 71/71/71 70/70/70
f 71/71/71 61/61/61 62/62/62
f 72/72/72 73/73/73 74/74/74
f 74/74/74 75/75/75 72/72/72
f 72/72/72 75/75/75 71/71/71
f 70/70/70 71/71/71 75/75/75
f 75/75/75 76/76/76 70/70/70
f 69/69/69 70/70/70 76/76/76
f 76/76/76 77/77/77 69/69/69
f 68/68/68 69/69/69 77/77/77
f 77/77/77 78/78/78 68/68/68
f 68/68/68 78/78/78 79/79/79
f 80/80/80 81/81/81 82/82/82
f 78/78/78 80/80/80 82/82/82
f 80/80/80 78/78/78 77/77/77
f 77/77/77 83/83/83 80/80/80
f 83/83/83 77/77/77 76/76/76
f 76/76/76 84/84/84 83/83/83
f 84/84/84 76/76/76 75/75/75
f 75/75/75 74/74/74 84/84/84
f 85/85/85 84/84/84 74/74/74
f 74/74/74 86/86/86 85/85/85
f 84/84/84 85/85/85 87/87/87
f 87/87/87 83/83/83 84/84/84
f 83/83/83 87/87/87 88/88/88
f 88/88/88 80/80/80 83/83/83
f 80/80/80 88/88/88 89/89/89
f 90/90/90 85/85/85 86/86/86
f 85/85/85 90/90/90 91/91/91
f 91/91/91 87/87/87 85/85/85
f 87/87/87 91/91/91 92/92/92
f 92/92/92 88/88/88 87/87/87
f 88/88/88 92/92/92 93/93/93
f 93/93/93 89/89/89 88/88/88
f 89/89/89 93/93/93 94/94/94
f 94/94/94 15/15/15 89/89/89
f 15/15/15 94/94/94 13/13/13
f 95/95/95 96/96/96 92/92/92
f 92/92/92 91/91/91 95/95/95
f 97/97/97 95/95/95 91/91/91
f 91/91/91 90/90/90 97/97/97
f 98/98/98 97/97/97 90/90/90
f 90/90/90 99/99/99 98/98/98
f 86/86/86 99/99/99 90/90/90
f 99/99/99 86/86/86 100/100/100
f 73/73/73 100/100/100 86/86/86
f 86/86/86 74/74/74 73/73/73
f 100/100/100 101/101/101 99/99/99
f 99/99/99 101/101/101 102/102/102
f 102/102/102 98/98/98 99/99/99
f 103/103/103 98/98/98 102/102/102
f 98/98/98 103/103/103 104/104/104
f 104/104/104 97/97/97 98/98/98
f 97/97/97 104/104/104 105/105/105
f 105/105/105 95/95/95 97/97/97
f 95/95/95 105/105/105 106/106/106
f 106/106/106 96/96/96 95/95/95
f 107/107/107 108/108/108 101/101/101
f 101/101/101 108/108/108 109/109/109
f 109/109/109 102/102/102 101/101/101
f 110/110/110 102/102/102 109/109/109
f 102/102/102 110/110/110 103/103/103
f 109/109/109 111/111/111 110/110/110
f 62/62/62 112/112/112 71/71/71
f 112/112/112 62/62/62 66/66/66
f 66/66/66 113/113/113 112/112/112
f 112/112/112 113/113/113 114/114/114
f 114/114/114 72/72/72 112/112/112
f 72/72/72 114/114/114 115/115/115
f 115/115/115 73/73/73 72/72/72
f 73/73/73 115/115/115 107/107/107
f 107/107/107 100/100/100 73/73/73
f 101/101/101 100/100/100 107/107/107
f 71/71/71 112/112/112 72/72/72
f 81/81/81 116/116/116 117/117/117
f 117/117/117 82/82/82 81/81/81
f 82/82/82 79/79/79 78/78/78
f 29/29/29 79/79/79 82/82/82
f 82/82/82 117/117/117 29/29/29
f 29/29/29 117/117/117 28/28/28
f 28/28/28 117/117/117 116/116/116
f 116/116/116 14/14/14 28/28/28
f 15/15/15 14/14/14 116/116/116
f 89/89/89 15/15/15 116/116/116
f 116/116/116 81/81/81 89/89/89
f 89/89/89 81/81/81 80/80/80
f 44/44/44 25/25/25 37/37/37
f 26/26/26 25/25/25 44/44/44
f 44/44/44 118/118/118 26/26/26
f 26/26/26 118/118/118 29/29/29
f 29/29/29 118/118/118 119/119/119
f 119/119/119 79/79/79 29/29/29
f 79/79/79 119/119/119 68/68/68
f 68/68/68 119/119/119 67/67/67
f 44/44/44 67/67/67 119/119/119
f 119/119/119 118/118/118 44/44/44
f 120/120/120 121/121/121 122/122/122
f 123/123/123 124/124/124 125/125/125
f 126/126/126 125/125/125 124/124/124
f 127/127/127 126/126/126 124/124/124
f 127/127/127 128/128/128 126/126/126
f 129/129/129 128/128/128 127/127/127
f 128/128/128 129/129/129 122/122/122
f 130/130/130 122/122/122 129/129/129
f 122/122/122 130/130/130 120/120/120
f 131/131/131 120/120/120 130/130/130
f 124/124/124 132/132/132 127/127/127
f 133/133/133 125/125/125 126/126/126
f 126/126/126 128/128/128 133/133/133
f 134/134/134 135/135/135 132/132/132
f 135/135/135 127/127/127 132/132/132
f 136/136/136 127/127/127 135/135/135
f 127/127/127 136/136/136 129/129/129
f 137/137/137 129/129/129 136/136/136
f 129/129/129 137/137/137 130/130/130
f 138/138/138 130/130/130 137/137/137
f 130/130/130 138/138/138 131/131/131
f 139/139/139 131/131/131 138/138/138
f 138/138/138 140/140/140 139/139/139
f 141/141/141 139/139/139 140/140/140
f 137/137/137 142/142/142 138/138/138
f 140/140/140 138/138/138 142/142/142
f 140/140/140 143/143/143 141/141/141
f 143/143/143 140/140/140 144/144/144
f 142/142/142 144/144/144 140/140/140
f 145/145/145 144/144/144 142/142/142
f 142/142/142 146/146/146 145/145/145
f 145/145/145 146/146/146 147/147/147
f 146/146/146 148/148/148 147/147/147
f 149/149/149 147/147/147 148/148/148
f 148/148/148 134/134/134 149/149/149
f 132/132/132 149/149/149 134/134/134
f 144/144/144 145/145/145 150/150/150
f 150/150/150 145/145/145 151/151/151
f 147/147/147 151/151/151 145/145/145
f 151/151/151 147/147/147 149/149/149
f 151/151/151 149/149/149 152/152/152
f 153/153/153 154/154/154 124/124/124
f 132/132/132 124/124/124 154/154/154
f 154/154/154 155/155/155 132/132/132
f 149/149/149 132/132/132 155/155/155
f 155/155/155 156/156/156 149/149/149
f 152/152/152 149/149/149 156/156/156
f 156/156/156 157/157/157 152/152/152
f 152/152/152 157/157/157 158/158/158
f 158/158/158 7/7/7 152/152/152
f 7/7/7 158/158/158 5/5/5
f 159/159/159 160/160/160 161/161/161
f 162/162/162 160/160/160 159/159/159
f 162/162/162 159/159/159 163/163/163
f 163/163/163 164/164/164 162/162/162
f 153/153/153 164/164/164 163/163/163
f 163/163/163 165/165/165 153/153/153
f 153/153/153 165/165/165 154/154/154
f 165/165/165 155/155/155 154/154/154
f 161/161/161 166/166/166 167/167/167
f 166/166/166 161/161/161 160/160/160
f 160/160/160 168/168/168 166/166/166
f 168/168/168 160/160/160 162/162/162
f 162/162/162 169/169/169 168/168/168
f 169/169/169 162/162/162 164/164/164
f 164/164/164 170/170/170 169/169/169
f 123/123/123 170/170/170 164/164/164
f 164/164/164 153/153/153 123/123/123
f 124/124/124 123/123/123 153/153/153
f 171/171/171 168/168/168 169/169/169
f 172/172/172 171/171/171 173/173/173
f 169/169/169 173/173/173 171/171/171
f 173/173/173 169/169/169 174/174/174
f 174/174/174 169/169/169 170/170/170
f 175/175/175 176/176/176 177/177/177
f 176/176/176 175/175/175 178/178/178
f 178/178/178 179/179/179 176/176/176
f 172/172/172 179/179/179 178/178/178
f 179/179/179 172/172/172 180/180/180
f 173/173/173 180/180/180 172/172/172
f 181/181/181 180/180/180 173/173/173
f 173/173/173 174/174/174 181/181/181
f 181/181/181 174/174/174 182/182/182
f 170/170/170 182/182/182 174/174/174
f 183/183/183 184/184/184 181/181/181
f 181/181/181 184/184/184 185/185/185
f 185/185/185 180/180/180 181/181/181
f 180/180/180 185/185/185 179/179/179
f 176/176/176 179/179/179 185/185/185
f 186/186/186 176/176/176 185/185/185
f 176/176/176 186/186/186 187/187/187
f 187/187/187 186/186/186 188/188/188
f 188/188/188 189/189/189 187/187/187
f 190/190/190 189/189/189 188/188/188
f 185/185/185 184/184/184 186/186/186
f 188/188/188 186/186/186 184/184/184
f 184/184/184 183/183/183 188/188/188
f 188/188/188 183/183/183 191/191/191
f 192/192/192 191/191/191 183/183/183
f 193/193/193 191/191/191 192/192/192
f 192/192/192 194/194/194 193/193/193
f 195/195/195 193/193/193 194/194/194
f 194/194/194 196/196/196 195/195/195
f 197/197/197 195/195/195 196/196/196
f 182/182/182 198/198/198 181/181/181
f 181/181/181 198/198/198 183/183/183
f 183/183/183 198/198/198 192/192/192
f 192/192/192 198/198/198 182/182/182
f 182/182/182 199/199/199 192/192/192
f 192/192/192 199/199/199 200/200/200
f 200/200/200 194/194/194 192/192/192
f 196/196/196 194/194/194 200/200/200
f 199/199/199 182/182/182 170/170/170
f 170/170/170 123/123/123 199/199/199
f 200/200/200 199/199/199 123/123/123
f 125/125/125 200/200/200 123/123/123
f 200/200/200 125/125/125 196/196/196
f 133/133/133 196/196/196 125/125/125
f 196/196/196 133/133/133 197/197/197
f 197/197/197 133/133/133 128/128/128
f 128/128/128 201/201/201 197/197/197
f 122/122/122 201/201/201 128/128/128
f 202/202/202 197/197/197 201/201/201
f 201/201/201 203/203/203 202/202/202
f 204/204/204 203/203/203 201/201/201
f 203/203/203 204/204/204 205/205/205
f 206/206/206 195/195/195 197/197/197
f 197/197/197 202/202/202 206/206/206
f 207/207/207 206/206/206 202/202/202
f 202/202/202 208/208/208 207/207/207
f 208/208/208 202/202/202 203/203/203
f 203/203/203 209/209/209 208/208/208
f 205/205/205 209/209/209 203/203/203
f 209/209/209 205/205/205 210/210/210
f 189/189/189 190/190/190 211/211/211
f 211/211/211 190/190/190 207/207/207
f 207/207/207 212/212/212 211/211/211
f 212/212/212 207/207/207 208/208/208
f 208/208/208 213/213/213 212/212/212
f 213/213/213 208/208/208 209/209/209
f 209/209/209 214/214/214 213/213/213
f 210/210/210 214/214/214 209/209/209
f 214/214/214 210/210/210 215/215/215
f 215/215/215 216/216/216 214/214/214
f 217/217/217 213/213/213 214/214/214
f 214/214/214 216/216/216 217/217/217
f 218/218/218 217/217/217 216/216/216
f 216/216/216 219/219/219 218/218/218
f 216/216/216 215/215/215 220/220/220
f 220/220/220 219/219/219 216/216/216
f 219/219/219 220/220/220 221/221/221
f 221/221/221 222/222/222 219/219/219
f 219/219/219 222/222/222 223/223/223
f 223/223/223 218/218/218 219/219/219
f 224/224/224 218/218/218 223/223/223
f 217/217/217 218/218/218 224/224/224
f 224/224/224 225/225/225 217/217/217
f 213/213/213 217/217/217 225/225/225
f 223/223/223 226/226/226 224/224/224
f 227/227/227 224/224/224 226/226/226
f 225/225/225 224/224/224 227/227/227
f 227/227/227 228/228/228 225/225/225
f 229/229/229 228/228/228 227/227/227
f 227/227/227 230/230/230 229/229/229
f 229/229/229 230/230/230 231/231/231
f 232/232/232 231/231/231 230/230/230
f 231/231/231 232/232/232 233/233/233
f 231/231/231 234/234/234 229/229/229
f 226/226/226 235/235/235 227/227/227
f 230/230/230 227/227/227 235/235/235
f 235/235/235 236/236/236 230/230/230
f 230/230/230 236/236/236 232/232/232
f 234/234/234 237/237/237 238/238/238
f 238/238/238 229/229/229 234/234/234
f 228/228/228 229/229/229 238/238/238
f 237/237/237 239/239/239 177/177/177
f 239/239/239 237/237/237 234/234/234
f 234/234/234 240/240/240 239/239/239
f 240/240/240 234/234/234 231/231/231
f 231/231/231 241/241/241 240/240/240
f 233/233/233 241/241/241 231/231/231
f 241/241/241 233/233/233 242/242/242
f 242/242/242 243/243/243 244/244/244
f 244/244/244 245/245/245 242/242/242
f 242/242/242 245/245/245 241/241/241
f 241/241/241 245/245/245 246/246/246
f 246/246/246 240/240/240 241/241/241
f 240/240/240 246/246/246 247/247/247
f 247/247/247 239/239/239 240/240/240
f 239/239/239 247/247/247 248/248/248
f 248/248/248 177/177/177 239/239/239
f 177/177/177 248/248/248 175/175/175
f 178/178/178 249/249/249 250/250/250
f 249/249/249 178/178/178 175/175/175
f 175/175/175 251/251/251 249/249/249
f 251/251/251 175/175/175 248/248/248
f 248/248/248 252/252/252 251/251/251
f 252/252/252 248/248/248 247/247/247
f 247/247/247 253/253/253 252/252/252
f 253/253/253 247/247/247 246/246/246
f 246/246/246 254/254/254 253/253/253
f 254/254/254 246/246/246 245/245/245
f 245/245/245 244/244/244 254/254/254
f 255/255/255 256/256/256 251/251/251
f 251/251/251 252/252/252 255/255/255
f 257/257/257 255/255/255 252/252/252
f 252/252/252 253/253/253 257/257/257
f 258/258/258 257/257/257 253/253/253
f 253/253/253 254/254/254 258/258/258
f 259/259/259 258/258/258 254/254/254
f 254/254/254 244/244/244 259/259/259
f 260/260/260 259/259/259 244/244/244
f 244/244/244 243/243/243 260/260/260
f 260/260/260 261/261/261 262/262/262
f 262/262/262 259/259/259 260/260/260
f 259/259/259 262/262/262 263/263/263
f 263/263/263 258/258/258 259/259/259
f 258/258/258 263/263/263 264/264/264
f 264/264/264 257/257/257 258/258/258
f 257/257/257 264/264/264 265/265/265
f 265/265/265 255/255/255 257/257/257
f 255/255/255 265/265/265 266/266/266
f 266/266/266 256/256/256 255/255/255
f 256/256/256 266/266/266 267/267/267
f 267/267/267 268/268/268 256/256/256
f 268/268/268 267/267/267 269/269/269
f 269/269/269 270/270/270 268/268/268
f 270/270/270 269/269/269 271/271/271
f 271/271/271 272/272/272 270/270/270
f 272/272/272 271/271/271 273/273/273
f 273/273/273 274/274/274 272/272/272
f 274/274/274 273/273/273 275/275/275
f 275/275/275 276/276/276 274/274/274
f 277/277/277 268/268/268 270/270/270
f 276/276/276 278/278/278 279/279/279
f 279/279/279 274/274/274 276/276/276
f 274/274/274 279/279/279 280/280/280
f 280/280/280 272/272/272 274/274/274
f 272/272/272 280/280/280 281/281/281
f 281/281/281 270/270/270 272/272/272
f 270/270/270 281/281/281 277/277/277
f 282/282/282 277/277/277 281/281/281
f 281/281/281 283/283/283 282/282/282
f 284/284/284 283/283/283 281/281/281
f 285/285/285 283/283/283 284/284/284
f 284/284/284 281/281/281 280/280/280
f 286/286/286 278/278/278 276/276/276
f 287/287/287 278/278/278 286/286/286
f 279/279/279 278/278/278 287/287/287
f 287/287/287 288/288/288 279/279/279
f 280/280/280 279/279/279 288/288/288
f 288/288/288 289/289/289 280/280/280
f 284/284/284 280/280/280 289/289/289
f 289/289/289 290/290/290 284/284/284
f 285/285/285 284/284/284 290/290/290
f 290/290/290 291/291/291 285/285/285
f 292/292/292 293/293/293 294/294/294
f 295/295/295 293/293/293 292/292/292
f 293/293/293 295/295/295 287/287/287
f 287/287/287 295/295/295 296/296/296
f 296/296/296 288/288/288 287/287/287
f 288/288/288 296/296/296 297/297/297
f 297/297/297 289/289/289 288/288/288
f 289/289/289 297/297/297 290/290/290
f 290/290/290 297/297/297 167/167/167
f 167/167/167 291/291/291 290/290/290
f 295/295/295 292/292/292 296/296/296
f 292/292/292 294/294/294 296/296/296
f 294/294/294 167/167/167 296/296/296
f 167/167/167 297/297/297 296/296/296
f 286/286/286 298/298/298 287/287/287
f 287/287/287 298/298/298 293/293/293
f 299/299/299 293/293/293 298/298/298
f 293/293/293 299/299/299 300/300/300
f 293/293/293 300/300/300 294/294/294
f 294/294/294 300/300/300 301/301/301
f 301/301/301 302/302/302 294/294/294
f 294/294/294 302/302/302 303/303/303
f 303/303/303 167/167/167 294/294/294
f 167/167/167 303/303/303 161/161/161
f 304/304/304 301/301/301 300/300/300
f 300/300/300 305/305/305 304/304/304
f 306/306/306 276/276/276 275/275/275
f 276/276/276 306/306/306 286/286/286
f 307/307/307 286/286/286 306/306/306
f 298/298/298 286/286/286 307/307/307
f 307/307/307 308/308/308 298/298/298
f 298/298/298 308/308/308 299/299/299
f 308/308/308 309/309/309 299/299/299
f 300/300/300 299/299/299 309/309/309
f 309/309/309 310/310/310 300/300/300
f 305/305/305 300/300/300 310/310/310
f 311/311/311 307/307/307 312/312/312
f 306/306/306 312/312/312 307/307/307
f 310/310/310 313/313/313 305/305/305
f 313/313/313 314/314/314 305/305/305
f 315/315/315 314/314/314 313/313/313
f 314/314/314 315/315/315 316/316/316
f 311/311/311 316/316/316 315/315/315
f 316/316/316 311/311/311 317/317/317
f 312/312/312 317/317/317 311/311/311
f 317/317/317 312/312/312 318/318/318
f 319/319/319 318/318/318 312/312/312
f 312/312/312 306/306/306 319/319/319
f 275/275/275 319/319/319 306/306/306
f 317/317/317 320/320/320 316/316/316
f 321/321/321 322/322/322 323/323/323
f 323/323/323 324/324/324 321/321/321
f 325/325/325 321/321/321 324/324/324
f 324/324/324 326/326/326 325/325/325
f 327/327/327 325/325/325 326/326/326
f 326/326/326 320/320/320 327/327/327
f 328/328/328 327/327/327 320/320/320
f 320/320/320 317/317/317 328/328/328
f 318/318/318 328/328/328 317/317/317
f 329/329/329 330/330/330 331/331/331
f 331/331/331 323/323/323 329/329/329
f 323/323/323 331/331/331 332/332/332
f 332/332/332 324/324/324 323/323/323
f 324/324/324 332/332/332 333/333/333
f 333/333/333 326/326/326 324/324/324
f 326/326/326 333/333/333 334/334/334
f 334/334/334 320/320/320 326/326/326
f 320/320/320 334/334/334 335/335/335
f 335/335/335 316/316/316 320/320/320
f 334/334/334 333/333/333 336/336/336
f 336/336/336 337/337/337 334/334/334
f 335/335/335 334/334/334 337/337/337
f 337/337/337 338/338/338 335/335/335
f 339/339/339 335/335/335 338/338/338
f 338/338/338 340/340/340 339/339/339
f 339/339/339 340/340/340 341/341/341
f 342/342/342 341/341/341 340/340/340
f 341/341/341 342/342/342 343/343/343
f 344/344/344 343/343/343 342/342/342
f 343/343/343 345/345/345 341/341/341
f 346/346/346 347/347/347 348/348/348
f 348/348/348 347/347/347 349/349/349
f 350/350/350 349/349/349 347/347/347
f 349/349/349 350/350/350 344/344/344
f 344/344/344 351/351/351 349/349/349
f 342/342/342 351/351/351 344/344/344
f 351/351/351 342/342/342 352/352/352
f 353/353/353 352/352/352 342/342/342
f 340/340/340 353/353/353 342/342/342
f 353/353/353 340/340/340 354/354/354
f 338/338/338 354/354/354 340/340/340
f 354/354/354 338/338/338 337/337/337
f 355/355/355 349/349/349 356/356/356
f 356/356/356 349/349/349 351/351/351
f 351/351/351 357/357/357 356/356/356
f 352/352/352 357/357/357 351/351/351
f 357/357/357 352/352/352 358/358/358
f 358/358/358 352/352/352 353/353/353
f 353/353/353 359/359/359 358/358/358
f 354/354/354 359/359/359 353/353/353
f 359/359/359 354/354/354 360/360/360
f 337/337/337 360/360/360 354/354/354
f 358/358/358 361/361/361 362/362/362
f 363/363/363 361/361/361 358/358/358
f 358/358/358 359/359/359 363/363/363
f 360/360/360 363/363/363 359/359/359
f 364/364/364 363/363/363 360/360/360
f 363/363/363 364/364/364 365/365/365
f 366/366/366 365/365/365 364/364/364
f 367/367/367 365/365/365 366/366/366
f 366/366/366 368/368/368 367/367/367
f 367/367/367 368/368/368 369/369/369
f 365/365/365 361/361/361 363/363/363
f 361/361/361 365/365/365 367/367/367
f 370/370/370 371/371/371 372/372/372
f 373/373/373 372/372/372 371/371/371
f 371/371/371 374/374/374 373/373/373
f 373/373/373 374/374/374 375/375/375
f 368/368/368 375/375/375 374/374/374
f 376/376/376 375/375/375 368/368/368
f 368/368/368 366/366/366 376/376/376
f 376/376/376 366/366/366 377/377/377
f 364/364/364 377/377/377 366/366/366
f 375/375/375 376/376/376 378/378/378
f 379/379/379 378/378/378 380/380/380
f 378/378/378 379/379/379 375/375/375
f 375/375/375 379/379/379 373/373/373
f 381/381/381 382/382/382 383/383/383
f 380/380/380 383/383/383 382/382/382
f 384/384/384 383/383/383 380/380/380
f 380/380/380 378/378/378 384/384/384
f 385/385/385 384/384/384 378/378/378
f 378/378/378 376/376/376 385/385/385
f 377/377/377 385/385/385 376/376/376
f 364/364/364 360/360/360 337/337/337
f 337/337/337 336/336/336 364/364/364
f 377/377/377 364/364/364 336/336/336
f 336/336/336 386/386/386 377/377/377
f 385/385/385 377/377/377 386/386/386
f 386/386/386 387/387/387 385/385/385
f 384/384/384 385/385/385 387/387/387
f 387/387/387 388/388/388 384/384/384
f 383/383/383 384/384/384 388/388/388
f 388/388/388 389/389/389 383/383/383
f 330/330/330 329/329/329 390/390/390
f 390/390/390 391/391/391 330/330/330
f 330/330/330 391/391/391 389/389/389
f 389/389/389 388/388/388 330/330/330
f 331/331/331 330/330/330 388/388/388
f 388/388/388 387/387/387 331/331/331
f 332/332/332 331/331/331 387/387/387
f 387/387/387 386/386/386 332/332/332
f 333/333/333 332/332/332 386/386/386
f 386/386/386 336/336/336 333/333/333
f 383/383/383 389/389/389 381/381/381
f 381/381/381 389/389/389 391/391/391
f 391/391/391 392/392/392 381/381/381
f 393/393/393 392/392/392 391/391/391
f 391/391/391 390/390/390 393/393/393
f 393/393/393 390/390/390 394/394/394
f 395/395/395 394/394/394 390/390/390
f 390/390/390 329/329/329 395/395/395
f 322/322/322 395/395/395 329/329/329
f 329/329/329 323/323/323 322/322/322
f 394/394/394 396/396/396 393/393/393
f 397/397/397 398/398/398 399/399/399
f 400/400/400 399/399/399 398/398/398
f 398/398/398 401/401/401 400/400/400
f 399/399/399 400/400/400 402/402/402
f 402/402/402 400/400/400 403/403/403
f 400/400/400 401/401/401 403/403/403
f 401/401/401 404/404/404 403/403/403
f 401/401/401 398/398/398 404/404/404
f 404/404/404 398/398/398 405/405/405
f 405/405/405 398/398/398 397/397/397
f 397/397/397 406/406/406 405/405/405
f 407/407/407 406/406/406 397/397/397
f 408/408/408 406/406/406 407/407/407
f 405/405/405 406/406/406 408/408/408
f 397/397/397 409/409/409 407/407/407
f 403/403/403 410/410/410 402/402/402
f 411/411/411 402/402/402 410/410/410
f 402/402/402 412/411/412 413/412/413
f 410/410/410 414/413/414 411/411/411
f 415/414/415 416/415/416 417/416/417
f 417/416/417 416/415/416 418/417/418
f 418/417/418 419/418/419 417/416/417
f 419/418/419 418/417/418 407/407/407
f 420/419/420 419/418/419 407/407/407
f 407/407/407 409/409/409 420/419/420
f 420/419/420 409/409/409 421/420/421
f 421/420/421 409/409/409 397/397/397
f 397/397/397 422/421/422 421/420/421
f 399/399/399 422/421/422 397/397/397
f 423/422/423 424/423/424 425/424/425
f 417/416/417 425/424/425 424/423/424
f 420/419/420 425/424/425 417/416/417
f 417/416/417 419/418/419 420/419/420
f 424/423/424 415/414/415 417/416/417
f 426/425/426 425/424/425 420/419/420
f 425/424/425 426/425/426 427/426/427
f 427/426/427 423/422/423 425/424/425
f 427/426/427 428/427/428 423/422/423
f 423/422/423 428/427/428 424/423/424
f 429/428/429 424/423/424 428/427/428
f 415/414/415 424/423/424 429/428/429
f 429/428/429 430/429/430 415/414/415
f 431/430/431 432/431/432 433/432/433
f 431/430/431 433/432/433 434/433/434
f 435/434/435 431/430/431 434/433/434
f 434/433/434 426/425/426 435/434/435
f 426/425/426 434/433/434 436/435/436
f 436/435/436 427/426/427 426/425/426
f 428/427/428 427/426/427 436/435/436
f 436/435/436 437/436/437 428/427/428
f 438/437/438 428/427/428 437/436/437
f 428/427/428 438/437/438 429/428/429
f 429/428/429 438/437/438 439/438/439
f 440/439/440 439/438/439 438/437/438
f 438/437/438 441/440/441 440/439/440
f 437/436/437 441/440/441 438/437/438
f 441/440/441 437/436/437 442/441/442
f 443/442/443 442/441/442 437/436/437
f 437/436/437 436/435/436 443/442/443
f 444/443/444 445/442/445 436/435/436
f 436/435/436 446/444/446 444/443/444
f 447/445/447 444/443/444 446/444/446
f 446/444/446 448/446/448 447/445/447
f 448/446/448 446/444/446 433/432/433
f 434/433/434 433/432/433 446/444/446
f 446/444/446 436/435/436 434/433/434
f 447/445/447 448/446/448 449/447/449
f 433/432/433 449/447/449 448/446/448
f 449/447/449 433/432/433 450/448/450
f 450/448/450 433/432/433 432/431/432
f 432/431/432 451/449/451 450/448/450
f 452/450/452 451/449/451 432/431/432
f 432/431/432 431/430/431 452/450/452
f 453/451/453 452/450/452 431/430/431
f 450/448/450 454/452/454 449/447/449
f 449/447/449 454/452/454 447/445/447
f 455/453/455 456/454/456 457/455/457
f 457/455/457 456/454/456 458/456/458
f 458/456/458 459/457/459 457/455/457
f 459/457/459 458/456/458 453/451/453
f 453/451/453 460/458/460 459/457/459
f 431/430/431 460/458/460 453/451/453
f 421/420/421 460/458/460 431/430/431
f 431/430/431 435/434/435 421/420/421
f 421/420/421 435/434/435 420/419/420
f 420/419/420 435/434/435 426/425/426
f 459/457/459 460/458/460 421/420/421
f 421/420/421 422/421/422 459/457/459
f 461/459/461 459/457/459 422/421/422
f 459/457/459 461/459/461 462/460/462
f 459/457/459 462/460/462 457/455/457
f 462/460/462 463/461/463 464/462/464
f 463/461/463 462/460/462 461/459/461
f 422/421/422 399/399/399 461/459/461
f 402/402/402 461/459/461 399/399/399
f 461/459/461 402/402/402 463/461/463
f 413/412/413 463/461/463 402/402/402
f 463/461/463 413/412/413 465/463/465
f 465/463/465 464/462/464 463/461/463
f 466/464/466 464/462/464 465/463/465
f 464/462/464 466/464/466 462/460/462
f 455/453/455 462/460/462 466/464/466
f 457/455/457 462/460/462 455/453/455
f 465/463/465 467/465/467 466/464/466
f 466/464/466 467/465/467 455/453/455
f 468/466/468 469/467/469 470/468/470
f 470/468/470 471/469/471 468/466/468
f 471/469/471 470/468/470 472/470/472
f 471/469/471 472/470/472 473/471/473
f 471/469/471 474/472/474 475/473/475
f 474/472/474 471/469/471 473/471/473
f 473/471/473 476/474/476 474/472/474
f 477/475/477 476/474/476 473/471/473
f 473/471/473 472/470/472 477/475/477
f 477/475/477 472/470/472 478/476/478
f 478/476/478 479/477/479 477/475/477
f 480/478/480 479/477/479 478/476/478
f 478/476/478 481/479/481 480/478/480
f 481/479/481 478/476/478 472/470/472
f 472/470/472 482/480/482 481/479/481
f 482/480/482 472/470/472 470/468/470
f 470/468/470 483/481/483 482/480/482
f 483/481/483 470/468/470 469/467/469
f 469/467/469 484/482/484 483/481/483
f 483/481/483 484/482/484 439/438/439
f 439/438/439 440/439/440 483/481/483
f 442/441/442 485/483/485 441/440/441
f 441/440/441 485/483/485 486/484/486
f 486/484/486 440/439/440 441/440/441
f 440/439/440 486/484/486 487/485/487
f 487/485/487 483/481/483 440/439/440
f 483/481/483 488/485/488 489/486/489
f 489/486/489 482/480/482 483/481/483
f 482/480/482 489/486/489 480/478/480
f 480/478/480 481/479/481 482/480/482
f 490/487/490 491/488/491 492/489/492
f 135/135/135 492/489/492 136/136/136
f 136/136/136 492/489/492 137/137/137
f 491/488/491 137/137/137 492/489/492
f 491/488/491 142/142/142 137/137/137
f 146/146/146 142/142/142 491/488/491
f 491/488/491 148/148/148 146/146/146
f 148/148/148 491/488/491 490/487/490
f 490/487/490 134/134/134 148/148/148
f 134/134/134 490/487/490 492/489/492
f 492/489/492 135/135/135 134/134/134
f 206/206/206 193/193/193 195/195/195
f 193/193/193 206/206/206 493/490/493
f 493/490/493 191/191/191 193/193/193
f 191/191/191 493/490/493 188/188/188
f 188/188/188 493/490/493 190/190/190
f 190/190/190 493/490/493 206/206/206
f 206/206/206 207/207/207 190/190/190
f 494/459/494 495/402/495 496/461/496
f 496/461/496 497/460/497 494/459/494
f 497/460/497 496/461/496 498/462/498
f 499/491/499 500/492/500 501/410/501
f 501/410/501 502/403/502 499/491/499
f 502/403/502 501/410/501 495/402/495
f 495/402/495 503/400/503 502/403/502
f 504/399/504 503/400/503 495/402/495
f 495/402/495 494/459/494 504/399/504
f 505/421/505 504/399/504 494/459/494
f 494/459/494 506/457/506 505/421/505
f 506/457/506 494/459/494 497/460/497
f 506/457/506 497/460/497 507/455/507
f 506/457/506 508/458/508 509/420/509
f 509/420/509 505/421/505 506/457/506
f 510/397/510 505/421/505 509/420/509
f 504/399/504 505/421/505 510/397/510
f 510/397/510 511/398/511 504/399/504
f 503/400/503 504/399/504 511/398/511
f 511/398/511 512/401/512 503/400/503
f 503/400/503 512/401/512 502/403/502
f 512/401/512 513/404/513 502/403/502
f 502/403/502 513/404/513 514/493/514
f 514/493/514 513/404/513 515/494/515
f 515/494/515 516/495/516 514/493/514
f 512/401/512 511/398/511 513/404/513
f 513/404/513 511/398/511 517/405/517
f 517/405/517 515/494/515 513/404/513
f 517/405/517 511/398/511 510/397/510
f 518/496/518 499/491/499 514/493/514
f 514/493/514 499/491/499 502/403/502
f 514/493/514 519/497/519 518/496/518
f 520/498/520 519/497/519 514/493/514
f 514/493/514 516/495/516 520/498/520
f 510/397/510 521/406/521 517/405/517
f 522/407/522 521/406/521 510/397/510
f 519/497/519 520/498/520 523/499/523
f 524/500/524 519/497/519 525/501/525
f 523/499/523 525/501/525 519/497/519
f 526/502/526 525/501/525 523/499/523
f 527/503/527 528/504/528 526/502/526
f 526/502/526 529/505/529 527/503/527
f 523/499/523 529/505/529 526/502/526
f 530/423/530 531/414/531 532/416/532
f 531/414/531 530/423/530 533/428/533
f 533/428/533 530/423/530 534/427/534
f 533/428/533 535/429/535 531/414/531
f 536/506/536 535/429/535 533/428/533
f 533/428/533 537/507/537 536/506/536
f 538/438/538 537/507/537 533/428/533
f 539/508/539 537/507/537 538/438/538
f 540/481/540 541/482/541 538/438/538
f 541/482/541 539/508/539 538/438/538
f 542/509/542 539/508/539 541/482/541
f 539/508/539 542/509/542 537/507/537
f 537/507/537 542/509/542 543/510/543
f 543/510/543 536/506/536 537/507/537
f 544/466/544 545/467/545 546/468/546
f 540/481/540 546/468/546 545/467/545
f 545/467/545 541/482/541 540/481/540
f 541/482/541 545/467/545 542/509/542
f 547/511/547 542/509/542 545/467/545
f 543/510/543 542/509/542 547/511/547
f 547/511/547 548/512/548 543/510/543
f 527/503/527 548/512/548 547/511/547
f 545/467/545 544/466/544 547/511/547
f 540/481/540 549/485/549 550/486/550
f 550/486/550 551/480/551 540/481/540
f 546/468/546 540/481/540 551/480/551
f 551/480/551 552/470/552 546/468/546
f 553/469/553 546/468/546 552/470/552
f 546/468/546 553/469/553 544/466/544
f 554/513/554 544/466/544 553/469/553
f 547/511/547 544/466/544 554/513/554
f 554/513/554 528/504/528 547/511/547
f 547/511/547 528/504/528 527/503/527
f 551/480/551 550/486/550 555/478/555
f 526/502/526 528/504/528 554/513/554
f 553/469/553 556/514/556 554/513/554
f 555/478/555 557/479/557 551/480/551
f 558/476/558 557/479/557 555/478/555
f 555/478/555 559/477/559 558/476/558
f 558/476/558 559/477/559 560/475/560
f 560/475/560 552/470/552 558/476/558
f 561/471/561 552/470/552 560/475/560
f 553/469/553 552/470/552 561/471/561
f 562/472/562 553/469/553 561/471/561
f 553/469/553 562/472/562 563/473/563
f 563/473/563 556/514/556 553/469/553
f 560/475/560 564/474/564 561/471/561
f 561/471/561 564/474/564 562/472/562
f 552/470/552 551/480/551 557/479/557
f 557/479/557 558/476/558 552/470/552
f 565/515/565 556/514/556 563/473/563
f 554/513/554 556/514/556 565/515/565
f 565/515/565 566/516/566 554/513/554
f 554/513/554 566/516/566 526/502/526
f 526/502/526 566/516/566 567/517/567
f 567/517/567 525/501/525 526/502/526
f 525/501/525 567/517/567 568/518/568
f 568/518/568 524/500/524 525/501/525
f 568/518/568 518/496/518 524/500/524
f 524/500/524 518/496/518 519/497/519
f 565/515/565 569/519/569 570/520/570
f 565/515/565 570/520/570 571/521/571
f 566/516/566 565/515/565 571/521/571
f 571/521/571 567/517/567 566/516/566
f 567/517/567 571/521/571 572/522/572
f 572/522/572 568/518/568 567/517/567
f 518/496/518 568/518/568 572/522/572
f 572/522/572 573/523/573 518/496/518
f 499/491/499 518/496/518 573/523/573
f 573/523/573 500/492/500 499/491/499
f 574/524/574 575/525/575 570/520/570
f 571/521/571 570/520/570 575/525/575
f 575/525/575 572/522/572 571/521/571
f 576/412/576 496/461/496 495/402/495
f 495/402/495 577/411/577 576/412/576
f 578/411/578 495/402/495 501/410/501
f 501/410/501 579/413/579 578/411/578
f 579/413/579 501/410/501 500/492/500
f 500/492/500 580/526/580 579/413/579
f 581/527/581 580/526/580 500/492/500
f 500/492/500 573/523/573 581/527/581
f 582/528/582 581/527/581 573/523/573
f 573/523/573 572/522/572 582/528/582
f 583/529/583 584/528/584 572/522/572
f 572/522/572 575/525/575 583/529/583
f 585/530/585 583/529/583 575/525/575
f 575/525/575 574/524/574 585/530/585
f 585/530/585 574/524/574 586/531/586
f 570/520/570 586/531/586 574/524/574
f 586/531/586 570/520/570 587/532/587
f 587/532/587 570/520/570 569/519/569
f 569/519/569 588/533/588 587/532/587
f 589/534/589 588/533/588 569/519/569
f 569/519/569 565/515/565 589/534/589
f 563/473/563 589/534/589 565/515/565
f 587/532/587 590/535/590 586/531/586
f 586/531/586 590/535/590 585/530/585
f 591/445/591 592/446/592 593/447/593
f 593/447/593 594/452/594 591/445/591
f 595/448/595 594/452/594 593/447/593
f 593/447/593 596/432/596 595/448/595
f 595/448/595 596/432/596 597/431/597
f 598/430/598 597/431/597 596/432/596
f 597/431/597 598/430/598 599/450/599
f 600/451/600 599/450/599 598/430/598
f 598/430/598 508/458/508 600/451/600
f 600/451/600 508/458/508 506/457/506
f 599/450/599 601/449/601 597/431/597
f 597/431/597 601/449/601 595/448/595
f 509/420/509 508/458/508 598/430/598
f 509/420/509 602/409/602 510/397/510
f 510/397/510 602/409/602 522/407/522
f 522/407/522 602/409/602 603/419/603
f 603/419/603 602/409/602 509/420/509
f 509/420/509 604/434/604 603/419/603
f 598/430/598 604/434/604 509/420/509
f 604/434/604 598/430/598 605/433/605
f 598/430/598 596/432/596 605/433/605
f 605/433/605 596/432/596 606/444/606
f 592/446/592 606/444/606 596/432/596
f 606/444/606 592/446/592 591/445/591
f 596/432/596 593/447/593 592/446/592
f 591/445/591 607/443/607 606/444/606
f 608/442/608 609/441/609 610/436/610
f 610/436/610 611/435/611 608/442/608
f 607/443/607 612/442/612 611/435/611
f 611/435/611 606/444/606 607/443/607
f 606/444/606 611/435/611 605/433/605
f 613/425/613 605/433/605 611/435/611
f 605/433/605 613/425/613 604/434/604
f 603/419/603 604/434/604 613/425/613
f 613/425/613 614/424/614 603/419/603
f 603/419/603 614/424/614 532/416/532
f 611/435/611 610/436/610 534/427/534
f 532/416/532 614/424/614 530/423/530
f 615/422/615 530/423/530 614/424/614
f 615/422/615 534/427/534 530/423/530
f 616/426/616 534/427/534 615/422/615
f 534/427/534 616/426/616 611/435/611
f 611/435/611 616/426/616 613/425/613
f 614/424/614 613/425/613 616/426/616
f 616/426/616 615/422/615 614/424/614
f 532/416/532 617/418/617 603/419/603
f 603/419/603 617/418/617 522/407/522
f 534/427/534 618/437/618 533/428/533
f 618/437/618 534/427/534 610/436/610
f 610/436/610 619/440/619 618/437/618
f 619/440/619 610/436/610 609/441/609
f 609/441/609 620/483/620 619/440/619
f 619/440/619 620/483/620 621/484/621
f 621/484/621 622/439/622 619/440/619
f 622/439/622 621/484/621 623/485/623
f 623/485/623 540/481/540 622/439/622
f 538/438/538 622/439/622 540/481/540
f 533/428/533 618/437/618 538/438/538
f 622/439/622 538/438/538 618/437/618
f 618/437/618 619/440/619 622/439/622
f 624/397/624 625/406/625 626/405/626
f 626/405/626 627/398/627 624/397/624
f 628/407/628 629/409/629 630/419/630
f 630/419/630 629/409/629 631/420/631
f 631/420/631 629/409/629 624/397/624
f 624/397/624 629/409/629 628/407/628
f 628/407/628 625/406/625 624/397/624
f 632/408/632 625/406/625 628/407/628
f 626/405/626 625/406/625 632/408/632
f 633/494/633 626/405/626 632/408/632
f 626/405/626 633/494/633 634/404/634
f 634/404/634 627/398/627 626/405/626
f 635/401/635 627/398/627 634/404/634
f 636/400/636 635/401/635 637/403/637
f 627/398/627 635/401/635 636/400/636
f 636/400/636 638/399/638 627/398/627
f 624/397/624 627/398/627 638/399/638
f 638/399/638 639/421/639 624/397/624
f 624/397/624 639/421/639 631/420/631
f 631/420/631 639/421/639 640/457/640
f 640/457/640 641/458/641 631/420/631
f 642/493/642 643/497/643 644/496/644
f 644/496/644 645/491/645 642/493/642
f 642/493/642 645/491/645 637/403/637
f 646/410/646 637/403/637 645/491/645
f 637/403/637 646/410/646 647/402/647
f 647/402/647 636/400/636 637/403/637
f 638/399/638 636/400/636 647/402/647
f 647/402/647 648/459/648 638/399/638
f 639/421/639 638/399/638 648/459/648
f 648/459/648 640/457/640 639/421/639
f 640/457/640 648/459/648 649/460/649
f 640/457/640 649/460/649 650/455/650
f 648/459/648 647/402/647 651/461/651
f 651/461/651 649/460/649 648/459/648
f 649/460/649 651/461/651 652/462/652
f 652/462/652 653/464/653 649/460/649
f 654/453/654 649/460/649 653/464/653
f 650/455/650 649/460/649 654/453/654
f 654/453/654 655/454/655 650/455/650
f 650/455/650 655/454/655 656/456/656
f 656/456/656 640/457/640 650/455/650
f 640/457/640 656/456/656 657/451/657
f 657/451/657 641/458/641 640/457/640
f 658/430/658 641/458/641 657/451/657
f 631/420/631 641/458/641 658/430/658
f 659/463/659 660/465/660 653/464/653
f 653/464/653 660/465/660 654/453/654
f 658/430/658 661/431/661 662/432/662
f 658/430/658 662/432/662 663/433/663
f 664/434/664 658/430/658 663/433/663
f 663/433/663 665/425/665 664/434/664
f 665/425/665 663/433/663 666/435/666
f 666/435/666 667/426/667 665/425/665
f 668/446/668 669/444/669 662/432/662
f 663/433/663 662/432/662 669/444/669
f 669/444/669 666/435/666 663/433/663
f 658/430/658 664/434/664 631/420/631
f 631/420/631 664/434/664 630/419/630
f 630/419/630 664/434/664 665/425/665
f 665/425/665 670/424/670 630/419/630
f 670/424/670 665/425/665 667/426/667
f 667/426/667 671/422/671 670/424/670
f 667/426/667 672/427/672 671/422/671
f 672/427/672 667/426/667 666/435/666
f 666/435/666 673/436/673 672/427/672
f 673/436/673 666/435/666 674/442/674
f 671/422/671 672/427/672 675/423/675
f 671/422/671 675/423/675 670/424/670
f 676/416/676 670/424/670 675/423/675
f 630/419/630 670/424/670 676/416/676
f 676/416/676 677/418/677 630/419/630
f 630/419/630 677/418/677 628/407/628
f 677/418/677 678/417/678 628/407/628
f 628/407/628 678/417/678 632/408/632
f 632/408/632 678/417/678 679/536/679
f 679/536/679 680/537/680 632/408/632
f 678/417/678 677/418/677 676/416/676
f 673/436/673 681/440/681 682/437/682
f 682/437/682 672/427/672 673/436/673
f 672/427/672 682/437/682 683/428/683
f 683/428/683 675/423/675 672/427/672
f 684/414/684 675/423/675 683/428/683
f 675/423/675 684/414/684 676/416/676
f 684/414/684 685/415/685 676/416/676
f 676/416/676 685/415/685 678/417/678
f 679/536/679 678/417/678 685/415/685
f 685/415/685 686/538/686 679/536/679
f 687/539/687 686/538/686 685/415/685
f 685/415/685 688/540/688 687/539/687
f 688/540/688 685/415/685 684/414/684
f 684/414/684 689/429/689 688/540/688
f 683/428/683 689/429/689 684/414/684
f 690/506/690 689/429/689 683/428/683
f 689/429/689 690/506/690 688/540/688
f 686/538/686 691/541/691 679/536/679
f 687/539/687 691/541/691 686/538/686
f 687/539/687 692/542/692 691/541/691
f 692/542/692 687/539/687 688/540/688
f 688/540/688 693/543/693 692/542/692
f 693/543/693 688/540/688 690/506/690
f 690/506/690 694/510/694 693/543/693
f 694/510/694 690/506/690 695/507/695
f 683/428/683 695/507/695 690/506/690
f 696/438/696 695/507/695 683/428/683
f 683/428/683 682/437/682 696/438/696
f 697/439/697 696/438/696 682/437/682
f 682/437/682 681/440/681 697/439/697
f 696/438/696 697/439/697 698/481/698
f 694/510/694 699/512/699 693/543/693
f 700/511/700 699/512/699 694/510/694
f 694/510/694 701/509/701 700/511/700
f 695/507/695 701/509/701 694/510/694
f 702/508/702 701/509/701 695/507/695
f 702/508/702 695/507/695 696/438/696
f 703/482/703 702/508/702 696/438/696
f 698/481/698 703/482/703 696/438/696
f 704/467/704 703/482/703 698/481/698
f 698/481/698 705/468/705 704/467/704
f 706/466/706 704/467/704 705/468/705
f 701/509/701 702/508/702 703/482/703
f 703/482/703 704/467/704 701/509/701
f 700/511/700 701/509/701 704/467/704
f 704/467/704 706/466/706 700/511/700
f 700/511/700 706/466/706 707/513/707
f 707/513/707 708/504/708 700/511/700
f 700/511/700 708/504/708 709/503/709
f 709/503/709 708/504/708 710/502/710
f 710/502/710 711/505/711 709/503/709
f 712/499/712 711/505/711 710/502/710
f 707/513/707 713/516/713 710/502/710
f 710/502/710 708/504/708 707/513/707
f 711/505/711 714/544/714 709/503/709
f 715/515/715 713/516/713 707/513/707
f 713/516/713 715/515/715 716/521/716
f 716/521/716 717/517/717 713/516/713
f 710/502/710 713/516/713 717/517/717
f 717/517/717 718/501/718 710/502/710
f 710/502/710 718/501/718 712/499/712
f 712/499/712 718/501/718 643/497/643
f 643/497/643 719/498/719 712/499/712
f 719/498/719 643/497/643 642/493/642
f 642/493/642 720/495/720 719/498/719
f 715/515/715 721/519/721 722/520/722
f 715/515/715 722/520/722 716/521/716
f 716/521/716 722/520/722 723/525/723
f 723/525/723 724/522/724 716/521/716
f 717/517/717 716/521/716 724/522/724
f 724/522/724 725/518/725 717/517/717
f 718/501/718 717/517/717 725/518/725
f 725/518/725 726/500/726 718/501/718
f 726/500/726 643/497/643 718/501/718
f 726/500/726 644/496/644 643/497/643
f 727/524/727 723/525/723 722/520/722
f 645/491/645 728/492/728 646/410/646
f 729/523/729 728/492/728 645/491/645
f 645/491/645 644/496/644 729/523/729
f 724/522/724 729/523/729 644/496/644
f 644/496/644 725/518/725 724/522/724
f 725/518/725 644/496/644 726/500/726
f 730/531/730 722/520/722 731/532/731
f 722/520/722 730/531/730 727/524/727
f 732/530/732 727/524/727 730/531/730
f 723/525/723 727/524/727 732/530/732
f 732/530/732 733/529/733 723/525/723
f 724/522/724 723/525/723 733/529/733
f 733/529/733 734/528/734 724/522/724
f 729/523/729 724/522/724 735/528/735
f 735/528/735 736/527/736 729/523/729
f 728/492/728 729/523/729 736/527/736
f 731/532/731 737/535/737 730/531/730
f 730/531/730 737/535/737 732/530/732
f 736/527/736 738/526/738 728/492/728
f 728/492/728 738/526/738 739/413/739
f 739/413/739 646/410/646 728/492/728
f 646/410/646 739/413/739 740/411/740
f 740/411/740 647/402/647 646/410/646
f 647/402/647 741/411/741 742/412/742
f 742/412/742 651/461/651 647/402/647
f 651/461/651 742/412/742 659/463/659
f 659/463/659 652/462/652 651/461/651
f 653/464/653 652/462/652 659/463/659
f 743/545/743 744/348/744 745/346/745
f 745/346/745 746/546/746 743/545/743
f 747/547/747 748/548/748 749/549/749
f 749/549/749 750/550/750 747/547/747
f 751/551/751 750/550/750 749/549/749
f 750/550/750 751/551/751 746/546/746
f 746/546/746 751/551/751 752/552/752
f 752/552/752 743/545/743 746/546/746
f 753/553/753 743/545/743 752/552/752
f 743/545/743 753/553/753 744/348/744
f 754/355/754 744/348/744 753/553/753
f 744/348/744 754/355/754 755/349/755
f 752/552/752 756/554/756 753/553/753
f 757/555/757 753/553/753 756/554/756
f 753/553/753 757/555/757 754/355/754
f 758/556/758 757/555/757 759/557/759
f 756/554/756 759/557/759 757/555/757
f 760/558/760 759/557/759 756/554/756
f 760/558/760 756/554/756 752/552/752
f 752/552/752 761/559/761 760/558/760
f 761/559/761 752/552/752 751/551/751
f 751/551/751 762/560/762 761/559/761
f 749/549/749 762/560/762 751/551/751
f 762/560/762 749/549/749 763/561/763
f 763/561/763 749/549/749 748/548/748
f 759/557/759 764/562/764 758/556/758
f 758/556/758 764/562/764 765/362/765
f 766/367/766 765/362/765 764/562/764
f 764/562/764 767/563/767 766/367/766
f 767/563/767 764/562/764 759/557/759
f 759/557/759 760/558/760 767/563/767
f 768/369/768 767/563/767 760/558/760
f 760/558/760 769/564/769 768/369/768
f 769/564/769 760/558/760 761/559/761
f 761/559/761 770/565/770 769/564/769
f 770/565/770 761/559/761 762/560/762
f 762/560/762 771/566/771 770/565/770
f 763/561/763 771/566/771 762/560/762
f 771/566/771 763/561/763 772/567/772
f 773/568/773 774/569/774 775/570/775
f 774/569/774 773/568/773 776/571/776
f 776/571/776 772/567/772 774/569/774
f 772/567/772 776/571/776 771/566/771
f 771/566/771 776/571/776 777/370/777
f 777/370/777 770/565/770 771/566/771
f 770/565/770 777/370/777 778/371/778
f 778/371/778 769/564/769 770/565/770
f 769/564/769 778/371/778 779/374/779
f 779/374/779 768/369/768 769/564/769
f 776/571/776 773/568/773 780/572/780
f 780/572/780 777/370/777 776/571/776
f 777/370/777 780/572/780 781/372/781
f 781/372/781 778/371/778 777/370/777
f 778/371/778 781/372/781 782/373/782
f 782/373/782 779/374/779 778/371/778
f 783/375/783 779/374/779 782/373/782
f 779/374/779 783/375/783 784/368/784
f 784/368/784 783/375/783 785/376/785
f 785/376/785 786/366/786 784/368/784
f 766/367/766 767/563/767 768/369/768
f 784/368/784 768/369/768 779/374/779
f 768/369/768 784/368/784 766/367/766
f 766/367/766 784/368/784 786/366/786
f 786/366/786 787/365/787 766/367/766
f 766/367/766 787/365/787 788/361/788
f 789/363/789 788/361/788 787/365/787
f 790/358/790 788/361/788 789/363/789
f 789/363/789 791/359/791 790/358/790
f 790/358/790 791/359/791 792/353/792
f 792/353/792 791/359/791 793/354/793
f 794/335/794 795/338/795 796/337/796
f 796/337/796 795/338/795 793/354/793
f 793/354/793 797/360/797 796/337/796
f 797/360/797 793/354/793 791/359/791
f 791/359/791 789/363/789 797/360/797
f 798/364/798 797/360/797 789/363/789
f 787/365/787 798/364/798 789/363/789
f 798/364/798 787/365/787 786/366/786
f 796/337/796 797/360/797 798/364/798
f 799/377/799 786/366/786 785/376/785
f 786/366/786 799/377/799 798/364/798
f 800/336/800 798/364/798 799/377/799
f 798/364/798 800/336/800 796/337/796
f 801/334/801 796/337/796 800/336/800
f 796/337/796 801/334/801 794/335/794
f 794/335/794 801/334/801 802/320/802
f 802/320/802 803/316/803 794/335/794
f 803/316/803 802/320/802 804/317/804
f 804/317/804 805/311/805 803/316/803
f 806/379/806 782/373/782 807/573/807
f 782/373/782 806/379/806 783/375/783
f 783/375/783 806/379/806 808/378/808
f 808/378/808 785/376/785 783/375/783
f 809/385/809 785/376/785 808/378/808
f 785/376/785 809/385/809 799/377/799
f 810/386/810 799/377/799 809/385/809
f 799/377/799 810/386/810 800/336/800
f 811/333/811 800/336/800 810/386/810
f 800/336/800 811/333/811 801/334/801
f 808/378/808 812/384/812 809/385/809
f 813/381/813 814/389/814 815/383/815
f 815/383/815 814/389/814 816/388/816
f 816/388/816 812/384/812 815/383/815
f 812/384/812 816/388/816 817/387/817
f 817/387/817 809/385/809 812/384/812
f 809/385/809 817/387/817 810/386/810
f 818/332/818 810/386/810 817/387/817
f 810/386/810 818/332/818 811/333/811
f 811/333/811 818/332/818 819/324/819
f 819/324/819 820/326/820 811/333/811
f 821/325/821 820/326/820 819/324/819
f 820/326/820 821/325/821 822/327/822
f 823/390/823 824/329/824 825/330/825
f 825/330/825 826/391/826 823/390/823
f 814/389/814 826/391/826 825/330/825
f 825/330/825 816/388/816 814/389/814
f 816/388/816 825/330/825 827/331/827
f 827/331/827 817/387/817 816/388/816
f 817/387/817 827/331/827 818/332/818
f 818/332/818 827/331/827 828/323/828
f 828/323/828 819/324/819 818/332/818
f 829/321/829 819/324/819 828/323/828
f 819/324/819 829/321/829 821/325/821
f 824/329/824 828/323/828 827/331/827
f 827/331/827 825/330/825 824/329/824
f 828/323/828 830/322/830 829/321/829
f 830/322/830 828/323/828 824/329/824
f 824/329/824 831/395/831 830/322/830
f 831/395/831 824/329/824 823/390/823
f 823/390/823 832/394/832 831/395/831
f 832/394/832 823/390/823 833/393/833
f 833/393/833 823/390/823 826/391/826
f 826/391/826 834/392/834 833/393/833
f 813/381/813 834/392/834 826/391/826
f 826/391/826 814/389/814 813/381/813
f 833/393/833 835/396/835 832/394/832
f 836/574/836 837/380/837 838/575/838
f 837/380/837 836/574/836 839/382/839
f 839/382/839 815/383/815 837/380/837
f 815/383/815 839/382/839 813/381/813
f 837/380/837 815/383/815 812/384/812
f 812/384/812 808/378/808 837/380/837
f 837/380/837 808/378/808 806/379/806
f 806/379/806 838/575/838 837/380/837
f 807/573/807 838/575/838 806/379/806
f 840/576/840 841/577/841 842/578/842
f 842/578/842 841/577/841 843/579/843
f 843/579/843 844/580/844 842/578/842
f 845/581/845 844/580/844 843/579/843
f 843/579/843 846/582/846 845/581/845
f 807/573/807 845/581/845 846/582/846
f 846/582/846 847/583/847 807/573/807
f 838/575/838 807/573/807 847/583/847
f 847/583/847 848/584/848 838/575/838
f 838/575/838 848/584/848 836/574/836
f 849/585/849 850/586/850 840/576/840
f 840/576/840 775/570/775 849/585/849
f 842/578/842 775/570/775 840/576/840
f 775/570/775 842/578/842 773/568/773
f 773/568/773 842/578/842 844/580/844
f 844/580/844 780/572/780 773/568/773
f 780/572/780 844/580/844 845/581/845
f 845/581/845 781/372/781 780/572/780
f 781/372/781 845/581/845 807/573/807
f 807/573/807 782/373/782 781/372/781
f 748/548/748 851/587/851 763/561/763
f 772/567/772 763/561/763 851/587/851
f 851/587/851 852/588/852 772/567/772
f 774/569/774 772/567/772 852/588/852
f 852/588/852 853/589/853 774/569/774
f 775/570/775 774/569/774 853/589/853
f 853/589/853 849/585/849 775/570/775
f 854/523/854 855/492/855 856/491/856
f 857/530/857 858/529/858 859/525/859
f 860/522/860 859/525/859 858/529/858
f 858/529/858 861/528/861 860/522/860
f 854/523/854 860/522/860 862/528/862
f 862/528/862 863/527/863 854/523/854
f 855/492/855 854/523/854 863/527/863
f 863/527/863 864/526/864 855/492/855
f 855/492/855 864/526/864 414/413/414
f 414/413/414 410/410/410 855/492/855
f 856/491/856 855/492/855 410/410/410
f 859/525/859 860/522/860 865/521/865
f 866/516/866 867/515/867 865/521/865
f 867/515/867 868/520/868 865/521/865
f 865/521/865 868/520/868 859/525/859
f 869/524/869 859/525/859 868/520/868
f 859/525/859 869/524/869 857/530/857
f 857/530/857 869/524/869 870/531/870
f 870/531/870 871/535/871 857/530/857
f 872/532/872 871/535/871 870/531/870
f 870/531/870 868/520/868 872/532/872
f 872/532/872 868/520/868 873/519/873
f 868/520/868 870/531/870 869/524/869
f 874/534/874 875/533/875 873/519/873
f 873/519/873 875/533/875 872/532/872
f 867/515/867 873/519/873 868/520/868
f 873/519/873 867/515/867 874/534/874
f 475/473/475 874/534/874 867/515/867
f 867/515/867 876/514/876 475/473/475
f 475/473/475 876/514/876 471/469/471
f 471/469/471 876/514/876 877/513/877
f 877/513/877 468/466/468 471/469/471
f 878/511/878 468/466/468 877/513/877
f 469/467/469 468/466/468 878/511/878
f 878/511/878 879/509/879 469/467/469
f 877/513/877 876/514/876 867/515/867
f 880/510/880 879/509/879 878/511/878
f 877/513/877 881/504/881 878/511/878
f 882/508/882 879/509/879 883/507/883
f 883/507/883 879/509/879 880/510/880
f 880/510/880 884/506/884 883/507/883
f 885/543/885 886/540/886 884/506/884
f 884/506/884 880/510/880 885/543/885
f 880/510/880 887/512/887 885/543/885
f 878/511/878 887/512/887 880/510/880
f 888/503/888 887/512/887 878/511/878
f 878/511/878 881/504/881 888/503/888
f 888/503/888 881/504/881 889/502/889
f 889/502/889 881/504/881 877/513/877
f 877/513/877 866/516/866 889/502/889
f 867/515/867 866/516/866 877/513/877
f 885/543/885 887/512/887 888/503/888
f 886/540/886 885/543/885 890/542/890
f 890/542/890 891/539/891 886/540/886
f 416/415/416 886/540/886 891/539/891
f 407/407/407 418/417/418 408/408/408
f 408/408/408 418/417/418 892/536/892
f 892/536/892 418/417/418 416/415/416
f 416/415/416 893/538/893 892/536/892
f 891/539/891 893/538/893 416/415/416
f 891/539/891 894/541/894 893/538/893
f 891/539/891 890/542/890 894/541/894
f 890/542/890 895/590/895 894/541/894
f 895/590/895 890/542/890 885/543/885
f 885/543/885 896/544/896 895/590/895
f 893/538/893 894/541/894 892/536/892
f 897/537/897 892/536/892 894/541/894
f 892/536/892 897/537/897 408/408/408
f 898/591/898 894/541/894 899/592/899
f 899/592/899 894/541/894 895/590/895
f 900/593/900 899/592/899 895/590/895
f 895/590/895 896/544/896 900/593/900
f 901/499/901 900/593/900 896/544/896
f 896/544/896 902/505/902 901/499/901
f 903/497/903 904/498/904 901/499/901
f 904/498/904 900/593/900 901/499/901
f 905/594/905 900/593/900 904/498/904
f 900/593/900 905/594/905 898/591/898
f 898/591/898 899/592/899 900/593/900
f 888/503/888 896/544/896 885/543/885
f 902/505/902 896/544/896 888/503/888
f 889/502/889 902/505/902 888/503/888
f 901/499/901 902/505/902 889/502/889
f 889/502/889 906/501/906 901/499/901
f 901/499/901 906/501/906 903/497/903
f 907/500/907 903/497/903 906/501/906
f 907/500/907 908/496/908 903/497/903
f 909/518/909 908/496/908 907/500/907
f 908/496/908 909/518/909 860/522/860
f 860/522/860 909/518/909 910/517/910
f 910/517/910 865/521/865 860/522/860
f 865/521/865 910/517/910 866/516/866
f 889/502/889 866/516/866 910/517/910
f 910/517/910 906/501/906 889/502/889
f 906/501/906 910/517/910 909/518/909
f 909/518/909 907/500/907 906/501/906
f 860/522/860 854/523/854 908/496/908
f 856/491/856 908/496/908 854/523/854
f 908/496/908 856/491/856 911/493/911
f 911/493/911 903/497/903 908/496/908
f 904/498/904 903/497/903 911/493/911
f 911/493/911 912/495/912 904/498/904
f 904/498/904 912/495/912 905/594/905
f 912/495/912 913/494/913 905/594/905
f 913/494/913 912/495/912 911/493/911
f 410/410/410 403/403/403 856/491/856
f 911/493/911 856/491/856 403/403/403
f 403/403/403 404/404/404 911/493/911
f 911/493/911 404/404/404 913/494/913
f 405/405/405 913/494/913 404/404/404
f 913/494/913 405/405/405 408/408/408
f 408/408/408 905/594/905 913/494/913
f 905/594/905 408/408/408 897/537/897
f 897/537/897 898/591/898 905/594/905
f 898/591/898 897/537/897 894/541/894
f 914/595/914 915/596/915 916/597/916
f 915/596/915 914/595/914 917/598/917
f 917/598/917 914/595/914 918/599/918
f 919/600/919 920/601/920 916/597/916
f 916/597/916 915/596/915 919/600/919
f 915/596/915 921/602/921 919/600/919
f 917/598/917 921/602/921 915/596/915
f 921/602/921 917/598/917 922/603/922
f 918/599/918 922/603/922 917/598/917
f 922/603/922 918/599/918 923/604/923
f 924/605/924 923/604/923 918/599/918
f 925/347/925 919/600/919 921/602/921
f 755/349/755 925/347/925 744/348/744
f 745/346/745 744/348/744 925/347/925
f 921/602/921 745/346/745 925/347/925
f 921/602/921 746/546/746 745/346/745
f 922/603/922 746/546/746 921/602/921
f 746/546/746 922/603/922 750/550/750
f 923/604/923 750/550/750 922/603/922
f 750/550/750 923/604/923 926/606/926
f 927/607/927 926/606/926 923/604/923
f 923/604/923 924/605/924 927/607/927
f 928/608/928 927/607/927 924/605/924
f 926/606/926 747/547/747 750/550/750
f 929/609/929 930/610/930 931/611/931
f 931/611/931 932/612/932 929/609/929
f 933/613/933 932/612/932 931/611/931
f 931/611/931 920/601/920 933/613/933
f 934/614/934 933/613/933 920/601/920
f 920/601/920 919/600/919 934/614/934
f 935/615/935 934/614/934 919/600/919
f 919/600/919 925/347/925 935/615/935
f 936/350/936 935/615/935 925/347/925
f 925/347/925 755/349/755 936/350/936
f 937/616/937 920/601/920 931/611/931
f 938/617/938 934/614/934 935/615/935
f 936/350/936 938/617/938 935/615/935
f 939/618/939 938/617/938 936/350/936
f 938/617/938 939/618/939 940/619/940
f 940/619/940 939/618/939 941/620/941
f 941/620/941 942/621/942 940/619/940
f 940/619/940 943/622/943 938/617/938
f 944/344/944 936/350/936 755/349/755
f 936/350/936 944/344/944 939/618/939
f 939/618/939 944/344/944 945/343/945
f 945/343/945 941/620/941 939/618/939
f 945/343/945 946/345/946 941/620/941
f 941/620/941 946/345/946 947/304/947
f 946/345/946 948/341/948 949/305/949
f 948/341/948 946/345/946 945/343/945
f 945/343/945 950/342/950 948/341/948
f 950/342/950 945/343/945 944/344/944
f 944/344/944 951/351/951 950/342/950
f 755/349/755 951/351/951 944/344/944
f 951/351/951 755/349/755 952/356/952
f 754/355/754 952/356/952 755/349/755
f 758/556/758 952/356/952 754/355/754
f 754/355/754 757/555/757 758/556/758
f 953/352/953 950/342/950 951/351/951
f 792/353/792 950/342/950 953/352/953
f 950/342/950 792/353/792 954/340/954
f 954/340/954 948/341/948 950/342/950
f 955/339/955 948/341/948 954/340/954
f 948/341/948 955/339/955 956/314/956
f 956/314/956 949/305/949 948/341/948
f 793/354/793 954/340/954 792/353/792
f 795/338/795 954/340/954 793/354/793
f 955/339/955 954/340/954 795/338/795
f 795/338/795 794/335/794 955/339/955
f 956/314/956 955/339/955 794/335/794
f 956/314/956 794/335/794 803/316/803
f 803/316/803 957/315/957 956/314/956
f 957/315/957 803/316/803 805/311/805
f 805/311/805 958/623/958 957/315/957
f 959/624/959 958/623/958 805/311/805
f 960/625/960 958/623/958 959/624/959
f 960/625/960 959/624/959 961/309/961
f 961/309/961 962/310/962 960/625/960
f 963/300/963 962/310/962 961/309/961
f 962/310/962 963/300/963 949/305/949
f 949/305/949 964/313/964 962/310/962
f 964/313/964 949/305/949 956/314/956
f 964/313/964 956/314/956 957/315/957
f 957/315/957 958/623/958 964/313/964
f 962/310/962 964/313/964 958/623/958
f 958/623/958 960/625/960 962/310/962
f 959/624/959 805/311/805 965/307/965
f 959/624/959 965/307/965 966/308/966
f 966/308/966 961/309/961 959/624/959
f 966/308/966 967/299/967 961/309/961
f 961/309/961 967/299/967 963/300/963
f 963/300/963 967/299/967 968/293/968
f 969/294/969 963/300/963 968/293/968
f 970/292/970 969/294/969 968/293/968
f 970/292/970 971/296/971 969/294/969
f 972/295/972 971/296/971 970/292/970
f 972/295/972 970/292/970 968/293/968
f 973/297/973 971/296/971 974/288/974
f 971/296/971 973/297/973 975/167/975
f 971/296/971 975/167/975 969/294/969
f 969/294/969 975/167/975 976/303/976
f 976/303/976 977/302/977 969/294/969
f 969/294/969 977/302/977 978/301/978
f 978/301/978 963/300/963 969/294/969
f 963/300/963 978/301/978 947/304/947
f 947/304/947 949/305/949 963/300/963
f 949/305/949 947/304/947 946/345/946
f 979/275/979 980/276/980 981/306/981
f 982/274/982 980/276/980 979/275/979
f 980/276/980 982/274/982 983/279/983
f 984/280/984 983/279/983 982/274/982
f 974/288/974 983/279/983 984/280/984
f 984/280/984 985/289/985 974/288/974
f 974/288/974 985/289/985 973/297/973
f 985/289/985 986/290/986 973/297/973
f 975/167/975 973/297/973 986/290/986
f 986/290/986 987/291/987 975/167/975
f 988/281/988 984/280/984 989/272/989
f 982/274/982 989/272/989 984/280/984
f 990/626/990 991/283/991 992/282/992
f 992/282/992 991/283/991 988/281/988
f 993/284/993 988/281/988 991/283/991
f 993/284/993 984/280/984 988/281/988
f 985/289/985 984/280/984 993/284/993
f 993/284/993 986/290/986 985/289/985
f 986/290/986 993/284/993 994/285/994
f 994/285/994 987/291/987 986/290/986
f 987/291/987 994/285/994 991/283/991
f 991/283/991 990/626/990 987/291/987
f 994/285/994 993/284/993 991/283/991
f 995/166/995 975/167/975 987/291/987
f 987/291/987 990/626/990 995/166/995
f 990/626/990 996/627/996 995/166/995
f 992/282/992 996/627/996 990/626/990
f 996/627/996 992/282/992 997/277/997
f 988/281/988 997/277/997 992/282/992
f 997/277/997 988/281/988 998/270/998
f 989/272/989 998/270/998 988/281/988
f 998/270/998 989/272/989 999/271/999
f 1000/273/1000 999/271/999 989/272/989
f 989/272/989 982/274/982 1000/273/1000
f 979/275/979 1000/273/1000 982/274/982
f 1001/169/1001 1002/168/1002 1003/171/1003
f 1004/628/1004 1003/171/1003 1002/168/1002
f 996/627/996 1004/628/1004 1002/168/1002
f 996/627/996 1005/250/1005 1004/628/1004
f 997/277/997 1005/250/1005 996/627/996
f 1005/250/1005 997/277/997 1006/268/1006
f 998/270/998 1006/268/1006 997/277/997
f 1006/268/1006 998/270/998 1007/269/1007
f 999/271/999 1007/269/1007 998/270/998
f 1008/629/1008 1003/171/1003 1004/628/1004
f 1004/628/1004 1005/250/1005 1008/629/1008
f 1007/269/1007 1009/267/1009 1006/268/1006
f 1002/168/1002 995/166/995 996/627/996
f 1010/161/1010 976/303/976 975/167/975
f 975/167/975 995/166/995 1010/161/1010
f 1011/160/1011 1010/161/1010 995/166/995
f 995/166/995 1002/168/1002 1011/160/1011
f 1012/162/1012 1011/160/1011 1002/168/1002
f 1002/168/1002 1001/169/1001 1012/162/1012
f 1013/164/1013 1012/162/1012 1001/169/1001
f 1001/169/1001 1014/170/1014 1013/164/1013
f 1013/164/1013 1014/170/1014 1015/123/1015
f 1016/199/1016 1015/123/1015 1014/170/1014
f 1015/123/1015 1017/153/1017 1013/164/1013
f 1017/153/1017 1015/123/1015 1018/124/1018
f 1018/124/1018 1019/154/1019 1017/153/1017
f 1020/159/1020 1010/161/1010 1011/160/1011
f 1012/162/1012 1020/159/1020 1011/160/1011
f 1021/163/1021 1020/159/1020 1012/162/1012
f 1012/162/1012 1013/164/1013 1021/163/1021
f 1021/163/1021 1013/164/1013 1017/153/1017
f 1017/153/1017 1022/165/1022 1021/163/1021
f 1017/153/1017 1019/154/1019 1022/165/1022
f 1022/165/1022 1019/154/1019 1023/155/1023
f 1024/132/1024 1023/155/1023 1019/154/1019
f 1019/154/1019 1018/124/1018 1024/132/1024
f 1025/127/1025 1024/132/1024 1018/124/1018
f 1023/155/1023 1024/132/1024 1026/149/1026
f 1026/149/1026 1027/156/1027 1023/155/1023
f 1028/630/1028 1029/631/1029 1020/159/1020
f 1020/159/1020 1021/163/1021 1028/630/1028
f 1028/630/1028 1021/163/1021 1022/165/1022
f 1022/165/1022 1030/632/1030 1028/630/1028
f 1031/125/1031 1018/124/1018 1015/123/1015
f 1032/126/1032 1018/124/1018 1031/125/1031
f 1018/124/1018 1032/126/1032 1025/127/1025
f 1025/127/1025 1032/126/1032 1033/128/1033
f 1025/127/1025 1033/128/1033 1034/129/1034
f 1035/122/1035 1034/129/1034 1033/128/1033
f 1033/128/1033 1036/201/1036 1035/122/1035
f 1037/204/1037 1035/122/1035 1036/201/1036
f 1036/201/1036 1038/203/1038 1037/204/1037
f 1039/205/1039 1037/204/1037 1038/203/1038
f 1034/129/1034 1035/122/1035 1040/130/1040
f 1041/120/1041 1040/130/1040 1035/122/1035
f 1040/130/1040 1041/120/1041 1042/131/1042
f 1043/221/1043 1044/633/1044 1045/634/1045
f 1045/634/1045 1046/220/1046 1043/221/1043
f 1046/220/1046 1045/634/1045 1047/635/1047
f 1047/635/1047 1048/215/1048 1046/220/1046
f 1048/215/1048 1047/635/1047 1049/636/1049
f 1049/636/1049 1050/210/1050 1048/215/1048
f 1050/210/1050 1049/636/1049 1051/637/1051
f 1051/637/1051 1039/205/1039 1050/210/1050
f 1039/205/1039 1051/637/1051 1052/638/1052
f 1052/638/1052 1037/204/1037 1039/205/1039
f 1037/204/1037 1052/638/1052 1053/121/1053
f 1053/121/1053 1035/122/1035 1037/204/1037
f 1035/122/1035 1053/121/1053 1041/120/1041
f 1038/203/1038 1054/209/1054 1039/205/1039
f 1050/210/1050 1039/205/1039 1054/209/1054
f 1054/209/1054 1055/214/1055 1050/210/1050
f 1048/215/1048 1050/210/1050 1055/214/1055
f 1055/214/1055 1056/216/1056 1048/215/1048
f 1046/220/1046 1048/215/1048 1056/216/1056
f 1056/216/1056 1057/219/1057 1046/220/1046
f 1043/221/1043 1046/220/1046 1057/219/1057
f 1057/219/1057 1058/222/1058 1043/221/1043
f 1059/223/1059 1058/222/1058 1057/219/1057
f 1038/203/1038 1060/202/1060 1061/208/1061
f 1061/208/1061 1054/209/1054 1038/203/1038
f 1054/209/1054 1061/208/1061 1062/213/1062
f 1062/213/1062 1055/214/1055 1054/209/1054
f 1055/214/1055 1062/213/1062 1063/217/1063
f 1063/217/1063 1056/216/1056 1055/214/1055
f 1056/216/1056 1063/217/1063 1064/218/1064
f 1064/218/1064 1057/219/1057 1056/216/1056
f 1057/219/1057 1064/218/1064 1059/223/1059
f 1059/223/1059 1064/218/1064 1065/224/1065
f 1065/224/1065 1064/218/1064 1063/217/1063
f 1063/217/1063 1066/225/1066 1065/224/1065
f 1066/225/1066 1063/217/1063 1062/213/1062
f 1062/213/1062 1067/212/1067 1066/225/1066
f 1067/212/1067 1062/213/1062 1061/208/1061
f 1061/208/1061 1068/207/1068 1067/212/1067
f 1068/207/1068 1061/208/1061 1060/202/1060
f 1060/202/1060 1069/206/1069 1068/207/1068
f 1070/211/1070 1067/212/1067 1068/207/1068
f 1067/212/1067 1070/211/1070 1071/228/1071
f 1071/228/1071 1066/225/1066 1067/212/1067
f 1066/225/1066 1071/228/1071 1072/227/1072
f 1072/227/1072 1065/224/1065 1066/225/1066
f 1073/226/1073 1065/224/1065 1072/227/1072
f 1065/224/1065 1073/226/1073 1059/223/1059
f 1072/227/1072 1071/228/1071 1074/229/1074
f 1071/228/1071 1070/211/1070 1075/238/1075
f 1075/238/1075 1074/229/1074 1071/228/1071
f 1076/234/1076 1074/229/1074 1075/238/1075
f 1077/240/1077 1078/239/1078 1079/247/1079
f 1078/239/1078 1077/240/1077 1076/234/1076
f 1076/234/1076 1080/237/1080 1078/239/1078
f 1075/238/1075 1080/237/1080 1076/234/1076
f 1080/237/1080 1075/238/1075 1081/189/1081
f 1081/189/1081 1075/238/1075 1070/211/1070
f 1070/211/1070 1082/190/1082 1081/189/1081
f 1068/207/1068 1082/190/1082 1070/211/1070
f 1082/190/1082 1068/207/1068 1069/206/1069
f 1081/189/1081 1083/187/1083 1080/237/1080
f 1080/237/1080 1083/187/1083 1084/177/1084
f 1084/177/1084 1078/239/1078 1080/237/1080
f 1078/239/1078 1084/177/1084 1085/248/1085
f 1085/248/1085 1079/247/1079 1078/239/1078
f 1079/247/1079 1085/248/1085 1086/252/1086
f 1086/252/1086 1087/253/1087 1079/247/1079
f 1088/257/1088 1087/253/1087 1086/252/1086
f 1087/253/1087 1088/257/1088 1089/258/1089
f 1089/258/1089 1090/254/1090 1087/253/1087
f 1091/246/1091 1079/247/1079 1087/253/1087
f 1087/253/1087 1090/254/1090 1091/246/1091
f 1092/245/1092 1091/246/1091 1090/254/1090
f 1090/254/1090 1093/244/1093 1092/245/1092
f 1090/254/1090 1089/258/1089 1094/259/1094
f 1094/259/1094 1093/244/1093 1090/254/1090
f 1093/244/1093 1094/259/1094 1095/260/1095
f 1095/260/1095 1096/243/1096 1093/244/1093
f 1093/244/1093 1096/243/1096 1097/242/1097
f 1097/242/1097 1092/245/1092 1093/244/1093
f 1098/241/1098 1092/245/1092 1097/242/1097
f 1091/246/1091 1092/245/1092 1098/241/1098
f 1098/241/1098 1077/240/1077 1091/246/1091
f 1079/247/1079 1091/246/1091 1077/240/1077
f 1097/242/1097 1099/233/1099 1098/241/1098
f 1100/231/1100 1098/241/1098 1099/233/1099
f 1077/240/1077 1098/241/1098 1100/231/1100
f 1100/231/1100 1076/234/1076 1077/240/1077
f 1074/229/1074 1076/234/1076 1100/231/1100
f 1100/231/1100 1101/230/1101 1074/229/1074
f 1074/229/1074 1101/230/1101 1072/227/1072
f 1102/235/1102 1072/227/1072 1101/230/1101
f 1072/227/1072 1102/235/1102 1073/226/1073
f 1099/233/1099 1103/232/1103 1100/231/1100
f 1101/230/1101 1100/231/1100 1103/232/1103
f 1103/232/1103 1104/236/1104 1101/230/1101
f 1101/230/1101 1104/236/1104 1102/235/1102
f 1105/463/1105 1106/465/1106 1107/464/1107
f 1107/464/1107 1106/465/1106 1108/453/1108
f 506/457/506 1109/456/1109 600/451/600
f 1109/456/1109 506/457/506 507/455/507
f 507/455/507 1110/454/1110 1109/456/1109
f 1108/453/1108 1110/454/1110 507/455/507
f 507/455/507 497/460/497 1108/453/1108
f 1108/453/1108 497/460/497 1107/464/1107
f 498/462/498 1107/464/1107 497/460/497
f 1107/464/1107 498/462/498 1105/463/1105
f 1105/463/1105 498/462/498 496/461/496
f 496/461/496 576/412/576 1105/463/1105
f 792/353/792 953/352/953 790/358/790
f 790/358/790 953/352/953 1111/357/1111
f 951/351/951 1111/357/1111 953/352/953
f 952/356/952 1111/357/1111 951/351/951
f 1111/357/1111 952/356/952 758/556/758
f 758/556/758 1112/639/1112 1111/357/1111
f 765/362/765 1112/639/1112 758/556/758
f 790/358/790 1112/639/1112 765/362/765
f 765/362/765 788/361/788 790/358/790
f 788/361/788 765/362/765 766/367/766
f 1111/357/1111 1112/639/1112 790/358/790
f 1113/593/1113 1114/594/1114 1115/591/1115
f 680/537/680 1115/591/1115 1114/594/1114
f 1114/594/1114 632/408/632 680/537/680
f 632/408/632 1114/594/1114 633/494/633
f 714/544/714 711/505/711 712/499/712
f 712/499/712 1113/593/1113 714/544/714
f 719/498/719 1113/593/1113 712/499/712
f 1114/594/1114 1113/593/1113 719/498/719
f 719/498/719 720/495/720 1114/594/1114
f 720/495/720 633/494/633 1114/594/1114
f 633/494/633 720/495/720 642/493/642
f 642/493/642 634/404/634 633/494/633
f 637/403/637 634/404/634 642/493/642
f 635/401/635 634/404/634 637/403/637
f 680/537/680 679/536/679 691/541/691
f 1115/591/1115 680/537/680 691/541/691
f 1115/591/1115 691/541/691 1116/592/1116
f 1115/591/1115 1116/592/1116 1113/593/1113
f 1113/593/1113 1116/592/1116 1117/590/1117
f 1117/590/1117 714/544/714 1113/593/1113
f 693/543/693 714/544/714 1117/590/1117
f 709/503/709 714/544/714 693/543/693
f 693/543/693 699/512/699 709/503/709
f 709/503/709 699/512/699 700/511/700
f 1116/592/1116 691/541/691 1117/590/1117
f 692/542/692 1117/590/1117 691/541/691
f 1117/590/1117 692/542/692 693/543/693
f 1118/448/1118 1119/452/1119 1120/447/1120
f 1120/447/1120 1119/452/1119 1121/445/1121
f 1122/443/1122 1123/442/1123 666/435/666
f 666/435/666 669/444/669 1122/443/1122
f 1121/445/1121 1122/443/1122 669/444/669
f 669/444/669 668/446/668 1121/445/1121
f 1121/445/1121 668/446/668 1120/447/1120
f 662/432/662 1120/447/1120 668/446/668
f 1120/447/1120 662/432/662 1118/448/1118
f 1118/448/1118 662/432/662 661/431/661
f 661/431/661 1124/449/1124 1118/448/1118
f 1125/450/1125 1124/449/1124 661/431/661
f 661/431/661 658/430/658 1125/450/1125
f 657/451/657 1125/450/1125 658/430/658
f 1126/175/1126 1127/178/1127 1128/249/1128
f 1128/249/1128 1129/251/1129 1126/175/1126
f 1130/256/1130 1129/251/1129 1128/249/1128
f 1129/251/1129 1130/256/1130 1131/255/1131
f 1132/176/1132 1133/179/1133 1127/178/1127
f 1127/178/1127 1126/175/1126 1132/176/1132
f 1084/177/1084 1132/176/1132 1126/175/1126
f 1126/175/1126 1085/248/1085 1084/177/1084
f 1085/248/1085 1126/175/1126 1129/251/1129
f 1129/251/1129 1086/252/1086 1085/248/1085
f 1131/255/1131 1086/252/1086 1129/251/1129
f 1086/252/1086 1131/255/1131 1088/257/1088
f 1130/256/1130 1006/268/1006 1009/267/1009
f 1009/267/1009 1134/266/1134 1130/256/1130
f 1131/255/1131 1130/256/1130 1134/266/1134
f 1134/266/1134 1135/265/1135 1131/255/1131
f 1088/257/1088 1131/255/1131 1135/265/1135
f 1135/265/1135 1136/264/1136 1088/257/1088
f 1089/258/1089 1088/257/1088 1136/264/1136
f 1136/264/1136 1137/263/1137 1089/258/1089
f 1094/259/1094 1089/258/1089 1137/263/1137
f 1137/263/1137 1138/262/1138 1094/259/1094
f 1095/260/1095 1094/259/1094 1138/262/1138
f 1138/262/1138 1139/261/1139 1095/260/1095
f 1014/170/1014 1001/169/1001 1140/174/1140
f 1141/173/1141 1140/174/1140 1001/169/1001
f 1003/171/1003 1141/173/1141 1001/169/1001
f 1141/173/1141 1003/171/1003 1142/172/1142
f 1008/629/1008 1142/172/1142 1003/171/1003
f 1142/172/1142 1008/629/1008 1127/178/1127
f 1127/178/1127 1008/629/1008 1005/250/1005
f 1005/250/1005 1128/249/1128 1127/178/1127
f 1006/268/1006 1128/249/1128 1005/250/1005
f 1128/249/1128 1006/268/1006 1130/256/1130
f 1143/182/1143 1144/198/1144 1145/192/1145
f 1145/192/1145 1144/198/1144 1146/183/1146
f 1146/183/1146 1144/198/1144 1147/181/1147
f 1147/181/1147 1144/198/1144 1143/182/1143
f 1143/182/1143 1140/174/1140 1147/181/1147
f 1147/181/1147 1140/174/1140 1141/173/1141
f 1141/173/1141 1148/180/1148 1147/181/1147
f 1142/172/1142 1148/180/1148 1141/173/1141
f 1149/193/1149 1150/191/1150 1151/490/1151
f 1152/188/1152 1151/490/1151 1150/191/1150
f 1150/191/1150 1146/183/1146 1152/188/1152
f 1152/188/1152 1146/183/1146 1153/184/1153
f 1147/181/1147 1153/184/1153 1146/183/1146
f 1154/185/1154 1153/184/1153 1147/181/1147
f 1147/181/1147 1148/180/1148 1154/185/1154
f 1133/179/1133 1154/185/1154 1148/180/1148
f 1148/180/1148 1142/172/1142 1133/179/1133
f 1127/178/1127 1133/179/1133 1142/172/1142
f 1132/176/1132 1154/185/1154 1133/179/1133
f 1154/185/1154 1132/176/1132 1155/186/1155
f 1155/186/1155 1153/184/1153 1154/185/1154
f 1153/184/1153 1155/186/1155 1152/188/1152
f 1152/188/1152 1155/186/1155 1083/187/1083
f 1083/187/1083 1155/186/1155 1132/176/1132
f 1132/176/1132 1084/177/1084 1083/187/1083
f 1146/183/1146 1150/191/1150 1145/192/1145
f 1145/192/1145 1150/191/1150 1149/193/1149
f 1149/193/1149 1156/194/1156 1145/192/1145
f 1156/194/1156 1149/193/1149 1157/195/1157
f 1069/206/1069 1157/195/1157 1149/193/1149
f 1151/490/1151 1069/206/1069 1149/193/1149
f 1069/206/1069 1151/490/1151 1082/190/1082
f 1082/190/1082 1151/490/1151 1152/188/1152
f 1152/188/1152 1081/189/1081 1082/190/1082
f 1083/187/1083 1081/189/1081 1152/188/1152
f 1069/206/1069 1060/202/1060 1158/197/1158
f 1158/197/1158 1157/195/1157 1069/206/1069
f 1159/196/1159 1157/195/1157 1158/197/1158
f 1157/195/1157 1159/196/1159 1156/194/1156
f 1160/200/1160 1156/194/1156 1159/196/1159
f 1145/192/1145 1156/194/1156 1160/200/1160
f 1160/200/1160 1016/199/1016 1145/192/1145
f 1145/192/1145 1016/199/1016 1143/182/1143
f 1014/170/1014 1143/182/1143 1016/199/1016
f 1140/174/1140 1143/182/1143 1014/170/1014
f 1158/197/1158 1161/133/1161 1159/196/1159
f 1160/200/1160 1015/123/1015 1016/199/1016
f 1015/123/1015 1160/200/1160 1031/125/1031
f 1159/196/1159 1031/125/1031 1160/200/1160
f 1161/133/1161 1031/125/1031 1159/196/1159
f 1032/126/1032 1031/125/1031 1161/133/1161
f 1161/133/1161 1033/128/1033 1032/126/1032
f 1033/128/1033 1161/133/1161 1158/197/1158
f 1158/197/1158 1036/201/1036 1033/128/1033
f 1036/201/1036 1158/197/1158 1060/202/1060
f 1060/202/1060 1038/203/1038 1036/201/1036
f 1162/470/1162 1163/480/1163 1164/479/1164
f 705/468/705 698/481/698 1163/480/1163
f 1163/480/1163 1162/470/1162 705/468/705
f 1165/469/1165 705/468/705 1162/470/1162
f 1165/469/1165 1162/470/1162 1166/471/1166
f 1167/478/1167 1164/479/1164 1163/480/1163
f 1168/476/1168 1164/479/1164 1167/478/1167
f 1164/479/1164 1168/476/1168 1162/470/1162
f 1169/475/1169 1162/470/1162 1168/476/1168
f 1166/471/1166 1162/470/1162 1169/475/1169
f 1169/475/1169 1170/474/1170 1166/471/1166
f 1166/471/1166 1170/474/1170 1171/472/1171
f 1171/472/1171 1165/469/1165 1166/471/1166
f 1165/469/1165 1171/472/1171 1172/473/1172
f 1172/473/1172 1173/514/1173 1165/469/1165
f 1167/478/1167 1174/477/1174 1168/476/1168
f 1168/476/1168 1174/477/1174 1169/475/1169
f 705/468/705 1165/469/1165 706/466/706
f 707/513/707 706/466/706 1165/469/1165
f 1165/469/1165 1173/514/1173 707/513/707
f 707/513/707 1173/514/1173 715/515/715
f 715/515/715 1173/514/1173 1172/473/1172
f 1172/473/1172 1175/534/1175 715/515/715
f 721/519/721 715/515/715 1175/534/1175
f 1175/534/1175 1176/533/1176 721/519/721
f 721/519/721 1176/533/1176 731/532/731
f 731/532/731 722/520/722 721/519/721
f 1177/640/1177 1178/641/1178 1179/642/1179
f 1180/643/1180 1181/644/1181 1182/645/1182
f 1178/641/1178 1182/645/1182 1181/644/1181
f 1183/646/1183 1182/645/1182 1178/641/1178
f 1178/641/1178 1177/640/1177 1183/646/1183
f 1183/646/1183 1177/640/1177 1184/647/1184
f 1177/640/1177 1185/648/1185 1184/647/1184
f 1179/642/1179 1185/648/1185 1177/640/1177
f 1185/648/1185 1179/642/1179 1186/649/1186
f 1187/650/1187 1188/651/1188 1182/645/1182
f 1182/645/1182 1183/646/1183 1187/650/1187
f 1187/650/1187 1183/646/1183 937/616/937
f 1184/647/1184 937/616/937 1183/646/1183
f 937/616/937 1184/647/1184 920/601/920
f 920/601/920 1184/647/1184 1185/648/1185
f 1185/648/1185 916/597/916 920/601/920
f 1186/649/1186 916/597/916 1185/648/1185
f 916/597/916 1186/649/1186 914/595/914
f 1186/649/1186 1179/642/1179 914/595/914
f 1189/652/1189 1188/651/1188 1187/650/1187
f 1187/650/1187 1190/653/1190 1189/652/1189
f 1191/654/1191 1189/652/1189 1190/653/1190
f 1192/655/1192 1190/653/1190 1187/650/1187
f 1187/650/1187 1193/656/1193 1192/655/1192
f 937/616/937 1193/656/1193 1187/650/1187
f 1193/656/1193 937/616/937 1194/657/1194
f 1194/657/1194 937/616/937 931/611/931
f 1194/657/1194 931/611/931 1192/655/1192
f 1193/656/1193 1194/657/1194 1192/655/1192
f 1195/38/1195 1196/32/1196 1197/33/1197
f 1198/658/1198 1196/32/1196 1195/38/1195
f 1199/659/1199 1196/32/1196 1198/658/1198
f 1199/659/1199 1198/658/1198 1191/654/1191
f 1199/659/1199 1191/654/1191 1200/660/1200
f 1190/653/1190 1200/660/1200 1191/654/1191
f 1201/661/1201 1200/660/1200 1190/653/1190
f 1190/653/1190 1192/655/1192 1201/661/1201
f 930/610/930 1201/661/1201 1192/655/1192
f 931/611/931 930/610/930 1192/655/1192
f 1200/660/1200 1201/661/1201 1202/662/1202
f 1200/660/1200 1202/662/1202 1199/659/1199
f 1203/31/1203 1199/659/1199 1202/662/1202
f 1203/31/1203 1196/32/1196 1199/659/1199
f 1196/32/1196 1203/31/1203 1204/30/1204
f 1204/30/1204 1197/33/1197 1196/32/1196
f 1205/22/1205 1197/33/1197 1204/30/1204
f 1204/30/1204 930/610/930 1205/22/1205
f 1206/20/1206 1205/22/1205 930/610/930
f 930/610/930 929/609/929 1206/20/1206
f 1202/662/1202 1201/661/1201 930/610/930
f 930/610/930 1204/30/1204 1202/662/1202
f 1202/662/1202 1204/30/1204 1203/31/1203
f 1205/22/1205 1206/20/1206 1207/19/1207
f 1208/11/1208 1207/19/1207 1206/20/1206
f 1209/3/1209 1210/2/1210 1211/1/1211
f 1211/1/1211 1212/10/1212 1209/3/1209
f 1209/3/1209 1212/10/1212 1208/11/1208
f 1213/18/1213 1208/11/1208 1212/10/1212
f 1213/18/1213 1207/19/1207 1208/11/1208
f 1214/23/1214 1207/19/1207 1213/18/1213
f 1207/19/1207 1214/23/1214 1205/22/1205
f 1215/34/1215 1205/22/1205 1214/23/1214
f 1197/33/1197 1205/22/1205 1215/34/1215
f 1197/33/1197 1215/34/1215 1195/38/1195
f 1195/38/1195 1216/39/1216 1198/658/1198
f 1216/39/1216 1195/38/1195 1215/34/1215
f 1215/34/1215 1217/40/1217 1216/39/1216
f 1215/34/1215 1218/35/1218 1217/40/1217
f 1214/23/1214 1218/35/1218 1215/34/1215
f 1219/663/1219 1220/664/1220 1221/665/1221
f 1221/665/1221 1222/666/1222 1219/663/1219
f 1219/663/1219 1222/666/1222 1223/46/1223
f 1217/40/1217 1223/46/1223 1222/666/1222
f 1224/49/1224 1223/46/1223 1217/40/1217
f 1217/40/1217 1225/41/1225 1224/49/1224
f 1225/41/1225 1217/40/1217 1218/35/1218
f 1218/35/1218 1226/36/1226 1225/41/1225
f 1218/35/1218 1214/23/1214 1226/36/1226
f 1226/36/1226 1214/23/1214 1227/24/1227
f 1228/45/1228 1229/43/1229 1230/44/1230
f 1229/43/1229 1228/45/1228 1231/57/1231
f 1232/56/1232 1231/57/1231 1228/45/1228
f 1224/49/1224 1231/57/1231 1232/56/1232
f 1232/56/1232 1233/48/1233 1224/49/1224
f 1223/46/1223 1224/49/1224 1233/48/1233
f 1233/48/1233 1234/47/1234 1223/46/1223
f 1223/46/1223 1234/47/1234 1219/663/1219
f 1235/667/1235 1219/663/1219 1234/47/1234
f 1220/664/1220 1219/663/1219 1235/667/1235
f 1236/668/1236 1235/667/1235 1237/669/1237
f 1234/47/1234 1237/669/1237 1235/667/1235
f 1238/54/1238 1237/669/1237 1234/47/1234
f 1234/47/1234 1233/48/1233 1238/54/1238
f 1239/55/1239 1238/54/1238 1233/48/1233
f 1233/48/1233 1232/56/1232 1239/55/1239
f 1240/59/1240 1239/55/1239 1232/56/1232
f 1232/56/1232 1241/58/1241 1240/59/1240
f 1241/58/1241 1232/56/1232 1228/45/1228
f 1228/45/1228 1242/67/1242 1241/58/1241
f 1240/59/1240 1241/58/1241 1243/68/1243
f 1244/119/1244 1242/67/1242 1230/44/1230
f 1230/44/1230 1242/67/1242 1228/45/1228
f 1243/68/1243 1241/58/1241 1242/67/1242
f 1242/67/1242 1244/119/1244 1243/68/1243
f 1243/68/1243 1244/119/1244 1245/79/1245
f 1246/29/1246 1245/79/1245 1244/119/1244
f 1247/82/1247 1245/79/1245 1246/29/1246
f 1246/29/1246 1248/117/1248 1247/82/1247
f 1249/28/1249 1248/117/1248 1246/29/1246
f 1246/29/1246 1250/27/1250 1249/28/1249
f 1249/28/1249 1250/27/1250 1251/16/1251
f 1252/21/1252 1251/16/1251 1250/27/1250
f 1253/78/1253 1245/79/1245 1247/82/1247
f 1245/79/1245 1253/78/1253 1243/68/1243
f 1254/60/1254 1240/59/1240 1255/69/1255
f 1243/68/1243 1255/69/1255 1240/59/1240
f 1256/77/1256 1255/69/1255 1243/68/1243
f 1243/68/1243 1253/78/1253 1256/77/1256
f 1256/77/1256 1253/78/1253 1257/80/1257
f 1247/82/1247 1257/80/1257 1253/78/1253
f 1257/80/1257 1247/82/1247 1258/81/1258
f 1258/81/1258 1247/82/1247 1248/117/1248
f 1248/117/1248 1259/116/1259 1258/81/1258
f 1259/116/1259 1248/117/1248 1249/28/1249
f 1260/51/1260 1261/670/1261 1262/671/1262
f 1262/671/1262 1263/50/1263 1260/51/1260
f 1264/52/1264 1260/51/1260 1263/50/1263
f 1263/50/1263 1265/53/1265 1264/52/1264
f 1266/61/1266 1264/52/1264 1265/53/1265
f 1265/53/1265 1254/60/1254 1266/61/1266
f 1266/61/1266 1254/60/1254 1267/70/1267
f 1255/69/1255 1267/70/1267 1254/60/1254
f 1268/76/1268 1267/70/1267 1255/69/1255
f 1255/69/1255 1256/77/1256 1268/76/1268
f 1269/672/1269 1270/673/1270 1261/670/1261
f 1262/671/1262 1261/670/1261 1270/673/1270
f 1270/673/1270 1236/668/1236 1262/671/1262
f 1237/669/1237 1262/671/1262 1236/668/1236
f 1263/50/1263 1262/671/1262 1237/669/1237
f 1237/669/1237 1238/54/1238 1263/50/1263
f 1265/53/1265 1263/50/1263 1238/54/1238
f 1238/54/1238 1239/55/1239 1265/53/1265
f 1254/60/1254 1265/53/1265 1239/55/1239
f 1239/55/1239 1240/59/1240 1254/60/1254
f 1235/667/1235 1271/674/1271 1220/664/1220
f 1271/674/1271 1235/667/1235 1236/668/1236
f 1236/668/1236 1272/675/1272 1271/674/1271
f 1272/675/1272 1236/668/1236 1270/673/1270
f 1270/673/1270 1273/676/1273 1272/675/1272
f 1273/676/1273 1270/673/1270 1269/672/1269
f 1269/672/1269 1274/677/1274 1273/676/1273
f 1275/678/1275 1276/679/1276 1274/677/1274
f 1274/677/1274 1269/672/1269 1275/678/1275
f 1275/678/1275 1269/672/1269 1277/680/1277
f 1261/670/1261 1277/680/1277 1269/672/1269
f 1278/681/1278 1277/680/1277 1261/670/1261
f 1261/670/1261 1260/51/1260 1278/681/1278
f 1279/63/1279 1278/681/1278 1260/51/1260
f 1260/51/1260 1264/52/1264 1279/63/1279
f 1280/62/1280 1279/63/1279 1264/52/1264
f 1264/52/1264 1266/61/1266 1280/62/1280
f 1281/71/1281 1282/75/1282 1283/72/1283
f 1283/72/1283 1284/112/1284 1281/71/1281
f 1281/71/1281 1284/112/1284 1280/62/1280
f 1285/66/1285 1280/62/1280 1284/112/1284
f 1280/62/1280 1285/66/1285 1286/64/1286
f 1286/64/1286 1279/63/1279 1280/62/1280
f 1279/63/1279 1286/64/1286 1287/65/1287
f 1287/65/1287 1278/681/1278 1279/63/1279
f 1277/680/1277 1278/681/1278 1287/65/1287
f 1287/65/1287 1288/682/1288 1277/680/1277
f 1277/680/1277 1288/682/1288 1275/678/1275
f 1289/115/1289 1290/114/1290 1283/72/1283
f 1284/112/1284 1283/72/1283 1290/114/1290
f 1290/114/1290 1291/113/1291 1284/112/1284
f 1284/112/1284 1291/113/1291 1285/66/1285
f 1292/106/1292 1293/105/1293 1294/95/1294
f 1295/97/1295 1294/95/1294 1293/105/1293
f 1296/91/1296 1294/95/1294 1295/97/1295
f 1295/97/1295 1297/90/1297 1296/91/1296
f 1296/91/1296 1297/90/1297 1298/85/1298
f 1299/86/1299 1298/85/1298 1297/90/1297
f 1298/85/1298 1299/86/1299 1300/74/1300
f 1301/73/1301 1300/74/1300 1299/86/1299
f 1300/74/1300 1301/73/1301 1283/72/1283
f 1283/72/1283 1301/73/1301 1289/115/1289
f 1302/107/1302 1289/115/1289 1301/73/1301
f 1301/73/1301 1303/100/1303 1302/107/1302
f 1299/86/1299 1303/100/1303 1301/73/1301
f 1303/100/1303 1299/86/1299 1304/99/1304
f 1297/90/1297 1304/99/1304 1299/86/1299
f 1305/98/1305 1304/99/1304 1297/90/1297
f 1297/90/1297 1295/97/1295 1305/98/1305
f 1305/98/1305 1295/97/1295 1306/104/1306
f 1293/105/1293 1306/104/1306 1295/97/1295
f 1307/102/1307 1308/101/1308 1304/99/1304
f 1304/99/1304 1305/98/1305 1307/102/1307
f 1304/99/1304 1308/101/1308 1303/100/1303
f 1302/107/1302 1303/100/1303 1308/101/1308
f 1308/101/1308 1309/108/1309 1302/107/1302
f 1310/109/1310 1309/108/1309 1308/101/1308
f 1308/101/1308 1307/102/1307 1310/109/1310
f 1310/109/1310 1307/102/1307 1311/110/1311
f 1312/103/1312 1311/110/1311 1307/102/1307
f 1307/102/1307 1305/98/1305 1312/103/1312
f 1306/104/1306 1312/103/1312 1305/98/1305
f 1311/110/1311 1313/111/1313 1310/109/1310
f 1225/41/1225 1226/36/1226 1314/42/1314
f 1224/49/1224 1225/41/1225 1314/42/1314
f 1314/42/1314 1231/57/1231 1224/49/1224
f 1231/57/1231 1314/42/1314 1229/43/1229
f 1315/37/1315 1229/43/1229 1314/42/1314
f 1314/42/1314 1226/36/1226 1315/37/1315
f 1227/24/1227 1315/37/1315 1226/36/1226
f 1316/6/1316 1317/8/1317 1318/4/1318
f 1319/9/1319 1318/4/1318 1317/8/1317
f 1317/8/1317 1251/16/1251 1319/9/1319
f 1320/17/1320 1319/9/1319 1251/16/1251
f 1251/16/1251 1252/21/1252 1320/17/1320
f 1320/17/1320 1252/21/1252 1227/24/1227
f 1321/25/1321 1227/24/1227 1252/21/1252
f 1315/37/1315 1227/24/1227 1321/25/1321
f 1315/37/1315 1321/25/1321 1230/44/1230
f 1230/44/1230 1229/43/1229 1315/37/1315
f 1213/18/1213 1227/24/1227 1214/23/1214
f 1227/24/1227 1213/18/1213 1320/17/1320
f 1212/10/1212 1320/17/1320 1213/18/1213
f 1319/9/1319 1320/17/1320 1212/10/1212
f 1212/10/1212 1211/1/1211 1319/9/1319
f 1319/9/1319 1211/1/1211 1318/4/1318
f 1211/1/1211 1322/5/1322 1318/4/1318
f 1323/145/1323 1324/151/1324 1325/147/1325
f 1026/149/1026 1325/147/1325 1324/151/1324
f 1326/152/1326 1026/149/1026 1324/151/1324
f 1027/156/1027 1026/149/1026 1326/152/1326
f 1326/152/1326 1327/157/1327 1027/156/1027
f 1328/158/1328 1327/157/1327 1326/152/1326
f 1326/152/1326 1329/7/1329 1328/158/1328
f 1322/5/1322 1328/158/1328 1329/7/1329
f 1329/7/1329 1316/6/1316 1322/5/1322
f 1318/4/1318 1322/5/1322 1316/6/1316
f 1330/683/1330 1331/684/1331 1332/685/1332
f 1332/685/1332 1331/684/1331 1326/152/1326
f 1331/684/1331 1329/7/1329 1326/152/1326
f 1331/684/1331 1333/686/1333 1329/7/1329
f 1329/7/1329 1333/686/1333 1334/687/1334
f 1332/685/1332 1326/152/1326 1324/151/1324
f 1330/683/1330 1332/685/1332 1324/151/1324
f 1335/150/1335 1330/683/1330 1324/151/1324
f 1331/684/1331 1330/683/1330 1335/150/1335
f 1335/150/1335 1336/688/1336 1331/684/1331
f 1333/686/1333 1331/684/1331 1336/688/1336
f 1336/688/1336 1337/689/1337 1333/686/1333
f 1337/689/1337 1334/687/1334 1333/686/1333
f 1338/690/1338 1334/687/1334 1337/689/1337
f 1337/689/1337 1339/691/1339 1338/690/1338
f 1338/690/1338 1339/691/1339 1340/692/1340
f 1339/691/1339 1337/689/1337 1336/688/1336
f 1336/688/1336 1341/693/1341 1339/691/1339
f 1341/693/1341 1336/688/1336 1335/150/1335
f 1335/150/1335 1342/694/1342 1341/693/1341
f 1343/695/1343 1344/696/1344 1340/692/1340
f 1340/692/1340 1339/691/1339 1343/695/1343
f 1345/697/1345 1343/695/1343 1339/691/1339
f 1339/691/1339 1341/693/1341 1345/697/1345
f 1346/143/1346 1345/697/1345 1341/693/1341
f 1341/693/1341 1342/694/1342 1346/143/1346
f 1346/143/1346 1342/694/1342 1347/144/1347
f 1347/144/1347 1342/694/1342 1335/150/1335
f 1335/150/1335 1323/145/1323 1347/144/1347
f 1324/151/1324 1323/145/1323 1335/150/1335
f 1345/697/1345 1346/143/1346 1348/141/1348
f 1348/141/1348 1346/143/1346 1349/140/1349
f 1347/144/1347 1349/140/1349 1346/143/1346
f 1349/140/1349 1347/144/1347 1350/142/1350
f 1350/142/1350 1347/144/1347 1323/145/1323
f 1323/145/1323 1351/146/1351 1350/142/1350
f 1325/147/1325 1351/146/1351 1323/145/1323
f 1351/146/1351 1325/147/1325 1352/148/1352
f 1352/148/1352 1325/147/1325 1026/149/1026
f 1026/149/1026 1353/134/1353 1352/148/1352
f 1350/142/1350 1354/138/1354 1349/140/1349
f 1354/138/1354 1350/142/1350 1355/137/1355
f 1356/488/1356 1355/137/1355 1350/142/1350
f 1356/488/1356 1350/142/1350 1351/146/1351
f 1351/146/1351 1352/148/1352 1356/488/1356
f 1357/487/1357 1356/488/1356 1352/148/1352
f 1352/148/1352 1353/134/1353 1357/487/1357
f 1358/489/1358 1357/487/1357 1353/134/1353
f 1353/134/1353 1359/135/1359 1358/489/1358
f 1360/136/1360 1358/489/1358 1359/135/1359
f 1357/487/1357 1358/489/1358 1356/488/1356
f 1356/488/1356 1358/489/1358 1355/137/1355
f 1355/137/1355 1358/489/1358 1360/136/1360
f 1353/134/1353 1026/149/1026 1024/132/1024
f 1024/132/1024 1359/135/1359 1353/134/1353
f 1359/135/1359 1024/132/1024 1025/127/1025
f 1359/135/1359 1025/127/1025 1360/136/1360
f 1034/129/1034 1360/136/1360 1025/127/1025
f 1360/136/1360 1034/129/1034 1355/137/1355
f 1040/130/1040 1355/137/1355 1034/129/1034
f 1355/137/1355 1040/130/1040 1354/138/1354
f 1042/131/1042 1354/138/1354 1040/130/1040
f 1354/138/1354 1042/131/1042 1361/139/1361
f 1361/139/1361 1349/140/1349 1354/138/1354
f 1349/140/1349 1361/139/1361 1348/141/1348
f 1362/96/1362 1363/92/1363 1364/93/1364
f 1364/93/1364 1365/698/1365 1362/96/1362
f 1362/96/1362 1365/698/1365 1366/699/1366
f 1367/700/1367 1366/699/1366 1365/698/1365
f 1365/698/1365 1344/696/1344 1367/700/1367
f 1368/701/1368 1367/700/1367 1344/696/1344
f 1344/696/1344 1343/695/1343 1368/701/1368
f 1369/702/1369 1368/701/1368 1343/695/1343
f 1343/695/1343 1345/697/1345 1369/702/1369
f 1348/141/1348 1369/702/1369 1345/697/1345
f 1268/76/1268 1256/77/1256 1370/83/1370
f 1257/80/1257 1370/83/1370 1256/77/1256
f 1370/83/1370 1257/80/1257 1371/88/1371
f 1372/89/1372 1371/88/1371 1257/80/1257
f 1371/88/1371 1372/89/1372 1364/93/1364
f 1373/94/1373 1364/93/1364 1372/89/1372
f 1365/698/1365 1364/93/1364 1373/94/1373
f 1373/94/1373 1374/703/1374 1365/698/1365
f 1344/696/1344 1365/698/1365 1374/703/1374
f 1374/703/1374 1340/692/1340 1344/696/1344
f 1372/89/1372 1375/15/1375 1373/94/1373
f 1376/13/1376 1373/94/1373 1375/15/1375
f 1375/15/1375 1377/14/1377 1376/13/1376
f 1375/15/1375 1259/116/1259 1377/14/1377
f 1259/116/1259 1375/15/1375 1372/89/1372
f 1372/89/1372 1258/81/1258 1259/116/1259
f 1257/80/1257 1258/81/1258 1372/89/1372
f 1249/28/1249 1377/14/1377 1259/116/1259
f 1377/14/1377 1249/28/1249 1251/16/1251
f 1251/16/1251 1317/8/1317 1377/14/1377
f 1376/13/1376 1377/14/1377 1317/8/1317
f 1378/704/1378 1376/13/1376 1317/8/1317
f 1378/704/1378 1373/94/1373 1376/13/1376
f 1374/703/1374 1373/94/1373 1378/704/1378
f 1378/704/1378 1379/705/1379 1374/703/1374
f 1340/692/1340 1374/703/1374 1379/705/1379
f 1379/705/1379 1380/706/1380 1340/692/1340
f 1317/8/1317 1316/6/1316 1378/704/1378
f 1338/690/1338 1340/692/1340 1380/706/1380
f 1381/707/1381 1338/690/1338 1380/706/1380
f 1334/687/1334 1338/690/1338 1381/707/1381
f 1381/707/1381 1382/708/1382 1334/687/1334
f 1334/687/1334 1382/708/1382 1329/7/1329
f 1316/6/1316 1329/7/1329 1382/708/1382
f 1382/708/1382 1383/709/1383 1316/6/1316
f 1383/709/1383 1378/704/1378 1316/6/1316
f 1379/705/1379 1378/704/1378 1383/709/1383
f 1383/709/1383 1380/706/1380 1379/705/1379
f 1380/706/1380 1383/709/1383 1382/708/1382
f 1382/708/1382 1381/707/1381 1380/706/1380
f 1384/710/1384 1385/711/1385 1386/712/1386
f 1384/710/1384 1386/712/1386 1387/713/1387
f 1388/714/1388 1389/715/1389 1390/716/1390
f 1387/713/1387 1390/716/1390 1389/715/1389
f 1389/715/1389 1391/717/1391 1387/713/1387
f 1392/718/1392 1387/713/1387 1391/717/1391
f 1387/713/1387 1392/718/1392 1384/710/1384
f 1393/719/1393 1384/710/1384 1392/718/1392
f 1394/720/1394 1384/710/1384 1393/719/1393
f 1384/710/1384 1394/720/1394 1385/711/1385
f 1385/711/1385 1394/720/1394 1395/721/1395
f 1395/721/1395 1396/722/1396 1385/711/1385
f 1397/723/1397 1398/724/1398 1399/725/1399
f 1398/724/1398 1397/723/1397 1393/719/1393
f 1393/719/1393 1400/726/1400 1398/724/1398
f 1392/718/1392 1400/726/1400 1393/719/1393
f 1400/726/1400 1392/718/1392 1401/727/1401
f 1391/717/1391 1401/727/1401 1392/718/1392
f 1401/727/1401 1391/717/1391 1402/728/1402
f 1402/728/1402 1391/717/1391 1389/715/1389
f 1389/715/1389 1403/729/1403 1402/728/1402
f 1389/715/1389 1388/714/1388 1403/729/1403
f 1403/729/1403 1388/714/1388 1404/730/1404
f 1404/730/1404 1402/728/1402 1403/729/1403
f 1405/731/1405 1402/728/1402 1404/730/1404
f 1402/728/1402 1405/731/1405 1401/727/1401
f 1406/732/1406 1401/727/1401 1405/731/1405
f 1401/727/1401 1406/732/1406 1400/726/1400
f 1400/726/1400 1406/732/1406 1407/733/1407
f 1407/733/1407 1398/724/1398 1400/726/1400
f 1398/724/1398 1407/733/1407 1408/734/1408
f 1408/734/1408 1399/725/1399 1398/724/1398
f 1404/730/1404 1409/735/1409 1405/731/1405
f 1405/731/1405 1409/735/1409 1410/736/1410
f 1411/737/1411 1412/738/1412 1413/739/1413
f 1413/739/1413 1408/734/1408 1411/737/1411
f 1407/733/1407 1411/737/1411 1408/734/1408
f 1399/725/1399 1408/734/1408 1413/739/1413
f 1413/739/1413 1414/740/1414 1399/725/1399
f 1415/741/1415 1414/740/1414 1413/739/1413
f 1413/739/1413 1412/738/1412 1415/741/1415
f 1416/742/1416 1415/741/1415 1412/738/1412
f 1412/738/1412 1411/737/1411 1416/742/1416
f 1416/742/1416 1411/737/1411 1417/743/1417
f 1411/737/1411 1407/733/1407 1417/743/1417
f 1417/743/1417 1407/733/1407 1406/732/1406
f 1406/732/1406 1418/744/1418 1417/743/1417
f 1419/745/1419 1416/742/1416 1420/746/1420
f 1421/747/1421 1416/742/1416 1419/745/1419
f 1415/741/1415 1416/742/1416 1421/747/1421
f 1415/741/1415 1421/747/1421 1422/748/1422
f 1415/741/1415 1422/748/1422 1423/749/1423
f 1415/741/1415 1423/749/1423 1424/750/1424
f 1424/750/1424 1414/740/1414 1415/741/1415
f 1414/740/1414 1424/750/1424 1425/751/1425
f 1425/751/1425 1399/725/1399 1414/740/1414
f 1399/725/1399 1425/751/1425 1397/723/1397
f 1397/723/1397 1426/752/1426 1427/753/1427
f 1397/723/1397 1425/751/1425 1426/752/1426
f 1428/754/1428 1426/752/1426 1425/751/1425
f 1425/751/1425 1424/750/1424 1428/754/1428
f 1429/755/1429 1428/754/1428 1424/750/1424
f 1424/750/1424 1430/756/1430 1429/755/1429
f 1430/756/1430 1424/750/1424 1423/749/1423
f 1423/749/1423 1431/757/1431 1430/756/1430
f 1431/757/1431 1423/749/1423 1422/748/1422
f 1422/748/1422 1432/758/1432 1431/757/1431
f 1422/748/1422 1421/747/1421 1432/758/1432
f 1433/759/1433 1432/758/1432 1421/747/1421
f 1428/754/1428 1429/755/1429 1434/760/1434
f 1434/760/1434 1435/761/1435 1428/754/1428
f 1426/752/1426 1428/754/1428 1435/761/1435
f 1435/761/1435 1427/753/1427 1426/752/1426
f 1427/753/1427 1435/761/1435 1436/762/1436
f 1436/762/1436 1437/763/1437 1427/753/1427
f 1436/762/1436 1438/764/1438 1439/765/1439
f 1434/760/1434 1438/764/1438 1436/762/1436
f 1436/762/1436 1435/761/1435 1434/760/1434
f 1440/766/1440 1441/767/1441 1442/768/1442
f 1442/768/1442 1396/722/1396 1440/766/1440
f 1439/765/1439 1440/766/1440 1396/722/1396
f 1396/722/1396 1395/721/1395 1439/765/1439
f 1439/765/1439 1395/721/1395 1436/762/1436
f 1436/762/1436 1395/721/1395 1394/720/1394
f 1394/720/1394 1437/763/1437 1436/762/1436
f 1393/719/1393 1437/763/1437 1394/720/1394
f 1427/753/1427 1437/763/1437 1393/719/1393
f 1393/719/1393 1397/723/1397 1427/753/1427
f 1386/712/1386 1385/711/1385 1396/722/1396
f 1396/722/1396 1442/768/1442 1386/712/1386
f 1387/713/1387 1386/712/1386 1442/768/1442
f 1442/768/1442 1390/716/1390 1387/713/1387
f 1388/714/1388 1390/716/1390 1442/768/1442
f 1442/768/1442 1443/769/1443 1388/714/1388
f 1410/736/1410 1409/735/1409 1444/770/1444
f 1445/771/1445 1444/770/1444 1409/735/1409
f 1409/735/1409 1404/730/1404 1445/771/1445
f 1445/771/1445 1404/730/1404 1446/772/1446
f 1388/714/1388 1446/772/1446 1404/730/1404
f 1388/714/1388 1447/773/1447 1446/772/1446
f 1388/714/1388 1443/769/1443 1447/773/1447
f 1447/773/1447 1443/769/1443 1448/774/1448
f 1449/767/1449 1448/774/1448 1443/769/1443
f 1443/769/1443 1442/768/1442 1449/767/1449
f 1450/775/1450 1451/776/1451 1452/777/1452
f 1451/776/1451 1450/775/1450 1453/778/1453
f 1453/778/1453 1454/779/1454 1451/776/1451
f 1454/779/1454 1453/778/1453 1446/772/1446
f 1446/772/1446 1455/780/1455 1454/779/1454
f 1447/773/1447 1455/780/1455 1446/772/1446
f 1448/774/1448 1455/780/1455 1447/773/1447
f 1450/775/1450 1456/781/1456 1457/782/1457
f 1457/782/1457 1453/778/1453 1450/775/1450
f 1453/778/1453 1457/782/1457 1458/783/1458
f 1458/783/1458 1446/772/1446 1453/778/1453
f 1446/772/1446 1459/783/1459 1445/771/1445
f 1457/782/1457 1460/771/1460 1458/783/1458
f 1456/781/1456 1460/771/1460 1457/782/1457
f 1461/784/1461 1460/771/1460 1456/781/1456
f 1461/784/1461 1456/781/1456 1450/775/1450
f 1450/775/1450 1462/785/1462 1461/784/1461
f 1452/777/1452 1462/785/1462 1450/775/1450
f 1452/777/1452 1463/786/1463 1462/785/1462
f 1461/784/1461 1462/785/1462 1463/786/1463
f 1463/786/1463 1464/787/1464 1461/784/1461
f 1464/787/1464 1460/771/1460 1461/784/1461
f 1460/771/1460 1464/787/1464 1465/788/1465
f 1465/788/1465 1444/770/1444 1460/771/1460
f 1466/789/1466 1444/770/1444 1465/788/1465
f 1465/788/1465 1467/790/1467 1466/789/1466
f 1466/789/1466 1467/790/1467 1468/791/1468
f 1469/792/1469 1467/790/1467 1465/788/1465
f 1465/788/1465 1470/793/1470 1469/792/1469
f 1463/786/1463 1470/793/1470 1465/788/1465
f 1465/788/1465 1464/787/1464 1463/786/1463
f 1468/791/1468 1467/790/1467 1469/792/1469
f 1469/792/1469 1471/794/1471 1468/791/1468
f 1468/791/1468 1471/794/1471 1472/795/1472
f 1472/795/1472 1473/796/1473 1468/791/1468
f 1474/797/1474 1475/798/1475 1476/799/1476
f 1476/799/1476 1475/798/1475 1472/795/1472
f 1472/795/1472 1475/798/1475 1477/800/1477
f 1477/800/1477 1473/796/1473 1472/795/1472
f 1473/796/1473 1477/800/1477 1478/801/1478
f 1468/791/1468 1473/796/1473 1478/801/1478
f 1478/801/1478 1479/802/1479 1468/791/1468
f 1468/791/1468 1479/802/1479 1466/789/1466
f 1410/736/1410 1466/789/1466 1480/802/1480
f 1444/770/1444 1466/789/1466 1410/736/1410
f 1477/800/1477 1475/798/1475 1474/797/1474
f 1480/802/1480 1481/803/1481 1410/736/1410
f 1481/803/1481 1480/802/1480 1482/801/1482
f 1410/736/1410 1481/803/1481 1483/804/1483
f 1483/804/1483 1481/803/1481 1484/805/1484
f 1482/801/1482 1484/805/1484 1481/803/1481
f 1485/806/1485 1484/805/1484 1482/801/1482
f 1482/801/1482 1486/807/1486 1485/806/1485
f 1487/808/1487 1485/806/1485 1488/807/1488
f 1488/807/1488 1489/809/1489 1487/808/1487
f 1474/797/1474 1487/808/1487 1489/809/1489
f 1489/809/1489 1490/810/1490 1474/797/1474
f 1474/797/1474 1490/810/1490 1477/800/1477
f 1477/800/1477 1490/810/1490 1478/801/1478
f 1490/810/1490 1489/809/1489 1478/801/1478
f 1489/809/1489 1488/807/1488 1478/801/1478
f 1491/811/1491 1492/812/1492 1493/813/1493
f 1493/813/1493 1494/814/1494 1491/811/1491
f 1494/814/1494 1493/813/1493 1495/815/1495
f 1495/815/1495 1496/816/1496 1494/814/1494
f 1495/815/1495 1485/806/1485 1496/816/1496
f 1497/817/1497 1496/816/1496 1485/806/1485
f 1485/806/1485 1487/808/1487 1497/817/1497
f 1498/818/1498 1497/817/1497 1487/808/1487
f 1487/808/1487 1474/797/1474 1498/818/1498
f 1476/799/1476 1498/818/1498 1474/797/1474
f 1492/812/1492 1499/819/1499 1500/820/1500
f 1500/820/1500 1493/813/1493 1492/812/1492
f 1500/820/1500 1495/815/1495 1493/813/1493
f 1500/820/1500 1485/806/1485 1495/815/1495
f 1500/820/1500 1484/805/1484 1485/806/1485
f 1484/805/1484 1500/820/1500 1501/821/1501
f 1501/821/1501 1502/822/1502 1484/805/1484
f 1502/822/1502 1501/821/1501 1503/823/1503
f 1503/823/1503 1504/824/1504 1502/822/1502
f 1505/825/1505 1504/824/1504 1503/823/1503
f 1503/823/1503 1501/821/1501 1500/820/1500
f 1500/820/1500 1499/819/1499 1503/823/1503
f 1503/823/1503 1499/819/1499 1505/825/1505
f 1504/824/1504 1505/825/1505 1506/826/1506
f 1506/826/1506 1507/827/1507 1504/824/1504
f 1507/827/1507 1502/822/1502 1504/824/1504
f 1502/822/1502 1507/827/1507 1483/804/1483
f 1484/805/1484 1502/822/1502 1483/804/1483
f 1508/828/1508 1509/829/1509 1483/804/1483
f 1483/804/1483 1507/827/1507 1508/828/1508
f 1510/830/1510 1508/828/1508 1507/827/1507
f 1507/827/1507 1506/826/1506 1510/830/1510
f 1511/831/1511 1510/830/1510 1506/826/1506
f 1506/826/1506 1512/832/1512 1511/831/1511
f 1512/832/1512 1506/826/1506 1505/825/1505
f 1505/825/1505 1513/833/1513 1512/832/1512
f 1513/833/1513 1505/825/1505 1499/819/1499
f 1499/819/1499 1492/812/1492 1513/833/1513
f 1514/834/1514 1509/829/1509 1515/835/1515
f 1509/829/1509 1508/828/1508 1515/835/1515
f 1515/835/1515 1508/828/1508 1516/836/1516
f 1517/837/1517 1518/838/1518 1519/839/1519
f 1511/831/1511 1518/838/1518 1517/837/1517
f 1520/840/1520 1518/838/1518 1511/831/1511
f 1511/831/1511 1512/832/1512 1520/840/1520
f 1512/832/1512 1521/841/1521 1520/840/1520
f 1512/832/1512 1513/833/1513 1521/841/1521
f 1522/842/1522 1521/841/1521 1513/833/1513
f 1513/833/1513 1492/812/1492 1522/842/1522
f 1523/843/1523 1522/842/1522 1492/812/1492
f 1492/812/1492 1524/811/1524 1523/843/1523
f 1522/842/1522 1523/843/1523 1525/844/1525
f 1519/839/1519 1526/845/1526 1527/846/1527
f 1525/844/1525 1526/845/1526 1519/839/1519
f 1519/839/1519 1528/847/1528 1525/844/1525
f 1525/844/1525 1528/847/1528 1522/842/1522
f 1521/841/1521 1522/842/1522 1528/847/1528
f 1528/847/1528 1520/840/1520 1521/841/1521
f 1520/840/1520 1528/847/1528 1519/839/1519
f 1519/839/1519 1518/838/1518 1520/840/1520
f 1529/848/1529 1530/849/1530 1531/850/1531
f 1531/850/1531 1530/849/1530 1532/851/1532
f 1533/852/1533 1532/851/1532 1530/849/1530
f 1530/849/1530 1534/853/1534 1533/852/1533
f 1535/854/1535 1536/852/1536 1534/853/1534
f 1534/853/1534 1537/855/1537 1535/854/1535
f 1527/846/1527 1535/854/1535 1537/855/1537
f 1537/855/1537 1538/856/1538 1527/846/1527
f 1527/846/1527 1538/856/1538 1519/839/1519
f 1519/839/1519 1538/856/1538 1517/837/1517
f 1534/853/1534 1530/849/1530 1529/848/1529
f 1539/857/1539 1540/858/1540 1541/859/1541
f 1542/860/1542 1541/859/1541 1540/858/1540
f 1542/860/1542 1529/848/1529 1541/859/1541
f 1529/848/1529 1542/860/1542 1543/861/1543
f 1529/848/1529 1543/861/1543 1534/853/1534
f 1544/862/1544 1534/853/1534 1543/861/1543
f 1537/855/1537 1534/853/1534 1544/862/1544
f 1544/862/1544 1545/863/1545 1537/855/1537
f 1538/856/1538 1537/855/1537 1545/863/1545
f 1545/863/1545 1517/837/1517 1538/856/1538
f 1540/858/1540 1546/864/1546 1542/860/1542
f 1547/865/1547 1545/863/1545 1544/862/1544
f 1547/865/1547 1544/862/1544 1548/866/1548
f 1543/861/1543 1548/866/1548 1544/862/1544
f 1548/866/1548 1543/861/1543 1542/860/1542
f 1542/860/1542 1546/864/1546 1548/866/1548
f 1549/867/1549 1548/866/1548 1546/864/1546
f 1546/864/1546 1550/868/1550 1549/867/1549
f 1550/868/1550 1546/864/1546 1540/858/1540
f 1540/858/1540 1551/869/1551 1550/868/1550
f 1551/869/1551 1540/858/1540 1539/857/1539
f 1548/866/1548 1549/867/1549 1547/865/1547
f 1547/865/1547 1517/837/1517 1545/863/1545
f 1517/837/1517 1547/865/1547 1511/831/1511
f 1511/831/1511 1547/865/1547 1549/867/1549
f 1549/867/1549 1510/830/1510 1511/831/1511
f 1510/830/1510 1549/867/1549 1550/868/1550
f 1550/868/1550 1508/828/1508 1510/830/1510
f 1508/828/1508 1550/868/1550 1551/869/1551
f 1551/869/1551 1516/836/1516 1508/828/1508
f 1516/836/1516 1551/869/1551 1552/870/1552
f 1552/870/1552 1553/871/1553 1516/836/1516
f 1541/859/1541 1529/848/1529 1539/857/1539
f 1554/872/1554 1555/873/1555 1556/874/1556
f 1556/874/1556 1555/873/1555 1557/875/1557
f 1558/876/1558 1557/875/1557 1555/873/1555
f 1559/877/1559 1557/875/1557 1558/876/1558
f 1558/876/1558 1560/878/1560 1559/877/1559
f 1561/879/1561 1559/877/1559 1560/878/1560
f 1560/878/1560 1539/857/1539 1561/879/1561
f 1561/879/1561 1539/857/1539 1562/880/1562
f 1529/848/1529 1562/880/1562 1539/857/1539
f 1529/848/1529 1531/850/1531 1562/880/1562
f 1557/875/1557 1563/881/1563 1556/874/1556
f 1564/882/1564 1565/883/1565 1556/874/1556
f 1556/874/1556 1566/884/1566 1564/882/1564
f 1567/885/1567 1566/884/1566 1556/874/1556
f 1556/874/1556 1563/881/1563 1567/885/1567
f 1567/885/1567 1563/881/1563 1568/886/1568
f 1568/886/1568 1563/881/1563 1557/875/1557
f 1557/875/1557 1569/877/1569 1568/886/1568
f 1568/886/1568 1569/877/1569 1570/879/1570
f 1570/879/1570 1571/887/1571 1568/886/1568
f 1571/887/1571 1570/879/1570 1572/888/1572
f 1568/886/1568 1571/887/1571 1573/889/1573
f 1573/889/1573 1574/890/1574 1568/886/1568
f 1568/886/1568 1574/890/1574 1567/885/1567
f 1575/891/1575 1576/892/1576 1572/888/1572
f 1573/889/1573 1571/887/1571 1572/888/1572
f 1572/888/1572 1576/892/1576 1573/889/1573
f 1577/893/1577 1573/889/1573 1576/892/1576
f 1577/893/1577 1576/892/1576 1575/891/1575
f 1575/891/1575 1578/894/1578 1577/893/1577
f 1578/894/1578 1575/891/1575 1579/895/1579
f 1579/895/1579 1580/896/1580 1578/894/1578
f 1580/896/1580 1579/895/1579 1562/880/1562
f 1562/880/1562 1581/897/1581 1580/896/1580
f 1531/850/1531 1581/897/1581 1562/880/1562
f 1532/851/1532 1581/897/1581 1531/850/1531
f 1579/895/1579 1582/898/1582 1583/899/1583
f 1582/898/1582 1579/895/1579 1575/891/1575
f 1575/891/1575 1584/900/1584 1582/898/1582
f 1572/888/1572 1584/900/1584 1575/891/1575
f 1572/888/1572 1570/879/1570 1584/900/1584
f 1584/900/1584 1570/879/1570 1582/898/1582
f 1582/898/1582 1570/879/1570 1583/899/1583
f 1562/880/1562 1585/899/1585 1561/879/1561
f 1583/899/1583 1562/880/1562 1579/895/1579
f 1586/901/1586 1587/902/1587 1553/871/1553
f 1553/871/1553 1587/902/1587 1516/836/1516
f 1516/836/1516 1587/902/1587 1515/835/1515
f 1588/903/1588 1515/835/1515 1587/902/1587
f 1589/904/1589 1515/835/1515 1588/903/1588
f 1515/835/1515 1589/904/1589 1514/834/1514
f 1514/834/1514 1589/904/1589 1590/905/1590
f 1591/906/1591 1514/834/1514 1590/905/1590
f 1509/829/1509 1514/834/1514 1591/906/1591
f 1591/906/1591 1483/804/1483 1509/829/1509
f 1588/903/1588 1592/907/1592 1589/904/1589
f 1592/907/1592 1588/903/1588 1593/908/1593
f 1592/907/1592 1593/908/1593 1594/909/1594
f 1589/904/1589 1592/907/1592 1594/909/1594
f 1594/909/1594 1595/910/1595 1589/904/1589
f 1590/905/1590 1589/904/1589 1595/910/1595
f 1595/910/1595 1406/732/1406 1590/905/1590
f 1405/731/1405 1590/905/1590 1406/732/1406
f 1590/905/1590 1405/731/1405 1591/906/1591
f 1410/736/1410 1591/906/1591 1405/731/1405
f 1483/804/1483 1591/906/1591 1410/736/1410
f 1596/911/1596 1594/909/1594 1593/908/1593
f 1597/912/1597 1595/910/1595 1594/909/1594
f 1594/909/1594 1596/911/1596 1597/912/1597
f 1597/912/1597 1596/911/1596 1598/913/1598
f 1596/911/1596 1593/908/1593 1598/913/1598
f 1599/914/1599 1598/913/1598 1593/908/1593
f 1418/744/1418 1406/732/1406 1595/910/1595
f 1600/915/1600 1418/744/1418 1595/910/1595
f 1595/910/1595 1597/912/1597 1600/915/1600
f 1600/915/1600 1597/912/1597 1601/916/1601
f 1601/916/1601 1597/912/1597 1586/901/1586
f 1598/913/1598 1586/901/1586 1597/912/1597
f 1587/902/1587 1586/901/1586 1598/913/1598
f 1598/913/1598 1599/914/1599 1587/902/1587
f 1587/902/1587 1599/914/1599 1588/903/1588
f 1599/914/1599 1593/908/1593 1588/903/1588
f 1602/917/1602 1417/743/1417 1418/744/1418
f 1418/744/1418 1600/915/1600 1602/917/1602
f 1602/917/1602 1600/915/1600 1601/916/1601
f 1603/918/1603 1553/871/1553 1552/870/1552
f 1553/871/1553 1603/918/1603 1586/901/1586
f 1603/918/1603 1604/919/1604 1586/901/1586
f 1586/901/1586 1604/919/1604 1601/916/1601
f 1605/920/1605 1601/916/1601 1604/919/1604
f 1601/916/1601 1605/920/1605 1602/917/1602
f 1606/921/1606 1602/917/1602 1605/920/1605
f 1417/743/1417 1602/917/1602 1606/921/1606
f 1606/921/1606 1420/746/1420 1417/743/1417
f 1417/743/1417 1420/746/1420 1416/742/1416
f 1607/922/1607 1608/923/1608 1605/920/1605
f 1605/920/1605 1608/923/1608 1606/921/1606
f 1609/924/1609 1420/746/1420 1606/921/1606
f 1420/746/1420 1609/924/1609 1419/745/1419
f 1610/925/1610 1611/926/1611 1612/927/1612
f 1612/927/1612 1613/928/1613 1610/925/1610
f 1613/928/1613 1612/927/1612 1419/745/1419
f 1614/929/1614 1613/928/1613 1419/745/1419
f 1419/745/1419 1609/924/1609 1614/929/1614
f 1614/929/1614 1609/924/1609 1615/930/1615
f 1606/921/1606 1615/930/1615 1609/924/1609
f 1616/931/1616 1615/930/1615 1606/921/1606
f 1606/921/1606 1608/923/1608 1616/931/1616
f 1617/932/1617 1616/931/1616 1608/923/1608
f 1612/927/1612 1611/926/1611 1618/933/1618
f 1614/929/1614 1619/934/1619 1620/935/1620
f 1620/935/1620 1621/936/1621 1614/929/1614
f 1614/929/1614 1621/936/1621 1610/925/1610
f 1610/925/1610 1613/928/1613 1614/929/1614
f 1622/937/1622 1623/938/1623 1624/939/1624
f 1622/937/1622 1625/940/1625 1623/938/1623
f 1626/941/1626 1623/938/1623 1625/940/1625
f 1625/940/1625 1627/942/1627 1626/941/1626
f 1627/942/1627 1617/932/1617 1626/941/1626
f 1617/932/1617 1627/942/1627 1628/943/1628
f 1628/943/1628 1616/931/1616 1617/932/1617
f 1615/930/1615 1616/931/1616 1628/943/1628
f 1628/943/1628 1619/934/1619 1615/930/1615
f 1615/930/1615 1619/934/1619 1614/929/1614
f 1620/935/1620 1619/934/1619 1628/943/1628
f 1628/943/1628 1629/944/1629 1620/935/1620
f 1625/940/1625 1629/944/1629 1628/943/1628
f 1628/943/1628 1627/942/1627 1625/940/1625
f 1624/939/1624 1630/945/1630 1631/946/1631
f 1631/946/1631 1632/947/1632 1624/939/1624
f 1632/947/1632 1631/946/1631 1633/948/1633
f 1633/948/1633 1634/949/1634 1632/947/1632
f 1634/949/1634 1633/948/1633 1617/932/1617
f 1631/946/1631 1617/932/1617 1633/948/1633
f 1630/945/1630 1617/932/1617 1631/946/1631
f 1626/941/1626 1617/932/1617 1630/945/1630
f 1626/941/1626 1630/945/1630 1624/939/1624
f 1624/939/1624 1623/938/1623 1626/941/1626
f 1624/939/1624 1635/950/1635 1622/937/1622
f 1635/950/1635 1624/939/1624 1632/947/1632
f 1632/947/1632 1636/951/1636 1635/950/1635
f 1636/951/1636 1632/947/1632 1634/949/1634
f 1634/949/1634 1637/952/1637 1636/951/1636
f 1638/953/1638 1637/952/1637 1634/949/1634
f 1639/954/1639 1637/952/1637 1638/953/1638
f 1608/923/1608 1607/922/1607 1617/932/1617
f 1617/932/1617 1607/922/1607 1634/949/1634
f 1640/955/1640 1634/949/1634 1607/922/1607
f 1640/955/1640 1638/953/1638 1634/949/1634
f 1640/955/1640 1641/956/1641 1638/953/1638
f 1638/953/1638 1641/956/1641 1639/954/1639
f 1642/957/1642 1639/954/1639 1641/956/1641
f 1641/956/1641 1643/958/1643 1642/957/1642
f 1644/959/1644 1642/957/1642 1643/958/1643
f 1643/958/1643 1645/960/1645 1644/959/1644
f 1643/958/1643 1641/956/1641 1640/955/1640
f 1640/955/1640 1646/961/1646 1647/962/1647
f 1640/955/1640 1647/962/1647 1643/958/1643
f 1648/963/1648 1643/958/1643 1647/962/1647
f 1645/960/1645 1643/958/1643 1648/963/1648
f 1648/963/1648 1649/964/1649 1645/960/1645
f 1650/965/1650 1645/960/1645 1649/964/1649
f 1649/964/1649 1651/966/1651 1650/965/1650
f 1652/967/1652 1651/966/1651 1649/964/1649
f 1651/966/1651 1652/967/1652 1653/968/1653
f 1653/968/1653 1652/967/1652 1654/969/1654
f 1646/961/1646 1655/970/1655 1656/971/1656
f 1656/971/1656 1647/962/1647 1646/961/1646
f 1647/962/1647 1656/971/1656 1648/963/1648
f 1657/972/1657 1655/970/1655 1646/961/1646
f 1658/973/1658 1655/970/1655 1657/972/1657
f 1655/970/1655 1658/973/1658 1654/969/1654
f 1654/969/1654 1656/971/1656 1655/970/1655
f 1656/971/1656 1654/969/1654 1652/967/1652
f 1652/967/1652 1648/963/1648 1656/971/1656
f 1652/967/1652 1649/964/1649 1648/963/1648
f 1654/969/1654 1659/974/1659 1653/968/1653
f 1659/974/1659 1654/969/1654 1658/973/1658
f 1658/973/1658 1604/919/1604 1659/974/1659
f 1604/919/1604 1658/973/1658 1605/920/1605
f 1657/972/1657 1605/920/1605 1658/973/1658
f 1605/920/1605 1657/972/1657 1607/922/1607
f 1607/922/1607 1657/972/1657 1660/975/1660
f 1660/975/1660 1640/955/1640 1607/922/1607
f 1646/961/1646 1640/955/1640 1660/975/1660
f 1646/961/1646 1660/975/1660 1657/972/1657
f 1539/857/1539 1560/878/1560 1551/869/1551
f 1551/869/1551 1560/878/1560 1558/876/1558
f 1558/876/1558 1552/870/1552 1551/869/1551
f 1661/976/1661 1552/870/1552 1558/876/1558
f 1552/870/1552 1661/976/1661 1603/918/1603
f 1604/919/1604 1603/918/1603 1661/976/1661
f 1661/976/1661 1662/977/1662 1604/919/1604
f 1659/974/1659 1604/919/1604 1662/977/1662
f 1662/977/1662 1663/978/1663 1659/974/1659
f 1653/968/1653 1659/974/1659 1663/978/1663
f 1664/979/1664 1665/980/1665 1666/981/1666
f 1666/981/1666 1665/980/1665 1667/982/1667
f 1667/982/1667 1668/983/1668 1666/981/1666
f 1668/983/1668 1667/982/1667 1663/978/1663
f 1663/978/1663 1662/977/1662 1668/983/1668
f 1662/977/1662 1669/984/1669 1668/983/1668
f 1669/984/1669 1662/977/1662 1661/976/1661
f 1666/981/1666 1668/983/1668 1669/984/1669
f 1663/978/1663 1670/985/1670 1653/968/1653
f 1670/985/1670 1663/978/1663 1667/982/1667
f 1667/982/1667 1671/986/1671 1670/985/1670
f 1671/986/1671 1667/982/1667 1665/980/1665
f 1665/980/1665 1672/987/1672 1671/986/1671
f 1672/987/1672 1665/980/1665 1664/979/1664
f 1664/979/1664 1673/988/1673 1672/987/1672
f 1664/979/1664 1674/989/1674 1673/988/1673
f 1664/979/1664 1675/990/1675 1674/989/1674
f 1664/979/1664 1676/991/1676 1675/990/1675
f 1676/991/1676 1664/979/1664 1677/992/1677
f 1678/993/1678 1679/994/1679 1671/986/1671
f 1671/986/1671 1672/987/1672 1678/993/1678
f 1680/995/1680 1678/993/1678 1672/987/1672
f 1672/987/1672 1681/996/1681 1680/995/1680
f 1682/996/1682 1672/987/1672 1673/988/1673
f 1673/988/1673 1683/997/1683 1682/996/1682
f 1683/997/1683 1673/988/1673 1674/989/1674
f 1674/989/1674 1684/998/1684 1683/997/1683
f 1674/989/1674 1675/990/1675 1684/998/1684
f 1685/999/1685 1684/998/1684 1675/990/1675
f 1678/993/1678 1680/995/1680 1686/1000/1686
f 1687/1001/1687 1688/1002/1688 1689/1003/1689
f 1686/1000/1686 1688/1002/1688 1687/1001/1687
f 1687/1001/1687 1690/1004/1690 1686/1000/1686
f 1686/1000/1686 1690/1004/1690 1678/993/1678
f 1679/994/1679 1678/993/1678 1690/1004/1690
f 1690/1004/1690 1691/1005/1691 1679/994/1679
f 1691/1005/1691 1690/1004/1690 1687/1001/1687
f 1687/1001/1687 1692/1006/1692 1691/1005/1691
f 1689/1003/1689 1644/959/1644 1645/960/1645
f 1645/960/1645 1650/965/1650 1689/1003/1689
f 1689/1003/1689 1650/965/1650 1687/1001/1687
f 1687/1001/1687 1650/965/1650 1651/966/1651
f 1651/966/1651 1692/1006/1692 1687/1001/1687
f 1653/968/1653 1692/1006/1692 1651/966/1651
f 1691/1005/1691 1692/1006/1692 1653/968/1653
f 1653/968/1653 1670/985/1670 1691/1005/1691
f 1670/985/1670 1679/994/1679 1691/1005/1691
f 1670/985/1670 1671/986/1671 1679/994/1679
f 1208/11/1208 1693/12/1693 1209/3/1209
f 1694/1007/1694 1695/1008/1695 1696/1009/1696
f 1618/933/1618 1696/1009/1696 1695/1008/1695
f 1695/1008/1695 1697/1010/1697 1618/933/1618
f 1618/933/1618 1697/1010/1697 1612/927/1612
f 1612/927/1612 1697/1010/1697 1419/745/1419
f 1697/1010/1697 1695/1008/1695 1419/745/1419
f 1695/1008/1695 1694/1007/1694 1419/745/1419
f 1419/745/1419 1694/1007/1694 1421/747/1421
f 1696/1009/1696 1421/747/1421 1694/1007/1694
f 1421/747/1421 1696/1009/1696 1433/759/1433
f 1698/1011/1698 1433/759/1433 1696/1009/1696
f 1696/1009/1696 1618/933/1618 1698/1011/1698
f 1699/1012/1699 1698/1011/1698 1618/933/1618
f 1618/933/1618 1611/926/1611 1699/1012/1699
f 1699/1012/1699 1611/926/1611 1610/925/1610
f 1700/791/1700 1701/794/1701 1702/792/1702
f 1703/795/1703 1701/794/1701 1700/791/1700
f 1700/791/1700 1704/796/1704 1703/795/1703
f 1705/797/1705 1706/818/1706 1707/799/1707
f 1707/799/1707 1708/798/1708 1705/797/1705
f 1707/799/1707 1703/795/1703 1708/798/1708
f 1709/800/1709 1708/798/1708 1703/795/1703
f 1703/795/1703 1704/796/1704 1709/800/1709
f 1704/796/1704 1710/801/1710 1709/800/1709
f 1710/801/1710 1704/796/1704 1700/791/1700
f 1700/791/1700 1711/802/1711 1710/801/1710
f 1712/801/1712 1713/802/1713 1714/803/1714
f 1715/736/1715 1714/803/1714 1713/802/1713
f 1705/797/1705 1708/798/1708 1709/800/1709
f 1715/736/1715 1716/789/1716 1717/770/1717
f 1717/770/1717 1718/735/1718 1715/736/1715
f 1715/736/1715 1718/735/1718 1719/731/1719
f 1719/731/1719 1720/906/1720 1715/736/1715
f 1721/713/1721 1722/712/1722 1723/710/1723
f 1723/710/1723 1724/718/1724 1721/713/1721
f 1725/717/1725 1721/713/1721 1724/718/1724
f 1724/718/1724 1726/727/1726 1725/717/1725
f 1726/727/1726 1727/728/1727 1725/717/1725
f 1727/728/1727 1726/727/1726 1719/731/1719
f 1728/730/1728 1727/728/1727 1719/731/1719
f 1719/731/1719 1718/735/1718 1728/730/1728
f 1729/771/1729 1728/730/1728 1718/735/1718
f 1718/735/1718 1717/770/1717 1729/771/1729
f 1730/771/1730 1717/770/1717 1731/788/1731
f 1731/788/1731 1717/770/1717 1716/789/1716
f 1716/789/1716 1732/790/1732 1731/788/1731
f 1731/788/1731 1733/787/1733 1730/771/1730
f 1713/802/1713 1716/789/1716 1715/736/1715
f 1716/789/1716 1711/802/1711 1700/791/1700
f 1700/791/1700 1732/790/1732 1716/789/1716
f 1702/792/1702 1732/790/1732 1700/791/1700
f 1731/788/1731 1732/790/1732 1702/792/1702
f 1702/792/1702 1734/793/1734 1731/788/1731
f 1731/788/1731 1734/793/1734 1735/786/1735
f 1735/786/1735 1733/787/1733 1731/788/1731
f 1736/784/1736 1733/787/1733 1735/786/1735
f 1733/787/1733 1736/784/1736 1730/771/1730
f 1737/777/1737 1738/785/1738 1735/786/1735
f 1735/786/1735 1738/785/1738 1736/784/1736
f 1736/784/1736 1738/785/1738 1739/775/1739
f 1739/775/1739 1740/781/1740 1736/784/1736
f 1739/775/1739 1738/785/1738 1737/777/1737
f 1737/777/1737 1741/776/1741 1739/775/1739
f 1736/784/1736 1740/781/1740 1730/771/1730
f 1740/781/1740 1742/782/1742 1730/771/1730
f 1742/782/1742 1740/781/1740 1739/775/1739
f 1739/775/1739 1743/778/1743 1742/782/1742
f 1743/778/1743 1739/775/1739 1741/776/1741
f 1741/776/1741 1744/779/1744 1743/778/1743
f 1745/772/1745 1743/778/1743 1744/779/1744
f 1744/779/1744 1746/780/1746 1745/772/1745
f 1747/773/1747 1745/772/1745 1746/780/1746
f 1747/773/1747 1746/780/1746 1748/774/1748
f 1749/714/1749 1728/730/1728 1745/772/1745
f 1745/772/1745 1728/730/1728 1729/771/1729
f 1729/771/1729 1750/783/1750 1745/772/1745
f 1742/782/1742 1751/783/1751 1730/771/1730
f 1751/783/1751 1742/782/1742 1743/778/1743
f 1743/778/1743 1745/772/1745 1751/783/1751
f 1749/714/1749 1745/772/1745 1747/773/1747
f 1749/714/1749 1747/773/1747 1752/769/1752
f 1749/714/1749 1752/769/1752 1753/768/1753
f 1753/768/1753 1754/716/1754 1749/714/1749
f 1755/729/1755 1727/728/1727 1728/730/1728
f 1728/730/1728 1749/714/1749 1755/729/1755
f 1756/715/1756 1755/729/1755 1749/714/1749
f 1749/714/1749 1754/716/1754 1756/715/1756
f 1756/715/1756 1754/716/1754 1721/713/1721
f 1721/713/1721 1754/716/1754 1753/768/1753
f 1753/768/1753 1722/712/1722 1721/713/1721
f 1722/712/1722 1753/768/1753 1757/722/1757
f 1757/722/1757 1758/711/1758 1722/712/1722
f 1723/710/1723 1722/712/1722 1758/711/1758
f 1721/713/1721 1725/717/1725 1756/715/1756
f 1756/715/1756 1725/717/1725 1727/728/1727
f 1727/728/1727 1755/729/1755 1756/715/1756
f 1758/711/1758 1757/722/1757 1759/721/1759
f 1759/721/1759 1760/720/1760 1758/711/1758
f 1748/774/1748 1752/769/1752 1747/773/1747
f 1752/769/1752 1748/774/1748 1761/767/1761
f 1761/767/1761 1753/768/1753 1752/769/1752
f 1753/768/1753 1762/767/1762 1763/766/1763
f 1763/766/1763 1757/722/1757 1753/768/1753
f 1757/722/1757 1763/766/1763 1764/765/1764
f 1764/765/1764 1759/721/1759 1757/722/1757
f 1765/762/1765 1759/721/1759 1764/765/1764
f 1760/720/1760 1759/721/1759 1765/762/1765
f 1765/762/1765 1766/763/1766 1760/720/1760
f 1767/760/1767 1768/761/1768 1765/762/1765
f 1765/762/1765 1769/764/1769 1767/760/1767
f 1764/765/1764 1769/764/1769 1765/762/1765
f 1770/753/1770 1766/763/1766 1765/762/1765
f 1765/762/1765 1768/761/1768 1770/753/1770
f 1771/752/1771 1770/753/1770 1768/761/1768
f 1768/761/1768 1772/754/1772 1771/752/1771
f 1772/754/1772 1768/761/1768 1767/760/1767
f 1767/760/1767 1773/755/1773 1772/754/1772
f 1760/720/1760 1766/763/1766 1774/719/1774
f 1774/719/1774 1766/763/1766 1770/753/1770
f 1770/753/1770 1775/723/1775 1774/719/1774
f 1775/723/1775 1770/753/1770 1771/752/1771
f 1775/723/1775 1771/752/1771 1776/751/1776
f 1776/751/1776 1771/752/1771 1772/754/1772
f 1772/754/1772 1777/750/1777 1776/751/1776
f 1777/750/1777 1772/754/1772 1773/755/1773
f 1773/755/1773 1778/756/1778 1777/750/1777
f 1779/749/1779 1777/750/1777 1778/756/1778
f 1780/732/1780 1781/733/1781 1782/743/1782
f 1781/733/1781 1780/732/1780 1783/726/1783
f 1783/726/1783 1784/724/1784 1781/733/1781
f 1784/724/1784 1783/726/1783 1774/719/1774
f 1774/719/1774 1775/723/1775 1784/724/1784
f 1785/725/1785 1784/724/1784 1775/723/1775
f 1775/723/1775 1776/751/1776 1785/725/1785
f 1786/740/1786 1785/725/1785 1776/751/1776
f 1776/751/1776 1777/750/1777 1786/740/1786
f 1787/741/1787 1786/740/1786 1777/750/1777
f 1785/725/1785 1786/740/1786 1788/739/1788
f 1787/741/1787 1788/739/1788 1786/740/1786
f 1788/739/1788 1787/741/1787 1789/738/1789
f 1777/750/1777 1779/749/1779 1787/741/1787
f 1787/741/1787 1779/749/1779 1790/748/1790
f 1787/741/1787 1790/748/1790 1791/747/1791
f 1787/741/1787 1791/747/1791 1792/742/1792
f 1789/738/1789 1787/741/1787 1792/742/1792
f 1792/742/1792 1793/737/1793 1789/738/1789
f 1788/739/1788 1789/738/1789 1793/737/1793
f 1793/737/1793 1794/734/1794 1788/739/1788
f 1788/739/1788 1794/734/1794 1785/725/1785
f 1784/724/1784 1785/725/1785 1794/734/1794
f 1794/734/1794 1781/733/1781 1784/724/1784
f 1781/733/1781 1794/734/1794 1793/737/1793
f 1793/737/1793 1782/743/1782 1781/733/1781
f 1782/743/1782 1793/737/1793 1792/742/1792
f 1795/920/1795 1796/917/1796 1797/921/1797
f 1797/921/1797 1796/917/1796 1782/743/1782
f 1782/743/1782 1798/746/1798 1797/921/1797
f 1792/742/1792 1798/746/1798 1782/743/1782
f 1798/746/1798 1792/742/1792 1799/745/1799
f 1799/745/1799 1792/742/1792 1791/747/1791
f 1791/747/1791 1800/1007/1800 1799/745/1799
f 1800/1007/1800 1791/747/1791 1801/1009/1801
f 1801/1009/1801 1802/1008/1802 1800/1007/1800
f 1802/1008/1802 1801/1009/1801 1803/933/1803
f 1799/745/1799 1804/924/1804 1798/746/1798
f 1797/921/1797 1798/746/1798 1804/924/1804
f 1803/933/1803 1805/1010/1805 1802/1008/1802
f 1806/927/1806 1805/1010/1805 1803/933/1803
f 1806/927/1806 1799/745/1799 1805/1010/1805
f 1805/1010/1805 1799/745/1799 1802/1008/1802
f 1802/1008/1802 1799/745/1799 1800/1007/1800
f 1803/933/1803 1807/926/1807 1806/927/1806
f 1808/1012/1808 1809/925/1809 1807/926/1807
f 1806/927/1806 1807/926/1807 1809/925/1809
f 1809/925/1809 1810/928/1810 1806/927/1806
f 1810/928/1810 1799/745/1799 1806/927/1806
f 1799/745/1799 1810/928/1810 1811/929/1811
f 1811/929/1811 1804/924/1804 1799/745/1799
f 1812/930/1812 1804/924/1804 1811/929/1811
f 1804/924/1804 1812/930/1812 1797/921/1797
f 1797/921/1797 1812/930/1812 1813/931/1813
f 1813/931/1813 1814/923/1814 1797/921/1797
f 1797/921/1797 1814/923/1814 1795/920/1795
f 1795/920/1795 1814/923/1814 1815/922/1815
f 1816/940/1816 1817/938/1817 1818/941/1818
f 1818/941/1818 1819/942/1819 1816/940/1816
f 1819/942/1819 1818/941/1818 1820/932/1820
f 1821/943/1821 1819/942/1819 1820/932/1820
f 1820/932/1820 1813/931/1813 1821/943/1821
f 1821/943/1821 1813/931/1813 1812/930/1812
f 1812/930/1812 1822/934/1822 1821/943/1821
f 1811/929/1811 1822/934/1822 1812/930/1812
f 1823/935/1823 1822/934/1822 1811/929/1811
f 1811/929/1811 1824/936/1824 1823/935/1823
f 1809/925/1809 1824/936/1824 1811/929/1811
f 1811/929/1811 1810/928/1810 1809/925/1809
f 1816/940/1816 1819/942/1819 1821/943/1821
f 1821/943/1821 1825/944/1825 1816/940/1816
f 1823/935/1823 1825/944/1825 1821/943/1821
f 1821/943/1821 1822/934/1822 1823/935/1823
f 1826/945/1826 1827/946/1827 1820/932/1820
f 1827/946/1827 1828/948/1828 1820/932/1820
f 1820/932/1820 1828/948/1828 1829/949/1829
f 1830/947/1830 1829/949/1829 1828/948/1828
f 1829/949/1829 1830/947/1830 1831/951/1831
f 1832/950/1832 1831/951/1831 1830/947/1830
f 1830/947/1830 1833/939/1833 1832/950/1832
f 1834/937/1834 1832/950/1832 1833/939/1833
f 1833/939/1833 1817/938/1817 1834/937/1834
f 1834/937/1834 1817/938/1817 1816/940/1816
f 1818/941/1818 1817/938/1817 1833/939/1833
f 1828/948/1828 1827/946/1827 1830/947/1830
f 1833/939/1833 1830/947/1830 1827/946/1827
f 1827/946/1827 1826/945/1826 1833/939/1833
f 1833/939/1833 1826/945/1826 1818/941/1818
f 1818/941/1818 1826/945/1826 1820/932/1820
f 1831/951/1831 1835/952/1835 1829/949/1829
f 1836/953/1836 1829/949/1829 1835/952/1835
f 1836/953/1836 1835/952/1835 1837/954/1837
f 1814/923/1814 1813/931/1813 1820/932/1820
f 1820/932/1820 1815/922/1815 1814/923/1814
f 1829/949/1829 1815/922/1815 1820/932/1820
f 1838/955/1838 1815/922/1815 1829/949/1829
f 1838/955/1838 1829/949/1829 1836/953/1836
f 1838/955/1838 1836/953/1836 1839/956/1839
f 1837/954/1837 1839/956/1839 1836/953/1836
f 1839/956/1839 1837/954/1837 1840/957/1840
f 1840/957/1840 1841/958/1841 1839/956/1839
f 1841/958/1841 1840/957/1840 1842/959/1842
f 1838/955/1838 1839/956/1839 1841/958/1841
f 1841/958/1841 1843/962/1843 1838/955/1838
f 1843/962/1843 1841/958/1841 1844/963/1844
f 1844/963/1844 1841/958/1841 1845/960/1845
f 1845/960/1845 1846/964/1846 1844/963/1844
f 1846/964/1846 1845/960/1845 1847/965/1847
f 1847/965/1847 1848/966/1848 1846/964/1846
f 1849/967/1849 1846/964/1846 1848/966/1848
f 1849/967/1849 1844/963/1844 1846/964/1846
f 1850/971/1850 1844/963/1844 1849/967/1849
f 1844/963/1844 1850/971/1850 1843/962/1843
f 1851/961/1851 1843/962/1843 1850/971/1850
f 1838/955/1838 1843/962/1843 1851/961/1851
f 1851/961/1851 1852/975/1852 1838/955/1838
f 1815/922/1815 1838/955/1838 1852/975/1852
f 1853/972/1853 1852/975/1852 1851/961/1851
f 1851/961/1851 1854/970/1854 1853/972/1853
f 1850/971/1850 1854/970/1854 1851/961/1851
f 1854/970/1854 1850/971/1850 1855/969/1855
f 1849/967/1849 1855/969/1855 1850/971/1850
f 1855/969/1855 1849/967/1849 1856/968/1856
f 1856/968/1856 1849/967/1849 1848/966/1848
f 1857/986/1857 1858/987/1858 1859/980/1859
f 1859/980/1859 1860/982/1860 1857/986/1857
f 1861/985/1861 1857/986/1857 1860/982/1860
f 1860/982/1860 1862/978/1862 1861/985/1861
f 1856/968/1856 1861/985/1861 1862/978/1862
f 1862/978/1862 1863/974/1863 1856/968/1856
f 1856/968/1856 1863/974/1863 1855/969/1855
f 1864/973/1864 1855/969/1855 1863/974/1863
f 1855/969/1855 1864/973/1864 1854/970/1854
f 1864/973/1864 1853/972/1853 1854/970/1854
f 1852/975/1852 1853/972/1853 1815/922/1815
f 1815/922/1815 1853/972/1853 1795/920/1795
f 1853/972/1853 1864/973/1864 1795/920/1795
f 1795/920/1795 1864/973/1864 1865/919/1865
f 1863/974/1863 1865/919/1865 1864/973/1864
f 1866/977/1866 1865/919/1865 1863/974/1863
f 1863/974/1863 1862/978/1862 1866/977/1866
f 1867/983/1867 1866/977/1866 1862/978/1862
f 1862/978/1862 1860/982/1860 1867/983/1867
f 1868/981/1868 1867/983/1867 1860/982/1860
f 1869/991/1869 1870/984/1870 1871/992/1871
f 1871/992/1871 1872/979/1872 1869/991/1869
f 1868/981/1868 1872/979/1872 1871/992/1871
f 1868/981/1868 1871/992/1871 1870/984/1870
f 1870/984/1870 1867/983/1867 1868/981/1868
f 1866/977/1866 1867/983/1867 1870/984/1870
f 1870/984/1870 1873/976/1873 1866/977/1866
f 1865/919/1865 1866/977/1866 1873/976/1873
f 1873/976/1873 1874/918/1874 1865/919/1865
f 1869/991/1869 1875/1013/1875 1873/976/1873
f 1873/976/1873 1870/984/1870 1869/991/1869
f 1860/982/1860 1859/980/1859 1868/981/1868
f 1872/979/1872 1868/981/1868 1859/980/1859
f 1872/979/1872 1859/980/1859 1858/987/1858
f 1858/987/1858 1876/988/1876 1872/979/1872
f 1872/979/1872 1876/988/1876 1877/989/1877
f 1872/979/1872 1877/989/1877 1878/990/1878
f 1872/979/1872 1878/990/1878 1869/991/1869
f 1879/872/1879 1869/991/1869 1878/990/1878
f 1875/1013/1875 1869/991/1869 1879/872/1879
f 1879/872/1879 1880/873/1880 1875/1013/1875
f 1861/985/1861 1881/994/1881 1857/986/1857
f 1857/986/1857 1881/994/1881 1882/993/1882
f 1882/993/1882 1858/987/1858 1857/986/1857
f 1858/987/1858 1882/993/1882 1883/995/1883
f 1883/995/1883 1884/996/1884 1858/987/1858
f 1876/988/1876 1858/987/1858 1885/996/1885
f 1885/996/1885 1886/997/1886 1876/988/1876
f 1877/989/1877 1876/988/1876 1886/997/1886
f 1886/997/1886 1887/998/1887 1877/989/1877
f 1877/989/1877 1887/998/1887 1878/990/1878
f 1888/1000/1888 1883/995/1883 1882/993/1882
f 1889/1003/1889 1890/1002/1890 1891/1001/1891
f 1891/1001/1891 1890/1002/1890 1888/1000/1888
f 1888/1000/1888 1892/1004/1892 1891/1001/1891
f 1882/993/1882 1892/1004/1892 1888/1000/1888
f 1892/1004/1892 1882/993/1882 1881/994/1881
f 1881/994/1881 1893/1005/1893 1892/1004/1892
f 1891/1001/1891 1892/1004/1892 1893/1005/1893
f 1893/1005/1893 1894/1006/1894 1891/1001/1891
f 1842/959/1842 1845/960/1845 1841/958/1841
f 1845/960/1845 1842/959/1842 1889/1003/1889
f 1889/1003/1889 1847/965/1847 1845/960/1845
f 1891/1001/1891 1847/965/1847 1889/1003/1889
f 1848/966/1848 1847/965/1847 1891/1001/1891
f 1891/1001/1891 1894/1006/1894 1848/966/1848
f 1848/966/1848 1894/1006/1894 1856/968/1856
f 1856/968/1856 1894/1006/1894 1893/1005/1893
f 1893/1005/1893 1861/985/1861 1856/968/1856
f 1861/985/1861 1893/1005/1893 1881/994/1881
f 1895/889/1895 1896/887/1896 1897/886/1897
f 1897/886/1897 1898/890/1898 1895/889/1895
f 1899/885/1899 1898/890/1898 1897/886/1897
f 1900/882/1900 1901/884/1901 1902/874/1902
f 1902/874/1902 1901/884/1901 1899/885/1899
f 1899/885/1899 1903/881/1903 1902/874/1902
f 1897/886/1897 1903/881/1903 1899/885/1899
f 1904/875/1904 1903/881/1903 1897/886/1897
f 1897/886/1897 1905/877/1905 1904/875/1904
f 1906/879/1906 1905/877/1905 1897/886/1897
f 1897/886/1897 1896/887/1896 1906/879/1906
f 1896/887/1896 1907/888/1907 1906/879/1906
f 1907/888/1907 1896/887/1896 1895/889/1895
f 1902/874/1902 1903/881/1903 1904/875/1904
f 1902/874/1902 1908/883/1908 1900/882/1900
f 1909/872/1909 1908/883/1908 1902/874/1902
f 1902/874/1902 1880/873/1880 1909/872/1909
f 1904/875/1904 1880/873/1880 1902/874/1902
f 1880/873/1880 1904/875/1904 1910/876/1910
f 1910/876/1910 1904/875/1904 1911/877/1911
f 1911/877/1911 1912/878/1912 1910/876/1910
f 1912/878/1912 1911/877/1911 1913/879/1913
f 1913/879/1913 1914/857/1914 1912/878/1912
f 1915/880/1915 1914/857/1914 1913/879/1913
f 1916/848/1916 1914/857/1914 1915/880/1915
f 1914/857/1914 1916/848/1916 1917/859/1917
f 1910/876/1910 1912/878/1912 1918/869/1918
f 1918/869/1918 1912/878/1912 1914/857/1914
f 1914/857/1914 1919/858/1919 1918/869/1918
f 1917/859/1917 1919/858/1919 1914/857/1914
f 1919/858/1919 1917/859/1917 1920/860/1920
f 1920/860/1920 1917/859/1917 1916/848/1916
f 1916/848/1916 1921/861/1921 1920/860/1920
f 1922/853/1922 1921/861/1921 1916/848/1916
f 1921/861/1921 1922/853/1922 1923/862/1923
f 1923/862/1923 1922/853/1922 1924/855/1924
f 1916/848/1916 1925/849/1925 1922/853/1922
f 1923/862/1923 1926/866/1926 1921/861/1921
f 1920/860/1920 1921/861/1921 1926/866/1926
f 1926/866/1926 1927/864/1927 1920/860/1920
f 1920/860/1920 1927/864/1927 1919/858/1919
f 1919/858/1919 1928/868/1928 1918/869/1918
f 1928/868/1928 1919/858/1919 1927/864/1927
f 1929/867/1929 1928/868/1928 1927/864/1927
f 1927/864/1927 1926/866/1926 1929/867/1929
f 1930/865/1930 1929/867/1929 1926/866/1926
f 1926/866/1926 1923/862/1923 1930/865/1930
f 1930/865/1930 1923/862/1923 1931/863/1931
f 1924/855/1924 1931/863/1931 1923/862/1923
f 1931/863/1931 1924/855/1924 1932/856/1932
f 1932/856/1932 1933/837/1933 1931/863/1931
f 1930/865/1930 1931/863/1931 1933/837/1933
f 1934/831/1934 1930/865/1930 1933/837/1933
f 1929/867/1929 1930/865/1930 1934/831/1934
f 1934/831/1934 1935/830/1935 1929/867/1929
f 1928/868/1928 1929/867/1929 1935/830/1935
f 1935/830/1935 1936/828/1936 1928/868/1928
f 1918/869/1918 1928/868/1928 1936/828/1936
f 1937/829/1937 1938/835/1938 1936/828/1936
f 1939/804/1939 1937/829/1937 1936/828/1936
f 1936/828/1936 1940/827/1940 1939/804/1939
f 1940/827/1940 1936/828/1936 1935/830/1935
f 1935/830/1935 1941/826/1941 1940/827/1940
f 1941/826/1941 1935/830/1935 1934/831/1934
f 1934/831/1934 1942/832/1942 1941/826/1941
f 1712/801/1712 1943/805/1943 1944/806/1944
f 1714/803/1714 1943/805/1943 1712/801/1712
f 1943/805/1943 1714/803/1714 1939/804/1939
f 1939/804/1939 1945/822/1945 1943/805/1943
f 1945/822/1945 1939/804/1939 1940/827/1940
f 1940/827/1940 1946/824/1946 1945/822/1945
f 1946/824/1946 1940/827/1940 1941/826/1941
f 1941/826/1941 1947/825/1947 1946/824/1946
f 1947/825/1947 1941/826/1941 1942/832/1942
f 1942/832/1942 1948/833/1948 1947/825/1947
f 1945/822/1945 1946/824/1946 1949/823/1949
f 1949/823/1949 1946/824/1946 1947/825/1947
f 1947/825/1947 1950/819/1950 1949/823/1949
f 1951/820/1951 1949/823/1949 1950/819/1950
f 1949/823/1949 1951/820/1951 1952/821/1952
f 1950/819/1950 1947/825/1947 1948/833/1948
f 1948/833/1948 1953/812/1953 1950/819/1950
f 1951/820/1951 1950/819/1950 1953/812/1953
f 1953/812/1953 1954/813/1954 1951/820/1951
f 1951/820/1951 1954/813/1954 1955/815/1955
f 1951/820/1951 1955/815/1955 1944/806/1944
f 1951/820/1951 1944/806/1944 1943/805/1943
f 1952/821/1952 1951/820/1951 1943/805/1943
f 1943/805/1943 1945/822/1945 1952/821/1952
f 1949/823/1949 1952/821/1952 1945/822/1945
f 1956/843/1956 1957/811/1957 1953/812/1953
f 1954/813/1954 1953/812/1953 1958/811/1958
f 1958/811/1958 1959/814/1959 1954/813/1954
f 1955/815/1955 1954/813/1954 1959/814/1959
f 1959/814/1959 1960/816/1960 1955/815/1955
f 1955/815/1955 1960/816/1960 1944/806/1944
f 1944/806/1944 1960/816/1960 1961/817/1961
f 1961/817/1961 1962/808/1962 1944/806/1944
f 1962/808/1962 1961/817/1961 1706/818/1706
f 1706/818/1706 1705/797/1705 1962/808/1962
f 1944/806/1944 1963/807/1963 1712/801/1712
f 1964/807/1964 1944/806/1944 1962/808/1962
f 1962/808/1962 1965/809/1965 1964/807/1964
f 1965/809/1965 1962/808/1962 1705/797/1705
f 1705/797/1705 1966/810/1966 1965/809/1965
f 1709/800/1709 1966/810/1966 1705/797/1705
f 1709/800/1709 1710/801/1710 1966/810/1966
f 1966/810/1966 1710/801/1710 1965/809/1965
f 1965/809/1965 1710/801/1710 1964/807/1964
f 1967/1014/1967 1968/1015/1968 1969/1016/1969
f 1968/1015/1968 1967/1014/1967 1970/1017/1970
f 1970/1017/1970 1971/1018/1971 1968/1015/1968
f 1971/1018/1971 1970/1017/1970 1222/666/1222
f 1222/666/1222 1221/665/1221 1971/1018/1971
f 1222/666/1222 1216/39/1216 1217/40/1217
f 1216/39/1216 1222/666/1222 1970/1017/1970
f 1970/1017/1970 1198/658/1198 1216/39/1216
f 1198/658/1198 1970/1017/1970 1967/1014/1967
f 1967/1014/1967 1191/654/1191 1198/658/1198
f 1191/654/1191 1967/1014/1967 1972/1019/1972
f 1972/1019/1972 1189/652/1189 1191/654/1191
f 1189/652/1189 1972/1019/1972 1180/643/1180
f 1180/643/1180 1188/651/1188 1189/652/1189
f 1182/645/1182 1188/651/1188 1180/643/1180
f 1179/642/1179 918/599/918 914/595/914
f 1179/642/1179 1178/641/1178 918/599/918
f 918/599/918 1178/641/1178 924/605/924
f 1181/644/1181 924/605/924 1178/641/1178
f 924/605/924 1181/644/1181 928/608/928
f 1973/1020/1973 928/608/928 1181/644/1181
f 1181/644/1181 1180/643/1180 1973/1020/1973
f 1973/1020/1973 1180/643/1180 1972/1019/1972
f 1972/1019/1972 1969/1016/1969 1973/1020/1973
f 1969/1016/1969 1972/1019/1972 1967/1014/1967
f 1974/1021/1974 1975/1022/1975 1976/1023/1976
f 1976/1023/1976 1977/1024/1977 1974/1021/1974
f 1977/1024/1977 1976/1023/1976 1978/1025/1978
f 1978/1025/1978 1878/990/1878 1977/1024/1977
f 1878/990/1878 1979/1025/1979 1879/872/1879
f 1976/1023/1976 1909/872/1909 1978/1025/1978
f 1975/1022/1975 1909/872/1909 1976/1023/1976
f 1980/1026/1980 1909/872/1909 1975/1022/1975
f 1980/1026/1980 1975/1022/1975 1974/1021/1974
f 1974/1021/1974 1981/1027/1981 1980/1026/1980
f 1878/990/1878 1887/998/1887 1982/999/1982
f 1982/999/1982 1977/1024/1977 1878/990/1878
f 1977/1024/1977 1982/999/1982 1983/1028/1983
f 1983/1028/1983 1974/1021/1974 1977/1024/1977
f 1974/1021/1974 1983/1028/1983 1984/1029/1984
f 1984/1029/1984 1981/1027/1981 1974/1021/1974
f 1984/1029/1984 1900/882/1900 1981/1027/1981
f 1980/1026/1980 1981/1027/1981 1900/882/1900
f 1900/882/1900 1908/883/1908 1980/1026/1980
f 1908/883/1908 1909/872/1909 1980/1026/1980
f 1985/910/1985 1986/744/1986 1987/915/1987
f 1986/744/1986 1985/910/1985 1780/732/1780
f 1988/905/1988 1780/732/1780 1985/910/1985
f 1989/834/1989 1988/905/1988 1990/904/1990
f 1985/910/1985 1990/904/1990 1988/905/1988
f 1990/904/1990 1985/910/1985 1991/909/1991
f 1991/909/1991 1985/910/1985 1992/912/1992
f 1987/915/1987 1992/912/1992 1985/910/1985
f 1987/915/1987 1993/916/1993 1992/912/1992
f 1993/916/1993 1987/915/1987 1796/917/1796
f 1796/917/1796 1987/915/1987 1986/744/1986
f 1986/744/1986 1782/743/1782 1796/917/1796
f 1782/743/1782 1986/744/1986 1780/732/1780
f 1991/909/1991 1994/907/1994 1990/904/1990
f 1995/901/1995 1992/912/1992 1993/916/1993
f 1939/804/1939 1714/803/1714 1715/736/1715
f 1715/736/1715 1720/906/1720 1939/804/1939
f 1937/829/1937 1939/804/1939 1720/906/1720
f 1720/906/1720 1989/834/1989 1937/829/1937
f 1938/835/1938 1937/829/1937 1989/834/1989
f 1989/834/1989 1990/904/1990 1938/835/1938
f 1996/903/1996 1938/835/1938 1990/904/1990
f 1990/904/1990 1994/907/1994 1996/903/1996
f 1994/907/1994 1997/908/1997 1996/903/1996
f 1994/907/1994 1991/909/1991 1997/908/1997
f 1936/828/1936 1998/836/1998 1918/869/1918
f 1998/836/1998 1936/828/1936 1938/835/1938
f 1938/835/1938 1999/902/1999 1998/836/1998
f 1999/902/1999 1938/835/1938 1996/903/1996
f 1996/903/1996 2000/914/2000 1999/902/1999
f 2000/914/2000 1996/903/1996 1997/908/1997
f 2000/914/2000 1997/908/1997 2001/913/2001
f 2002/911/2002 2001/913/2001 1997/908/1997
f 1999/902/1999 2000/914/2000 2001/913/2001
f 2002/911/2002 1997/908/1997 1991/909/1991
f 1992/912/1992 2002/911/2002 1991/909/1991
f 2001/913/2001 2002/911/2002 1992/912/1992
f 1992/912/1992 1995/901/1995 2001/913/2001
f 2001/913/2001 1995/901/1995 1999/902/1999
f 2003/871/2003 1999/902/1999 1995/901/1995
f 2003/871/2003 1998/836/1998 1999/902/1999
f 1998/836/1998 2003/871/2003 2004/870/2004
f 2004/870/2004 1918/869/1918 1998/836/1998
f 1918/869/1918 2004/870/2004 1910/876/1910
f 1910/876/1910 1875/1013/1875 1880/873/1880
f 1873/976/1873 1875/1013/1875 1910/876/1910
f 1910/876/1910 2004/870/2004 1873/976/1873
f 1874/918/1874 1873/976/1873 2004/870/2004
f 2004/870/2004 2003/871/2003 1874/918/1874
f 1995/901/1995 1874/918/1874 2003/871/2003
f 1874/918/1874 1995/901/1995 1865/919/1865
f 1993/916/1993 1865/919/1865 1995/901/1995
f 1865/919/1865 1993/916/1993 1795/920/1795
f 1796/917/1796 1795/920/1795 1993/916/1993
f 2005/1026/2005 2006/1027/2006 2007/1021/2007
f 1675/990/1675 2008/1024/2008 1685/999/1685
f 2009/1028/2009 1685/999/1685 2008/1024/2008
f 2008/1024/2008 2007/1021/2007 2009/1028/2009
f 2010/1029/2010 2009/1028/2009 2007/1021/2007
f 2007/1021/2007 2006/1027/2006 2010/1029/2010
f 2010/1029/2010 2006/1027/2006 1564/882/1564
f 1564/882/1564 2006/1027/2006 2005/1026/2005
f 2005/1026/2005 1565/883/1565 1564/882/1564
f 1565/883/1565 2005/1026/2005 1554/872/1554
f 1556/874/1556 1565/883/1565 1554/872/1554
f 2007/1021/2007 2008/1024/2008 2011/1023/2011
f 2011/1023/2011 2012/1022/2012 2007/1021/2007
f 2007/1021/2007 2012/1022/2012 2005/1026/2005
f 2005/1026/2005 2012/1022/2012 1554/872/1554
f 2012/1022/2012 2011/1023/2011 1554/872/1554
f 2011/1023/2011 2013/1025/2013 1554/872/1554
f 2013/1025/2013 2011/1023/2011 2008/1024/2008
f 2008/1024/2008 1675/990/1675 2013/1025/2013
f 2014/872/2014 2015/1025/2015 1675/990/1675
f 1675/990/1675 1676/991/1676 2014/872/2014
f 2014/872/2014 1676/991/1676 2016/1013/2016
f 2016/1013/2016 1555/873/1555 2014/872/2014
f 1555/873/1555 2016/1013/2016 1558/876/1558
f 1558/876/1558 2016/1013/2016 1661/976/1661
f 1661/976/1661 2016/1013/2016 1676/991/1676
f 1676/991/1676 1669/984/1669 1661/976/1661
f 1677/992/1677 1669/984/1669 1676/991/1676
f 1669/984/1669 1677/992/1677 1666/981/1666
f 1666/981/1666 1677/992/1677 1664/979/1664
f 1907/888/1907 2017/892/2017 2018/891/2018
f 1895/889/1895 2017/892/2017 1907/888/1907
f 2019/893/2019 2017/892/2017 1895/889/1895
f 2018/891/2018 2017/892/2017 2019/893/2019
f 2019/893/2019 2020/894/2020 2018/891/2018
f 2021/895/2021 2018/891/2018 2020/894/2020
f 2020/894/2020 2022/896/2022 2021/895/2021
f 1915/880/1915 2021/895/2021 2022/896/2022
f 2022/896/2022 2023/897/2023 1915/880/1915
f 2024/850/2024 1915/880/1915 2023/897/2023
f 2024/850/2024 2023/897/2023 2025/851/2025
f 2018/891/2018 2021/895/2021 2026/898/2026
f 2026/898/2026 2027/900/2027 2018/891/2018
f 2018/891/2018 2027/900/2027 1907/888/1907
f 1907/888/1907 2027/900/2027 1906/879/1906
f 2027/900/2027 2026/898/2026 1906/879/1906
f 2026/898/2026 2028/899/2028 1906/879/1906
f 2028/899/2028 2026/898/2026 2021/895/2021
f 2021/895/2021 1915/880/1915 2028/899/2028
f 1913/879/1913 2029/899/2029 1915/880/1915
f 1916/848/1916 1915/880/1915 2024/850/2024
f 1916/848/1916 2024/850/2024 1925/849/1925
f 2025/851/2025 1925/849/1925 2024/850/2024
f 1925/849/1925 2025/851/2025 2030/852/2030
f 2030/852/2030 1922/853/1922 1925/849/1925
f 1922/853/1922 2031/852/2031 2032/854/2032
f 2032/854/2032 1924/855/1924 1922/853/1922
f 1924/855/1924 2032/854/2032 2033/846/2033
f 2033/846/2033 1932/856/1932 1924/855/1924
f 2034/839/2034 1932/856/1932 2033/846/2033
f 2035/844/2035 2036/847/2036 2034/839/2034
f 2034/839/2034 2037/845/2037 2035/844/2035
f 2033/846/2033 2037/845/2037 2034/839/2034
f 2038/840/2038 2039/838/2039 2034/839/2034
f 2034/839/2034 2036/847/2036 2038/840/2038
f 2040/841/2040 2038/840/2038 2036/847/2036
f 2036/847/2036 2041/842/2041 2040/841/2040
f 2041/842/2041 2036/847/2036 2035/844/2035
f 2035/844/2035 1956/843/1956 2041/842/2041
f 1933/837/1933 1932/856/1932 2034/839/2034
f 2034/839/2034 2039/838/2039 1933/837/1933
f 1933/837/1933 2039/838/2039 1934/831/1934
f 1934/831/1934 2039/838/2039 2038/840/2038
f 2038/840/2038 1942/832/1942 1934/831/1934
f 1942/832/1942 2038/840/2038 2040/841/2040
f 1942/832/1942 2040/841/2040 1948/833/1948
f 1948/833/1948 2040/841/2040 2041/842/2041
f 2041/842/2041 1953/812/1953 1948/833/1948
f 1953/812/1953 2041/842/2041 1956/843/1956
f 2042/1030/2042 2043/1031/2043 2044/1032/2044
f 2043/1031/2043 2042/1030/2042 2045/1033/2045
f 2045/1033/2045 2042/1030/2042 2046/1034/2046
f 2046/1034/2046 2047/1035/2047 2045/1033/2045
f 2048/1036/2048 2045/1033/2045 2047/1035/2047
f 2047/1035/2047 2049/1037/2049 2048/1036/2048
f 2050/1038/2050 2048/1036/2048 2049/1037/2049
f 2049/1037/2049 2051/1039/2051 2050/1038/2050
f 2045/1033/2045 2052/1040/2052 2043/1031/2043
f 2052/1040/2052 2045/1033/2045 2048/1036/2048
f 2048/1036/2048 2053/1041/2053 2052/1040/2052
f 2053/1041/2053 2048/1036/2048 2050/1038/2050
f 2054/1042/2054 2055/1043/2055 2052/1040/2052
f 2052/1040/2052 2053/1041/2053 2054/1042/2054
f 2056/1044/2056 2054/1042/2054 2053/1041/2053
f 2053/1041/2053 2057/1045/2057 2056/1044/2056
f 2050/1038/2050 2057/1045/2057 2053/1041/2053
f 2057/1045/2057 2050/1038/2050 2058/1046/2058
f 2058/1046/2058 2050/1038/2050 2051/1039/2051
f 2051/1039/2051 2059/1047/2059 2058/1046/2058
f 2059/1047/2059 2051/1039/2051 2060/1048/2060
f 2060/1048/2060 2061/1049/2061 2059/1047/2059
f 2061/1049/2061 2062/1050/2062 2059/1047/2059
f 2062/1050/2062 2063/1051/2063 2059/1047/2059
f 2059/1047/2059 2063/1051/2063 2064/1052/2064
f 2064/1052/2064 2058/1046/2058 2059/1047/2059
f 2065/1053/2065 2058/1046/2058 2064/1052/2064
f 2058/1046/2058 2065/1053/2065 2057/1045/2057
f 2057/1045/2057 2065/1053/2065 2066/1054/2066
f 2066/1054/2066 2056/1044/2056 2057/1045/2057
f 2064/1052/2064 2067/1055/2067 2065/1053/2065
f 2065/1053/2065 2067/1055/2067 2068/1056/2068
f 2068/1056/2068 2066/1054/2066 2065/1053/2065
f 2069/1057/2069 2066/1054/2066 2068/1056/2068
f 2066/1054/2066 2069/1057/2069 2070/1058/2070
f 2071/1059/2071 2070/1058/2070 2069/1057/2069
f 2070/1058/2070 2071/1059/2071 2072/1060/2072
f 2068/1056/2068 2073/1061/2073 2069/1057/2069
f 2069/1057/2069 2073/1061/2073 2074/1062/2074
f 2075/1063/2075 2069/1057/2069 2074/1062/2074
f 2069/1057/2069 2075/1063/2075 2071/1059/2071
f 2070/1058/2070 2056/1044/2056 2066/1054/2066
f 2056/1044/2056 2070/1058/2070 2076/1064/2076
f 2072/1060/2072 2076/1064/2076 2070/1058/2070
f 2076/1064/2076 2072/1060/2072 2077/1065/2077
f 2077/1065/2077 2078/1066/2078 2076/1064/2076
f 2078/1066/2078 2077/1065/2077 2079/1067/2079
f 2079/1067/2079 2080/1068/2080 2078/1066/2078
f 2080/1068/2080 2079/1067/2079 2081/1069/2081
f 2081/1069/2081 2082/1070/2082 2080/1068/2080
f 2083/1071/2083 2082/1070/2082 2081/1069/2081
f 2081/1069/2081 2084/1072/2084 2083/1071/2083
f 2085/1073/2085 2086/1074/2086 2083/1071/2083
f 2083/1071/2083 2084/1072/2084 2085/1073/2085
f 2076/1064/2076 2054/1042/2054 2056/1044/2056
f 2054/1042/2054 2076/1064/2076 2078/1066/2078
f 2078/1066/2078 2055/1043/2055 2054/1042/2054
f 2055/1043/2055 2078/1066/2078 2080/1068/2080
f 2080/1068/2080 2087/1075/2087 2055/1043/2055
f 2087/1075/2087 2080/1068/2080 2082/1070/2082
f 2082/1070/2082 2088/1076/2088 2087/1075/2087
f 2089/1077/2089 2088/1076/2088 2082/1070/2082
f 2082/1070/2082 2083/1071/2083 2089/1077/2089
f 2089/1077/2089 2083/1071/2083 2086/1074/2086
f 2086/1074/2086 2090/1078/2090 2089/1077/2089
f 2091/1079/2091 2089/1077/2089 2090/1078/2090
f 2088/1076/2088 2089/1077/2089 2091/1079/2091
f 2091/1079/2091 2044/1032/2044 2088/1076/2088
f 2087/1075/2087 2088/1076/2088 2044/1032/2044
f 2044/1032/2044 2043/1031/2043 2087/1075/2087
f 2055/1043/2055 2087/1075/2087 2043/1031/2043
f 2043/1031/2043 2052/1040/2052 2055/1043/2055
f 2085/1073/2085 2092/1080/2092 2093/1081/2093
f 2093/1081/2093 2086/1074/2086 2085/1073/2085
f 2086/1074/2086 2093/1081/2093 2094/1082/2094
f 2094/1082/2094 2090/1078/2090 2086/1074/2086
f 2095/1083/2095 2090/1078/2090 2094/1082/2094
f 2090/1078/2090 2095/1083/2095 2091/1079/2091
f 2096/1084/2096 2091/1079/2091 2095/1083/2095
f 2044/1032/2044 2091/1079/2091 2096/1084/2096
f 2096/1084/2096 2097/1085/2097 2044/1032/2044
f 2044/1032/2044 2097/1085/2097 2042/1030/2042
f 2098/1086/2098 2097/1085/2097 2096/1084/2096
f 2095/1083/2095 2099/1087/2099 2096/1084/2096
f 2092/1080/2092 2100/1088/2100 2101/1089/2101
f 2101/1089/2101 2093/1081/2093 2092/1080/2092
f 2093/1081/2093 2101/1089/2101 2102/1090/2102
f 2102/1090/2102 2094/1082/2094 2093/1081/2093
f 2103/1091/2103 2094/1082/2094 2102/1090/2102
f 2094/1082/2094 2103/1091/2103 2095/1083/2095
f 2095/1083/2095 2103/1091/2103 2104/1092/2104
f 2104/1092/2104 2099/1087/2099 2095/1083/2095
f 2105/1093/2105 2099/1087/2099 2104/1092/2104
f 2096/1084/2096 2099/1087/2099 2105/1093/2105
f 2105/1093/2105 2106/1094/2106 2096/1084/2096
f 2096/1084/2096 2106/1094/2106 2098/1086/2098
f 2107/1095/2107 2098/1086/2098 2106/1094/2106
f 2106/1094/2106 2108/1096/2108 2107/1095/2107
f 2109/1097/2109 2108/1096/2108 2106/1094/2106
f 2106/1094/2106 2105/1093/2105 2109/1097/2109
f 2109/1097/2109 2105/1093/2105 2110/1098/2110
f 2104/1092/2104 2110/1098/2110 2105/1093/2105
f 2110/1098/2110 2104/1092/2104 2111/1099/2111
f 2111/1099/2111 2104/1092/2104 2103/1091/2103
f 2042/1030/2042 2097/1085/2097 2098/1086/2098
f 2098/1086/2098 2046/1034/2046 2042/1030/2042
f 2046/1034/2046 2098/1086/2098 2107/1095/2107
f 2107/1095/2107 2112/1100/2112 2046/1034/2046
f 2047/1035/2047 2046/1034/2046 2112/1100/2112
f 2112/1100/2112 2113/1101/2113 2047/1035/2047
f 2049/1037/2049 2047/1035/2047 2113/1101/2113
f 2113/1101/2113 2114/1102/2114 2049/1037/2049
f 2051/1039/2051 2049/1037/2049 2114/1102/2114
f 2114/1102/2114 2060/1048/2060 2051/1039/2051
f 2115/1103/2115 2116/1104/2116 2117/1105/2117
f 2117/1105/2117 2116/1104/2116 2118/1106/2118
f 2119/1107/2119 2117/1105/2117 2118/1106/2118
f 2117/1105/2117 2119/1107/2119 2120/1108/2120
f 2121/1109/2121 2122/1110/2122 2123/1111/2123
f 2123/1111/2123 2122/1110/2122 2115/1103/2115
f 2115/1103/2115 2124/1112/2124 2123/1111/2123
f 2117/1105/2117 2124/1112/2124 2115/1103/2115
f 2124/1112/2124 2117/1105/2117 2125/1113/2125
f 2120/1108/2120 2125/1113/2125 2117/1105/2117
f 2125/1113/2125 2120/1108/2120 2126/1114/2126
f 2127/1115/2127 2128/1116/2128 2129/1117/2129
f 2128/1116/2128 2130/1118/2130 2129/1117/2129
f 2130/1118/2130 2131/1119/2131 2129/1117/2129
f 2129/1117/2129 2131/1119/2131 2121/1109/2121
f 2121/1109/2121 2132/1120/2132 2129/1117/2129
f 2123/1111/2123 2132/1120/2132 2121/1109/2121
f 2132/1120/2132 2123/1111/2123 2133/1121/2133
f 2133/1121/2133 2123/1111/2123 2124/1112/2124
f 2124/1112/2124 2134/1122/2134 2133/1121/2133
f 2125/1113/2125 2134/1122/2134 2124/1112/2124
f 2135/1123/2135 2136/1124/2136 2137/1125/2137
f 2136/1124/2136 2135/1123/2135 2134/1122/2134
f 2134/1122/2134 2135/1123/2135 2138/1126/2138
f 2138/1126/2138 2133/1121/2133 2134/1122/2134
f 2139/1127/2139 2133/1121/2133 2138/1126/2138
f 2133/1121/2133 2139/1127/2139 2132/1120/2132
f 2134/1122/2134 2125/1113/2125 2136/1124/2136
f 2126/1114/2126 2136/1124/2136 2125/1113/2125
f 2136/1124/2136 2126/1114/2126 2140/1128/2140
f 2140/1128/2140 2137/1125/2137 2136/1124/2136
f 2137/1125/2137 2140/1128/2140 2141/1129/2141
f 2141/1129/2141 2110/1098/2110 2137/1125/2137
f 2110/1098/2110 2141/1129/2141 2109/1097/2109
f 2111/1099/2111 2137/1125/2137 2110/1098/2110
f 2137/1125/2137 2111/1099/2111 2135/1123/2135
f 2135/1123/2135 2111/1099/2111 2142/1130/2142
f 2142/1130/2142 2138/1126/2138 2135/1123/2135
f 2143/1131/2143 2138/1126/2138 2142/1130/2142
f 2138/1126/2138 2143/1131/2143 2139/1127/2139
f 2139/1127/2139 2143/1131/2143 2144/1132/2144
f 2144/1132/2144 2145/1133/2145 2139/1127/2139
f 2132/1120/2132 2139/1127/2139 2145/1133/2145
f 2145/1133/2145 2129/1117/2129 2132/1120/2132
f 2103/1091/2103 2142/1130/2142 2111/1099/2111
f 2102/1090/2102 2142/1130/2142 2103/1091/2103
f 2142/1130/2142 2102/1090/2102 2143/1131/2143
f 2143/1131/2143 2102/1090/2102 2101/1089/2101
f 2101/1089/2101 2144/1132/2144 2143/1131/2143
f 2144/1132/2144 2101/1089/2101 2100/1088/2100
f 2100/1088/2100 2146/1134/2146 2144/1132/2144
f 2145/1133/2145 2144/1132/2144 2146/1134/2146
f 2146/1134/2146 2127/1115/2127 2145/1133/2145
f 2129/1117/2129 2145/1133/2145 2127/1115/2127
f 2147/1086/2147 2148/1085/2148 2149/1084/2149
f 2150/1083/2150 2151/1087/2151 2149/1084/2149
f 2152/1073/2152 2153/1080/2153 2154/1081/2154
f 2154/1081/2154 2155/1074/2155 2152/1073/2152
f 2155/1074/2155 2154/1081/2154 2156/1082/2156
f 2156/1082/2156 2157/1078/2157 2155/1074/2155
f 2150/1083/2150 2157/1078/2157 2156/1082/2156
f 2157/1078/2157 2150/1083/2150 2158/1079/2158
f 2149/1084/2149 2158/1079/2158 2150/1083/2150
f 2159/1032/2159 2158/1079/2158 2149/1084/2149
f 2149/1084/2149 2148/1085/2148 2159/1032/2159
f 2159/1032/2159 2148/1085/2148 2160/1030/2160
f 2161/1070/2161 2162/1071/2162 2163/1077/2163
f 2163/1077/2163 2162/1071/2162 2155/1074/2155
f 2155/1074/2155 2157/1078/2157 2163/1077/2163
f 2158/1079/2158 2163/1077/2163 2157/1078/2157
f 2164/1076/2164 2163/1077/2163 2158/1079/2158
f 2158/1079/2158 2159/1032/2159 2164/1076/2164
f 2165/1075/2165 2164/1076/2164 2159/1032/2159
f 2159/1032/2159 2166/1031/2166 2165/1075/2165
f 2167/1043/2167 2165/1075/2165 2166/1031/2166
f 2166/1031/2166 2168/1040/2168 2167/1043/2167
f 2169/1064/2169 2170/1042/2170 2171/1044/2171
f 2170/1042/2170 2169/1064/2169 2172/1066/2172
f 2172/1066/2172 2167/1043/2167 2170/1042/2170
f 2167/1043/2167 2172/1066/2172 2173/1068/2173
f 2173/1068/2173 2165/1075/2165 2167/1043/2167
f 2165/1075/2165 2173/1068/2173 2161/1070/2161
f 2161/1070/2161 2164/1076/2164 2165/1075/2165
f 2163/1077/2163 2164/1076/2164 2161/1070/2161
f 2174/1058/2174 2171/1044/2171 2175/1054/2175
f 2171/1044/2171 2174/1058/2174 2169/1064/2169
f 2176/1060/2176 2169/1064/2169 2174/1058/2174
f 2169/1064/2169 2176/1060/2176 2177/1065/2177
f 2177/1065/2177 2172/1066/2172 2169/1064/2169
f 2172/1066/2172 2177/1065/2177 2178/1067/2178
f 2178/1067/2178 2173/1068/2173 2172/1066/2172
f 2173/1068/2173 2178/1067/2178 2179/1069/2179
f 2179/1069/2179 2161/1070/2161 2173/1068/2173
f 2162/1071/2162 2161/1070/2161 2179/1069/2179
f 2179/1069/2179 2180/1072/2180 2162/1071/2162
f 2152/1073/2152 2155/1074/2155 2162/1071/2162
f 2162/1071/2162 2180/1072/2180 2152/1073/2152
f 2181/1033/2181 2168/1040/2168 2166/1031/2166
f 2168/1040/2168 2181/1033/2181 2182/1036/2182
f 2182/1036/2182 2183/1041/2183 2168/1040/2168
f 2183/1041/2183 2182/1036/2182 2184/1038/2184
f 2160/1030/2160 2166/1031/2166 2159/1032/2159
f 2166/1031/2166 2160/1030/2160 2181/1033/2181
f 2181/1033/2181 2160/1030/2160 2185/1034/2185
f 2185/1034/2185 2186/1035/2186 2181/1033/2181
f 2182/1036/2182 2181/1033/2181 2186/1035/2186
f 2186/1035/2186 2187/1037/2187 2182/1036/2182
f 2184/1038/2184 2182/1036/2182 2187/1037/2187
f 2187/1037/2187 2188/1039/2188 2184/1038/2184
f 2160/1030/2160 2148/1085/2148 2147/1086/2147
f 2147/1086/2147 2185/1034/2185 2160/1030/2160
f 2185/1034/2185 2147/1086/2147 2189/1095/2189
f 2189/1095/2189 2190/1100/2190 2185/1034/2185
f 2186/1035/2186 2185/1034/2185 2190/1100/2190
f 2190/1100/2190 2191/1101/2191 2186/1035/2186
f 2187/1037/2187 2186/1035/2186 2191/1101/2191
f 2191/1101/2191 2192/1102/2192 2187/1037/2187
f 2188/1039/2188 2187/1037/2187 2192/1102/2192
f 2192/1102/2192 2193/1048/2193 2188/1039/2188
f 2194/1093/2194 2195/1094/2195 2149/1084/2149
f 2149/1084/2149 2195/1094/2195 2147/1086/2147
f 2189/1095/2189 2147/1086/2147 2195/1094/2195
f 2195/1094/2195 2196/1096/2196 2189/1095/2189
f 2197/1097/2197 2196/1096/2196 2195/1094/2195
f 2195/1094/2195 2194/1093/2194 2197/1097/2197
f 2197/1097/2197 2194/1093/2194 2198/1098/2198
f 2199/1092/2199 2198/1098/2198 2194/1093/2194
f 2198/1098/2198 2199/1092/2199 2200/1099/2200
f 2200/1099/2200 2199/1092/2199 2201/1091/2201
f 2153/1080/2153 2202/1088/2202 2203/1089/2203
f 2203/1089/2203 2154/1081/2154 2153/1080/2153
f 2154/1081/2154 2203/1089/2203 2204/1090/2204
f 2204/1090/2204 2156/1082/2156 2154/1081/2154
f 2201/1091/2201 2156/1082/2156 2204/1090/2204
f 2156/1082/2156 2201/1091/2201 2150/1083/2150
f 2150/1083/2150 2201/1091/2201 2199/1092/2199
f 2199/1092/2199 2151/1087/2151 2150/1083/2150
f 2194/1093/2194 2151/1087/2151 2199/1092/2199
f 2149/1084/2149 2151/1087/2151 2194/1093/2194
f 2201/1091/2201 2205/1130/2205 2200/1099/2200
f 2204/1090/2204 2205/1130/2205 2201/1091/2201
f 2205/1130/2205 2204/1090/2204 2206/1131/2206
f 2206/1131/2206 2204/1090/2204 2203/1089/2203
f 2203/1089/2203 2207/1132/2207 2206/1131/2206
f 2207/1132/2207 2203/1089/2203 2202/1088/2202
f 2202/1088/2202 2208/1134/2208 2207/1132/2207
f 2209/1133/2209 2207/1132/2207 2208/1134/2208
f 2208/1134/2208 2210/1115/2210 2209/1133/2209
f 2211/1117/2211 2209/1133/2209 2210/1115/2210
f 2200/1099/2200 2212/1125/2212 2198/1098/2198
f 2212/1125/2212 2200/1099/2200 2213/1123/2213
f 2213/1123/2213 2200/1099/2200 2205/1130/2205
f 2205/1130/2205 2214/1126/2214 2213/1123/2213
f 2206/1131/2206 2214/1126/2214 2205/1130/2205
f 2214/1126/2214 2206/1131/2206 2215/1127/2215
f 2215/1127/2215 2206/1131/2206 2207/1132/2207
f 2207/1132/2207 2209/1133/2209 2215/1127/2215
f 2216/1120/2216 2215/1127/2215 2209/1133/2209
f 2209/1133/2209 2211/1117/2211 2216/1120/2216
f 2213/1123/2213 2217/1124/2217 2212/1125/2212
f 2217/1124/2217 2213/1123/2213 2218/1122/2218
f 2218/1122/2218 2213/1123/2213 2214/1126/2214
f 2214/1126/2214 2219/1121/2219 2218/1122/2218
f 2215/1127/2215 2219/1121/2219 2214/1126/2214
f 2219/1121/2219 2215/1127/2215 2216/1120/2216
f 2210/1115/2210 2220/1116/2220 2211/1117/2211
f 2220/1116/2220 2221/1118/2221 2211/1117/2211
f 2221/1118/2221 2222/1119/2222 2211/1117/2211
f 2211/1117/2211 2222/1119/2222 2223/1109/2223
f 2223/1109/2223 2216/1120/2216 2211/1117/2211
f 2224/1111/2224 2216/1120/2216 2223/1109/2223
f 2216/1120/2216 2224/1111/2224 2219/1121/2219
f 2219/1121/2219 2224/1111/2224 2225/1112/2225
f 2225/1112/2225 2218/1122/2218 2219/1121/2219
f 2226/1113/2226 2218/1122/2218 2225/1112/2225
f 2223/1109/2223 2227/1110/2227 2224/1111/2224
f 2224/1111/2224 2227/1110/2227 2228/1103/2228
f 2228/1103/2228 2225/1112/2225 2224/1111/2224
f 2229/1105/2229 2225/1112/2225 2228/1103/2228
f 2225/1112/2225 2229/1105/2229 2226/1113/2226
f 2230/1108/2230 2226/1113/2226 2229/1105/2229
f 2226/1113/2226 2230/1108/2230 2231/1114/2231
f 2228/1103/2228 2232/1104/2232 2229/1105/2229
f 2229/1105/2229 2232/1104/2232 2233/1106/2233
f 2234/1107/2234 2229/1105/2229 2233/1106/2233
f 2229/1105/2229 2234/1107/2234 2230/1108/2230
f 2218/1122/2218 2226/1113/2226 2217/1124/2217
f 2231/1114/2231 2217/1124/2217 2226/1113/2226
f 2217/1124/2217 2231/1114/2231 2235/1128/2235
f 2235/1128/2235 2212/1125/2212 2217/1124/2217
f 2212/1125/2212 2235/1128/2235 2236/1129/2236
f 2236/1129/2236 2198/1098/2198 2212/1125/2212
f 2198/1098/2198 2236/1129/2236 2197/1097/2197
f 2237/580/2237 2238/578/2238 2239/568/2239
f 2239/568/2239 2240/572/2240 2237/580/2237
f 2240/572/2240 2239/568/2239 2241/571/2241
f 2241/571/2241 370/370/370 2240/572/2240
f 2242/570/2242 2243/569/2243 2239/568/2239
f 2239/568/2239 2238/578/2238 2242/570/2242
f 2244/576/2244 2242/570/2242 2238/578/2238
f 2238/578/2238 2245/577/2245 2244/576/2244
f 2246/579/2246 2245/577/2245 2238/578/2238
f 2238/578/2238 2237/580/2237 2246/579/2246
f 2246/579/2246 2237/580/2237 2247/581/2247
f 2247/581/2247 2237/580/2237 2240/572/2240
f 2240/572/2240 372/372/372 2247/581/2247
f 372/372/372 2240/572/2240 370/370/370
f 2244/576/2244 2248/586/2248 2249/585/2249
f 2249/585/2249 2242/570/2242 2244/576/2244
f 2242/570/2242 2249/585/2249 2250/589/2250
f 2250/589/2250 2243/569/2243 2242/570/2242
f 2243/569/2243 2250/589/2250 2251/588/2251
f 2251/588/2251 2252/567/2252 2243/569/2243
f 2252/567/2252 2251/588/2251 2253/587/2253
f 2253/587/2253 2254/561/2254 2252/567/2252
f 2254/561/2254 2253/587/2253 2255/548/2255
f 2255/548/2255 2256/549/2256 2254/561/2254
f 2254/561/2254 2256/549/2256 2257/560/2257
f 2258/551/2258 2257/560/2257 2256/549/2256
f 2259/559/2259 2257/560/2257 2258/551/2258
f 2258/551/2258 2260/552/2260 2259/559/2259
f 2261/558/2261 2259/559/2259 2260/552/2260
f 2252/567/2252 2254/561/2254 2262/566/2262
f 2257/560/2257 2262/566/2262 2254/561/2254
f 2263/565/2263 2262/566/2262 2257/560/2257
f 2257/560/2257 2259/559/2259 2263/565/2263
f 2264/564/2264 2263/565/2263 2259/559/2259
f 2259/559/2259 2261/558/2261 2264/564/2264
f 369/369/369 2264/564/2264 2261/558/2261
f 2261/558/2261 2265/563/2265 369/369/369
f 369/369/369 2265/563/2265 367/367/367
f 367/367/367 362/362/362 361/361/361
f 2266/562/2266 362/362/362 367/367/367
f 367/367/367 2265/563/2265 2266/562/2266
f 2267/557/2267 2266/562/2266 2265/563/2265
f 2265/563/2265 2261/558/2261 2267/557/2267
f 2261/558/2261 2268/554/2268 2267/557/2267
f 2260/552/2260 2268/554/2268 2261/558/2261
f 2269/553/2269 2268/554/2268 2260/552/2260
f 2268/554/2268 2269/553/2269 2270/555/2270
f 355/355/355 2270/555/2270 2269/553/2269
f 2271/556/2271 2270/555/2270 355/355/355
f 355/355/355 356/356/356 2271/556/2271
f 2271/556/2271 356/356/356 357/357/357
f 357/357/357 2272/639/2272 2271/556/2271
f 358/358/358 2272/639/2272 357/357/357
f 362/362/362 2272/639/2272 358/358/358
f 2271/556/2271 2272/639/2272 362/362/362
f 362/362/362 2266/562/2266 2271/556/2271
f 2271/556/2271 2266/562/2266 2267/557/2267
f 2267/557/2267 2270/555/2270 2271/556/2271
f 2270/555/2270 2267/557/2267 2268/554/2268
f 2256/549/2256 2255/548/2255 2273/547/2273
f 2273/547/2273 2274/550/2274 2256/549/2256
f 2256/549/2256 2274/550/2274 2258/551/2258
f 2275/546/2275 2258/551/2258 2274/550/2274
f 2260/552/2260 2258/551/2258 2275/546/2275
f 2275/546/2275 2276/545/2276 2260/552/2260
f 2260/552/2260 2276/545/2276 2269/553/2269
f 2276/545/2276 348/348/348 2269/553/2269
f 2269/553/2269 348/348/348 355/355/355
f 349/349/349 355/355/355 348/348/348
f 2277/649/2277 2278/642/2278 2279/648/2279
f 2277/649/2277 2280/595/2280 2278/642/2278
f 2278/642/2278 2280/595/2280 2281/599/2281
f 2281/599/2281 2280/595/2280 2282/598/2282
f 2282/598/2282 2283/603/2283 2281/599/2281
f 2283/603/2283 2282/598/2282 2284/602/2284
f 2284/602/2284 2275/546/2275 2283/603/2283
f 2284/602/2284 346/346/346 2275/546/2275
f 2276/545/2276 2275/546/2275 346/346/346
f 346/346/346 348/348/348 2276/545/2276
f 347/347/347 346/346/346 2284/602/2284
f 2280/595/2280 2277/649/2277 2285/597/2285
f 2285/597/2285 2286/596/2286 2280/595/2280
f 2282/598/2282 2280/595/2280 2286/596/2286
f 2286/596/2286 2284/602/2284 2282/598/2282
f 2286/596/2286 2287/600/2287 2284/602/2284
f 2284/602/2284 2287/600/2287 347/347/347
f 2288/615/2288 347/347/347 2287/600/2287
f 347/347/347 2288/615/2288 350/350/350
f 2287/600/2287 2286/596/2286 2285/597/2285
f 343/343/343 344/344/344 2289/618/2289
f 2289/618/2289 344/344/344 350/350/350
f 350/350/350 2290/617/2290 2289/618/2289
f 350/350/350 2288/615/2288 2290/617/2290
f 2290/617/2290 2288/615/2288 2291/614/2291
f 2287/600/2287 2291/614/2291 2288/615/2288
f 2291/614/2291 2287/600/2287 2292/601/2292
f 2285/597/2285 2292/601/2292 2287/600/2287
f 2292/601/2292 2285/597/2285 2279/648/2279
f 2279/648/2279 2285/597/2285 2277/649/2277
f 2293/655/2293 2294/656/2294 2295/650/2295
f 2294/656/2294 2293/655/2293 2296/657/2296
f 2296/657/2296 2293/655/2293 2297/611/2297
f 2296/657/2296 2297/611/2297 2298/616/2298
f 2297/611/2297 2292/601/2292 2298/616/2298
f 2292/601/2292 2299/647/2299 2298/616/2298
f 2279/648/2279 2299/647/2299 2292/601/2292
f 2300/640/2300 2299/647/2299 2279/648/2279
f 2299/647/2299 2300/640/2300 2301/646/2301
f 2301/646/2301 2300/640/2300 2302/641/2302
f 2295/650/2295 2294/656/2294 2298/616/2298
f 2294/656/2294 2296/657/2296 2298/616/2298
f 2278/642/2278 2281/599/2281 2302/641/2302
f 2278/642/2278 2302/641/2302 2300/640/2300
f 2300/640/2300 2279/648/2279 2278/642/2278
f 2303/644/2303 2304/608/2304 2305/1020/2305
f 2304/608/2304 2303/644/2303 2306/605/2306
f 2302/641/2302 2306/605/2306 2303/644/2303
f 2306/605/2306 2302/641/2302 2281/599/2281
f 2281/599/2281 2307/604/2307 2306/605/2306
f 2307/604/2307 2281/599/2281 2283/603/2283
f 2283/603/2283 2274/550/2274 2307/604/2307
f 2274/550/2274 2283/603/2283 2275/546/2275
f 2274/550/2274 2273/547/2273 2308/606/2308
f 2308/606/2308 2307/604/2307 2274/550/2274
f 2307/604/2307 2308/606/2308 2309/607/2309
f 2309/607/2309 2306/605/2306 2307/604/2307
f 2306/605/2306 2309/607/2309 2304/608/2304
f 2302/641/2302 2310/645/2310 2301/646/2301
f 2303/644/2303 2310/645/2310 2302/641/2302
f 2310/645/2310 2303/644/2303 2311/643/2311
f 2305/1020/2305 2311/643/2311 2303/644/2303
f 2312/1019/2312 2311/643/2311 2305/1020/2305
f 2305/1020/2305 2313/1016/2313 2312/1019/2312
f 2314/1014/2314 2312/1019/2312 2313/1016/2313
f 2313/1016/2313 2315/1015/2315 2314/1014/2314
f 2316/1017/2316 2314/1014/2314 2315/1015/2315
f 2315/1015/2315 2317/1018/2317 2316/1017/2316
f 2316/1017/2316 2318/666/2318 39/39/39
f 39/39/39 2319/658/2319 2316/1017/2316
f 2314/1014/2314 2316/1017/2316 2319/658/2319
f 2319/658/2319 2320/654/2320 2314/1014/2314
f 2312/1019/2312 2314/1014/2314 2320/654/2320
f 2320/654/2320 2321/652/2321 2312/1019/2312
f 2311/643/2311 2312/1019/2312 2321/652/2321
f 2321/652/2321 2322/651/2322 2311/643/2311
f 2311/643/2311 2322/651/2322 2310/645/2310
f 2310/645/2310 2322/651/2322 2295/650/2295
f 2295/650/2295 2301/646/2301 2310/645/2310
f 2298/616/2298 2301/646/2301 2295/650/2295
f 2301/646/2301 2298/616/2298 2299/647/2299
f 2323/653/2323 2321/652/2321 2320/654/2320
f 2320/654/2320 2324/660/2324 2323/653/2323
f 2323/653/2323 2324/660/2324 2325/661/2325
f 2325/661/2325 2293/655/2293 2323/653/2323
f 2295/650/2295 2323/653/2323 2293/655/2293
f 2321/652/2321 2323/653/2323 2295/650/2295
f 2295/650/2295 2322/651/2322 2321/652/2321
f 2292/601/2292 2326/613/2326 2291/614/2291
f 2326/613/2326 2292/601/2292 2297/611/2297
f 2297/611/2297 2327/612/2327 2326/613/2326
f 2328/609/2328 2327/612/2327 2297/611/2297
f 2297/611/2297 2329/610/2329 2328/609/2328
f 2293/655/2293 2329/610/2329 2297/611/2297
f 2293/655/2293 2325/661/2325 2329/610/2329
f 2329/610/2329 2325/661/2325 2330/662/2330
f 2324/660/2324 2330/662/2330 2325/661/2325
f 2331/659/2331 2330/662/2330 2324/660/2324
f 2324/660/2324 2320/654/2320 2331/659/2331
f 2331/659/2331 2320/654/2320 2319/658/2319
f 20/20/20 2328/609/2328 2329/610/2329
f 19/19/19 20/20/20 22/22/22
f 2329/610/2329 22/22/22 20/20/20
f 22/22/22 2329/610/2329 30/30/30
f 2330/662/2330 30/30/30 2329/610/2329
f 31/31/31 30/30/30 2330/662/2330
f 2330/662/2330 2331/659/2331 31/31/31
f 31/31/31 2331/659/2331 32/32/32
f 2331/659/2331 2319/658/2319 32/32/32
f 38/38/38 32/32/32 2319/658/2319
f 2319/658/2319 39/39/39 38/38/38
f 2332/673/2332 2333/670/2333 2334/671/2334
f 2334/671/2334 2335/668/2335 2332/673/2332
f 2335/668/2335 2334/671/2334 2336/669/2336
f 2336/669/2336 2337/667/2337 2335/668/2335
f 2337/667/2337 2336/669/2336 47/47/47
f 47/47/47 2338/663/2338 2337/667/2337
f 2338/663/2338 47/47/47 46/46/46
f 46/46/46 2318/666/2318 2338/663/2338
f 2318/666/2318 46/46/46 40/40/40
f 40/40/40 39/39/39 2318/666/2318
f 2318/666/2318 2316/1017/2316 2317/1018/2317
f 2317/1018/2317 2339/665/2339 2318/666/2318
f 2338/663/2338 2318/666/2318 2339/665/2339
f 2339/665/2339 2340/664/2340 2338/663/2338
f 2337/667/2337 2338/663/2338 2340/664/2340
f 2340/664/2340 2341/674/2341 2337/667/2337
f 2335/668/2335 2337/667/2337 2341/674/2341
f 2341/674/2341 2342/675/2342 2335/668/2335
f 2332/673/2332 2335/668/2335 2342/675/2342
f 2342/675/2342 2343/676/2343 2332/673/2332
f 2344/672/2344 2332/673/2332 2343/676/2343
f 2343/676/2343 2345/677/2345 2344/672/2344
f 2346/678/2346 2344/672/2344 2345/677/2345
f 2347/680/2347 2344/672/2344 2346/678/2346
f 2346/678/2346 2348/682/2348 2347/680/2347
f 2347/680/2347 2348/682/2348 65/65/65
f 65/65/65 2349/681/2349 2347/680/2347
f 63/63/63 2349/681/2349 65/65/65
f 51/51/51 2349/681/2349 63/63/63
f 63/63/63 52/52/52 51/51/51
f 2345/677/2345 2350/679/2350 2346/678/2346
f 2333/670/2333 2332/673/2332 2344/672/2344
f 2344/672/2344 2347/680/2347 2333/670/2333
f 2333/670/2333 2347/680/2347 2349/681/2349
f 2349/681/2349 51/51/51 2333/670/2333
f 2334/671/2334 2333/670/2333 51/51/51
f 51/51/51 50/50/50 2334/671/2334
f 2336/669/2336 2334/671/2334 50/50/50
f 50/50/50 54/54/54 2336/669/2336
f 47/47/47 2336/669/2336 54/54/54
f 54/54/54 48/48/48 47/47/47
f 143/143/143 2351/694/2351 2352/693/2352
f 2352/693/2352 2353/697/2353 143/143/143
f 2353/697/2353 2352/693/2352 2354/691/2354
f 2354/691/2354 2355/695/2355 2353/697/2353
f 2355/695/2355 2354/691/2354 2356/692/2356
f 2356/692/2356 2357/696/2357 2355/695/2355
f 2357/696/2357 2356/692/2356 2358/703/2358
f 2359/705/2359 2358/703/2358 2356/692/2356
f 2356/692/2356 2360/706/2360 2359/705/2359
f 2361/690/2361 2360/706/2360 2356/692/2356
f 2362/707/2362 2360/706/2360 2361/690/2361
f 2361/690/2361 2356/692/2356 2354/691/2354
f 2358/703/2358 2363/698/2363 2357/696/2357
f 2360/706/2360 2362/707/2362 2364/708/2364
f 2364/708/2364 2365/709/2365 2360/706/2360
f 2359/705/2359 2360/706/2360 2365/709/2365
f 2365/709/2365 2366/704/2366 2359/705/2359
f 2358/703/2358 2359/705/2359 2366/704/2366
f 2366/704/2366 94/94/94 2358/703/2358
f 2363/698/2363 2358/703/2358 94/94/94
f 94/94/94 93/93/93 2363/698/2363
f 96/96/96 2363/698/2363 93/93/93
f 93/93/93 92/92/92 96/96/96
f 2366/704/2366 13/13/13 94/94/94
f 8/8/8 13/13/13 2366/704/2366
f 2366/704/2366 6/6/6 8/8/8
f 2365/709/2365 6/6/6 2366/704/2366
f 6/6/6 2365/709/2365 2364/708/2364
f 2364/708/2364 7/7/7 6/6/6
f 7/7/7 2364/708/2364 2367/687/2367
f 2367/687/2367 2368/686/2368 7/7/7
f 2369/689/2369 2368/686/2368 2367/687/2367
f 2368/686/2368 2369/689/2369 2370/688/2370
f 144/144/144 2351/694/2351 143/143/143
f 150/150/150 2351/694/2351 144/144/144
f 2352/693/2352 2351/694/2351 150/150/150
f 150/150/150 2370/688/2370 2352/693/2352
f 2354/691/2354 2352/693/2352 2370/688/2370
f 2370/688/2370 2369/689/2369 2354/691/2354
f 2361/690/2361 2354/691/2354 2369/689/2369
f 2369/689/2369 2367/687/2367 2361/690/2361
f 2362/707/2362 2361/690/2361 2367/687/2367
f 2367/687/2367 2364/708/2364 2362/707/2362
f 2370/688/2370 2371/684/2371 2368/686/2368
f 2371/684/2371 2370/688/2370 150/150/150
f 150/150/150 2372/683/2372 2371/684/2371
f 151/151/151 2372/683/2372 150/150/150
f 2372/683/2372 151/151/151 2373/685/2373
f 2373/685/2373 151/151/151 152/152/152
f 2373/685/2373 152/152/152 2371/684/2371
f 152/152/152 7/7/7 2371/684/2371
f 7/7/7 2368/686/2368 2371/684/2371
f 2372/683/2372 2373/685/2373 2371/684/2371
f 1723/710/1723 1758/711/1758 1760/720/1760
f 1774/719/1774 1723/710/1723 1760/720/1760
f 1724/718/1724 1723/710/1723 1774/719/1774
f 1774/719/1774 1783/726/1783 1724/718/1724
f 1726/727/1726 1724/718/1724 1783/726/1783
f 1783/726/1783 1780/732/1780 1726/727/1726
f 1719/731/1719 1726/727/1726 1780/732/1780
f 1780/732/1780 1988/905/1988 1719/731/1719
f 1720/906/1720 1719/731/1719 1988/905/1988
f 1988/905/1988 1989/834/1989 1720/906/1720
f 2374/1111/2374 2375/1110/2375 2376/1103/2376
f 2377/1109/2377 2375/1110/2375 2374/1111/2374
f 2374/1111/2374 2378/1120/2378 2377/1109/2377
f 2377/1109/2377 2378/1120/2378 2379/1117/2379
f 2379/1117/2379 2380/1119/2380 2377/1109/2377
f 2381/1118/2381 2380/1119/2380 2379/1117/2379
f 2382/1116/2382 2381/1118/2381 2379/1117/2379
f 2383/1115/2383 2382/1116/2382 2379/1117/2379
f 2379/1117/2379 2384/1133/2384 2383/1115/2383
f 2385/1134/2385 2383/1115/2383 2384/1133/2384
f 2384/1133/2384 2379/1117/2379 2378/1120/2378
f 2376/1103/2376 2386/1104/2386 2387/1105/2387
f 2387/1105/2387 2388/1112/2388 2376/1103/2376
f 2376/1103/2376 2388/1112/2388 2374/1111/2374
f 2389/1121/2389 2374/1111/2374 2388/1112/2388
f 2378/1120/2378 2374/1111/2374 2389/1121/2389
f 2389/1121/2389 2390/1127/2390 2378/1120/2378
f 2378/1120/2378 2390/1127/2390 2384/1133/2384
f 2391/1132/2391 2384/1133/2384 2390/1127/2390
f 2384/1133/2384 2391/1132/2391 2385/1134/2385
f 2392/1088/2392 2385/1134/2385 2391/1132/2391
f 2393/1089/2393 2391/1132/2391 2394/1131/2394
f 2390/1127/2390 2394/1131/2394 2391/1132/2391
f 2395/1126/2395 2394/1131/2394 2390/1127/2390
f 2390/1127/2390 2389/1121/2389 2395/1126/2395
f 2396/1081/2396 2393/1089/2393 2397/1090/2397
f 2394/1131/2394 2397/1090/2397 2393/1089/2393
f 2398/1130/2398 2397/1090/2397 2394/1131/2394
f 2394/1131/2394 2395/1126/2395 2398/1130/2398
f 2398/1130/2398 2395/1126/2395 2399/1123/2399
f 2400/1122/2400 2399/1123/2399 2395/1126/2395
f 2395/1126/2395 2389/1121/2389 2400/1122/2400
f 2388/1112/2388 2400/1122/2400 2389/1121/2389
f 2401/1074/2401 2396/1081/2396 2402/1082/2402
f 2397/1090/2397 2402/1082/2402 2396/1081/2396
f 2403/1091/2403 2402/1082/2402 2397/1090/2397
f 2397/1090/2397 2398/1130/2398 2403/1091/2403
f 2403/1091/2403 2398/1130/2398 2404/1099/2404
f 2399/1123/2399 2404/1099/2404 2398/1130/2398
f 2405/1125/2405 2404/1099/2404 2399/1123/2399
f 2399/1123/2399 2406/1124/2406 2405/1125/2405
f 2406/1124/2406 2399/1123/2399 2400/1122/2400
f 2400/1122/2400 2407/1113/2407 2406/1124/2406
f 2407/1113/2407 2400/1122/2400 2388/1112/2388
f 2388/1112/2388 2387/1105/2387 2407/1113/2407
f 2408/1129/2408 2409/1098/2409 2405/1125/2405
f 2405/1125/2405 2410/1128/2410 2408/1129/2408
f 2410/1128/2410 2405/1125/2405 2406/1124/2406
f 2406/1124/2406 2411/1114/2411 2410/1128/2410
f 2411/1114/2411 2406/1124/2406 2407/1113/2407
f 2407/1113/2407 2412/1108/2412 2411/1114/2411
f 2412/1108/2412 2407/1113/2407 2387/1105/2387
f 2387/1105/2387 2413/1107/2413 2412/1108/2412
f 2413/1107/2413 2387/1105/2387 2414/1106/2414
f 2387/1105/2387 2386/1104/2386 2414/1106/2414
f 2409/1098/2409 2408/1129/2408 2415/1097/2415
f 2415/1097/2415 2416/1093/2416 2409/1098/2409
f 2417/1092/2417 2409/1098/2409 2416/1093/2416
f 2416/1093/2416 2418/1087/2418 2417/1092/2417
f 2419/1084/2419 2418/1087/2418 2416/1093/2416
f 2420/1083/2420 2418/1087/2418 2419/1084/2419
f 2419/1084/2419 2421/1079/2421 2420/1083/2420
f 2422/1078/2422 2420/1083/2420 2421/1079/2421
f 2421/1079/2421 2423/1077/2423 2422/1078/2422
f 2424/1076/2424 2423/1077/2423 2421/1079/2421
f 2417/1092/2417 2418/1087/2418 2420/1083/2420
f 2425/1070/2425 2426/1071/2426 2423/1077/2423
f 2423/1077/2423 2426/1071/2426 2401/1074/2401
f 2401/1074/2401 2422/1078/2422 2423/1077/2423
f 2402/1082/2402 2422/1078/2422 2401/1074/2401
f 2420/1083/2420 2422/1078/2422 2402/1082/2402
f 2402/1082/2402 2403/1091/2403 2420/1083/2420
f 2420/1083/2420 2403/1091/2403 2417/1092/2417
f 2404/1099/2404 2417/1092/2417 2403/1091/2403
f 2409/1098/2409 2417/1092/2417 2404/1099/2404
f 2404/1099/2404 2405/1125/2405 2409/1098/2409
f 2391/1132/2391 2393/1089/2393 2392/1088/2392
f 2427/1080/2427 2392/1088/2392 2393/1089/2393
f 2393/1089/2393 2396/1081/2396 2427/1080/2427
f 2428/1073/2428 2427/1080/2427 2396/1081/2396
f 2396/1081/2396 2401/1074/2401 2428/1073/2428
f 2428/1073/2428 2401/1074/2401 2426/1071/2426
f 2426/1071/2426 2429/1072/2429 2428/1073/2428
f 2430/1069/2430 2429/1072/2429 2426/1071/2426
f 2431/1058/2431 2432/1044/2432 2433/1054/2433
f 2432/1044/2432 2431/1058/2431 2434/1064/2434
f 2435/1060/2435 2434/1064/2434 2431/1058/2431
f 2434/1064/2434 2435/1060/2435 2436/1065/2436
f 2436/1065/2436 2437/1066/2437 2434/1064/2434
f 2437/1066/2437 2436/1065/2436 2438/1067/2438
f 2438/1067/2438 2439/1068/2439 2437/1066/2437
f 2439/1068/2439 2438/1067/2438 2430/1069/2430
f 2430/1069/2430 2425/1070/2425 2439/1068/2439
f 2426/1071/2426 2425/1070/2425 2430/1069/2430
f 2440/1052/2440 2441/1055/2441 2442/1053/2442
f 2442/1053/2442 2441/1055/2441 2443/1056/2443
f 2443/1056/2443 2433/1054/2433 2442/1053/2442
f 2444/1057/2444 2433/1054/2433 2443/1056/2443
f 2433/1054/2433 2444/1057/2444 2431/1058/2431
f 2445/1059/2445 2431/1058/2431 2444/1057/2444
f 2431/1058/2431 2445/1059/2445 2435/1060/2435
f 2443/1056/2443 2446/1061/2446 2444/1057/2444
f 2444/1057/2444 2446/1061/2446 2447/1062/2447
f 2448/1063/2448 2444/1057/2444 2447/1062/2447
f 2444/1057/2444 2448/1063/2448 2445/1059/2445
f 2449/1047/2449 2450/1039/2450 2451/1048/2451
f 2451/1048/2451 2452/1049/2452 2449/1047/2449
f 2452/1049/2452 2453/1050/2453 2449/1047/2449
f 2453/1050/2453 2454/1051/2454 2449/1047/2449
f 2449/1047/2449 2454/1051/2454 2440/1052/2440
f 2440/1052/2440 2455/1046/2455 2449/1047/2449
f 2442/1053/2442 2455/1046/2455 2440/1052/2440
f 2455/1046/2455 2442/1053/2442 2456/1045/2456
f 2456/1045/2456 2442/1053/2442 2433/1054/2433
f 2433/1054/2433 2432/1044/2432 2456/1045/2456
f 2450/1039/2450 2449/1047/2449 2455/1046/2455
f 2455/1046/2455 2457/1038/2457 2450/1039/2450
f 2456/1045/2456 2457/1038/2457 2455/1046/2455
f 2457/1038/2457 2456/1045/2456 2458/1041/2458
f 2458/1041/2458 2456/1045/2456 2432/1044/2432
f 2432/1044/2432 2459/1042/2459 2458/1041/2458
f 2434/1064/2434 2459/1042/2459 2432/1044/2432
f 2459/1042/2459 2434/1064/2434 2437/1066/2437
f 2460/1043/2460 2437/1066/2437 2439/1068/2439
f 2437/1066/2437 2460/1043/2460 2459/1042/2459
f 2459/1042/2459 2460/1043/2460 2461/1040/2461
f 2461/1040/2461 2458/1041/2458 2459/1042/2459
f 2462/1036/2462 2458/1041/2458 2461/1040/2461
f 2458/1041/2458 2462/1036/2462 2457/1038/2457
f 2457/1038/2457 2462/1036/2462 2463/1037/2463
f 2463/1037/2463 2450/1039/2450 2457/1038/2457
f 2450/1039/2450 2463/1037/2463 2464/1102/2464
f 2464/1102/2464 2451/1048/2451 2450/1039/2450
f 2423/1077/2423 2424/1076/2424 2425/1070/2425
f 2425/1070/2425 2424/1076/2424 2465/1075/2465
f 2465/1075/2465 2439/1068/2439 2425/1070/2425
f 2439/1068/2439 2465/1075/2465 2460/1043/2460
f 2460/1043/2460 2465/1075/2465 2466/1031/2466
f 2466/1031/2466 2461/1040/2461 2460/1043/2460
f 2467/1033/2467 2461/1040/2461 2466/1031/2466
f 2461/1040/2461 2467/1033/2467 2462/1036/2462
f 2462/1036/2462 2467/1033/2467 2468/1035/2468
f 2468/1035/2468 2463/1037/2463 2462/1036/2462
f 2463/1037/2463 2468/1035/2468 2469/1101/2469
f 2469/1101/2469 2464/1102/2464 2463/1037/2463
f 2470/1086/2470 2471/1085/2471 2419/1084/2419
f 2419/1084/2419 2471/1085/2471 2472/1032/2472
f 2472/1032/2472 2421/1079/2421 2419/1084/2419
f 2421/1079/2421 2472/1032/2472 2424/1076/2424
f 2465/1075/2465 2424/1076/2424 2472/1032/2472
f 2472/1032/2472 2466/1031/2466 2465/1075/2465
f 2473/1030/2473 2466/1031/2466 2472/1032/2472
f 2466/1031/2466 2473/1030/2473 2467/1033/2467
f 2467/1033/2467 2473/1030/2473 2474/1034/2474
f 2474/1034/2474 2468/1035/2468 2467/1033/2467
f 2468/1035/2468 2474/1034/2474 2475/1100/2475
f 2475/1100/2475 2469/1101/2469 2468/1035/2468
f 2476/1095/2476 2475/1100/2475 2474/1034/2474
f 2474/1034/2474 2470/1086/2470 2476/1095/2476
f 2470/1086/2470 2474/1034/2474 2473/1030/2473
f 2473/1030/2473 2471/1085/2471 2470/1086/2470
f 2472/1032/2472 2471/1085/2471 2473/1030/2473
f 2476/1095/2476 2470/1086/2470 2477/1094/2477
f 2419/1084/2419 2477/1094/2477 2470/1086/2470
f 2416/1093/2416 2477/1094/2477 2419/1084/2419
f 2477/1094/2477 2416/1093/2416 2415/1097/2415
f 2415/1097/2415 2478/1096/2478 2477/1094/2477
f 2477/1094/2477 2478/1096/2478 2476/1095/2476
f 2479/1056/2479 2480/1061/2480 2481/1057/2481
f 2481/1057/2481 2480/1061/2480 2482/1062/2482
f 2483/1063/2483 2481/1057/2481 2482/1062/2482
f 2481/1057/2481 2483/1063/2483 2484/1059/2484
f 2485/1052/2485 2486/1055/2486 2487/1053/2487
f 2487/1053/2487 2486/1055/2486 2479/1056/2479
f 2479/1056/2479 2175/1054/2175 2487/1053/2487
f 2481/1057/2481 2175/1054/2175 2479/1056/2479
f 2175/1054/2175 2481/1057/2481 2174/1058/2174
f 2484/1059/2484 2174/1058/2174 2481/1057/2481
f 2174/1058/2174 2484/1059/2484 2176/1060/2176
f 2488/1047/2488 2188/1039/2188 2193/1048/2193
f 2193/1048/2193 2489/1049/2489 2488/1047/2488
f 2489/1049/2489 2490/1050/2490 2488/1047/2488
f 2490/1050/2490 2491/1051/2491 2488/1047/2488
f 2488/1047/2488 2491/1051/2491 2485/1052/2485
f 2485/1052/2485 2492/1046/2492 2488/1047/2488
f 2487/1053/2487 2492/1046/2492 2485/1052/2485
f 2492/1046/2492 2487/1053/2487 2493/1045/2493
f 2493/1045/2493 2487/1053/2487 2175/1054/2175
f 2175/1054/2175 2171/1044/2171 2493/1045/2493
f 2170/1042/2170 2167/1043/2167 2168/1040/2168
f 2168/1040/2168 2183/1041/2183 2170/1042/2170
f 2171/1044/2171 2170/1042/2170 2183/1041/2183
f 2183/1041/2183 2493/1045/2493 2171/1044/2171
f 2184/1038/2184 2493/1045/2493 2183/1041/2183
f 2493/1045/2493 2184/1038/2184 2492/1046/2492
f 2492/1046/2492 2184/1038/2184 2188/1039/2188
f 2188/1039/2188 2488/1047/2488 2492/1046/2492
f 2494/625/2494 2495/624/2495 2496/623/2496
f 313/313/313 2496/623/2496 315/315/315
f 315/315/315 2496/623/2496 311/311/311
f 2495/624/2495 311/311/311 2496/623/2496
f 2495/624/2495 307/307/307 311/311/311
f 308/308/308 307/307/307 2495/624/2495
f 2495/624/2495 309/309/309 308/308/308
f 309/309/309 2495/624/2495 2494/625/2494
f 2494/625/2494 310/310/310 309/309/309
f 310/310/310 2494/625/2494 2496/623/2496
f 2496/623/2496 313/313/313 310/310/310
f 2497/619/2497 2498/621/2498 2499/620/2499
f 316/316/316 335/335/335 314/314/314
f 314/314/314 335/335/335 339/339/339
f 314/314/314 339/339/339 341/341/341
f 341/341/341 305/305/305 314/314/314
f 305/305/305 341/341/341 345/345/345
f 345/345/345 304/304/304 305/305/305
f 2499/620/2499 304/304/304 345/345/345
f 343/343/343 2499/620/2499 345/345/345
f 2289/618/2289 2499/620/2499 343/343/343
f 2499/620/2499 2289/618/2289 2497/619/2497
f 2497/619/2497 2289/618/2289 2290/617/2290
f 2290/617/2290 2500/622/2500 2497/619/2497
f 2501/574/2501 2502/584/2502 2503/575/2503
f 2503/575/2503 2502/584/2502 2504/583/2504
f 2504/583/2504 2505/573/2505 2503/575/2503
f 2505/573/2505 2504/583/2504 2506/582/2506
f 382/382/382 2501/574/2501 380/380/380
f 2503/575/2503 380/380/380 2501/574/2501
f 380/380/380 2503/575/2503 379/379/379
f 379/379/379 2503/575/2503 2505/573/2505
f 2505/573/2505 373/373/373 379/379/379
f 372/372/372 373/373/373 2505/573/2505
f 2505/573/2505 2247/581/2247 372/372/372
f 2506/582/2506 2247/581/2247 2505/573/2505
f 2247/581/2247 2506/582/2506 2246/579/2246
f 374/374/374 369/369/369 368/368/368
f 2264/564/2264 369/369/369 374/374/374
f 374/374/374 371/371/371 2264/564/2264
f 2263/565/2263 2264/564/2264 371/371/371
f 371/371/371 370/370/370 2263/565/2263
f 2262/566/2262 2263/565/2263 370/370/370
f 370/370/370 2241/571/2241 2262/566/2262
f 2262/566/2262 2241/571/2241 2252/567/2252
f 2243/569/2243 2252/567/2252 2241/571/2241
f 2241/571/2241 2239/568/2239 2243/569/2243
f 2507/630/2507 2508/632/2508 165/165/165
f 165/165/165 163/163/163 2507/630/2507
f 2507/630/2507 163/163/163 159/159/159
f 159/159/159 2509/631/2509 2507/630/2507
f 291/291/291 167/167/167 166/166/166
f 166/166/166 2510/626/2510 291/291/291
f 2510/626/2510 166/166/166 2511/627/2511
f 2511/627/2511 166/166/166 168/168/168
f 168/168/168 2512/628/2512 2511/627/2511
f 2512/628/2512 168/168/168 171/171/171
f 2512/628/2512 171/171/171 2513/629/2513
f 2513/629/2513 171/171/171 172/172/172
f 178/178/178 2513/629/2513 172/172/172
f 250/250/250 2513/629/2513 178/178/178
f 2511/627/2511 2512/628/2512 250/250/250
f 2513/629/2513 250/250/250 2512/628/2512
f 283/283/283 285/285/285 291/291/291
f 291/291/291 2510/626/2510 283/283/283
f 282/282/282 283/283/283 2510/626/2510
f 2510/626/2510 2511/627/2511 282/282/282
f 277/277/277 282/282/282 2511/627/2511
f 2511/627/2511 250/250/250 277/277/277
f 268/268/268 277/277/277 250/250/250
f 250/250/250 249/249/249 268/268/268
f 256/256/256 268/268/268 249/249/249
f 249/249/249 251/251/251 256/256/256
f 1250/27/1250 2514/26/2514 1252/21/1252
f 1252/21/1252 2514/26/2514 1321/25/1321
f 1230/44/1230 1321/25/1321 2514/26/2514
f 2514/26/2514 2515/118/2515 1230/44/1230
f 1230/44/1230 2515/118/2515 1244/119/1244
f 1244/119/1244 2515/118/2515 1246/29/1246
f 1246/29/1246 2515/118/2515 2514/26/2514
f 2514/26/2514 1250/27/1250 1246/29/1246
f 805/311/805 804/317/804 2516/312/2516
f 2516/312/2516 965/307/965 805/311/805
f 965/307/965 2516/312/2516 981/306/981
f 981/306/981 2517/286/2517 965/307/965
f 2517/286/2517 981/306/981 980/276/980
f 980/276/980 2518/278/2518 2517/286/2517
f 983/279/983 2518/278/2518 980/276/980
f 2519/287/2519 2518/278/2518 983/279/983
f 983/279/983 974/288/974 2519/287/2519
f 2519/287/2519 974/288/974 971/296/971
f 971/296/971 972/295/972 2519/287/2519
f 2519/287/2519 972/295/972 968/293/968
f 968/293/968 2520/298/2520 2519/287/2519
f 2520/298/2520 968/293/968 967/299/967
f 967/299/967 966/308/966 2520/298/2520
f 2520/298/2520 966/308/966 965/307/965
f 965/307/965 2517/286/2517 2520/298/2520
f 2519/287/2519 2520/298/2520 2517/286/2517
f 2517/286/2517 2518/278/2518 2519/287/2519
f 801/334/801 811/333/811 820/326/820
f 820/326/820 802/320/802 801/334/801
f 822/327/822 802/320/802 820/326/820
f 802/320/802 822/327/822 2521/328/2521
f 2521/328/2521 804/317/804 802/320/802
f 804/317/804 2521/328/2521 2522/318/2522
f 2522/318/2522 2516/312/2516 804/317/804
f 2516/312/2516 2522/318/2522 2523/319/2523
f 2523/319/2523 981/306/981 2516/312/2516
f 981/306/981 2523/319/2523 979/275/979
f 225/225/225 212/212/212 213/213/213
f 212/212/212 225/225/225 228/228/228
f 228/228/228 211/211/211 212/212/212
f 238/238/238 211/211/211 228/228/228
f 211/211/211 238/238/238 189/189/189
f 189/189/189 238/238/238 237/237/237
f 237/237/237 187/187/187 189/189/189
f 177/177/177 187/187/187 237/237/237
f 187/187/187 177/177/177 176/176/176
f 96/96/96 106/106/106 2524/699/2524
f 2524/699/2524 2363/698/2363 96/96/96
f 2363/698/2363 2524/699/2524 2525/700/2525
f 2525/700/2525 2357/696/2357 2363/698/2363
f 2357/696/2357 2525/700/2525 2526/701/2526
f 2526/701/2526 2355/695/2355 2357/696/2357
f 2355/695/2355 2526/701/2526 2527/702/2527
f 2527/702/2527 2353/697/2353 2355/695/2355
f 2353/697/2353 2527/702/2527 141/141/141
f 141/141/141 143/143/143 2353/697/2353
f 674/442/674 2528/441/2528 673/436/673
f 681/440/681 673/436/673 2528/441/2528
f 2528/441/2528 2529/483/2529 681/440/681
f 681/440/681 2529/483/2529 2530/484/2530
f 2530/484/2530 697/439/697 681/440/681
f 697/439/697 2530/484/2530 2531/485/2531
f 2531/485/2531 698/481/698 697/439/697
f 698/481/698 2532/485/2532 2533/486/2533
f 2533/486/2533 1163/480/1163 698/481/698
f 1163/480/1163 2533/486/2533 1167/478/1167
f 1366/699/1366 1292/106/1292 1362/96/1362
f 1294/95/1294 1362/96/1362 1292/106/1292
f 1363/92/1363 1362/96/1362 1294/95/1294
f 1294/95/1294 1296/91/1296 1363/92/1363
f 1363/92/1363 1296/91/1296 2534/87/2534
f 1298/85/1298 2534/87/2534 1296/91/1296
f 2534/87/2534 1298/85/1298 2535/84/2535
f 1300/74/1300 2535/84/2535 1298/85/1298
f 2535/84/2535 1300/74/1300 1282/75/1282
f 1283/72/1283 1282/75/1282 1300/74/1300
f 1280/62/1280 1266/61/1266 1281/71/1281
f 1267/70/1267 1281/71/1281 1266/61/1266
f 1282/75/1282 1281/71/1281 1267/70/1267
f 1267/70/1267 1268/76/1268 1282/75/1282
f 1282/75/1282 1268/76/1268 2535/84/2535
f 1370/83/1370 2535/84/2535 1268/76/1268
f 2535/84/2535 1370/83/1370 2534/87/2534
f 1371/88/1371 2534/87/2534 1370/83/1370
f 2534/87/2534 1371/88/1371 1363/92/1363
f 1364/93/1364 1363/92/1363 1371/88/1371
f 201/201/201 122/122/122 204/204/204
f 204/204/204 122/122/122 121/121/121
f 121/121/121 2536/638/2536 204/204/204
f 205/205/205 204/204/204 2536/638/2536
f 2536/638/2536 2537/637/2537 205/205/205
f 210/210/210 205/205/205 2537/637/2537
f 2537/637/2537 2538/636/2538 210/210/210
f 215/215/215 210/210/210 2538/636/2538
f 2538/636/2538 2539/635/2539 215/215/215
f 220/220/220 215/215/215 2539/635/2539
f 2539/635/2539 2540/634/2540 220/220/220
f 221/221/221 220/220/220 2540/634/2540
f 2540/634/2540 2541/633/2541 221/221/221
f 484/482/484 469/467/469 879/509/879
f 879/509/879 882/508/882 484/482/484
f 484/482/484 882/508/882 439/438/439
f 882/508/882 883/507/883 439/438/439
f 439/438/439 883/507/883 429/428/429
f 429/428/429 883/507/883 884/506/884
f 884/506/884 430/429/430 429/428/429
f 430/429/430 884/506/884 886/540/886
f 415/414/415 430/429/430 886/540/886
f 886/540/886 416/415/416 415/414/415
f 1778/756/1778 2542/757/2542 1779/749/1779
f 1790/748/1790 1779/749/1779 2542/757/2542
f 2542/757/2542 2543/758/2543 1790/748/1790
f 1790/748/1790 2543/758/2543 1791/747/1791
f 1791/747/1791 2543/758/2543 2544/759/2544
f 2544/759/2544 1801/1009/1801 1791/747/1791
f 1801/1009/1801 2544/759/2544 2545/1011/2545
f 2545/1011/2545 1803/933/1803 1801/1009/1801
f 1803/933/1803 2545/1011/2545 1808/1012/1808
f 1808/1012/1808 1807/926/1807 1803/933/1803
o bola_Mat.4_0
v -0.733304 0.080547 0.682639
v -0.708057 0.088176 0.708059
v -0.696740 0.071363 0.718269
v -0.682638 0.080547 0.733305
v -0.664262 0.039484 0.750269
v -0.663916 0.062956 0.751701
v -0.649442 0.030245 0.765730
v -0.736616 0.060863 0.678242
v -0.751699 0.062956 0.663918
v -0.704788 0.051071 0.720149
v -0.733272 0.043606 0.691608
v -0.758017 0.012682 0.656357
v -0.765729 0.030245 0.649443
v -0.748598 0.009169 0.676029
v -0.717652 -0.000000 0.717653
v -0.681642 0.028390 0.743055
v -0.676028 -0.009169 0.748599
v -0.750268 -0.039484 0.664263
v -0.743054 -0.028390 0.681643
v -0.656356 -0.012682 0.758019
v -0.678241 -0.060864 0.736618
v -0.663916 -0.062956 0.751701
v -0.682638 -0.080547 0.733305
v -0.720147 -0.051071 0.704790
v -0.691607 -0.043606 0.733274
v -0.718267 -0.071363 0.696741
v -0.708057 -0.088177 0.708059
v -0.733304 -0.080547 0.682639
v -0.751699 -0.062956 0.663918
v -0.765729 -0.030245 0.649443
v -0.769717 -0.000000 0.645348
v -0.649442 -0.030245 0.765730
v -0.645346 -0.000000 0.769718
vn 0.7521 -0.2714 -0.6005
vn 0.6814 -0.2698 -0.6804
vn 0.6684 -0.1071 -0.7361
vn 0.6011 -0.2725 -0.7513
vn 0.6330 -0.0400 -0.7731
vn 0.4315 -0.2747 -0.8593
vn 0.4671 -0.1061 -0.8778
vn 0.7665 -0.1370 -0.6275
vn 0.8455 -0.2326 -0.4807
vn 0.6654 -0.2489 -0.7038
vn 0.7809 -0.1895 -0.5953
vn 0.7684 -0.0114 -0.6398
vn 0.8779 -0.1080 -0.4665
vn 0.8673 -0.0459 -0.4957
vn 0.7071 -0.0000 -0.7071
vn 0.5422 -0.1594 -0.8250
vn 0.4957 0.0459 -0.8673
vn 0.7731 0.0400 -0.6330
vn 0.8250 0.1594 -0.5422
vn 0.6398 0.0114 -0.7685
vn 0.6275 0.1371 -0.7664
vn 0.4807 0.2326 -0.8455
vn 0.6005 0.2714 -0.7521
vn 0.7038 0.2489 -0.6654
vn 0.5953 0.1895 -0.7809
vn 0.7361 0.1071 -0.6684
vn 0.6804 0.2698 -0.6814
vn 0.7513 0.2725 -0.6011
vn 0.8593 0.2746 -0.4315
vn 0.8778 0.1061 -0.4670
vn 0.9143 -0.0007 -0.4050
vn 0.4665 0.1080 -0.8779
vn 0.4050 0.0007 -0.9143
vt 0.125854 1.888672
vt 0.134644 1.890625
vt 0.138428 1.886719
vt 0.143433 1.888672
vt 0.149536 1.878906
vt 0.149536 1.884277
vt 0.154175 1.876465
vt 0.124451 1.884277
vt 0.119751 1.884766
vt 0.137207 1.881348
vt 0.127563 1.879883
vt 0.117065 1.872559
vt 0.115112 1.876465
vt 0.122437 1.871582
vt 0.134644 1.869141
vt 0.145020 1.875977
vt 0.146851 1.866699
vt 0.119751 1.859375
vt 0.124268 1.862305
vt 0.152222 1.865723
vt 0.144775 1.853516
vt 0.149536 1.853516
vt 0.143311 1.849121
vt 0.132080 1.856445
vt 0.141724 1.858398
vt 0.130737 1.851074
vt 0.134521 1.847656
vt 0.125732 1.849609
vt 0.119690 1.854004
vt 0.115051 1.861816
vt 0.113831 1.869141
vt 0.154175 1.861816
vt 0.155396 1.869141
s 1
usemtl Mat.4
f 2546/1135/2546 2547/1136/2547 2548/1137/2548
f 2547/1136/2547 2549/1138/2549 2548/1137/2548
f 2550/1139/2550 2548/1137/2548 2549/1138/2549
f 2549/1138/2549 2551/1140/2551 2550/1139/2550
f 2551/1140/2551 2552/1141/2552 2550/1139/2550
f 2546/1135/2546 2553/1142/2553 2554/1143/2554
f 2548/1137/2548 2553/1142/2553 2546/1135/2546
f 2553/1142/2553 2548/1137/2548 2555/1144/2555
f 2555/1144/2555 2556/1145/2556 2553/1142/2553
f 2557/1146/2557 2558/1147/2558 2554/1143/2554
f 2554/1143/2554 2553/1142/2553 2557/1146/2557
f 2559/1148/2559 2557/1146/2557 2553/1142/2553
f 2553/1142/2553 2556/1145/2556 2559/1148/2559
f 2556/1145/2556 2560/1149/2560 2559/1148/2559
f 2555/1144/2555 2560/1149/2560 2556/1145/2556
f 2555/1144/2555 2561/1150/2561 2560/1149/2560
f 2561/1150/2561 2562/1151/2562 2560/1149/2560
f 2563/1152/2563 2557/1146/2557 2559/1148/2559
f 2559/1148/2559 2564/1153/2564 2563/1152/2563
f 2564/1153/2564 2559/1148/2559 2560/1149/2560
f 2561/1150/2561 2555/1144/2555 2548/1137/2548
f 2548/1137/2548 2550/1139/2550 2561/1150/2561
f 2562/1151/2562 2561/1150/2561 2550/1139/2550
f 2550/1139/2550 2565/1154/2565 2562/1151/2562
f 2562/1151/2562 2565/1154/2565 2566/1155/2566
f 2567/1156/2567 2566/1155/2566 2565/1154/2565
f 2568/1157/2568 2566/1155/2566 2567/1156/2567
f 2569/1158/2569 2564/1153/2564 2560/1149/2560
f 2569/1158/2569 2560/1149/2560 2570/1159/2570
f 2570/1159/2570 2560/1149/2560 2562/1151/2562
f 2566/1155/2566 2570/1159/2570 2562/1151/2562
f 2569/1158/2569 2570/1159/2570 2566/1155/2566
f 2566/1155/2566 2571/1160/2571 2569/1158/2569
f 2571/1160/2571 2566/1155/2566 2568/1157/2568
f 2568/1157/2568 2572/1161/2572 2571/1160/2571
f 2572/1161/2572 2573/1162/2573 2571/1160/2571
f 2573/1162/2573 2574/1163/2574 2563/1152/2563
f 2563/1152/2563 2571/1160/2571 2573/1162/2573
f 2571/1160/2571 2563/1152/2563 2564/1153/2564
f 2564/1153/2564 2569/1158/2569 2571/1160/2571
f 2574/1163/2574 2575/1164/2575 2563/1152/2563
f 2563/1152/2563 2575/1164/2575 2576/1165/2576
f 2576/1165/2576 2557/1146/2557 2563/1152/2563
f 2558/1147/2558 2557/1146/2557 2576/1165/2576
f 2565/1154/2565 2577/1166/2577 2567/1156/2567
f 2577/1166/2577 2565/1154/2565 2578/1167/2578
f 2578/1167/2578 2565/1154/2565 2550/1139/2550
f 2550/1139/2550 2552/1141/2552 2578/1167/2578
